ISO-10303-21;
HEADER;
/* Generated by software containing ST-Developer
 * from STEP Tools, Inc. (www.steptools.com) 
 */

FILE_DESCRIPTION(
/* description */ (''),
/* implementation_level */ '2;1');

FILE_NAME(
/* name */ 'bisagra_cazoleta_O35.step',
/* time_stamp */ '2026-09-29T16:30:07-03:00',
/* author */ (''),
/* organization */ (''),
/* preprocessor_version */ 'ST-DEVELOPER v20.2',
/* originating_system */ 'Autodesk Translation Framework v15.15.0.0',
/* authorisation */ '');

FILE_SCHEMA (('AUTOMOTIVE_DESIGN { 1 0 10303 214 3 1 1 }'));
ENDSEC;

DATA;
#10=MECHANICAL_DESIGN_GEOMETRIC_PRESENTATION_REPRESENTATION('',(#13,#14,
#15,#16,#17,#18,#19,#20,#21,#22,#23,#24),#9260);
#11=SHAPE_REPRESENTATION_RELATIONSHIP('SRR','None',#9267,#12);
#12=ADVANCED_BREP_SHAPE_REPRESENTATION('',(#25,#26,#27,#28,#29,#30,#31,
#32,#33,#34,#35,#36),#9259);
#13=STYLED_ITEM('',(#9277),#25);
#14=STYLED_ITEM('',(#9276),#26);
#15=STYLED_ITEM('',(#9277),#27);
#16=STYLED_ITEM('',(#9277),#28);
#17=STYLED_ITEM('',(#9277),#29);
#18=STYLED_ITEM('',(#9277),#30);
#19=STYLED_ITEM('',(#9277),#31);
#20=STYLED_ITEM('',(#9277),#32);
#21=STYLED_ITEM('',(#9277),#33);
#22=STYLED_ITEM('',(#9277),#34);
#23=STYLED_ITEM('',(#9277),#35);
#24=STYLED_ITEM('',(#9277),#36);
#25=MANIFOLD_SOLID_BREP('Hafele 311.04.239 (1)',#5436);
#26=MANIFOLD_SOLID_BREP('Hafele 311.04.239 (6)',#5437);
#27=MANIFOLD_SOLID_BREP('Brazo bisagra',#5438);
#28=MANIFOLD_SOLID_BREP('Brazo bisagra (1)',#5439);
#29=MANIFOLD_SOLID_BREP('Brazo bisagra (2)',#5440);
#30=MANIFOLD_SOLID_BREP('Brazo bisagra (3)',#5441);
#31=MANIFOLD_SOLID_BREP('Brazo bisagra (4)',#5442);
#32=MANIFOLD_SOLID_BREP('Brazo bisagra (5)',#5443);
#33=MANIFOLD_SOLID_BREP('Brazo bisagra (6)',#5444);
#34=MANIFOLD_SOLID_BREP('Brazo bisagra (7)',#5445);
#35=MANIFOLD_SOLID_BREP('Tornillo ala bisagra',#5446);
#36=MANIFOLD_SOLID_BREP('Tornillo ala bisagra (1)',#5447);
#37=(
BOUNDED_CURVE()
B_SPLINE_CURVE(2,(#8098,#8099,#8100),.UNSPECIFIED.,.F.,.F.)
B_SPLINE_CURVE_WITH_KNOTS((3,3),(-0.921888749569934,-0.830540396200169),
 .UNSPECIFIED.)
CURVE()
GEOMETRIC_REPRESENTATION_ITEM()
RATIONAL_B_SPLINE_CURVE((1.,1.,1.))
REPRESENTATION_ITEM('')
);
#38=(
BOUNDED_CURVE()
B_SPLINE_CURVE(2,(#8101,#8102,#8103),.UNSPECIFIED.,.F.,.F.)
B_SPLINE_CURVE_WITH_KNOTS((3,3),(0.670742067384588,0.762090420752093),
 .UNSPECIFIED.)
CURVE()
GEOMETRIC_REPRESENTATION_ITEM()
RATIONAL_B_SPLINE_CURVE((1.,1.,1.))
REPRESENTATION_ITEM('')
);
#39=ELLIPSE('',#5555,0.0921719612776665,0.07);
#40=ELLIPSE('',#5566,0.0921719612776665,0.07);
#41=B_SPLINE_CURVE_WITH_KNOTS('',3,(#7747,#7748,#7749,#7750,#7751,#7752,
#7753,#7754,#7755,#7756,#7757,#7758,#7759,#7760),.UNSPECIFIED.,.F.,.F.,
(4,2,2,2,2,2,4),(-0.385168255768803,-0.384487027955399,-0.381614608137675,
-0.341919997878754,-0.313198086602874,-0.284743695111256,-0.260680293385558),
 .UNSPECIFIED.);
#42=B_SPLINE_CURVE_WITH_KNOTS('',3,(#7762,#7763,#7764,#7765,#7766,#7767,
#7768,#7769,#7770,#7771,#7772,#7773,#7774,#7775,#7776,#7777),
 .UNSPECIFIED.,.F.,.F.,(4,3,3,3,3,4),(0.940989488044734,1.09406432818689,
1.36738502761231,1.64084786838893,1.92028446003672,1.92603014820217),
 .UNSPECIFIED.);
#43=B_SPLINE_CURVE_WITH_KNOTS('',3,(#7780,#7781,#7782,#7783,#7784,#7785,
#7786),.UNSPECIFIED.,.F.,.F.,(4,3,4),(7.23172805391897,7.52897667775438,
7.53214120027793),.UNSPECIFIED.);
#44=B_SPLINE_CURVE_WITH_KNOTS('',3,(#7796,#7797,#7798,#7799,#7800,#7801,
#7802,#7803,#7804,#7805,#7806,#7807,#7808,#7809,#7810,#7811,#7812,#7813,
#7814,#7815,#7816,#7817),.UNSPECIFIED.,.F.,.F.,(4,3,3,3,3,3,3,4),(-0.00423622087463776,
0.,0.0839683099155595,0.153537322317484,0.282610977175338,0.46464414267907,
0.646589087427348,0.676574117137707),.UNSPECIFIED.);
#45=B_SPLINE_CURVE_WITH_KNOTS('',3,(#7819,#7820,#7821,#7822,#7823,#7824,
#7825),.UNSPECIFIED.,.F.,.F.,(4,3,4),(0.,0.0031645225235374,0.300412822735146),
 .UNSPECIFIED.);
#46=B_SPLINE_CURVE_WITH_KNOTS('',3,(#7847,#7848,#7849,#7850,#7851,#7852,
#7853,#7854),.UNSPECIFIED.,.F.,.F.,(4,2,2,4),(0.266914109936699,0.277471282287207,
0.30832194905131,0.339172615815414),.UNSPECIFIED.);
#47=B_SPLINE_CURVE_WITH_KNOTS('',3,(#7860,#7861,#7862,#7863,#7864,#7865,
#7866,#7867,#7868,#7869,#7870,#7871,#7872,#7873,#7874,#7875),
 .UNSPECIFIED.,.F.,.F.,(4,2,2,2,2,2,2,4),(-0.0600014913156803,-0.0477298960834662,
-0.0350467512588047,-0.0224646932601608,-0.00948265409660078,-0.00271853455796033,
-0.000801386126571235,-0.00066476974948246),.UNSPECIFIED.);
#48=B_SPLINE_CURVE_WITH_KNOTS('',3,(#7902,#7903,#7904,#7905,#7906,#7907,
#7908,#7909),.UNSPECIFIED.,.F.,.F.,(4,2,2,4),(0.107270052705311,0.138120719383974,
0.168971386062637,0.179528558414052),.UNSPECIFIED.);
#49=B_SPLINE_CURVE_WITH_KNOTS('',3,(#7950,#7951,#7952,#7953,#7954,#7955,
#7956,#7957,#7958,#7959),.UNSPECIFIED.,.F.,.F.,(4,2,2,2,4),(-0.617329796311141,
-0.579129915965449,-0.540930035619757,-0.501627995468307,-0.462325955316857),
 .UNSPECIFIED.);
#50=B_SPLINE_CURVE_WITH_KNOTS('',3,(#7961,#7962,#7963,#7964,#7965,#7966,
#7967,#7968,#7969,#7970),.UNSPECIFIED.,.F.,.F.,(4,2,2,2,4),(0.461459303126789,
0.500622846110939,0.53978638909509,0.57793979927073,0.61609320944637),
 .UNSPECIFIED.);
#51=B_SPLINE_CURVE_WITH_KNOTS('',3,(#7979,#7980,#7981,#7982,#7983,#7984,
#7985,#7986,#7987,#7988),.UNSPECIFIED.,.F.,.F.,(4,2,2,2,4),(-0.463666729608667,
-0.423793804061772,-0.383920878514877,-0.346293524878832,-0.308666171242786),
 .UNSPECIFIED.);
#52=B_SPLINE_CURVE_WITH_KNOTS('',3,(#7989,#7990,#7991,#7992,#7993,#7994,
#7995,#7996,#7997,#7998),.UNSPECIFIED.,.F.,.F.,(4,2,2,2,4),(0.308047969422475,
0.345677613636228,0.383307257849981,0.42299320216943,0.462679146488879),
 .UNSPECIFIED.);
#53=FACE_BOUND('',#661,.T.);
#54=FACE_BOUND('',#662,.T.);
#55=FACE_BOUND('',#698,.T.);
#56=FACE_BOUND('',#699,.T.);
#57=FACE_BOUND('',#705,.T.);
#58=FACE_BOUND('',#706,.T.);
#59=FACE_BOUND('',#709,.T.);
#60=FACE_BOUND('',#730,.T.);
#61=FACE_BOUND('',#732,.T.);
#62=FACE_BOUND('',#733,.T.);
#63=FACE_BOUND('',#750,.T.);
#64=FACE_BOUND('',#751,.T.);
#65=FACE_BOUND('',#767,.T.);
#66=FACE_BOUND('',#768,.T.);
#67=FACE_BOUND('',#786,.T.);
#68=FACE_BOUND('',#789,.T.);
#69=FACE_BOUND('',#791,.T.);
#70=FACE_BOUND('',#794,.T.);
#71=FACE_BOUND('',#812,.T.);
#72=FACE_BOUND('',#820,.T.);
#73=FACE_BOUND('',#835,.T.);
#74=FACE_BOUND('',#853,.T.);
#75=FACE_BOUND('',#872,.T.);
#76=FACE_BOUND('',#873,.T.);
#77=FACE_BOUND('',#884,.T.);
#78=FACE_BOUND('',#885,.T.);
#79=FACE_BOUND('',#905,.T.);
#80=FACE_BOUND('',#923,.T.);
#81=FACE_BOUND('',#936,.T.);
#82=FACE_BOUND('',#943,.T.);
#83=FACE_BOUND('',#946,.T.);
#84=FACE_BOUND('',#959,.T.);
#85=FACE_BOUND('',#966,.T.);
#86=FACE_BOUND('',#969,.T.);
#87=PLANE('',#5504);
#88=PLANE('',#5508);
#89=PLANE('',#5512);
#90=PLANE('',#5516);
#91=PLANE('',#5517);
#92=PLANE('',#5524);
#93=PLANE('',#5528);
#94=PLANE('',#5545);
#95=PLANE('',#5551);
#96=PLANE('',#5563);
#97=PLANE('',#5564);
#98=PLANE('',#5567);
#99=PLANE('',#5572);
#100=PLANE('',#5573);
#101=PLANE('',#5575);
#102=PLANE('',#5583);
#103=PLANE('',#5587);
#104=PLANE('',#5597);
#105=PLANE('',#5604);
#106=PLANE('',#5605);
#107=PLANE('',#5608);
#108=PLANE('',#5609);
#109=PLANE('',#5612);
#110=PLANE('',#5615);
#111=PLANE('',#5616);
#112=PLANE('',#5619);
#113=PLANE('',#5623);
#114=PLANE('',#5627);
#115=PLANE('',#5637);
#116=PLANE('',#5647);
#117=PLANE('',#5651);
#118=PLANE('',#5655);
#119=PLANE('',#5656);
#120=PLANE('',#5657);
#121=PLANE('',#5663);
#122=PLANE('',#5669);
#123=PLANE('',#5670);
#124=PLANE('',#5677);
#125=PLANE('',#5684);
#126=PLANE('',#5685);
#127=PLANE('',#5686);
#128=PLANE('',#5687);
#129=PLANE('',#5689);
#130=PLANE('',#5691);
#131=PLANE('',#5699);
#132=PLANE('',#5703);
#133=PLANE('',#5707);
#134=PLANE('',#5711);
#135=PLANE('',#5712);
#136=PLANE('',#5713);
#137=PLANE('',#5714);
#138=PLANE('',#5733);
#139=PLANE('',#5734);
#140=PLANE('',#5744);
#141=PLANE('',#5745);
#142=PLANE('',#5746);
#143=PLANE('',#5750);
#144=PLANE('',#5751);
#145=PLANE('',#5755);
#146=PLANE('',#5756);
#147=PLANE('',#5757);
#148=PLANE('',#5758);
#149=PLANE('',#5759);
#150=PLANE('',#5760);
#151=PLANE('',#5761);
#152=PLANE('',#5762);
#153=PLANE('',#5763);
#154=PLANE('',#5764);
#155=PLANE('',#5765);
#156=PLANE('',#5766);
#157=PLANE('',#5767);
#158=PLANE('',#5768);
#159=PLANE('',#5769);
#160=PLANE('',#5770);
#161=PLANE('',#5771);
#162=PLANE('',#5772);
#163=PLANE('',#5773);
#164=PLANE('',#5774);
#165=PLANE('',#5775);
#166=PLANE('',#5776);
#167=PLANE('',#5777);
#168=PLANE('',#5778);
#169=PLANE('',#5779);
#170=PLANE('',#5780);
#171=PLANE('',#5781);
#172=PLANE('',#5782);
#173=PLANE('',#5783);
#174=PLANE('',#5784);
#175=PLANE('',#5786);
#176=PLANE('',#5787);
#177=PLANE('',#5788);
#178=PLANE('',#5799);
#179=PLANE('',#5800);
#180=PLANE('',#5801);
#181=PLANE('',#5802);
#182=PLANE('',#5803);
#183=PLANE('',#5805);
#184=PLANE('',#5808);
#185=PLANE('',#5809);
#186=PLANE('',#5810);
#187=PLANE('',#5811);
#188=PLANE('',#5812);
#189=PLANE('',#5813);
#190=PLANE('',#5815);
#191=PLANE('',#5816);
#192=PLANE('',#5817);
#193=PLANE('',#5828);
#194=PLANE('',#5829);
#195=PLANE('',#5830);
#196=PLANE('',#5831);
#197=PLANE('',#5832);
#198=PLANE('',#5834);
#199=PLANE('',#5837);
#200=PLANE('',#5838);
#201=PLANE('',#5839);
#202=PLANE('',#5840);
#203=PLANE('',#5841);
#204=PLANE('',#5842);
#205=PLANE('',#5843);
#206=PLANE('',#5844);
#207=PLANE('',#5845);
#208=PLANE('',#5846);
#209=PLANE('',#5847);
#210=PLANE('',#5848);
#211=PLANE('',#5849);
#212=PLANE('',#5850);
#213=PLANE('',#5851);
#214=PLANE('',#5852);
#215=PLANE('',#5853);
#216=PLANE('',#5854);
#217=PLANE('',#5855);
#218=PLANE('',#5856);
#219=PLANE('',#5857);
#220=PLANE('',#5858);
#221=PLANE('',#5859);
#222=PLANE('',#5860);
#223=PLANE('',#5861);
#224=PLANE('',#5862);
#225=PLANE('',#5863);
#226=PLANE('',#5864);
#227=PLANE('',#5865);
#228=PLANE('',#5866);
#229=PLANE('',#5867);
#230=PLANE('',#5868);
#231=PLANE('',#5869);
#232=PLANE('',#5870);
#233=PLANE('',#5871);
#234=PLANE('',#5872);
#235=PLANE('',#5874);
#236=PLANE('',#5875);
#237=PLANE('',#5876);
#238=PLANE('',#5887);
#239=PLANE('',#5888);
#240=PLANE('',#5889);
#241=PLANE('',#5890);
#242=PLANE('',#5891);
#243=PLANE('',#5893);
#244=PLANE('',#5896);
#245=PLANE('',#5897);
#246=PLANE('',#5898);
#247=PLANE('',#5899);
#248=PLANE('',#5900);
#249=PLANE('',#5901);
#250=PLANE('',#5903);
#251=PLANE('',#5904);
#252=PLANE('',#5905);
#253=PLANE('',#5916);
#254=PLANE('',#5917);
#255=PLANE('',#5918);
#256=PLANE('',#5919);
#257=PLANE('',#5920);
#258=PLANE('',#5922);
#259=PLANE('',#5925);
#260=PLANE('',#5926);
#261=PLANE('',#5927);
#262=PLANE('',#5928);
#263=PLANE('',#5929);
#264=PLANE('',#5930);
#265=PLANE('',#5931);
#266=PLANE('',#5932);
#267=PLANE('',#5933);
#268=PLANE('',#5934);
#269=PLANE('',#5936);
#270=PLANE('',#5937);
#271=PLANE('',#5938);
#272=PLANE('',#5939);
#273=PLANE('',#5940);
#274=PLANE('',#5941);
#275=PLANE('',#5945);
#276=PLANE('',#5951);
#277=PLANE('',#5952);
#278=PLANE('',#5953);
#279=PLANE('',#5954);
#280=PLANE('',#5955);
#281=PLANE('',#5956);
#282=PLANE('',#5957);
#283=PLANE('',#5958);
#284=PLANE('',#5959);
#285=PLANE('',#5960);
#286=PLANE('',#5962);
#287=PLANE('',#5963);
#288=PLANE('',#5964);
#289=PLANE('',#5965);
#290=PLANE('',#5966);
#291=PLANE('',#5967);
#292=PLANE('',#5971);
#293=PLANE('',#5977);
#294=TOROIDAL_SURFACE('',#5484,0.435859360001382,0.0700000000931203);
#295=TOROIDAL_SURFACE('',#5495,0.435859360001382,0.0700000000931203);
#296=TOROIDAL_SURFACE('',#5520,0.33,0.0699999999999999);
#297=TOROIDAL_SURFACE('',#5540,0.33,0.0699999999999999);
#298=TOROIDAL_SURFACE('',#5548,0.33,0.0699999999999999);
#299=TOROIDAL_SURFACE('',#5556,0.33,0.0699999999999999);
#300=TOROIDAL_SURFACE('',#5715,0.125,0.12);
#301=TOROIDAL_SURFACE('',#5719,0.125,0.12);
#302=CONICAL_SURFACE('',#5479,0.270309905,0.62395520777491);
#303=CONICAL_SURFACE('',#5482,0.31389919446,0.623955208067198);
#304=CONICAL_SURFACE('',#5487,0.43585467992,0.000133711999583163);
#305=CONICAL_SURFACE('',#5489,0.36386030115,0.6239552075264);
#306=CONICAL_SURFACE('',#5490,0.270309905,0.62395520777491);
#307=CONICAL_SURFACE('',#5493,0.31389919446,0.623955208067198);
#308=CONICAL_SURFACE('',#5498,0.43585467992,0.000133711999583163);
#309=CONICAL_SURFACE('',#5500,0.36386030115,0.6239552075264);
#310=CONICAL_SURFACE('',#5617,1.74999999608186,0.785398163397449);
#311=CONICAL_SURFACE('',#5620,0.214999994954268,0.785398163397449);
#312=CONICAL_SURFACE('',#5624,0.27499999385555,0.785398163397449);
#313=CONICAL_SURFACE('',#5628,0.184999998219225,0.785398163397449);
#314=CONICAL_SURFACE('',#5631,1.72999989898952,0.785398163397449);
#315=CONICAL_SURFACE('',#5634,0.464999987138982,0.785398163397449);
#316=CONICAL_SURFACE('',#5638,0.464999995286553,0.785398163397449);
#317=CONICAL_SURFACE('',#5641,1.73000012570388,0.785398163397449);
#318=CONICAL_SURFACE('',#5644,0.184999998219223,0.785398163397449);
#319=CONICAL_SURFACE('',#5648,0.27500000803016,0.785398163397449);
#320=CONICAL_SURFACE('',#5652,0.214999994954267,0.785398163397449);
#321=CONICAL_SURFACE('',#5724,0.077,0.785398163397449);
#322=CONICAL_SURFACE('',#5729,0.077,0.785398163397449);
#323=CONICAL_SURFACE('',#5948,0.305,0.669638945676638);
#324=CONICAL_SURFACE('',#5974,0.305,0.669638945676638);
#325=FACE_OUTER_BOUND('',#632,.T.);
#326=FACE_OUTER_BOUND('',#633,.T.);
#327=FACE_OUTER_BOUND('',#634,.T.);
#328=FACE_OUTER_BOUND('',#635,.T.);
#329=FACE_OUTER_BOUND('',#636,.T.);
#330=FACE_OUTER_BOUND('',#637,.T.);
#331=FACE_OUTER_BOUND('',#638,.T.);
#332=FACE_OUTER_BOUND('',#639,.T.);
#333=FACE_OUTER_BOUND('',#640,.T.);
#334=FACE_OUTER_BOUND('',#641,.T.);
#335=FACE_OUTER_BOUND('',#642,.T.);
#336=FACE_OUTER_BOUND('',#643,.T.);
#337=FACE_OUTER_BOUND('',#644,.T.);
#338=FACE_OUTER_BOUND('',#645,.T.);
#339=FACE_OUTER_BOUND('',#646,.T.);
#340=FACE_OUTER_BOUND('',#647,.T.);
#341=FACE_OUTER_BOUND('',#648,.T.);
#342=FACE_OUTER_BOUND('',#649,.T.);
#343=FACE_OUTER_BOUND('',#650,.T.);
#344=FACE_OUTER_BOUND('',#651,.T.);
#345=FACE_OUTER_BOUND('',#652,.T.);
#346=FACE_OUTER_BOUND('',#653,.T.);
#347=FACE_OUTER_BOUND('',#654,.T.);
#348=FACE_OUTER_BOUND('',#655,.T.);
#349=FACE_OUTER_BOUND('',#656,.T.);
#350=FACE_OUTER_BOUND('',#657,.T.);
#351=FACE_OUTER_BOUND('',#658,.T.);
#352=FACE_OUTER_BOUND('',#659,.T.);
#353=FACE_OUTER_BOUND('',#660,.T.);
#354=FACE_OUTER_BOUND('',#663,.T.);
#355=FACE_OUTER_BOUND('',#664,.T.);
#356=FACE_OUTER_BOUND('',#665,.T.);
#357=FACE_OUTER_BOUND('',#666,.T.);
#358=FACE_OUTER_BOUND('',#667,.T.);
#359=FACE_OUTER_BOUND('',#668,.T.);
#360=FACE_OUTER_BOUND('',#669,.T.);
#361=FACE_OUTER_BOUND('',#670,.T.);
#362=FACE_OUTER_BOUND('',#671,.T.);
#363=FACE_OUTER_BOUND('',#672,.T.);
#364=FACE_OUTER_BOUND('',#673,.T.);
#365=FACE_OUTER_BOUND('',#674,.T.);
#366=FACE_OUTER_BOUND('',#675,.T.);
#367=FACE_OUTER_BOUND('',#676,.T.);
#368=FACE_OUTER_BOUND('',#677,.T.);
#369=FACE_OUTER_BOUND('',#678,.T.);
#370=FACE_OUTER_BOUND('',#679,.T.);
#371=FACE_OUTER_BOUND('',#680,.T.);
#372=FACE_OUTER_BOUND('',#681,.T.);
#373=FACE_OUTER_BOUND('',#682,.T.);
#374=FACE_OUTER_BOUND('',#683,.T.);
#375=FACE_OUTER_BOUND('',#684,.T.);
#376=FACE_OUTER_BOUND('',#685,.T.);
#377=FACE_OUTER_BOUND('',#686,.T.);
#378=FACE_OUTER_BOUND('',#687,.T.);
#379=FACE_OUTER_BOUND('',#688,.T.);
#380=FACE_OUTER_BOUND('',#689,.T.);
#381=FACE_OUTER_BOUND('',#690,.T.);
#382=FACE_OUTER_BOUND('',#691,.T.);
#383=FACE_OUTER_BOUND('',#692,.T.);
#384=FACE_OUTER_BOUND('',#693,.T.);
#385=FACE_OUTER_BOUND('',#694,.T.);
#386=FACE_OUTER_BOUND('',#695,.T.);
#387=FACE_OUTER_BOUND('',#696,.T.);
#388=FACE_OUTER_BOUND('',#697,.T.);
#389=FACE_OUTER_BOUND('',#700,.T.);
#390=FACE_OUTER_BOUND('',#701,.T.);
#391=FACE_OUTER_BOUND('',#702,.T.);
#392=FACE_OUTER_BOUND('',#703,.T.);
#393=FACE_OUTER_BOUND('',#704,.T.);
#394=FACE_OUTER_BOUND('',#707,.T.);
#395=FACE_OUTER_BOUND('',#708,.T.);
#396=FACE_OUTER_BOUND('',#710,.T.);
#397=FACE_OUTER_BOUND('',#711,.T.);
#398=FACE_OUTER_BOUND('',#712,.T.);
#399=FACE_OUTER_BOUND('',#713,.T.);
#400=FACE_OUTER_BOUND('',#714,.T.);
#401=FACE_OUTER_BOUND('',#715,.T.);
#402=FACE_OUTER_BOUND('',#716,.T.);
#403=FACE_OUTER_BOUND('',#717,.T.);
#404=FACE_OUTER_BOUND('',#718,.T.);
#405=FACE_OUTER_BOUND('',#719,.T.);
#406=FACE_OUTER_BOUND('',#720,.T.);
#407=FACE_OUTER_BOUND('',#721,.T.);
#408=FACE_OUTER_BOUND('',#722,.T.);
#409=FACE_OUTER_BOUND('',#723,.T.);
#410=FACE_OUTER_BOUND('',#724,.T.);
#411=FACE_OUTER_BOUND('',#725,.T.);
#412=FACE_OUTER_BOUND('',#726,.T.);
#413=FACE_OUTER_BOUND('',#727,.T.);
#414=FACE_OUTER_BOUND('',#728,.T.);
#415=FACE_OUTER_BOUND('',#729,.T.);
#416=FACE_OUTER_BOUND('',#731,.T.);
#417=FACE_OUTER_BOUND('',#734,.T.);
#418=FACE_OUTER_BOUND('',#735,.T.);
#419=FACE_OUTER_BOUND('',#736,.T.);
#420=FACE_OUTER_BOUND('',#737,.T.);
#421=FACE_OUTER_BOUND('',#738,.T.);
#422=FACE_OUTER_BOUND('',#739,.T.);
#423=FACE_OUTER_BOUND('',#740,.T.);
#424=FACE_OUTER_BOUND('',#741,.T.);
#425=FACE_OUTER_BOUND('',#742,.T.);
#426=FACE_OUTER_BOUND('',#743,.T.);
#427=FACE_OUTER_BOUND('',#744,.T.);
#428=FACE_OUTER_BOUND('',#745,.T.);
#429=FACE_OUTER_BOUND('',#746,.T.);
#430=FACE_OUTER_BOUND('',#747,.T.);
#431=FACE_OUTER_BOUND('',#748,.T.);
#432=FACE_OUTER_BOUND('',#749,.T.);
#433=FACE_OUTER_BOUND('',#752,.T.);
#434=FACE_OUTER_BOUND('',#753,.T.);
#435=FACE_OUTER_BOUND('',#754,.T.);
#436=FACE_OUTER_BOUND('',#755,.T.);
#437=FACE_OUTER_BOUND('',#756,.T.);
#438=FACE_OUTER_BOUND('',#757,.T.);
#439=FACE_OUTER_BOUND('',#758,.T.);
#440=FACE_OUTER_BOUND('',#759,.T.);
#441=FACE_OUTER_BOUND('',#760,.T.);
#442=FACE_OUTER_BOUND('',#761,.T.);
#443=FACE_OUTER_BOUND('',#762,.T.);
#444=FACE_OUTER_BOUND('',#763,.T.);
#445=FACE_OUTER_BOUND('',#764,.T.);
#446=FACE_OUTER_BOUND('',#765,.T.);
#447=FACE_OUTER_BOUND('',#766,.T.);
#448=FACE_OUTER_BOUND('',#769,.T.);
#449=FACE_OUTER_BOUND('',#770,.T.);
#450=FACE_OUTER_BOUND('',#771,.T.);
#451=FACE_OUTER_BOUND('',#772,.T.);
#452=FACE_OUTER_BOUND('',#773,.T.);
#453=FACE_OUTER_BOUND('',#774,.T.);
#454=FACE_OUTER_BOUND('',#775,.T.);
#455=FACE_OUTER_BOUND('',#776,.T.);
#456=FACE_OUTER_BOUND('',#777,.T.);
#457=FACE_OUTER_BOUND('',#778,.T.);
#458=FACE_OUTER_BOUND('',#779,.T.);
#459=FACE_OUTER_BOUND('',#780,.T.);
#460=FACE_OUTER_BOUND('',#781,.T.);
#461=FACE_OUTER_BOUND('',#782,.T.);
#462=FACE_OUTER_BOUND('',#783,.T.);
#463=FACE_OUTER_BOUND('',#784,.T.);
#464=FACE_OUTER_BOUND('',#785,.T.);
#465=FACE_OUTER_BOUND('',#787,.T.);
#466=FACE_OUTER_BOUND('',#788,.T.);
#467=FACE_OUTER_BOUND('',#790,.T.);
#468=FACE_OUTER_BOUND('',#792,.T.);
#469=FACE_OUTER_BOUND('',#793,.T.);
#470=FACE_OUTER_BOUND('',#795,.T.);
#471=FACE_OUTER_BOUND('',#796,.T.);
#472=FACE_OUTER_BOUND('',#797,.T.);
#473=FACE_OUTER_BOUND('',#798,.T.);
#474=FACE_OUTER_BOUND('',#799,.T.);
#475=FACE_OUTER_BOUND('',#800,.T.);
#476=FACE_OUTER_BOUND('',#801,.T.);
#477=FACE_OUTER_BOUND('',#802,.T.);
#478=FACE_OUTER_BOUND('',#803,.T.);
#479=FACE_OUTER_BOUND('',#804,.T.);
#480=FACE_OUTER_BOUND('',#805,.T.);
#481=FACE_OUTER_BOUND('',#806,.T.);
#482=FACE_OUTER_BOUND('',#807,.T.);
#483=FACE_OUTER_BOUND('',#808,.T.);
#484=FACE_OUTER_BOUND('',#809,.T.);
#485=FACE_OUTER_BOUND('',#810,.T.);
#486=FACE_OUTER_BOUND('',#811,.T.);
#487=FACE_OUTER_BOUND('',#813,.T.);
#488=FACE_OUTER_BOUND('',#814,.T.);
#489=FACE_OUTER_BOUND('',#815,.T.);
#490=FACE_OUTER_BOUND('',#816,.T.);
#491=FACE_OUTER_BOUND('',#817,.T.);
#492=FACE_OUTER_BOUND('',#818,.T.);
#493=FACE_OUTER_BOUND('',#819,.T.);
#494=FACE_OUTER_BOUND('',#821,.T.);
#495=FACE_OUTER_BOUND('',#822,.T.);
#496=FACE_OUTER_BOUND('',#823,.T.);
#497=FACE_OUTER_BOUND('',#824,.T.);
#498=FACE_OUTER_BOUND('',#825,.T.);
#499=FACE_OUTER_BOUND('',#826,.T.);
#500=FACE_OUTER_BOUND('',#827,.T.);
#501=FACE_OUTER_BOUND('',#828,.T.);
#502=FACE_OUTER_BOUND('',#829,.T.);
#503=FACE_OUTER_BOUND('',#830,.T.);
#504=FACE_OUTER_BOUND('',#831,.T.);
#505=FACE_OUTER_BOUND('',#832,.T.);
#506=FACE_OUTER_BOUND('',#833,.T.);
#507=FACE_OUTER_BOUND('',#834,.T.);
#508=FACE_OUTER_BOUND('',#836,.T.);
#509=FACE_OUTER_BOUND('',#837,.T.);
#510=FACE_OUTER_BOUND('',#838,.T.);
#511=FACE_OUTER_BOUND('',#839,.T.);
#512=FACE_OUTER_BOUND('',#840,.T.);
#513=FACE_OUTER_BOUND('',#841,.T.);
#514=FACE_OUTER_BOUND('',#842,.T.);
#515=FACE_OUTER_BOUND('',#843,.T.);
#516=FACE_OUTER_BOUND('',#844,.T.);
#517=FACE_OUTER_BOUND('',#845,.T.);
#518=FACE_OUTER_BOUND('',#846,.T.);
#519=FACE_OUTER_BOUND('',#847,.T.);
#520=FACE_OUTER_BOUND('',#848,.T.);
#521=FACE_OUTER_BOUND('',#849,.T.);
#522=FACE_OUTER_BOUND('',#850,.T.);
#523=FACE_OUTER_BOUND('',#851,.T.);
#524=FACE_OUTER_BOUND('',#852,.T.);
#525=FACE_OUTER_BOUND('',#854,.T.);
#526=FACE_OUTER_BOUND('',#855,.T.);
#527=FACE_OUTER_BOUND('',#856,.T.);
#528=FACE_OUTER_BOUND('',#857,.T.);
#529=FACE_OUTER_BOUND('',#858,.T.);
#530=FACE_OUTER_BOUND('',#859,.T.);
#531=FACE_OUTER_BOUND('',#860,.T.);
#532=FACE_OUTER_BOUND('',#861,.T.);
#533=FACE_OUTER_BOUND('',#862,.T.);
#534=FACE_OUTER_BOUND('',#863,.T.);
#535=FACE_OUTER_BOUND('',#864,.T.);
#536=FACE_OUTER_BOUND('',#865,.T.);
#537=FACE_OUTER_BOUND('',#866,.T.);
#538=FACE_OUTER_BOUND('',#867,.T.);
#539=FACE_OUTER_BOUND('',#868,.T.);
#540=FACE_OUTER_BOUND('',#869,.T.);
#541=FACE_OUTER_BOUND('',#870,.T.);
#542=FACE_OUTER_BOUND('',#871,.T.);
#543=FACE_OUTER_BOUND('',#874,.T.);
#544=FACE_OUTER_BOUND('',#875,.T.);
#545=FACE_OUTER_BOUND('',#876,.T.);
#546=FACE_OUTER_BOUND('',#877,.T.);
#547=FACE_OUTER_BOUND('',#878,.T.);
#548=FACE_OUTER_BOUND('',#879,.T.);
#549=FACE_OUTER_BOUND('',#880,.T.);
#550=FACE_OUTER_BOUND('',#881,.T.);
#551=FACE_OUTER_BOUND('',#882,.T.);
#552=FACE_OUTER_BOUND('',#883,.T.);
#553=FACE_OUTER_BOUND('',#886,.T.);
#554=FACE_OUTER_BOUND('',#887,.T.);
#555=FACE_OUTER_BOUND('',#888,.T.);
#556=FACE_OUTER_BOUND('',#889,.T.);
#557=FACE_OUTER_BOUND('',#890,.T.);
#558=FACE_OUTER_BOUND('',#891,.T.);
#559=FACE_OUTER_BOUND('',#892,.T.);
#560=FACE_OUTER_BOUND('',#893,.T.);
#561=FACE_OUTER_BOUND('',#894,.T.);
#562=FACE_OUTER_BOUND('',#895,.T.);
#563=FACE_OUTER_BOUND('',#896,.T.);
#564=FACE_OUTER_BOUND('',#897,.T.);
#565=FACE_OUTER_BOUND('',#898,.T.);
#566=FACE_OUTER_BOUND('',#899,.T.);
#567=FACE_OUTER_BOUND('',#900,.T.);
#568=FACE_OUTER_BOUND('',#901,.T.);
#569=FACE_OUTER_BOUND('',#902,.T.);
#570=FACE_OUTER_BOUND('',#903,.T.);
#571=FACE_OUTER_BOUND('',#904,.T.);
#572=FACE_OUTER_BOUND('',#906,.T.);
#573=FACE_OUTER_BOUND('',#907,.T.);
#574=FACE_OUTER_BOUND('',#908,.T.);
#575=FACE_OUTER_BOUND('',#909,.T.);
#576=FACE_OUTER_BOUND('',#910,.T.);
#577=FACE_OUTER_BOUND('',#911,.T.);
#578=FACE_OUTER_BOUND('',#912,.T.);
#579=FACE_OUTER_BOUND('',#913,.T.);
#580=FACE_OUTER_BOUND('',#914,.T.);
#581=FACE_OUTER_BOUND('',#915,.T.);
#582=FACE_OUTER_BOUND('',#916,.T.);
#583=FACE_OUTER_BOUND('',#917,.T.);
#584=FACE_OUTER_BOUND('',#918,.T.);
#585=FACE_OUTER_BOUND('',#919,.T.);
#586=FACE_OUTER_BOUND('',#920,.T.);
#587=FACE_OUTER_BOUND('',#921,.T.);
#588=FACE_OUTER_BOUND('',#922,.T.);
#589=FACE_OUTER_BOUND('',#924,.T.);
#590=FACE_OUTER_BOUND('',#925,.T.);
#591=FACE_OUTER_BOUND('',#926,.T.);
#592=FACE_OUTER_BOUND('',#927,.T.);
#593=FACE_OUTER_BOUND('',#928,.T.);
#594=FACE_OUTER_BOUND('',#929,.T.);
#595=FACE_OUTER_BOUND('',#930,.T.);
#596=FACE_OUTER_BOUND('',#931,.T.);
#597=FACE_OUTER_BOUND('',#932,.T.);
#598=FACE_OUTER_BOUND('',#933,.T.);
#599=FACE_OUTER_BOUND('',#934,.T.);
#600=FACE_OUTER_BOUND('',#935,.T.);
#601=FACE_OUTER_BOUND('',#937,.T.);
#602=FACE_OUTER_BOUND('',#938,.T.);
#603=FACE_OUTER_BOUND('',#939,.T.);
#604=FACE_OUTER_BOUND('',#940,.T.);
#605=FACE_OUTER_BOUND('',#941,.T.);
#606=FACE_OUTER_BOUND('',#942,.T.);
#607=FACE_OUTER_BOUND('',#944,.T.);
#608=FACE_OUTER_BOUND('',#945,.T.);
#609=FACE_OUTER_BOUND('',#947,.T.);
#610=FACE_OUTER_BOUND('',#948,.T.);
#611=FACE_OUTER_BOUND('',#949,.T.);
#612=FACE_OUTER_BOUND('',#950,.T.);
#613=FACE_OUTER_BOUND('',#951,.T.);
#614=FACE_OUTER_BOUND('',#952,.T.);
#615=FACE_OUTER_BOUND('',#953,.T.);
#616=FACE_OUTER_BOUND('',#954,.T.);
#617=FACE_OUTER_BOUND('',#955,.T.);
#618=FACE_OUTER_BOUND('',#956,.T.);
#619=FACE_OUTER_BOUND('',#957,.T.);
#620=FACE_OUTER_BOUND('',#958,.T.);
#621=FACE_OUTER_BOUND('',#960,.T.);
#622=FACE_OUTER_BOUND('',#961,.T.);
#623=FACE_OUTER_BOUND('',#962,.T.);
#624=FACE_OUTER_BOUND('',#963,.T.);
#625=FACE_OUTER_BOUND('',#964,.T.);
#626=FACE_OUTER_BOUND('',#965,.T.);
#627=FACE_OUTER_BOUND('',#967,.T.);
#628=FACE_OUTER_BOUND('',#968,.T.);
#629=FACE_OUTER_BOUND('',#970,.T.);
#630=FACE_OUTER_BOUND('',#971,.T.);
#631=FACE_OUTER_BOUND('',#972,.T.);
#632=EDGE_LOOP('',(#3528,#3529,#3530,#3531));
#633=EDGE_LOOP('',(#3532,#3533,#3534,#3535));
#634=EDGE_LOOP('',(#3536,#3537,#3538,#3539));
#635=EDGE_LOOP('',(#3540,#3541,#3542,#3543));
#636=EDGE_LOOP('',(#3544,#3545,#3546,#3547));
#637=EDGE_LOOP('',(#3548,#3549,#3550,#3551));
#638=EDGE_LOOP('',(#3552,#3553,#3554,#3555));
#639=EDGE_LOOP('',(#3556,#3557,#3558,#3559));
#640=EDGE_LOOP('',(#3560,#3561,#3562,#3563));
#641=EDGE_LOOP('',(#3564,#3565,#3566,#3567));
#642=EDGE_LOOP('',(#3568,#3569,#3570,#3571));
#643=EDGE_LOOP('',(#3572,#3573,#3574,#3575));
#644=EDGE_LOOP('',(#3576,#3577,#3578,#3579));
#645=EDGE_LOOP('',(#3580,#3581,#3582,#3583));
#646=EDGE_LOOP('',(#3584,#3585,#3586,#3587));
#647=EDGE_LOOP('',(#3588,#3589,#3590,#3591));
#648=EDGE_LOOP('',(#3592,#3593,#3594,#3595));
#649=EDGE_LOOP('',(#3596,#3597,#3598,#3599));
#650=EDGE_LOOP('',(#3600,#3601,#3602,#3603));
#651=EDGE_LOOP('',(#3604,#3605,#3606,#3607));
#652=EDGE_LOOP('',(#3608,#3609,#3610,#3611));
#653=EDGE_LOOP('',(#3612,#3613,#3614,#3615));
#654=EDGE_LOOP('',(#3616,#3617,#3618,#3619));
#655=EDGE_LOOP('',(#3620,#3621,#3622,#3623));
#656=EDGE_LOOP('',(#3624,#3625,#3626,#3627));
#657=EDGE_LOOP('',(#3628,#3629,#3630,#3631));
#658=EDGE_LOOP('',(#3632,#3633,#3634,#3635));
#659=EDGE_LOOP('',(#3636,#3637,#3638,#3639));
#660=EDGE_LOOP('',(#3640,#3641,#3642,#3643,#3644,#3645,#3646,#3647,#3648,
#3649,#3650,#3651,#3652,#3653,#3654,#3655,#3656,#3657,#3658,#3659,#3660,
#3661));
#661=EDGE_LOOP('',(#3662));
#662=EDGE_LOOP('',(#3663));
#663=EDGE_LOOP('',(#3664,#3665,#3666,#3667));
#664=EDGE_LOOP('',(#3668,#3669,#3670,#3671,#3672,#3673));
#665=EDGE_LOOP('',(#3674,#3675,#3676,#3677,#3678,#3679));
#666=EDGE_LOOP('',(#3680,#3681,#3682,#3683));
#667=EDGE_LOOP('',(#3684,#3685,#3686,#3687));
#668=EDGE_LOOP('',(#3688,#3689,#3690,#3691));
#669=EDGE_LOOP('',(#3692,#3693,#3694,#3695));
#670=EDGE_LOOP('',(#3696,#3697,#3698,#3699,#3700));
#671=EDGE_LOOP('',(#3701,#3702,#3703,#3704));
#672=EDGE_LOOP('',(#3705,#3706,#3707,#3708,#3709,#3710));
#673=EDGE_LOOP('',(#3711,#3712,#3713,#3714,#3715));
#674=EDGE_LOOP('',(#3716,#3717,#3718,#3719));
#675=EDGE_LOOP('',(#3720,#3721,#3722,#3723));
#676=EDGE_LOOP('',(#3724,#3725,#3726,#3727,#3728));
#677=EDGE_LOOP('',(#3729,#3730,#3731,#3732,#3733,#3734));
#678=EDGE_LOOP('',(#3735,#3736,#3737,#3738,#3739,#3740));
#679=EDGE_LOOP('',(#3741,#3742,#3743,#3744,#3745));
#680=EDGE_LOOP('',(#3746,#3747,#3748,#3749,#3750));
#681=EDGE_LOOP('',(#3751,#3752,#3753,#3754));
#682=EDGE_LOOP('',(#3755,#3756,#3757,#3758));
#683=EDGE_LOOP('',(#3759,#3760,#3761,#3762));
#684=EDGE_LOOP('',(#3763,#3764,#3765,#3766));
#685=EDGE_LOOP('',(#3767,#3768,#3769,#3770));
#686=EDGE_LOOP('',(#3771,#3772,#3773,#3774,#3775,#3776,#3777,#3778,#3779,
#3780));
#687=EDGE_LOOP('',(#3781,#3782,#3783,#3784,#3785,#3786,#3787,#3788,#3789));
#688=EDGE_LOOP('',(#3790,#3791,#3792,#3793,#3794,#3795,#3796,#3797,#3798));
#689=EDGE_LOOP('',(#3799,#3800,#3801,#3802));
#690=EDGE_LOOP('',(#3803,#3804,#3805,#3806));
#691=EDGE_LOOP('',(#3807,#3808,#3809,#3810));
#692=EDGE_LOOP('',(#3811,#3812,#3813,#3814));
#693=EDGE_LOOP('',(#3815,#3816,#3817,#3818));
#694=EDGE_LOOP('',(#3819,#3820,#3821,#3822));
#695=EDGE_LOOP('',(#3823,#3824,#3825,#3826));
#696=EDGE_LOOP('',(#3827,#3828,#3829,#3830));
#697=EDGE_LOOP('',(#3831,#3832,#3833,#3834));
#698=EDGE_LOOP('',(#3835));
#699=EDGE_LOOP('',(#3836));
#700=EDGE_LOOP('',(#3837,#3838,#3839,#3840));
#701=EDGE_LOOP('',(#3841,#3842,#3843,#3844,#3845,#3846));
#702=EDGE_LOOP('',(#3847,#3848,#3849,#3850));
#703=EDGE_LOOP('',(#3851,#3852,#3853,#3854));
#704=EDGE_LOOP('',(#3855,#3856,#3857,#3858));
#705=EDGE_LOOP('',(#3859));
#706=EDGE_LOOP('',(#3860));
#707=EDGE_LOOP('',(#3861,#3862,#3863,#3864,#3865,#3866,#3867,#3868,#3869,
#3870));
#708=EDGE_LOOP('',(#3871,#3872,#3873,#3874,#3875,#3876,#3877,#3878,#3879,
#3880,#3881,#3882,#3883,#3884,#3885,#3886,#3887,#3888));
#709=EDGE_LOOP('',(#3889,#3890,#3891,#3892,#3893,#3894,#3895,#3896));
#710=EDGE_LOOP('',(#3897,#3898,#3899,#3900,#3901,#3902));
#711=EDGE_LOOP('',(#3903,#3904,#3905,#3906));
#712=EDGE_LOOP('',(#3907,#3908,#3909,#3910));
#713=EDGE_LOOP('',(#3911,#3912,#3913,#3914));
#714=EDGE_LOOP('',(#3915,#3916,#3917,#3918));
#715=EDGE_LOOP('',(#3919,#3920,#3921,#3922));
#716=EDGE_LOOP('',(#3923,#3924,#3925,#3926));
#717=EDGE_LOOP('',(#3927,#3928,#3929,#3930));
#718=EDGE_LOOP('',(#3931,#3932,#3933,#3934));
#719=EDGE_LOOP('',(#3935,#3936,#3937,#3938));
#720=EDGE_LOOP('',(#3939,#3940,#3941,#3942));
#721=EDGE_LOOP('',(#3943,#3944,#3945,#3946));
#722=EDGE_LOOP('',(#3947,#3948,#3949,#3950));
#723=EDGE_LOOP('',(#3951,#3952,#3953,#3954));
#724=EDGE_LOOP('',(#3955,#3956,#3957,#3958));
#725=EDGE_LOOP('',(#3959,#3960,#3961,#3962));
#726=EDGE_LOOP('',(#3963,#3964,#3965,#3966));
#727=EDGE_LOOP('',(#3967,#3968,#3969,#3970));
#728=EDGE_LOOP('',(#3971,#3972,#3973,#3974));
#729=EDGE_LOOP('',(#3975,#3976,#3977,#3978,#3979,#3980,#3981,#3982,#3983,
#3984,#3985,#3986,#3987,#3988,#3989,#3990,#3991,#3992));
#730=EDGE_LOOP('',(#3993,#3994,#3995,#3996,#3997,#3998,#3999,#4000));
#731=EDGE_LOOP('',(#4001,#4002,#4003,#4004,#4005,#4006));
#732=EDGE_LOOP('',(#4007));
#733=EDGE_LOOP('',(#4008));
#734=EDGE_LOOP('',(#4009,#4010,#4011,#4012,#4013,#4014));
#735=EDGE_LOOP('',(#4015,#4016,#4017,#4018));
#736=EDGE_LOOP('',(#4019,#4020,#4021,#4022));
#737=EDGE_LOOP('',(#4023,#4024,#4025,#4026,#4027,#4028));
#738=EDGE_LOOP('',(#4029,#4030,#4031,#4032));
#739=EDGE_LOOP('',(#4033,#4034,#4035,#4036));
#740=EDGE_LOOP('',(#4037,#4038,#4039,#4040));
#741=EDGE_LOOP('',(#4041,#4042,#4043,#4044));
#742=EDGE_LOOP('',(#4045,#4046,#4047,#4048));
#743=EDGE_LOOP('',(#4049,#4050,#4051,#4052));
#744=EDGE_LOOP('',(#4053,#4054,#4055,#4056));
#745=EDGE_LOOP('',(#4057,#4058,#4059,#4060));
#746=EDGE_LOOP('',(#4061,#4062,#4063,#4064));
#747=EDGE_LOOP('',(#4065,#4066,#4067,#4068));
#748=EDGE_LOOP('',(#4069,#4070,#4071,#4072));
#749=EDGE_LOOP('',(#4073,#4074,#4075,#4076,#4077,#4078));
#750=EDGE_LOOP('',(#4079));
#751=EDGE_LOOP('',(#4080));
#752=EDGE_LOOP('',(#4081,#4082,#4083,#4084,#4085,#4086));
#753=EDGE_LOOP('',(#4087,#4088,#4089,#4090,#4091,#4092));
#754=EDGE_LOOP('',(#4093,#4094,#4095,#4096,#4097,#4098));
#755=EDGE_LOOP('',(#4099,#4100,#4101,#4102,#4103));
#756=EDGE_LOOP('',(#4104,#4105,#4106,#4107,#4108));
#757=EDGE_LOOP('',(#4109,#4110,#4111,#4112,#4113));
#758=EDGE_LOOP('',(#4114,#4115,#4116,#4117));
#759=EDGE_LOOP('',(#4118,#4119,#4120,#4121));
#760=EDGE_LOOP('',(#4122,#4123,#4124,#4125));
#761=EDGE_LOOP('',(#4126,#4127,#4128,#4129,#4130,#4131));
#762=EDGE_LOOP('',(#4132,#4133,#4134,#4135));
#763=EDGE_LOOP('',(#4136,#4137,#4138,#4139));
#764=EDGE_LOOP('',(#4140,#4141,#4142,#4143));
#765=EDGE_LOOP('',(#4144,#4145,#4146,#4147));
#766=EDGE_LOOP('',(#4148,#4149,#4150,#4151,#4152,#4153,#4154,#4155,#4156,
#4157,#4158,#4159,#4160,#4161,#4162,#4163,#4164,#4165,#4166,#4167));
#767=EDGE_LOOP('',(#4168));
#768=EDGE_LOOP('',(#4169));
#769=EDGE_LOOP('',(#4170,#4171,#4172,#4173));
#770=EDGE_LOOP('',(#4174,#4175,#4176,#4177,#4178,#4179,#4180,#4181,#4182,
#4183,#4184,#4185,#4186,#4187,#4188,#4189,#4190,#4191,#4192,#4193));
#771=EDGE_LOOP('',(#4194,#4195,#4196,#4197));
#772=EDGE_LOOP('',(#4198,#4199,#4200,#4201,#4202));
#773=EDGE_LOOP('',(#4203,#4204,#4205,#4206));
#774=EDGE_LOOP('',(#4207,#4208,#4209,#4210));
#775=EDGE_LOOP('',(#4211,#4212,#4213,#4214));
#776=EDGE_LOOP('',(#4215,#4216,#4217,#4218));
#777=EDGE_LOOP('',(#4219,#4220,#4221,#4222,#4223));
#778=EDGE_LOOP('',(#4224));
#779=EDGE_LOOP('',(#4225));
#780=EDGE_LOOP('',(#4226,#4227,#4228,#4229));
#781=EDGE_LOOP('',(#4230,#4231,#4232,#4233));
#782=EDGE_LOOP('',(#4234,#4235,#4236,#4237));
#783=EDGE_LOOP('',(#4238));
#784=EDGE_LOOP('',(#4239));
#785=EDGE_LOOP('',(#4240));
#786=EDGE_LOOP('',(#4241));
#787=EDGE_LOOP('',(#4242,#4243,#4244,#4245));
#788=EDGE_LOOP('',(#4246));
#789=EDGE_LOOP('',(#4247));
#790=EDGE_LOOP('',(#4248));
#791=EDGE_LOOP('',(#4249));
#792=EDGE_LOOP('',(#4250,#4251,#4252,#4253));
#793=EDGE_LOOP('',(#4254));
#794=EDGE_LOOP('',(#4255));
#795=EDGE_LOOP('',(#4256,#4257,#4258,#4259,#4260,#4261,#4262,#4263));
#796=EDGE_LOOP('',(#4264,#4265,#4266,#4267));
#797=EDGE_LOOP('',(#4268,#4269,#4270,#4271));
#798=EDGE_LOOP('',(#4272,#4273,#4274,#4275));
#799=EDGE_LOOP('',(#4276,#4277,#4278,#4279));
#800=EDGE_LOOP('',(#4280,#4281,#4282,#4283));
#801=EDGE_LOOP('',(#4284,#4285,#4286,#4287));
#802=EDGE_LOOP('',(#4288,#4289,#4290,#4291));
#803=EDGE_LOOP('',(#4292,#4293,#4294,#4295));
#804=EDGE_LOOP('',(#4296,#4297,#4298,#4299,#4300,#4301,#4302,#4303));
#805=EDGE_LOOP('',(#4304,#4305,#4306,#4307));
#806=EDGE_LOOP('',(#4308,#4309,#4310,#4311));
#807=EDGE_LOOP('',(#4312,#4313,#4314,#4315));
#808=EDGE_LOOP('',(#4316,#4317,#4318,#4319));
#809=EDGE_LOOP('',(#4320,#4321,#4322,#4323));
#810=EDGE_LOOP('',(#4324,#4325,#4326,#4327));
#811=EDGE_LOOP('',(#4328,#4329,#4330,#4331));
#812=EDGE_LOOP('',(#4332,#4333,#4334,#4335));
#813=EDGE_LOOP('',(#4336,#4337,#4338,#4339,#4340,#4341,#4342,#4343));
#814=EDGE_LOOP('',(#4344,#4345,#4346,#4347));
#815=EDGE_LOOP('',(#4348,#4349,#4350,#4351));
#816=EDGE_LOOP('',(#4352,#4353,#4354,#4355,#4356,#4357,#4358,#4359));
#817=EDGE_LOOP('',(#4360,#4361,#4362,#4363));
#818=EDGE_LOOP('',(#4364,#4365,#4366,#4367));
#819=EDGE_LOOP('',(#4368,#4369,#4370,#4371));
#820=EDGE_LOOP('',(#4372,#4373,#4374,#4375));
#821=EDGE_LOOP('',(#4376,#4377,#4378,#4379));
#822=EDGE_LOOP('',(#4380,#4381,#4382,#4383));
#823=EDGE_LOOP('',(#4384,#4385,#4386,#4387));
#824=EDGE_LOOP('',(#4388,#4389,#4390,#4391));
#825=EDGE_LOOP('',(#4392,#4393,#4394));
#826=EDGE_LOOP('',(#4395,#4396,#4397,#4398));
#827=EDGE_LOOP('',(#4399,#4400,#4401,#4402));
#828=EDGE_LOOP('',(#4403,#4404,#4405));
#829=EDGE_LOOP('',(#4406,#4407,#4408,#4409,#4410,#4411,#4412,#4413,#4414,
#4415,#4416,#4417,#4418,#4419,#4420,#4421,#4422,#4423,#4424,#4425));
#830=EDGE_LOOP('',(#4426,#4427,#4428,#4429));
#831=EDGE_LOOP('',(#4430,#4431,#4432,#4433,#4434,#4435,#4436,#4437,#4438,
#4439,#4440,#4441,#4442));
#832=EDGE_LOOP('',(#4443,#4444,#4445,#4446));
#833=EDGE_LOOP('',(#4447,#4448,#4449));
#834=EDGE_LOOP('',(#4450));
#835=EDGE_LOOP('',(#4451));
#836=EDGE_LOOP('',(#4452,#4453,#4454));
#837=EDGE_LOOP('',(#4455,#4456,#4457,#4458));
#838=EDGE_LOOP('',(#4459));
#839=EDGE_LOOP('',(#4460,#4461,#4462,#4463));
#840=EDGE_LOOP('',(#4464,#4465,#4466,#4467));
#841=EDGE_LOOP('',(#4468,#4469,#4470,#4471));
#842=EDGE_LOOP('',(#4472,#4473,#4474,#4475));
#843=EDGE_LOOP('',(#4476,#4477,#4478));
#844=EDGE_LOOP('',(#4479,#4480,#4481,#4482));
#845=EDGE_LOOP('',(#4483,#4484,#4485,#4486));
#846=EDGE_LOOP('',(#4487,#4488,#4489));
#847=EDGE_LOOP('',(#4490,#4491,#4492,#4493,#4494,#4495,#4496,#4497,#4498,
#4499,#4500,#4501,#4502,#4503,#4504,#4505,#4506,#4507,#4508,#4509));
#848=EDGE_LOOP('',(#4510,#4511,#4512,#4513));
#849=EDGE_LOOP('',(#4514,#4515,#4516,#4517,#4518,#4519,#4520,#4521,#4522,
#4523,#4524,#4525,#4526));
#850=EDGE_LOOP('',(#4527,#4528,#4529,#4530));
#851=EDGE_LOOP('',(#4531,#4532,#4533));
#852=EDGE_LOOP('',(#4534));
#853=EDGE_LOOP('',(#4535));
#854=EDGE_LOOP('',(#4536,#4537,#4538));
#855=EDGE_LOOP('',(#4539,#4540,#4541,#4542));
#856=EDGE_LOOP('',(#4543));
#857=EDGE_LOOP('',(#4544,#4545,#4546,#4547));
#858=EDGE_LOOP('',(#4548,#4549,#4550,#4551));
#859=EDGE_LOOP('',(#4552,#4553,#4554,#4555));
#860=EDGE_LOOP('',(#4556,#4557,#4558,#4559));
#861=EDGE_LOOP('',(#4560,#4561,#4562,#4563));
#862=EDGE_LOOP('',(#4564,#4565,#4566,#4567));
#863=EDGE_LOOP('',(#4568,#4569,#4570,#4571));
#864=EDGE_LOOP('',(#4572,#4573,#4574,#4575));
#865=EDGE_LOOP('',(#4576,#4577,#4578,#4579));
#866=EDGE_LOOP('',(#4580,#4581,#4582,#4583));
#867=EDGE_LOOP('',(#4584,#4585,#4586,#4587));
#868=EDGE_LOOP('',(#4588,#4589,#4590,#4591));
#869=EDGE_LOOP('',(#4592,#4593,#4594,#4595));
#870=EDGE_LOOP('',(#4596,#4597,#4598,#4599));
#871=EDGE_LOOP('',(#4600,#4601,#4602,#4603,#4604,#4605,#4606,#4607,#4608,
#4609,#4610,#4611,#4612,#4613,#4614,#4615,#4616,#4617,#4618,#4619));
#872=EDGE_LOOP('',(#4620,#4621,#4622,#4623));
#873=EDGE_LOOP('',(#4624,#4625,#4626,#4627));
#874=EDGE_LOOP('',(#4628,#4629,#4630,#4631));
#875=EDGE_LOOP('',(#4632,#4633,#4634,#4635));
#876=EDGE_LOOP('',(#4636,#4637,#4638,#4639));
#877=EDGE_LOOP('',(#4640,#4641,#4642,#4643));
#878=EDGE_LOOP('',(#4644,#4645,#4646,#4647));
#879=EDGE_LOOP('',(#4648,#4649,#4650,#4651));
#880=EDGE_LOOP('',(#4652,#4653,#4654,#4655));
#881=EDGE_LOOP('',(#4656,#4657,#4658,#4659));
#882=EDGE_LOOP('',(#4660,#4661,#4662,#4663));
#883=EDGE_LOOP('',(#4664,#4665,#4666,#4667,#4668,#4669,#4670,#4671,#4672,
#4673,#4674,#4675,#4676,#4677,#4678,#4679,#4680,#4681,#4682,#4683));
#884=EDGE_LOOP('',(#4684,#4685,#4686,#4687));
#885=EDGE_LOOP('',(#4688,#4689,#4690,#4691));
#886=EDGE_LOOP('',(#4692,#4693,#4694,#4695));
#887=EDGE_LOOP('',(#4696,#4697,#4698,#4699));
#888=EDGE_LOOP('',(#4700,#4701,#4702,#4703));
#889=EDGE_LOOP('',(#4704,#4705,#4706,#4707));
#890=EDGE_LOOP('',(#4708,#4709,#4710,#4711));
#891=EDGE_LOOP('',(#4712,#4713,#4714,#4715));
#892=EDGE_LOOP('',(#4716,#4717,#4718,#4719));
#893=EDGE_LOOP('',(#4720,#4721,#4722,#4723));
#894=EDGE_LOOP('',(#4724,#4725,#4726,#4727));
#895=EDGE_LOOP('',(#4728,#4729,#4730));
#896=EDGE_LOOP('',(#4731,#4732,#4733,#4734));
#897=EDGE_LOOP('',(#4735,#4736,#4737,#4738));
#898=EDGE_LOOP('',(#4739,#4740,#4741));
#899=EDGE_LOOP('',(#4742,#4743,#4744,#4745,#4746,#4747,#4748,#4749,#4750,
#4751,#4752,#4753,#4754,#4755,#4756,#4757,#4758,#4759,#4760,#4761));
#900=EDGE_LOOP('',(#4762,#4763,#4764,#4765));
#901=EDGE_LOOP('',(#4766,#4767,#4768,#4769,#4770,#4771,#4772,#4773,#4774,
#4775,#4776,#4777,#4778));
#902=EDGE_LOOP('',(#4779,#4780,#4781,#4782));
#903=EDGE_LOOP('',(#4783,#4784,#4785));
#904=EDGE_LOOP('',(#4786));
#905=EDGE_LOOP('',(#4787));
#906=EDGE_LOOP('',(#4788,#4789,#4790));
#907=EDGE_LOOP('',(#4791,#4792,#4793,#4794));
#908=EDGE_LOOP('',(#4795));
#909=EDGE_LOOP('',(#4796,#4797,#4798,#4799));
#910=EDGE_LOOP('',(#4800,#4801,#4802,#4803));
#911=EDGE_LOOP('',(#4804,#4805,#4806,#4807));
#912=EDGE_LOOP('',(#4808,#4809,#4810,#4811));
#913=EDGE_LOOP('',(#4812,#4813,#4814));
#914=EDGE_LOOP('',(#4815,#4816,#4817,#4818));
#915=EDGE_LOOP('',(#4819,#4820,#4821,#4822));
#916=EDGE_LOOP('',(#4823,#4824,#4825));
#917=EDGE_LOOP('',(#4826,#4827,#4828,#4829,#4830,#4831,#4832,#4833,#4834,
#4835,#4836,#4837,#4838,#4839,#4840,#4841,#4842,#4843,#4844,#4845));
#918=EDGE_LOOP('',(#4846,#4847,#4848,#4849));
#919=EDGE_LOOP('',(#4850,#4851,#4852,#4853,#4854,#4855,#4856,#4857,#4858,
#4859,#4860,#4861,#4862));
#920=EDGE_LOOP('',(#4863,#4864,#4865,#4866));
#921=EDGE_LOOP('',(#4867,#4868,#4869));
#922=EDGE_LOOP('',(#4870));
#923=EDGE_LOOP('',(#4871));
#924=EDGE_LOOP('',(#4872,#4873,#4874));
#925=EDGE_LOOP('',(#4875,#4876,#4877,#4878));
#926=EDGE_LOOP('',(#4879));
#927=EDGE_LOOP('',(#4880,#4881,#4882,#4883));
#928=EDGE_LOOP('',(#4884,#4885,#4886,#4887));
#929=EDGE_LOOP('',(#4888,#4889,#4890,#4891));
#930=EDGE_LOOP('',(#4892,#4893,#4894,#4895));
#931=EDGE_LOOP('',(#4896,#4897,#4898,#4899));
#932=EDGE_LOOP('',(#4900,#4901,#4902,#4903));
#933=EDGE_LOOP('',(#4904,#4905,#4906,#4907));
#934=EDGE_LOOP('',(#4908,#4909,#4910,#4911));
#935=EDGE_LOOP('',(#4912));
#936=EDGE_LOOP('',(#4913,#4914,#4915,#4916,#4917,#4918,#4919,#4920,#4921,
#4922,#4923,#4924));
#937=EDGE_LOOP('',(#4925,#4926,#4927,#4928));
#938=EDGE_LOOP('',(#4929,#4930,#4931,#4932));
#939=EDGE_LOOP('',(#4933,#4934,#4935,#4936,#4937,#4938,#4939,#4940,#4941,
#4942,#4943,#4944));
#940=EDGE_LOOP('',(#4945,#4946,#4947,#4948));
#941=EDGE_LOOP('',(#4949,#4950,#4951,#4952));
#942=EDGE_LOOP('',(#4953));
#943=EDGE_LOOP('',(#4954));
#944=EDGE_LOOP('',(#4955,#4956,#4957,#4958));
#945=EDGE_LOOP('',(#4959));
#946=EDGE_LOOP('',(#4960));
#947=EDGE_LOOP('',(#4961,#4962,#4963,#4964));
#948=EDGE_LOOP('',(#4965,#4966,#4967,#4968));
#949=EDGE_LOOP('',(#4969));
#950=EDGE_LOOP('',(#4970,#4971,#4972,#4973));
#951=EDGE_LOOP('',(#4974,#4975,#4976,#4977));
#952=EDGE_LOOP('',(#4978,#4979,#4980,#4981));
#953=EDGE_LOOP('',(#4982,#4983,#4984,#4985));
#954=EDGE_LOOP('',(#4986,#4987,#4988,#4989));
#955=EDGE_LOOP('',(#4990,#4991,#4992,#4993));
#956=EDGE_LOOP('',(#4994,#4995,#4996,#4997));
#957=EDGE_LOOP('',(#4998,#4999,#5000,#5001));
#958=EDGE_LOOP('',(#5002));
#959=EDGE_LOOP('',(#5003,#5004,#5005,#5006,#5007,#5008,#5009,#5010,#5011,
#5012,#5013,#5014));
#960=EDGE_LOOP('',(#5015,#5016,#5017,#5018));
#961=EDGE_LOOP('',(#5019,#5020,#5021,#5022));
#962=EDGE_LOOP('',(#5023,#5024,#5025,#5026,#5027,#5028,#5029,#5030,#5031,
#5032,#5033,#5034));
#963=EDGE_LOOP('',(#5035,#5036,#5037,#5038));
#964=EDGE_LOOP('',(#5039,#5040,#5041,#5042));
#965=EDGE_LOOP('',(#5043));
#966=EDGE_LOOP('',(#5044));
#967=EDGE_LOOP('',(#5045,#5046,#5047,#5048));
#968=EDGE_LOOP('',(#5049));
#969=EDGE_LOOP('',(#5050));
#970=EDGE_LOOP('',(#5051,#5052,#5053,#5054));
#971=EDGE_LOOP('',(#5055,#5056,#5057,#5058));
#972=EDGE_LOOP('',(#5059));
#973=LINE('',#7561,#1515);
#974=LINE('',#7567,#1516);
#975=LINE('',#7573,#1517);
#976=LINE('',#7579,#1518);
#977=LINE('',#7585,#1519);
#978=LINE('',#7591,#1520);
#979=LINE('',#7597,#1521);
#980=LINE('',#7601,#1522);
#981=LINE('',#7609,#1523);
#982=LINE('',#7612,#1524);
#983=LINE('',#7617,#1525);
#984=LINE('',#7621,#1526);
#985=LINE('',#7629,#1527);
#986=LINE('',#7632,#1528);
#987=LINE('',#7638,#1529);
#988=LINE('',#7641,#1530);
#989=LINE('',#7644,#1531);
#990=LINE('',#7646,#1532);
#991=LINE('',#7647,#1533);
#992=LINE('',#7653,#1534);
#993=LINE('',#7656,#1535);
#994=LINE('',#7658,#1536);
#995=LINE('',#7659,#1537);
#996=LINE('',#7665,#1538);
#997=LINE('',#7668,#1539);
#998=LINE('',#7670,#1540);
#999=LINE('',#7671,#1541);
#1000=LINE('',#7677,#1542);
#1001=LINE('',#7679,#1543);
#1002=LINE('',#7680,#1544);
#1003=LINE('',#7686,#1545);
#1004=LINE('',#7689,#1546);
#1005=LINE('',#7699,#1547);
#1006=LINE('',#7702,#1548);
#1007=LINE('',#7705,#1549);
#1008=LINE('',#7708,#1550);
#1009=LINE('',#7712,#1551);
#1010=LINE('',#7716,#1552);
#1011=LINE('',#7720,#1553);
#1012=LINE('',#7728,#1554);
#1013=LINE('',#7736,#1555);
#1014=LINE('',#7740,#1556);
#1015=LINE('',#7743,#1557);
#1016=LINE('',#7788,#1558);
#1017=LINE('',#7792,#1559);
#1018=LINE('',#7793,#1560);
#1019=LINE('',#7826,#1561);
#1020=LINE('',#7831,#1562);
#1021=LINE('',#7834,#1563);
#1022=LINE('',#7841,#1564);
#1023=LINE('',#7844,#1565);
#1024=LINE('',#7857,#1566);
#1025=LINE('',#7879,#1567);
#1026=LINE('',#7881,#1568);
#1027=LINE('',#7884,#1569);
#1028=LINE('',#7886,#1570);
#1029=LINE('',#7889,#1571);
#1030=LINE('',#7892,#1572);
#1031=LINE('',#7894,#1573);
#1032=LINE('',#7896,#1574);
#1033=LINE('',#7899,#1575);
#1034=LINE('',#7912,#1576);
#1035=LINE('',#7914,#1577);
#1036=LINE('',#7916,#1578);
#1037=LINE('',#7918,#1579);
#1038=LINE('',#7919,#1580);
#1039=LINE('',#7922,#1581);
#1040=LINE('',#7926,#1582);
#1041=LINE('',#7929,#1583);
#1042=LINE('',#7933,#1584);
#1043=LINE('',#7935,#1585);
#1044=LINE('',#7937,#1586);
#1045=LINE('',#7938,#1587);
#1046=LINE('',#7942,#1588);
#1047=LINE('',#7944,#1589);
#1048=LINE('',#7946,#1590);
#1049=LINE('',#7947,#1591);
#1050=LINE('',#7971,#1592);
#1051=LINE('',#7977,#1593);
#1052=LINE('',#8003,#1594);
#1053=LINE('',#8007,#1595);
#1054=LINE('',#8013,#1596);
#1055=LINE('',#8017,#1597);
#1056=LINE('',#8019,#1598);
#1057=LINE('',#8022,#1599);
#1058=LINE('',#8025,#1600);
#1059=LINE('',#8028,#1601);
#1060=LINE('',#8032,#1602);
#1061=LINE('',#8036,#1603);
#1062=LINE('',#8039,#1604);
#1063=LINE('',#8043,#1605);
#1064=LINE('',#8047,#1606);
#1065=LINE('',#8050,#1607);
#1066=LINE('',#8051,#1608);
#1067=LINE('',#8055,#1609);
#1068=LINE('',#8059,#1610);
#1069=LINE('',#8063,#1611);
#1070=LINE('',#8065,#1612);
#1071=LINE('',#8068,#1613);
#1072=LINE('',#8070,#1614);
#1073=LINE('',#8071,#1615);
#1074=LINE('',#8075,#1616);
#1075=LINE('',#8077,#1617);
#1076=LINE('',#8078,#1618);
#1077=LINE('',#8080,#1619);
#1078=LINE('',#8084,#1620);
#1079=LINE('',#8087,#1621);
#1080=LINE('',#8088,#1622);
#1081=LINE('',#8093,#1623);
#1082=LINE('',#8106,#1624);
#1083=LINE('',#8108,#1625);
#1084=LINE('',#8109,#1626);
#1085=LINE('',#8114,#1627);
#1086=LINE('',#8118,#1628);
#1087=LINE('',#8120,#1629);
#1088=LINE('',#8121,#1630);
#1089=LINE('',#8126,#1631);
#1090=LINE('',#8130,#1632);
#1091=LINE('',#8132,#1633);
#1092=LINE('',#8133,#1634);
#1093=LINE('',#8138,#1635);
#1094=LINE('',#8144,#1636);
#1095=LINE('',#8150,#1637);
#1096=LINE('',#8154,#1638);
#1097=LINE('',#8156,#1639);
#1098=LINE('',#8157,#1640);
#1099=LINE('',#8162,#1641);
#1100=LINE('',#8168,#1642);
#1101=LINE('',#8174,#1643);
#1102=LINE('',#8178,#1644);
#1103=LINE('',#8180,#1645);
#1104=LINE('',#8181,#1646);
#1105=LINE('',#8186,#1647);
#1106=LINE('',#8190,#1648);
#1107=LINE('',#8192,#1649);
#1108=LINE('',#8193,#1650);
#1109=LINE('',#8198,#1651);
#1110=LINE('',#8201,#1652);
#1111=LINE('',#8202,#1653);
#1112=LINE('',#8206,#1654);
#1113=LINE('',#8208,#1655);
#1114=LINE('',#8209,#1656);
#1115=LINE('',#8215,#1657);
#1116=LINE('',#8218,#1658);
#1117=LINE('',#8219,#1659);
#1118=LINE('',#8223,#1660);
#1119=LINE('',#8226,#1661);
#1120=LINE('',#8227,#1662);
#1121=LINE('',#8231,#1663);
#1122=LINE('',#8234,#1664);
#1123=LINE('',#8240,#1665);
#1124=LINE('',#8241,#1666);
#1125=LINE('',#8243,#1667);
#1126=LINE('',#8246,#1668);
#1127=LINE('',#8247,#1669);
#1128=LINE('',#8251,#1670);
#1129=LINE('',#8255,#1671);
#1130=LINE('',#8259,#1672);
#1131=LINE('',#8262,#1673);
#1132=LINE('',#8263,#1674);
#1133=LINE('',#8267,#1675);
#1134=LINE('',#8271,#1676);
#1135=LINE('',#8275,#1677);
#1136=LINE('',#8277,#1678);
#1137=LINE('',#8280,#1679);
#1138=LINE('',#8281,#1680);
#1139=LINE('',#8284,#1681);
#1140=LINE('',#8286,#1682);
#1141=LINE('',#8288,#1683);
#1142=LINE('',#8290,#1684);
#1143=LINE('',#8291,#1685);
#1144=LINE('',#8297,#1686);
#1145=LINE('',#8299,#1687);
#1146=LINE('',#8305,#1688);
#1147=LINE('',#8311,#1689);
#1148=LINE('',#8314,#1690);
#1149=LINE('',#8317,#1691);
#1150=LINE('',#8319,#1692);
#1151=LINE('',#8320,#1693);
#1152=LINE('',#8326,#1694);
#1153=LINE('',#8328,#1695);
#1154=LINE('',#8329,#1696);
#1155=LINE('',#8335,#1697);
#1156=LINE('',#8338,#1698);
#1157=LINE('',#8340,#1699);
#1158=LINE('',#8341,#1700);
#1159=LINE('',#8346,#1701);
#1160=LINE('',#8349,#1702);
#1161=LINE('',#8350,#1703);
#1162=LINE('',#8353,#1704);
#1163=LINE('',#8373,#1705);
#1164=LINE('',#8376,#1706);
#1165=LINE('',#8378,#1707);
#1166=LINE('',#8383,#1708);
#1167=LINE('',#8386,#1709);
#1168=LINE('',#8393,#1710);
#1169=LINE('',#8399,#1711);
#1170=LINE('',#8405,#1712);
#1171=LINE('',#8414,#1713);
#1172=LINE('',#8422,#1714);
#1173=LINE('',#8428,#1715);
#1174=LINE('',#8430,#1716);
#1175=LINE('',#8432,#1717);
#1176=LINE('',#8434,#1718);
#1177=LINE('',#8436,#1719);
#1178=LINE('',#8438,#1720);
#1179=LINE('',#8440,#1721);
#1180=LINE('',#8441,#1722);
#1181=LINE('',#8445,#1723);
#1182=LINE('',#8447,#1724);
#1183=LINE('',#8449,#1725);
#1184=LINE('',#8450,#1726);
#1185=LINE('',#8452,#1727);
#1186=LINE('',#8453,#1728);
#1187=LINE('',#8455,#1729);
#1188=LINE('',#8457,#1730);
#1189=LINE('',#8460,#1731);
#1190=LINE('',#8462,#1732);
#1191=LINE('',#8463,#1733);
#1192=LINE('',#8466,#1734);
#1193=LINE('',#8467,#1735);
#1194=LINE('',#8470,#1736);
#1195=LINE('',#8471,#1737);
#1196=LINE('',#8473,#1738);
#1197=LINE('',#8478,#1739);
#1198=LINE('',#8480,#1740);
#1199=LINE('',#8482,#1741);
#1200=LINE('',#8483,#1742);
#1201=LINE('',#8486,#1743);
#1202=LINE('',#8488,#1744);
#1203=LINE('',#8489,#1745);
#1204=LINE('',#8492,#1746);
#1205=LINE('',#8494,#1747);
#1206=LINE('',#8495,#1748);
#1207=LINE('',#8497,#1749);
#1208=LINE('',#8498,#1750);
#1209=LINE('',#8502,#1751);
#1210=LINE('',#8504,#1752);
#1211=LINE('',#8506,#1753);
#1212=LINE('',#8507,#1754);
#1213=LINE('',#8511,#1755);
#1214=LINE('',#8513,#1756);
#1215=LINE('',#8515,#1757);
#1216=LINE('',#8516,#1758);
#1217=LINE('',#8518,#1759);
#1218=LINE('',#8519,#1760);
#1219=LINE('',#8522,#1761);
#1220=LINE('',#8524,#1762);
#1221=LINE('',#8526,#1763);
#1222=LINE('',#8528,#1764);
#1223=LINE('',#8529,#1765);
#1224=LINE('',#8532,#1766);
#1225=LINE('',#8533,#1767);
#1226=LINE('',#8536,#1768);
#1227=LINE('',#8537,#1769);
#1228=LINE('',#8540,#1770);
#1229=LINE('',#8542,#1771);
#1230=LINE('',#8543,#1772);
#1231=LINE('',#8545,#1773);
#1232=LINE('',#8547,#1774);
#1233=LINE('',#8552,#1775);
#1234=LINE('',#8554,#1776);
#1235=LINE('',#8556,#1777);
#1236=LINE('',#8557,#1778);
#1237=LINE('',#8561,#1779);
#1238=LINE('',#8563,#1780);
#1239=LINE('',#8565,#1781);
#1240=LINE('',#8566,#1782);
#1241=LINE('',#8570,#1783);
#1242=LINE('',#8572,#1784);
#1243=LINE('',#8574,#1785);
#1244=LINE('',#8575,#1786);
#1245=LINE('',#8579,#1787);
#1246=LINE('',#8581,#1788);
#1247=LINE('',#8583,#1789);
#1248=LINE('',#8584,#1790);
#1249=LINE('',#8587,#1791);
#1250=LINE('',#8591,#1792);
#1251=LINE('',#8592,#1793);
#1252=LINE('',#8595,#1794);
#1253=LINE('',#8597,#1795);
#1254=LINE('',#8598,#1796);
#1255=LINE('',#8608,#1797);
#1256=LINE('',#8612,#1798);
#1257=LINE('',#8617,#1799);
#1258=LINE('',#8620,#1800);
#1259=LINE('',#8621,#1801);
#1260=LINE('',#8623,#1802);
#1261=LINE('',#8625,#1803);
#1262=LINE('',#8633,#1804);
#1263=LINE('',#8639,#1805);
#1264=LINE('',#8641,#1806);
#1265=LINE('',#8643,#1807);
#1266=LINE('',#8644,#1808);
#1267=LINE('',#8648,#1809);
#1268=LINE('',#8650,#1810);
#1269=LINE('',#8652,#1811);
#1270=LINE('',#8653,#1812);
#1271=LINE('',#8657,#1813);
#1272=LINE('',#8659,#1814);
#1273=LINE('',#8661,#1815);
#1274=LINE('',#8662,#1816);
#1275=LINE('',#8666,#1817);
#1276=LINE('',#8668,#1818);
#1277=LINE('',#8670,#1819);
#1278=LINE('',#8671,#1820);
#1279=LINE('',#8674,#1821);
#1280=LINE('',#8678,#1822);
#1281=LINE('',#8679,#1823);
#1282=LINE('',#8682,#1824);
#1283=LINE('',#8684,#1825);
#1284=LINE('',#8685,#1826);
#1285=LINE('',#8695,#1827);
#1286=LINE('',#8699,#1828);
#1287=LINE('',#8704,#1829);
#1288=LINE('',#8707,#1830);
#1289=LINE('',#8708,#1831);
#1290=LINE('',#8710,#1832);
#1291=LINE('',#8712,#1833);
#1292=LINE('',#8720,#1834);
#1293=LINE('',#8726,#1835);
#1294=LINE('',#8728,#1836);
#1295=LINE('',#8730,#1837);
#1296=LINE('',#8731,#1838);
#1297=LINE('',#8734,#1839);
#1298=LINE('',#8736,#1840);
#1299=LINE('',#8737,#1841);
#1300=LINE('',#8740,#1842);
#1301=LINE('',#8742,#1843);
#1302=LINE('',#8743,#1844);
#1303=LINE('',#8745,#1845);
#1304=LINE('',#8746,#1846);
#1305=LINE('',#8750,#1847);
#1306=LINE('',#8752,#1848);
#1307=LINE('',#8754,#1849);
#1308=LINE('',#8755,#1850);
#1309=LINE('',#8758,#1851);
#1310=LINE('',#8760,#1852);
#1311=LINE('',#8761,#1853);
#1312=LINE('',#8764,#1854);
#1313=LINE('',#8766,#1855);
#1314=LINE('',#8767,#1856);
#1315=LINE('',#8769,#1857);
#1316=LINE('',#8770,#1858);
#1317=LINE('',#8774,#1859);
#1318=LINE('',#8776,#1860);
#1319=LINE('',#8778,#1861);
#1320=LINE('',#8779,#1862);
#1321=LINE('',#8783,#1863);
#1322=LINE('',#8785,#1864);
#1323=LINE('',#8787,#1865);
#1324=LINE('',#8788,#1866);
#1325=LINE('',#8792,#1867);
#1326=LINE('',#8794,#1868);
#1327=LINE('',#8796,#1869);
#1328=LINE('',#8797,#1870);
#1329=LINE('',#8801,#1871);
#1330=LINE('',#8803,#1872);
#1331=LINE('',#8805,#1873);
#1332=LINE('',#8806,#1874);
#1333=LINE('',#8808,#1875);
#1334=LINE('',#8809,#1876);
#1335=LINE('',#8811,#1877);
#1336=LINE('',#8812,#1878);
#1337=LINE('',#8815,#1879);
#1338=LINE('',#8817,#1880);
#1339=LINE('',#8819,#1881);
#1340=LINE('',#8821,#1882);
#1341=LINE('',#8823,#1883);
#1342=LINE('',#8825,#1884);
#1343=LINE('',#8827,#1885);
#1344=LINE('',#8829,#1886);
#1345=LINE('',#8831,#1887);
#1346=LINE('',#8833,#1888);
#1347=LINE('',#8834,#1889);
#1348=LINE('',#8836,#1890);
#1349=LINE('',#8838,#1891);
#1350=LINE('',#8839,#1892);
#1351=LINE('',#8842,#1893);
#1352=LINE('',#8843,#1894);
#1353=LINE('',#8846,#1895);
#1354=LINE('',#8847,#1896);
#1355=LINE('',#8850,#1897);
#1356=LINE('',#8852,#1898);
#1357=LINE('',#8853,#1899);
#1358=LINE('',#8856,#1900);
#1359=LINE('',#8858,#1901);
#1360=LINE('',#8859,#1902);
#1361=LINE('',#8862,#1903);
#1362=LINE('',#8864,#1904);
#1363=LINE('',#8865,#1905);
#1364=LINE('',#8868,#1906);
#1365=LINE('',#8870,#1907);
#1366=LINE('',#8871,#1908);
#1367=LINE('',#8873,#1909);
#1368=LINE('',#8875,#1910);
#1369=LINE('',#8877,#1911);
#1370=LINE('',#8879,#1912);
#1371=LINE('',#8881,#1913);
#1372=LINE('',#8883,#1914);
#1373=LINE('',#8884,#1915);
#1374=LINE('',#8885,#1916);
#1375=LINE('',#8888,#1917);
#1376=LINE('',#8889,#1918);
#1377=LINE('',#8896,#1919);
#1378=LINE('',#8898,#1920);
#1379=LINE('',#8900,#1921);
#1380=LINE('',#8901,#1922);
#1381=LINE('',#8905,#1923);
#1382=LINE('',#8907,#1924);
#1383=LINE('',#8909,#1925);
#1384=LINE('',#8910,#1926);
#1385=LINE('',#8914,#1927);
#1386=LINE('',#8916,#1928);
#1387=LINE('',#8918,#1929);
#1388=LINE('',#8919,#1930);
#1389=LINE('',#8923,#1931);
#1390=LINE('',#8925,#1932);
#1391=LINE('',#8927,#1933);
#1392=LINE('',#8928,#1934);
#1393=LINE('',#8931,#1935);
#1394=LINE('',#8935,#1936);
#1395=LINE('',#8936,#1937);
#1396=LINE('',#8939,#1938);
#1397=LINE('',#8941,#1939);
#1398=LINE('',#8942,#1940);
#1399=LINE('',#8952,#1941);
#1400=LINE('',#8956,#1942);
#1401=LINE('',#8961,#1943);
#1402=LINE('',#8964,#1944);
#1403=LINE('',#8965,#1945);
#1404=LINE('',#8967,#1946);
#1405=LINE('',#8969,#1947);
#1406=LINE('',#8977,#1948);
#1407=LINE('',#8983,#1949);
#1408=LINE('',#8985,#1950);
#1409=LINE('',#8987,#1951);
#1410=LINE('',#8988,#1952);
#1411=LINE('',#8992,#1953);
#1412=LINE('',#8994,#1954);
#1413=LINE('',#8996,#1955);
#1414=LINE('',#8997,#1956);
#1415=LINE('',#9001,#1957);
#1416=LINE('',#9003,#1958);
#1417=LINE('',#9005,#1959);
#1418=LINE('',#9006,#1960);
#1419=LINE('',#9010,#1961);
#1420=LINE('',#9012,#1962);
#1421=LINE('',#9014,#1963);
#1422=LINE('',#9015,#1964);
#1423=LINE('',#9018,#1965);
#1424=LINE('',#9022,#1966);
#1425=LINE('',#9023,#1967);
#1426=LINE('',#9026,#1968);
#1427=LINE('',#9028,#1969);
#1428=LINE('',#9029,#1970);
#1429=LINE('',#9039,#1971);
#1430=LINE('',#9043,#1972);
#1431=LINE('',#9048,#1973);
#1432=LINE('',#9051,#1974);
#1433=LINE('',#9052,#1975);
#1434=LINE('',#9054,#1976);
#1435=LINE('',#9056,#1977);
#1436=LINE('',#9064,#1978);
#1437=LINE('',#9070,#1979);
#1438=LINE('',#9072,#1980);
#1439=LINE('',#9074,#1981);
#1440=LINE('',#9075,#1982);
#1441=LINE('',#9079,#1983);
#1442=LINE('',#9081,#1984);
#1443=LINE('',#9083,#1985);
#1444=LINE('',#9084,#1986);
#1445=LINE('',#9088,#1987);
#1446=LINE('',#9090,#1988);
#1447=LINE('',#9092,#1989);
#1448=LINE('',#9093,#1990);
#1449=LINE('',#9096,#1991);
#1450=LINE('',#9098,#1992);
#1451=LINE('',#9099,#1993);
#1452=LINE('',#9101,#1994);
#1453=LINE('',#9102,#1995);
#1454=LINE('',#9105,#1996);
#1455=LINE('',#9107,#1997);
#1456=LINE('',#9108,#1998);
#1457=LINE('',#9111,#1999);
#1458=LINE('',#9113,#2000);
#1459=LINE('',#9114,#2001);
#1460=LINE('',#9117,#2002);
#1461=LINE('',#9119,#2003);
#1462=LINE('',#9120,#2004);
#1463=LINE('',#9124,#2005);
#1464=LINE('',#9126,#2006);
#1465=LINE('',#9128,#2007);
#1466=LINE('',#9129,#2008);
#1467=LINE('',#9132,#2009);
#1468=LINE('',#9133,#2010);
#1469=LINE('',#9135,#2011);
#1470=LINE('',#9138,#2012);
#1471=LINE('',#9139,#2013);
#1472=LINE('',#9141,#2014);
#1473=LINE('',#9149,#2015);
#1474=LINE('',#9156,#2016);
#1475=LINE('',#9160,#2017);
#1476=LINE('',#9165,#2018);
#1477=LINE('',#9167,#2019);
#1478=LINE('',#9169,#2020);
#1479=LINE('',#9170,#2021);
#1480=LINE('',#9174,#2022);
#1481=LINE('',#9176,#2023);
#1482=LINE('',#9178,#2024);
#1483=LINE('',#9179,#2025);
#1484=LINE('',#9183,#2026);
#1485=LINE('',#9185,#2027);
#1486=LINE('',#9187,#2028);
#1487=LINE('',#9188,#2029);
#1488=LINE('',#9191,#2030);
#1489=LINE('',#9193,#2031);
#1490=LINE('',#9194,#2032);
#1491=LINE('',#9196,#2033);
#1492=LINE('',#9197,#2034);
#1493=LINE('',#9200,#2035);
#1494=LINE('',#9202,#2036);
#1495=LINE('',#9203,#2037);
#1496=LINE('',#9206,#2038);
#1497=LINE('',#9208,#2039);
#1498=LINE('',#9209,#2040);
#1499=LINE('',#9212,#2041);
#1500=LINE('',#9214,#2042);
#1501=LINE('',#9215,#2043);
#1502=LINE('',#9219,#2044);
#1503=LINE('',#9221,#2045);
#1504=LINE('',#9223,#2046);
#1505=LINE('',#9224,#2047);
#1506=LINE('',#9227,#2048);
#1507=LINE('',#9228,#2049);
#1508=LINE('',#9230,#2050);
#1509=LINE('',#9233,#2051);
#1510=LINE('',#9234,#2052);
#1511=LINE('',#9236,#2053);
#1512=LINE('',#9244,#2054);
#1513=LINE('',#9251,#2055);
#1514=LINE('',#9255,#2056);
#1515=VECTOR('',#5984,0.121);
#1516=VECTOR('',#5991,0.121);
#1517=VECTOR('',#5998,0.121);
#1518=VECTOR('',#6005,0.121);
#1519=VECTOR('',#6012,0.4358);
#1520=VECTOR('',#6019,0.4358);
#1521=VECTOR('',#6026,0.270309905);
#1522=VECTOR('',#6031,0.31389919446);
#1523=VECTOR('',#6042,0.43585467992);
#1524=VECTOR('',#6047,0.36386030115);
#1525=VECTOR('',#6052,0.270309905);
#1526=VECTOR('',#6057,0.31389919446);
#1527=VECTOR('',#6068,0.43585467992);
#1528=VECTOR('',#6073,0.36386030115);
#1529=VECTOR('',#6078,0.1);
#1530=VECTOR('',#6081,0.1);
#1531=VECTOR('',#6084,0.1);
#1532=VECTOR('',#6085,0.1);
#1533=VECTOR('',#6086,0.1);
#1534=VECTOR('',#6093,0.1);
#1535=VECTOR('',#6096,0.1);
#1536=VECTOR('',#6097,0.1);
#1537=VECTOR('',#6098,0.1);
#1538=VECTOR('',#6105,0.1);
#1539=VECTOR('',#6108,0.1);
#1540=VECTOR('',#6109,0.1);
#1541=VECTOR('',#6110,0.1);
#1542=VECTOR('',#6117,0.1);
#1543=VECTOR('',#6120,0.1);
#1544=VECTOR('',#6121,0.1);
#1545=VECTOR('',#6126,0.1);
#1546=VECTOR('',#6129,0.1);
#1547=VECTOR('',#6142,0.1);
#1548=VECTOR('',#6145,0.1);
#1549=VECTOR('',#6148,0.1);
#1550=VECTOR('',#6151,0.1);
#1551=VECTOR('',#6154,0.1);
#1552=VECTOR('',#6157,0.1);
#1553=VECTOR('',#6160,0.1);
#1554=VECTOR('',#6167,0.1);
#1555=VECTOR('',#6174,0.1);
#1556=VECTOR('',#6177,0.1);
#1557=VECTOR('',#6180,0.1);
#1558=VECTOR('',#6187,0.1);
#1559=VECTOR('',#6190,0.1);
#1560=VECTOR('',#6191,1.);
#1561=VECTOR('',#6194,0.1);
#1562=VECTOR('',#6199,0.1);
#1563=VECTOR('',#6202,0.1);
#1564=VECTOR('',#6213,0.1);
#1565=VECTOR('',#6216,0.1);
#1566=VECTOR('',#6221,0.1);
#1567=VECTOR('',#6228,1.);
#1568=VECTOR('',#6229,0.1);
#1569=VECTOR('',#6232,0.1);
#1570=VECTOR('',#6235,0.1);
#1571=VECTOR('',#6238,0.1);
#1572=VECTOR('',#6241,0.1);
#1573=VECTOR('',#6244,0.1);
#1574=VECTOR('',#6247,0.1);
#1575=VECTOR('',#6250,0.1);
#1576=VECTOR('',#6255,0.1);
#1577=VECTOR('',#6256,0.1);
#1578=VECTOR('',#6257,0.1);
#1579=VECTOR('',#6258,0.1);
#1580=VECTOR('',#6259,0.1);
#1581=VECTOR('',#6262,0.1);
#1582=VECTOR('',#6267,0.1);
#1583=VECTOR('',#6270,0.1);
#1584=VECTOR('',#6273,0.1);
#1585=VECTOR('',#6274,0.1);
#1586=VECTOR('',#6275,0.1);
#1587=VECTOR('',#6276,0.1);
#1588=VECTOR('',#6279,0.1);
#1589=VECTOR('',#6280,0.1);
#1590=VECTOR('',#6281,0.1);
#1591=VECTOR('',#6282,0.1);
#1592=VECTOR('',#6285,0.1);
#1593=VECTOR('',#6292,0.1);
#1594=VECTOR('',#6299,0.1);
#1595=VECTOR('',#6302,0.1);
#1596=VECTOR('',#6309,0.1);
#1597=VECTOR('',#6312,0.1);
#1598=VECTOR('',#6313,0.1);
#1599=VECTOR('',#6316,0.1);
#1600=VECTOR('',#6319,0.1);
#1601=VECTOR('',#6322,0.1);
#1602=VECTOR('',#6325,0.1);
#1603=VECTOR('',#6330,0.1);
#1604=VECTOR('',#6333,0.1);
#1605=VECTOR('',#6338,0.1);
#1606=VECTOR('',#6343,0.1);
#1607=VECTOR('',#6346,0.1);
#1608=VECTOR('',#6347,0.1);
#1609=VECTOR('',#6352,0.1);
#1610=VECTOR('',#6357,0.1);
#1611=VECTOR('',#6362,0.1);
#1612=VECTOR('',#6365,0.1);
#1613=VECTOR('',#6368,0.1);
#1614=VECTOR('',#6369,0.1);
#1615=VECTOR('',#6370,0.1);
#1616=VECTOR('',#6375,0.1);
#1617=VECTOR('',#6378,0.1);
#1618=VECTOR('',#6379,0.1);
#1619=VECTOR('',#6382,0.1);
#1620=VECTOR('',#6387,0.1);
#1621=VECTOR('',#6390,0.1);
#1622=VECTOR('',#6391,0.1);
#1623=VECTOR('',#6400,0.1);
#1624=VECTOR('',#6407,0.1);
#1625=VECTOR('',#6408,0.1);
#1626=VECTOR('',#6409,0.1);
#1627=VECTOR('',#6414,0.1);
#1628=VECTOR('',#6419,0.1);
#1629=VECTOR('',#6420,0.1);
#1630=VECTOR('',#6421,0.1);
#1631=VECTOR('',#6426,0.1);
#1632=VECTOR('',#6431,0.1);
#1633=VECTOR('',#6432,0.1);
#1634=VECTOR('',#6433,0.1);
#1635=VECTOR('',#6438,0.1);
#1636=VECTOR('',#6445,0.1);
#1637=VECTOR('',#6452,0.1);
#1638=VECTOR('',#6457,0.1);
#1639=VECTOR('',#6458,0.1);
#1640=VECTOR('',#6459,0.1);
#1641=VECTOR('',#6464,0.1);
#1642=VECTOR('',#6471,0.1);
#1643=VECTOR('',#6478,0.1);
#1644=VECTOR('',#6483,0.1);
#1645=VECTOR('',#6484,0.1);
#1646=VECTOR('',#6485,0.1);
#1647=VECTOR('',#6490,0.1);
#1648=VECTOR('',#6495,0.1);
#1649=VECTOR('',#6496,0.1);
#1650=VECTOR('',#6497,0.1);
#1651=VECTOR('',#6502,0.1);
#1652=VECTOR('',#6507,0.1);
#1653=VECTOR('',#6508,0.1);
#1654=VECTOR('',#6513,0.1);
#1655=VECTOR('',#6514,0.1);
#1656=VECTOR('',#6515,0.1);
#1657=VECTOR('',#6520,0.1);
#1658=VECTOR('',#6523,0.1);
#1659=VECTOR('',#6524,0.1);
#1660=VECTOR('',#6529,0.1);
#1661=VECTOR('',#6532,0.1);
#1662=VECTOR('',#6533,0.1);
#1663=VECTOR('',#6536,0.1);
#1664=VECTOR('',#6539,0.1);
#1665=VECTOR('',#6546,0.1);
#1666=VECTOR('',#6547,0.1);
#1667=VECTOR('',#6550,0.1);
#1668=VECTOR('',#6553,0.1);
#1669=VECTOR('',#6554,0.1);
#1670=VECTOR('',#6559,0.1);
#1671=VECTOR('',#6564,0.1);
#1672=VECTOR('',#6569,0.1);
#1673=VECTOR('',#6572,0.1);
#1674=VECTOR('',#6573,0.1);
#1675=VECTOR('',#6578,0.1);
#1676=VECTOR('',#6583,0.1);
#1677=VECTOR('',#6588,0.1);
#1678=VECTOR('',#6591,0.1);
#1679=VECTOR('',#6594,0.1);
#1680=VECTOR('',#6595,0.1);
#1681=VECTOR('',#6598,0.1);
#1682=VECTOR('',#6599,0.1);
#1683=VECTOR('',#6600,0.1);
#1684=VECTOR('',#6601,0.1);
#1685=VECTOR('',#6602,0.1);
#1686=VECTOR('',#6611,0.1);
#1687=VECTOR('',#6614,0.1);
#1688=VECTOR('',#6623,0.1);
#1689=VECTOR('',#6628,0.1);
#1690=VECTOR('',#6631,0.1);
#1691=VECTOR('',#6634,0.1);
#1692=VECTOR('',#6635,0.1);
#1693=VECTOR('',#6636,0.1);
#1694=VECTOR('',#6643,0.1);
#1695=VECTOR('',#6646,0.1);
#1696=VECTOR('',#6647,0.1);
#1697=VECTOR('',#6654,0.1);
#1698=VECTOR('',#6657,0.1);
#1699=VECTOR('',#6658,0.1);
#1700=VECTOR('',#6659,0.1);
#1701=VECTOR('',#6664,0.1);
#1702=VECTOR('',#6669,0.1);
#1703=VECTOR('',#6670,0.1);
#1704=VECTOR('',#6675,0.1);
#1705=VECTOR('',#6700,0.077);
#1706=VECTOR('',#6705,0.12);
#1707=VECTOR('',#6708,0.12);
#1708=VECTOR('',#6713,0.077);
#1709=VECTOR('',#6718,0.12);
#1710=VECTOR('',#6727,0.15);
#1711=VECTOR('',#6734,0.15);
#1712=VECTOR('',#6741,0.15);
#1713=VECTOR('',#6754,0.5);
#1714=VECTOR('',#6765,0.5);
#1715=VECTOR('',#6772,1.);
#1716=VECTOR('',#6773,1.);
#1717=VECTOR('',#6774,1.);
#1718=VECTOR('',#6775,1.);
#1719=VECTOR('',#6776,1.);
#1720=VECTOR('',#6777,1.);
#1721=VECTOR('',#6778,1.);
#1722=VECTOR('',#6779,1.);
#1723=VECTOR('',#6782,1.);
#1724=VECTOR('',#6783,1.);
#1725=VECTOR('',#6784,1.);
#1726=VECTOR('',#6785,1.);
#1727=VECTOR('',#6788,1.);
#1728=VECTOR('',#6789,1.);
#1729=VECTOR('',#6792,1.);
#1730=VECTOR('',#6795,1.);
#1731=VECTOR('',#6798,1.);
#1732=VECTOR('',#6799,1.);
#1733=VECTOR('',#6800,1.);
#1734=VECTOR('',#6803,1.);
#1735=VECTOR('',#6804,1.);
#1736=VECTOR('',#6807,1.);
#1737=VECTOR('',#6808,1.);
#1738=VECTOR('',#6811,1.);
#1739=VECTOR('',#6816,1.);
#1740=VECTOR('',#6817,1.);
#1741=VECTOR('',#6818,1.);
#1742=VECTOR('',#6819,1.);
#1743=VECTOR('',#6822,1.);
#1744=VECTOR('',#6823,1.);
#1745=VECTOR('',#6824,1.);
#1746=VECTOR('',#6827,1.);
#1747=VECTOR('',#6828,1.);
#1748=VECTOR('',#6829,1.);
#1749=VECTOR('',#6832,1.);
#1750=VECTOR('',#6833,1.);
#1751=VECTOR('',#6836,1.);
#1752=VECTOR('',#6837,1.);
#1753=VECTOR('',#6838,1.);
#1754=VECTOR('',#6839,1.);
#1755=VECTOR('',#6842,1.);
#1756=VECTOR('',#6843,1.);
#1757=VECTOR('',#6844,1.);
#1758=VECTOR('',#6845,1.);
#1759=VECTOR('',#6848,1.);
#1760=VECTOR('',#6849,1.);
#1761=VECTOR('',#6852,1.);
#1762=VECTOR('',#6853,1.);
#1763=VECTOR('',#6854,1.);
#1764=VECTOR('',#6855,1.);
#1765=VECTOR('',#6856,1.);
#1766=VECTOR('',#6859,1.);
#1767=VECTOR('',#6860,1.);
#1768=VECTOR('',#6863,1.);
#1769=VECTOR('',#6864,1.);
#1770=VECTOR('',#6867,1.);
#1771=VECTOR('',#6868,1.);
#1772=VECTOR('',#6869,1.);
#1773=VECTOR('',#6872,1.);
#1774=VECTOR('',#6875,1.);
#1775=VECTOR('',#6880,1.);
#1776=VECTOR('',#6881,1.);
#1777=VECTOR('',#6882,1.);
#1778=VECTOR('',#6883,1.);
#1779=VECTOR('',#6886,1.);
#1780=VECTOR('',#6887,1.);
#1781=VECTOR('',#6888,1.);
#1782=VECTOR('',#6889,1.);
#1783=VECTOR('',#6892,1.);
#1784=VECTOR('',#6893,1.);
#1785=VECTOR('',#6894,1.);
#1786=VECTOR('',#6895,1.);
#1787=VECTOR('',#6898,1.);
#1788=VECTOR('',#6899,1.);
#1789=VECTOR('',#6900,1.);
#1790=VECTOR('',#6901,1.);
#1791=VECTOR('',#6904,1.);
#1792=VECTOR('',#6909,1.);
#1793=VECTOR('',#6910,1.);
#1794=VECTOR('',#6913,1.);
#1795=VECTOR('',#6914,1.);
#1796=VECTOR('',#6915,1.);
#1797=VECTOR('',#6930,1.);
#1798=VECTOR('',#6933,0.35);
#1799=VECTOR('',#6938,1.);
#1800=VECTOR('',#6943,1.);
#1801=VECTOR('',#6944,1.);
#1802=VECTOR('',#6947,1.);
#1803=VECTOR('',#6950,1.);
#1804=VECTOR('',#6961,0.2);
#1805=VECTOR('',#6968,1.);
#1806=VECTOR('',#6969,1.);
#1807=VECTOR('',#6970,1.);
#1808=VECTOR('',#6971,1.);
#1809=VECTOR('',#6974,1.);
#1810=VECTOR('',#6975,1.);
#1811=VECTOR('',#6976,1.);
#1812=VECTOR('',#6977,1.);
#1813=VECTOR('',#6980,1.);
#1814=VECTOR('',#6981,1.);
#1815=VECTOR('',#6982,1.);
#1816=VECTOR('',#6983,1.);
#1817=VECTOR('',#6986,1.);
#1818=VECTOR('',#6987,1.);
#1819=VECTOR('',#6988,1.);
#1820=VECTOR('',#6989,1.);
#1821=VECTOR('',#6992,1.);
#1822=VECTOR('',#6997,1.);
#1823=VECTOR('',#6998,1.);
#1824=VECTOR('',#7001,1.);
#1825=VECTOR('',#7002,1.);
#1826=VECTOR('',#7003,1.);
#1827=VECTOR('',#7018,1.);
#1828=VECTOR('',#7021,0.35);
#1829=VECTOR('',#7026,1.);
#1830=VECTOR('',#7031,1.);
#1831=VECTOR('',#7032,1.);
#1832=VECTOR('',#7035,1.);
#1833=VECTOR('',#7038,1.);
#1834=VECTOR('',#7049,0.2);
#1835=VECTOR('',#7056,1.);
#1836=VECTOR('',#7057,1.);
#1837=VECTOR('',#7058,1.);
#1838=VECTOR('',#7059,1.);
#1839=VECTOR('',#7062,1.);
#1840=VECTOR('',#7063,1.);
#1841=VECTOR('',#7064,1.);
#1842=VECTOR('',#7067,1.);
#1843=VECTOR('',#7068,1.);
#1844=VECTOR('',#7069,1.);
#1845=VECTOR('',#7072,1.);
#1846=VECTOR('',#7073,1.);
#1847=VECTOR('',#7076,1.);
#1848=VECTOR('',#7077,1.);
#1849=VECTOR('',#7078,1.);
#1850=VECTOR('',#7079,1.);
#1851=VECTOR('',#7082,1.);
#1852=VECTOR('',#7083,1.);
#1853=VECTOR('',#7084,1.);
#1854=VECTOR('',#7087,1.);
#1855=VECTOR('',#7088,1.);
#1856=VECTOR('',#7089,1.);
#1857=VECTOR('',#7092,1.);
#1858=VECTOR('',#7093,1.);
#1859=VECTOR('',#7096,1.);
#1860=VECTOR('',#7097,1.);
#1861=VECTOR('',#7098,1.);
#1862=VECTOR('',#7099,1.);
#1863=VECTOR('',#7102,1.);
#1864=VECTOR('',#7103,1.);
#1865=VECTOR('',#7104,1.);
#1866=VECTOR('',#7105,1.);
#1867=VECTOR('',#7108,1.);
#1868=VECTOR('',#7109,1.);
#1869=VECTOR('',#7110,1.);
#1870=VECTOR('',#7111,1.);
#1871=VECTOR('',#7114,1.);
#1872=VECTOR('',#7115,1.);
#1873=VECTOR('',#7116,1.);
#1874=VECTOR('',#7117,1.);
#1875=VECTOR('',#7120,1.);
#1876=VECTOR('',#7121,1.);
#1877=VECTOR('',#7124,1.);
#1878=VECTOR('',#7125,1.);
#1879=VECTOR('',#7128,1.);
#1880=VECTOR('',#7129,1.);
#1881=VECTOR('',#7130,1.);
#1882=VECTOR('',#7131,1.);
#1883=VECTOR('',#7132,1.);
#1884=VECTOR('',#7133,1.);
#1885=VECTOR('',#7134,1.);
#1886=VECTOR('',#7135,1.);
#1887=VECTOR('',#7136,1.);
#1888=VECTOR('',#7137,1.);
#1889=VECTOR('',#7138,1.);
#1890=VECTOR('',#7139,1.);
#1891=VECTOR('',#7140,1.);
#1892=VECTOR('',#7141,1.);
#1893=VECTOR('',#7144,1.);
#1894=VECTOR('',#7145,1.);
#1895=VECTOR('',#7148,1.);
#1896=VECTOR('',#7149,1.);
#1897=VECTOR('',#7152,1.);
#1898=VECTOR('',#7153,1.);
#1899=VECTOR('',#7154,1.);
#1900=VECTOR('',#7157,1.);
#1901=VECTOR('',#7158,1.);
#1902=VECTOR('',#7159,1.);
#1903=VECTOR('',#7162,1.);
#1904=VECTOR('',#7163,1.);
#1905=VECTOR('',#7164,1.);
#1906=VECTOR('',#7167,1.);
#1907=VECTOR('',#7168,1.);
#1908=VECTOR('',#7169,1.);
#1909=VECTOR('',#7172,1.);
#1910=VECTOR('',#7175,1.);
#1911=VECTOR('',#7178,1.);
#1912=VECTOR('',#7181,1.);
#1913=VECTOR('',#7182,1.);
#1914=VECTOR('',#7183,1.);
#1915=VECTOR('',#7184,1.);
#1916=VECTOR('',#7185,1.);
#1917=VECTOR('',#7190,1.);
#1918=VECTOR('',#7191,1.);
#1919=VECTOR('',#7200,1.);
#1920=VECTOR('',#7201,1.);
#1921=VECTOR('',#7202,1.);
#1922=VECTOR('',#7203,1.);
#1923=VECTOR('',#7206,1.);
#1924=VECTOR('',#7207,1.);
#1925=VECTOR('',#7208,1.);
#1926=VECTOR('',#7209,1.);
#1927=VECTOR('',#7212,1.);
#1928=VECTOR('',#7213,1.);
#1929=VECTOR('',#7214,1.);
#1930=VECTOR('',#7215,1.);
#1931=VECTOR('',#7218,1.);
#1932=VECTOR('',#7219,1.);
#1933=VECTOR('',#7220,1.);
#1934=VECTOR('',#7221,1.);
#1935=VECTOR('',#7224,1.);
#1936=VECTOR('',#7229,1.);
#1937=VECTOR('',#7230,1.);
#1938=VECTOR('',#7233,1.);
#1939=VECTOR('',#7234,1.);
#1940=VECTOR('',#7235,1.);
#1941=VECTOR('',#7250,1.);
#1942=VECTOR('',#7253,0.4);
#1943=VECTOR('',#7258,1.);
#1944=VECTOR('',#7263,1.);
#1945=VECTOR('',#7264,1.);
#1946=VECTOR('',#7267,1.);
#1947=VECTOR('',#7270,1.);
#1948=VECTOR('',#7281,0.22);
#1949=VECTOR('',#7288,1.);
#1950=VECTOR('',#7289,1.);
#1951=VECTOR('',#7290,1.);
#1952=VECTOR('',#7291,1.);
#1953=VECTOR('',#7294,1.);
#1954=VECTOR('',#7295,1.);
#1955=VECTOR('',#7296,1.);
#1956=VECTOR('',#7297,1.);
#1957=VECTOR('',#7300,1.);
#1958=VECTOR('',#7301,1.);
#1959=VECTOR('',#7302,1.);
#1960=VECTOR('',#7303,1.);
#1961=VECTOR('',#7306,1.);
#1962=VECTOR('',#7307,1.);
#1963=VECTOR('',#7308,1.);
#1964=VECTOR('',#7309,1.);
#1965=VECTOR('',#7312,1.);
#1966=VECTOR('',#7317,1.);
#1967=VECTOR('',#7318,1.);
#1968=VECTOR('',#7321,1.);
#1969=VECTOR('',#7322,1.);
#1970=VECTOR('',#7323,1.);
#1971=VECTOR('',#7338,1.);
#1972=VECTOR('',#7341,0.4);
#1973=VECTOR('',#7346,1.);
#1974=VECTOR('',#7351,1.);
#1975=VECTOR('',#7352,1.);
#1976=VECTOR('',#7355,1.);
#1977=VECTOR('',#7358,1.);
#1978=VECTOR('',#7369,0.22);
#1979=VECTOR('',#7376,1.);
#1980=VECTOR('',#7377,1.);
#1981=VECTOR('',#7378,1.);
#1982=VECTOR('',#7379,1.);
#1983=VECTOR('',#7382,1.);
#1984=VECTOR('',#7383,1.);
#1985=VECTOR('',#7384,1.);
#1986=VECTOR('',#7385,1.);
#1987=VECTOR('',#7388,1.);
#1988=VECTOR('',#7389,1.);
#1989=VECTOR('',#7390,1.);
#1990=VECTOR('',#7391,1.);
#1991=VECTOR('',#7394,1.);
#1992=VECTOR('',#7395,1.);
#1993=VECTOR('',#7396,1.);
#1994=VECTOR('',#7399,1.);
#1995=VECTOR('',#7400,1.);
#1996=VECTOR('',#7403,1.);
#1997=VECTOR('',#7404,1.);
#1998=VECTOR('',#7405,1.);
#1999=VECTOR('',#7408,1.);
#2000=VECTOR('',#7409,1.);
#2001=VECTOR('',#7410,1.);
#2002=VECTOR('',#7413,1.);
#2003=VECTOR('',#7414,1.);
#2004=VECTOR('',#7415,1.);
#2005=VECTOR('',#7420,1.);
#2006=VECTOR('',#7421,1.);
#2007=VECTOR('',#7422,1.);
#2008=VECTOR('',#7423,1.);
#2009=VECTOR('',#7426,1.);
#2010=VECTOR('',#7427,1.);
#2011=VECTOR('',#7430,1.);
#2012=VECTOR('',#7433,1.);
#2013=VECTOR('',#7434,1.);
#2014=VECTOR('',#7437,1.);
#2015=VECTOR('',#7448,0.4);
#2016=VECTOR('',#7457,0.305);
#2017=VECTOR('',#7462,0.2);
#2018=VECTOR('',#7467,1.);
#2019=VECTOR('',#7468,1.);
#2020=VECTOR('',#7469,1.);
#2021=VECTOR('',#7470,1.);
#2022=VECTOR('',#7473,1.);
#2023=VECTOR('',#7474,1.);
#2024=VECTOR('',#7475,1.);
#2025=VECTOR('',#7476,1.);
#2026=VECTOR('',#7479,1.);
#2027=VECTOR('',#7480,1.);
#2028=VECTOR('',#7481,1.);
#2029=VECTOR('',#7482,1.);
#2030=VECTOR('',#7485,1.);
#2031=VECTOR('',#7486,1.);
#2032=VECTOR('',#7487,1.);
#2033=VECTOR('',#7490,1.);
#2034=VECTOR('',#7491,1.);
#2035=VECTOR('',#7494,1.);
#2036=VECTOR('',#7495,1.);
#2037=VECTOR('',#7496,1.);
#2038=VECTOR('',#7499,1.);
#2039=VECTOR('',#7500,1.);
#2040=VECTOR('',#7501,1.);
#2041=VECTOR('',#7504,1.);
#2042=VECTOR('',#7505,1.);
#2043=VECTOR('',#7506,1.);
#2044=VECTOR('',#7511,1.);
#2045=VECTOR('',#7512,1.);
#2046=VECTOR('',#7513,1.);
#2047=VECTOR('',#7514,1.);
#2048=VECTOR('',#7517,1.);
#2049=VECTOR('',#7518,1.);
#2050=VECTOR('',#7521,1.);
#2051=VECTOR('',#7524,1.);
#2052=VECTOR('',#7525,1.);
#2053=VECTOR('',#7528,1.);
#2054=VECTOR('',#7539,0.4);
#2055=VECTOR('',#7548,0.305);
#2056=VECTOR('',#7553,0.2);
#2057=CIRCLE('',#5462,0.121);
#2058=CIRCLE('',#5463,0.121);
#2059=CIRCLE('',#5465,0.121);
#2060=CIRCLE('',#5466,0.121);
#2061=CIRCLE('',#5468,0.121);
#2062=CIRCLE('',#5469,0.121);
#2063=CIRCLE('',#5471,0.121);
#2064=CIRCLE('',#5472,0.121);
#2065=CIRCLE('',#5474,0.4358);
#2066=CIRCLE('',#5475,0.4358);
#2067=CIRCLE('',#5477,0.4358);
#2068=CIRCLE('',#5478,0.4358);
#2069=CIRCLE('',#5480,0.2487492077);
#2070=CIRCLE('',#5481,0.2918706023);
#2071=CIRCLE('',#5483,0.37904918122);
#2072=CIRCLE('',#5485,0.0700000000931203);
#2073=CIRCLE('',#5486,0.43585935984);
#2074=CIRCLE('',#5488,0.435859237786618);
#2075=CIRCLE('',#5491,0.2487492077);
#2076=CIRCLE('',#5492,0.2918706023);
#2077=CIRCLE('',#5494,0.37904918122);
#2078=CIRCLE('',#5496,0.0700000000931203);
#2079=CIRCLE('',#5497,0.43585935984);
#2080=CIRCLE('',#5499,0.435859237786618);
#2081=CIRCLE('',#5502,0.1);
#2082=CIRCLE('',#5503,0.1);
#2083=CIRCLE('',#5506,0.1);
#2084=CIRCLE('',#5507,0.1);
#2085=CIRCLE('',#5510,0.1);
#2086=CIRCLE('',#5511,0.1);
#2087=CIRCLE('',#5514,0.1);
#2088=CIRCLE('',#5515,0.1);
#2089=CIRCLE('',#5518,0.07);
#2090=CIRCLE('',#5519,0.0699999999999999);
#2091=CIRCLE('',#5521,0.0699999999999999);
#2092=CIRCLE('',#5522,0.33);
#2093=CIRCLE('',#5523,0.4);
#2094=CIRCLE('',#5525,0.4);
#2095=CIRCLE('',#5527,0.07);
#2096=CIRCLE('',#5529,0.33);
#2097=CIRCLE('',#5530,0.33);
#2098=CIRCLE('',#5531,0.205000005800131);
#2099=CIRCLE('',#5532,0.11500000556245);
#2100=CIRCLE('',#5533,1.66000010479975);
#2101=CIRCLE('',#5534,0.394999996860091);
#2102=CIRCLE('',#5535,0.394999996860093);
#2103=CIRCLE('',#5536,1.66000001444266);
#2104=CIRCLE('',#5537,0.114999996857796);
#2105=CIRCLE('',#5538,0.205000000558987);
#2106=CIRCLE('',#5539,0.33);
#2107=CIRCLE('',#5541,0.0699999999999999);
#2108=CIRCLE('',#5543,0.400000000000001);
#2109=CIRCLE('',#5546,0.4);
#2110=CIRCLE('',#5547,0.4);
#2111=CIRCLE('',#5549,0.0699999999999999);
#2112=CIRCLE('',#5550,0.0699999999999999);
#2113=CIRCLE('',#5553,0.4);
#2114=CIRCLE('',#5557,0.0699999999999999);
#2115=CIRCLE('',#5559,0.400000000000001);
#2116=CIRCLE('',#5562,0.4);
#2117=CIRCLE('',#5569,0.205000000558987);
#2118=CIRCLE('',#5571,0.205000005800131);
#2119=CIRCLE('',#5576,1.67999999951019);
#2120=CIRCLE('',#5577,1.74999999608186);
#2121=CIRCLE('',#5580,1.74999999608186);
#2122=CIRCLE('',#5581,1.74999999608186);
#2123=CIRCLE('',#5582,1.74999999608186);
#2124=CIRCLE('',#5584,1.67999999951019);
#2125=CIRCLE('',#5585,0.28499999436916);
#2126=CIRCLE('',#5586,1.74);
#2127=CIRCLE('',#5588,1.74);
#2128=CIRCLE('',#5589,0.285000008543775);
#2129=CIRCLE('',#5590,1.67999999951019);
#2130=CIRCLE('',#5592,0.11500000556245);
#2131=CIRCLE('',#5594,1.66000010479975);
#2132=CIRCLE('',#5596,0.394999996860091);
#2133=CIRCLE('',#5599,0.394999996860093);
#2134=CIRCLE('',#5601,1.66000001444266);
#2135=CIRCLE('',#5603,0.114999996857796);
#2136=CIRCLE('',#5607,0.28499999436916);
#2137=CIRCLE('',#5611,0.285000008543775);
#2138=CIRCLE('',#5614,1.67999999951019);
#2139=CIRCLE('',#5618,1.68999999608186);
#2140=CIRCLE('',#5621,0.274999994954268);
#2141=CIRCLE('',#5622,0.214999994954268);
#2142=CIRCLE('',#5625,0.21499999385555);
#2143=CIRCLE('',#5626,0.27499999385555);
#2144=CIRCLE('',#5629,0.124999998219225);
#2145=CIRCLE('',#5630,0.184999998219225);
#2146=CIRCLE('',#5632,1.66999989898952);
#2147=CIRCLE('',#5633,1.72999989898952);
#2148=CIRCLE('',#5635,0.404999987138982);
#2149=CIRCLE('',#5636,0.464999987138982);
#2150=CIRCLE('',#5639,0.404999995286553);
#2151=CIRCLE('',#5640,0.464999995286553);
#2152=CIRCLE('',#5642,1.67000012570388);
#2153=CIRCLE('',#5643,1.73000012570388);
#2154=CIRCLE('',#5645,0.124999998219223);
#2155=CIRCLE('',#5646,0.184999998219223);
#2156=CIRCLE('',#5649,0.21500000803016);
#2157=CIRCLE('',#5650,0.27500000803016);
#2158=CIRCLE('',#5653,0.274999994954267);
#2159=CIRCLE('',#5654,0.214999994954267);
#2160=CIRCLE('',#5659,0.27500000803016);
#2161=CIRCLE('',#5660,0.27500000803016);
#2162=CIRCLE('',#5662,0.214999994954268);
#2163=CIRCLE('',#5665,0.27499999385555);
#2164=CIRCLE('',#5666,0.27499999385555);
#2165=CIRCLE('',#5668,0.214999994954267);
#2166=CIRCLE('',#5672,0.184999998219223);
#2167=CIRCLE('',#5674,1.73000012570388);
#2168=CIRCLE('',#5676,0.464999995286553);
#2169=CIRCLE('',#5679,0.464999987138982);
#2170=CIRCLE('',#5681,1.72999989898952);
#2171=CIRCLE('',#5683,0.184999998219225);
#2172=CIRCLE('',#5688,1.74);
#2173=CIRCLE('',#5690,1.74);
#2174=CIRCLE('',#5693,1.74);
#2175=CIRCLE('',#5695,1.74);
#2176=CIRCLE('',#5697,0.33);
#2177=CIRCLE('',#5698,0.33);
#2178=CIRCLE('',#5701,0.329999999999996);
#2179=CIRCLE('',#5702,0.329999999999996);
#2180=CIRCLE('',#5705,0.33);
#2181=CIRCLE('',#5706,0.33);
#2182=CIRCLE('',#5709,0.33);
#2183=CIRCLE('',#5710,0.33);
#2184=CIRCLE('',#5716,0.12);
#2185=CIRCLE('',#5717,0.00499999999999997);
#2186=CIRCLE('',#5718,0.12);
#2187=CIRCLE('',#5720,0.12);
#2188=CIRCLE('',#5721,0.00499999999999997);
#2189=CIRCLE('',#5722,0.12);
#2190=CIRCLE('',#5723,0.12);
#2191=CIRCLE('',#5725,0.12);
#2192=CIRCLE('',#5726,0.034);
#2193=CIRCLE('',#5730,0.12);
#2194=CIRCLE('',#5731,0.034);
#2195=CIRCLE('',#5736,0.15);
#2196=CIRCLE('',#5737,0.15);
#2197=CIRCLE('',#5739,0.15);
#2198=CIRCLE('',#5740,0.15);
#2199=CIRCLE('',#5742,0.15);
#2200=CIRCLE('',#5743,0.15);
#2201=CIRCLE('',#5747,0.5);
#2202=CIRCLE('',#5749,0.5);
#2203=CIRCLE('',#5752,0.5);
#2204=CIRCLE('',#5754,0.5);
#2205=CIRCLE('',#5785,0.35);
#2206=CIRCLE('',#5789,0.35);
#2207=CIRCLE('',#5791,0.35);
#2208=CIRCLE('',#5792,0.35);
#2209=CIRCLE('',#5793,0.35);
#2210=CIRCLE('',#5794,0.35);
#2211=CIRCLE('',#5795,0.35);
#2212=CIRCLE('',#5796,0.35);
#2213=CIRCLE('',#5797,0.35);
#2214=CIRCLE('',#5798,0.35);
#2215=CIRCLE('',#5804,0.2);
#2216=CIRCLE('',#5807,0.2);
#2217=CIRCLE('',#5814,0.35);
#2218=CIRCLE('',#5818,0.35);
#2219=CIRCLE('',#5820,0.35);
#2220=CIRCLE('',#5821,0.35);
#2221=CIRCLE('',#5822,0.35);
#2222=CIRCLE('',#5823,0.35);
#2223=CIRCLE('',#5824,0.35);
#2224=CIRCLE('',#5825,0.35);
#2225=CIRCLE('',#5826,0.35);
#2226=CIRCLE('',#5827,0.35);
#2227=CIRCLE('',#5833,0.2);
#2228=CIRCLE('',#5836,0.2);
#2229=CIRCLE('',#5873,0.4);
#2230=CIRCLE('',#5877,0.4);
#2231=CIRCLE('',#5879,0.4);
#2232=CIRCLE('',#5880,0.4);
#2233=CIRCLE('',#5881,0.4);
#2234=CIRCLE('',#5882,0.4);
#2235=CIRCLE('',#5883,0.4);
#2236=CIRCLE('',#5884,0.4);
#2237=CIRCLE('',#5885,0.4);
#2238=CIRCLE('',#5886,0.4);
#2239=CIRCLE('',#5892,0.22);
#2240=CIRCLE('',#5895,0.22);
#2241=CIRCLE('',#5902,0.4);
#2242=CIRCLE('',#5906,0.4);
#2243=CIRCLE('',#5908,0.4);
#2244=CIRCLE('',#5909,0.4);
#2245=CIRCLE('',#5910,0.4);
#2246=CIRCLE('',#5911,0.4);
#2247=CIRCLE('',#5912,0.4);
#2248=CIRCLE('',#5913,0.4);
#2249=CIRCLE('',#5914,0.4);
#2250=CIRCLE('',#5915,0.4);
#2251=CIRCLE('',#5921,0.22);
#2252=CIRCLE('',#5924,0.22);
#2253=CIRCLE('',#5935,0.4);
#2254=CIRCLE('',#5942,0.4);
#2255=CIRCLE('',#5943,0.392083333333333);
#2256=CIRCLE('',#5946,0.21);
#2257=CIRCLE('',#5947,0.2);
#2258=CIRCLE('',#5950,0.2);
#2259=CIRCLE('',#5961,0.4);
#2260=CIRCLE('',#5968,0.4);
#2261=CIRCLE('',#5969,0.392083333333333);
#2262=CIRCLE('',#5972,0.21);
#2263=CIRCLE('',#5973,0.2);
#2264=CIRCLE('',#5976,0.2);
#2265=VERTEX_POINT('',#7558);
#2266=VERTEX_POINT('',#7560);
#2267=VERTEX_POINT('',#7564);
#2268=VERTEX_POINT('',#7566);
#2269=VERTEX_POINT('',#7570);
#2270=VERTEX_POINT('',#7572);
#2271=VERTEX_POINT('',#7576);
#2272=VERTEX_POINT('',#7578);
#2273=VERTEX_POINT('',#7582);
#2274=VERTEX_POINT('',#7584);
#2275=VERTEX_POINT('',#7588);
#2276=VERTEX_POINT('',#7590);
#2277=VERTEX_POINT('',#7594);
#2278=VERTEX_POINT('',#7596);
#2279=VERTEX_POINT('',#7600);
#2280=VERTEX_POINT('',#7604);
#2281=VERTEX_POINT('',#7608);
#2282=VERTEX_POINT('',#7614);
#2283=VERTEX_POINT('',#7616);
#2284=VERTEX_POINT('',#7620);
#2285=VERTEX_POINT('',#7624);
#2286=VERTEX_POINT('',#7628);
#2287=VERTEX_POINT('',#7634);
#2288=VERTEX_POINT('',#7635);
#2289=VERTEX_POINT('',#7637);
#2290=VERTEX_POINT('',#7639);
#2291=VERTEX_POINT('',#7643);
#2292=VERTEX_POINT('',#7645);
#2293=VERTEX_POINT('',#7649);
#2294=VERTEX_POINT('',#7651);
#2295=VERTEX_POINT('',#7655);
#2296=VERTEX_POINT('',#7657);
#2297=VERTEX_POINT('',#7661);
#2298=VERTEX_POINT('',#7663);
#2299=VERTEX_POINT('',#7667);
#2300=VERTEX_POINT('',#7669);
#2301=VERTEX_POINT('',#7673);
#2302=VERTEX_POINT('',#7675);
#2303=VERTEX_POINT('',#7682);
#2304=VERTEX_POINT('',#7683);
#2305=VERTEX_POINT('',#7685);
#2306=VERTEX_POINT('',#7687);
#2307=VERTEX_POINT('',#7691);
#2308=VERTEX_POINT('',#7692);
#2309=VERTEX_POINT('',#7697);
#2310=VERTEX_POINT('',#7701);
#2311=VERTEX_POINT('',#7703);
#2312=VERTEX_POINT('',#7707);
#2313=VERTEX_POINT('',#7709);
#2314=VERTEX_POINT('',#7711);
#2315=VERTEX_POINT('',#7713);
#2316=VERTEX_POINT('',#7715);
#2317=VERTEX_POINT('',#7717);
#2318=VERTEX_POINT('',#7719);
#2319=VERTEX_POINT('',#7721);
#2320=VERTEX_POINT('',#7723);
#2321=VERTEX_POINT('',#7725);
#2322=VERTEX_POINT('',#7727);
#2323=VERTEX_POINT('',#7729);
#2324=VERTEX_POINT('',#7731);
#2325=VERTEX_POINT('',#7733);
#2326=VERTEX_POINT('',#7735);
#2327=VERTEX_POINT('',#7737);
#2328=VERTEX_POINT('',#7739);
#2329=VERTEX_POINT('',#7741);
#2330=VERTEX_POINT('',#7745);
#2331=VERTEX_POINT('',#7746);
#2332=VERTEX_POINT('',#7779);
#2333=VERTEX_POINT('',#7787);
#2334=VERTEX_POINT('',#7789);
#2335=VERTEX_POINT('',#7791);
#2336=VERTEX_POINT('',#7795);
#2337=VERTEX_POINT('',#7818);
#2338=VERTEX_POINT('',#7828);
#2339=VERTEX_POINT('',#7830);
#2340=VERTEX_POINT('',#7832);
#2341=VERTEX_POINT('',#7840);
#2342=VERTEX_POINT('',#7842);
#2343=VERTEX_POINT('',#7846);
#2344=VERTEX_POINT('',#7855);
#2345=VERTEX_POINT('',#7859);
#2346=VERTEX_POINT('',#7878);
#2347=VERTEX_POINT('',#7880);
#2348=VERTEX_POINT('',#7882);
#2349=VERTEX_POINT('',#7888);
#2350=VERTEX_POINT('',#7890);
#2351=VERTEX_POINT('',#7898);
#2352=VERTEX_POINT('',#7900);
#2353=VERTEX_POINT('',#7911);
#2354=VERTEX_POINT('',#7913);
#2355=VERTEX_POINT('',#7915);
#2356=VERTEX_POINT('',#7917);
#2357=VERTEX_POINT('',#7921);
#2358=VERTEX_POINT('',#7925);
#2359=VERTEX_POINT('',#7927);
#2360=VERTEX_POINT('',#7931);
#2361=VERTEX_POINT('',#7932);
#2362=VERTEX_POINT('',#7934);
#2363=VERTEX_POINT('',#7936);
#2364=VERTEX_POINT('',#7940);
#2365=VERTEX_POINT('',#7941);
#2366=VERTEX_POINT('',#7943);
#2367=VERTEX_POINT('',#7945);
#2368=VERTEX_POINT('',#7949);
#2369=VERTEX_POINT('',#7960);
#2370=VERTEX_POINT('',#7973);
#2371=VERTEX_POINT('',#7975);
#2372=VERTEX_POINT('',#8000);
#2373=VERTEX_POINT('',#8002);
#2374=VERTEX_POINT('',#8004);
#2375=VERTEX_POINT('',#8006);
#2376=VERTEX_POINT('',#8010);
#2377=VERTEX_POINT('',#8012);
#2378=VERTEX_POINT('',#8014);
#2379=VERTEX_POINT('',#8016);
#2380=VERTEX_POINT('',#8018);
#2381=VERTEX_POINT('',#8020);
#2382=VERTEX_POINT('',#8024);
#2383=VERTEX_POINT('',#8026);
#2384=VERTEX_POINT('',#8029);
#2385=VERTEX_POINT('',#8031);
#2386=VERTEX_POINT('',#8035);
#2387=VERTEX_POINT('',#8037);
#2388=VERTEX_POINT('',#8041);
#2389=VERTEX_POINT('',#8045);
#2390=VERTEX_POINT('',#8049);
#2391=VERTEX_POINT('',#8053);
#2392=VERTEX_POINT('',#8057);
#2393=VERTEX_POINT('',#8061);
#2394=VERTEX_POINT('',#8067);
#2395=VERTEX_POINT('',#8069);
#2396=VERTEX_POINT('',#8073);
#2397=VERTEX_POINT('',#8082);
#2398=VERTEX_POINT('',#8086);
#2399=VERTEX_POINT('',#8095);
#2400=VERTEX_POINT('',#8096);
#2401=VERTEX_POINT('',#8105);
#2402=VERTEX_POINT('',#8107);
#2403=VERTEX_POINT('',#8111);
#2404=VERTEX_POINT('',#8113);
#2405=VERTEX_POINT('',#8117);
#2406=VERTEX_POINT('',#8119);
#2407=VERTEX_POINT('',#8123);
#2408=VERTEX_POINT('',#8125);
#2409=VERTEX_POINT('',#8129);
#2410=VERTEX_POINT('',#8131);
#2411=VERTEX_POINT('',#8135);
#2412=VERTEX_POINT('',#8137);
#2413=VERTEX_POINT('',#8141);
#2414=VERTEX_POINT('',#8143);
#2415=VERTEX_POINT('',#8147);
#2416=VERTEX_POINT('',#8149);
#2417=VERTEX_POINT('',#8153);
#2418=VERTEX_POINT('',#8155);
#2419=VERTEX_POINT('',#8159);
#2420=VERTEX_POINT('',#8161);
#2421=VERTEX_POINT('',#8165);
#2422=VERTEX_POINT('',#8167);
#2423=VERTEX_POINT('',#8171);
#2424=VERTEX_POINT('',#8173);
#2425=VERTEX_POINT('',#8177);
#2426=VERTEX_POINT('',#8179);
#2427=VERTEX_POINT('',#8183);
#2428=VERTEX_POINT('',#8185);
#2429=VERTEX_POINT('',#8189);
#2430=VERTEX_POINT('',#8191);
#2431=VERTEX_POINT('',#8195);
#2432=VERTEX_POINT('',#8197);
#2433=VERTEX_POINT('',#8205);
#2434=VERTEX_POINT('',#8207);
#2435=VERTEX_POINT('',#8211);
#2436=VERTEX_POINT('',#8212);
#2437=VERTEX_POINT('',#8214);
#2438=VERTEX_POINT('',#8216);
#2439=VERTEX_POINT('',#8221);
#2440=VERTEX_POINT('',#8225);
#2441=VERTEX_POINT('',#8229);
#2442=VERTEX_POINT('',#8230);
#2443=VERTEX_POINT('',#8233);
#2444=VERTEX_POINT('',#8237);
#2445=VERTEX_POINT('',#8238);
#2446=VERTEX_POINT('',#8245);
#2447=VERTEX_POINT('',#8249);
#2448=VERTEX_POINT('',#8253);
#2449=VERTEX_POINT('',#8257);
#2450=VERTEX_POINT('',#8261);
#2451=VERTEX_POINT('',#8265);
#2452=VERTEX_POINT('',#8269);
#2453=VERTEX_POINT('',#8273);
#2454=VERTEX_POINT('',#8279);
#2455=VERTEX_POINT('',#8283);
#2456=VERTEX_POINT('',#8285);
#2457=VERTEX_POINT('',#8287);
#2458=VERTEX_POINT('',#8289);
#2459=VERTEX_POINT('',#8295);
#2460=VERTEX_POINT('',#8303);
#2461=VERTEX_POINT('',#8307);
#2462=VERTEX_POINT('',#8308);
#2463=VERTEX_POINT('',#8310);
#2464=VERTEX_POINT('',#8312);
#2465=VERTEX_POINT('',#8316);
#2466=VERTEX_POINT('',#8318);
#2467=VERTEX_POINT('',#8322);
#2468=VERTEX_POINT('',#8324);
#2469=VERTEX_POINT('',#8331);
#2470=VERTEX_POINT('',#8333);
#2471=VERTEX_POINT('',#8337);
#2472=VERTEX_POINT('',#8339);
#2473=VERTEX_POINT('',#8343);
#2474=VERTEX_POINT('',#8345);
#2475=VERTEX_POINT('',#8356);
#2476=VERTEX_POINT('',#8358);
#2477=VERTEX_POINT('',#8362);
#2478=VERTEX_POINT('',#8364);
#2479=VERTEX_POINT('',#8366);
#2480=VERTEX_POINT('',#8370);
#2481=VERTEX_POINT('',#8372);
#2482=VERTEX_POINT('',#8380);
#2483=VERTEX_POINT('',#8382);
#2484=VERTEX_POINT('',#8390);
#2485=VERTEX_POINT('',#8392);
#2486=VERTEX_POINT('',#8396);
#2487=VERTEX_POINT('',#8398);
#2488=VERTEX_POINT('',#8402);
#2489=VERTEX_POINT('',#8404);
#2490=VERTEX_POINT('',#8410);
#2491=VERTEX_POINT('',#8413);
#2492=VERTEX_POINT('',#8418);
#2493=VERTEX_POINT('',#8421);
#2494=VERTEX_POINT('',#8426);
#2495=VERTEX_POINT('',#8427);
#2496=VERTEX_POINT('',#8429);
#2497=VERTEX_POINT('',#8431);
#2498=VERTEX_POINT('',#8433);
#2499=VERTEX_POINT('',#8435);
#2500=VERTEX_POINT('',#8437);
#2501=VERTEX_POINT('',#8439);
#2502=VERTEX_POINT('',#8443);
#2503=VERTEX_POINT('',#8444);
#2504=VERTEX_POINT('',#8446);
#2505=VERTEX_POINT('',#8448);
#2506=VERTEX_POINT('',#8459);
#2507=VERTEX_POINT('',#8461);
#2508=VERTEX_POINT('',#8465);
#2509=VERTEX_POINT('',#8469);
#2510=VERTEX_POINT('',#8476);
#2511=VERTEX_POINT('',#8477);
#2512=VERTEX_POINT('',#8479);
#2513=VERTEX_POINT('',#8481);
#2514=VERTEX_POINT('',#8485);
#2515=VERTEX_POINT('',#8487);
#2516=VERTEX_POINT('',#8491);
#2517=VERTEX_POINT('',#8493);
#2518=VERTEX_POINT('',#8500);
#2519=VERTEX_POINT('',#8501);
#2520=VERTEX_POINT('',#8503);
#2521=VERTEX_POINT('',#8505);
#2522=VERTEX_POINT('',#8509);
#2523=VERTEX_POINT('',#8510);
#2524=VERTEX_POINT('',#8512);
#2525=VERTEX_POINT('',#8514);
#2526=VERTEX_POINT('',#8521);
#2527=VERTEX_POINT('',#8523);
#2528=VERTEX_POINT('',#8525);
#2529=VERTEX_POINT('',#8527);
#2530=VERTEX_POINT('',#8531);
#2531=VERTEX_POINT('',#8535);
#2532=VERTEX_POINT('',#8539);
#2533=VERTEX_POINT('',#8541);
#2534=VERTEX_POINT('',#8550);
#2535=VERTEX_POINT('',#8551);
#2536=VERTEX_POINT('',#8553);
#2537=VERTEX_POINT('',#8555);
#2538=VERTEX_POINT('',#8559);
#2539=VERTEX_POINT('',#8560);
#2540=VERTEX_POINT('',#8562);
#2541=VERTEX_POINT('',#8564);
#2542=VERTEX_POINT('',#8568);
#2543=VERTEX_POINT('',#8569);
#2544=VERTEX_POINT('',#8571);
#2545=VERTEX_POINT('',#8573);
#2546=VERTEX_POINT('',#8577);
#2547=VERTEX_POINT('',#8578);
#2548=VERTEX_POINT('',#8580);
#2549=VERTEX_POINT('',#8582);
#2550=VERTEX_POINT('',#8586);
#2551=VERTEX_POINT('',#8590);
#2552=VERTEX_POINT('',#8594);
#2553=VERTEX_POINT('',#8596);
#2554=VERTEX_POINT('',#8605);
#2555=VERTEX_POINT('',#8607);
#2556=VERTEX_POINT('',#8609);
#2557=VERTEX_POINT('',#8611);
#2558=VERTEX_POINT('',#8614);
#2559=VERTEX_POINT('',#8616);
#2560=VERTEX_POINT('',#8628);
#2561=VERTEX_POINT('',#8632);
#2562=VERTEX_POINT('',#8637);
#2563=VERTEX_POINT('',#8638);
#2564=VERTEX_POINT('',#8640);
#2565=VERTEX_POINT('',#8642);
#2566=VERTEX_POINT('',#8646);
#2567=VERTEX_POINT('',#8647);
#2568=VERTEX_POINT('',#8649);
#2569=VERTEX_POINT('',#8651);
#2570=VERTEX_POINT('',#8655);
#2571=VERTEX_POINT('',#8656);
#2572=VERTEX_POINT('',#8658);
#2573=VERTEX_POINT('',#8660);
#2574=VERTEX_POINT('',#8664);
#2575=VERTEX_POINT('',#8665);
#2576=VERTEX_POINT('',#8667);
#2577=VERTEX_POINT('',#8669);
#2578=VERTEX_POINT('',#8673);
#2579=VERTEX_POINT('',#8677);
#2580=VERTEX_POINT('',#8681);
#2581=VERTEX_POINT('',#8683);
#2582=VERTEX_POINT('',#8692);
#2583=VERTEX_POINT('',#8694);
#2584=VERTEX_POINT('',#8696);
#2585=VERTEX_POINT('',#8698);
#2586=VERTEX_POINT('',#8701);
#2587=VERTEX_POINT('',#8703);
#2588=VERTEX_POINT('',#8715);
#2589=VERTEX_POINT('',#8719);
#2590=VERTEX_POINT('',#8724);
#2591=VERTEX_POINT('',#8725);
#2592=VERTEX_POINT('',#8727);
#2593=VERTEX_POINT('',#8729);
#2594=VERTEX_POINT('',#8733);
#2595=VERTEX_POINT('',#8735);
#2596=VERTEX_POINT('',#8739);
#2597=VERTEX_POINT('',#8741);
#2598=VERTEX_POINT('',#8748);
#2599=VERTEX_POINT('',#8749);
#2600=VERTEX_POINT('',#8751);
#2601=VERTEX_POINT('',#8753);
#2602=VERTEX_POINT('',#8757);
#2603=VERTEX_POINT('',#8759);
#2604=VERTEX_POINT('',#8763);
#2605=VERTEX_POINT('',#8765);
#2606=VERTEX_POINT('',#8772);
#2607=VERTEX_POINT('',#8773);
#2608=VERTEX_POINT('',#8775);
#2609=VERTEX_POINT('',#8777);
#2610=VERTEX_POINT('',#8781);
#2611=VERTEX_POINT('',#8782);
#2612=VERTEX_POINT('',#8784);
#2613=VERTEX_POINT('',#8786);
#2614=VERTEX_POINT('',#8790);
#2615=VERTEX_POINT('',#8791);
#2616=VERTEX_POINT('',#8793);
#2617=VERTEX_POINT('',#8795);
#2618=VERTEX_POINT('',#8799);
#2619=VERTEX_POINT('',#8800);
#2620=VERTEX_POINT('',#8802);
#2621=VERTEX_POINT('',#8804);
#2622=VERTEX_POINT('',#8814);
#2623=VERTEX_POINT('',#8816);
#2624=VERTEX_POINT('',#8818);
#2625=VERTEX_POINT('',#8820);
#2626=VERTEX_POINT('',#8822);
#2627=VERTEX_POINT('',#8824);
#2628=VERTEX_POINT('',#8826);
#2629=VERTEX_POINT('',#8828);
#2630=VERTEX_POINT('',#8830);
#2631=VERTEX_POINT('',#8832);
#2632=VERTEX_POINT('',#8835);
#2633=VERTEX_POINT('',#8837);
#2634=VERTEX_POINT('',#8841);
#2635=VERTEX_POINT('',#8845);
#2636=VERTEX_POINT('',#8849);
#2637=VERTEX_POINT('',#8851);
#2638=VERTEX_POINT('',#8855);
#2639=VERTEX_POINT('',#8857);
#2640=VERTEX_POINT('',#8861);
#2641=VERTEX_POINT('',#8863);
#2642=VERTEX_POINT('',#8867);
#2643=VERTEX_POINT('',#8869);
#2644=VERTEX_POINT('',#8880);
#2645=VERTEX_POINT('',#8882);
#2646=VERTEX_POINT('',#8894);
#2647=VERTEX_POINT('',#8895);
#2648=VERTEX_POINT('',#8897);
#2649=VERTEX_POINT('',#8899);
#2650=VERTEX_POINT('',#8903);
#2651=VERTEX_POINT('',#8904);
#2652=VERTEX_POINT('',#8906);
#2653=VERTEX_POINT('',#8908);
#2654=VERTEX_POINT('',#8912);
#2655=VERTEX_POINT('',#8913);
#2656=VERTEX_POINT('',#8915);
#2657=VERTEX_POINT('',#8917);
#2658=VERTEX_POINT('',#8921);
#2659=VERTEX_POINT('',#8922);
#2660=VERTEX_POINT('',#8924);
#2661=VERTEX_POINT('',#8926);
#2662=VERTEX_POINT('',#8930);
#2663=VERTEX_POINT('',#8934);
#2664=VERTEX_POINT('',#8938);
#2665=VERTEX_POINT('',#8940);
#2666=VERTEX_POINT('',#8949);
#2667=VERTEX_POINT('',#8951);
#2668=VERTEX_POINT('',#8953);
#2669=VERTEX_POINT('',#8955);
#2670=VERTEX_POINT('',#8958);
#2671=VERTEX_POINT('',#8960);
#2672=VERTEX_POINT('',#8972);
#2673=VERTEX_POINT('',#8976);
#2674=VERTEX_POINT('',#8981);
#2675=VERTEX_POINT('',#8982);
#2676=VERTEX_POINT('',#8984);
#2677=VERTEX_POINT('',#8986);
#2678=VERTEX_POINT('',#8990);
#2679=VERTEX_POINT('',#8991);
#2680=VERTEX_POINT('',#8993);
#2681=VERTEX_POINT('',#8995);
#2682=VERTEX_POINT('',#8999);
#2683=VERTEX_POINT('',#9000);
#2684=VERTEX_POINT('',#9002);
#2685=VERTEX_POINT('',#9004);
#2686=VERTEX_POINT('',#9008);
#2687=VERTEX_POINT('',#9009);
#2688=VERTEX_POINT('',#9011);
#2689=VERTEX_POINT('',#9013);
#2690=VERTEX_POINT('',#9017);
#2691=VERTEX_POINT('',#9021);
#2692=VERTEX_POINT('',#9025);
#2693=VERTEX_POINT('',#9027);
#2694=VERTEX_POINT('',#9036);
#2695=VERTEX_POINT('',#9038);
#2696=VERTEX_POINT('',#9040);
#2697=VERTEX_POINT('',#9042);
#2698=VERTEX_POINT('',#9045);
#2699=VERTEX_POINT('',#9047);
#2700=VERTEX_POINT('',#9059);
#2701=VERTEX_POINT('',#9063);
#2702=VERTEX_POINT('',#9068);
#2703=VERTEX_POINT('',#9069);
#2704=VERTEX_POINT('',#9071);
#2705=VERTEX_POINT('',#9073);
#2706=VERTEX_POINT('',#9077);
#2707=VERTEX_POINT('',#9078);
#2708=VERTEX_POINT('',#9080);
#2709=VERTEX_POINT('',#9082);
#2710=VERTEX_POINT('',#9086);
#2711=VERTEX_POINT('',#9087);
#2712=VERTEX_POINT('',#9089);
#2713=VERTEX_POINT('',#9091);
#2714=VERTEX_POINT('',#9095);
#2715=VERTEX_POINT('',#9097);
#2716=VERTEX_POINT('',#9104);
#2717=VERTEX_POINT('',#9106);
#2718=VERTEX_POINT('',#9110);
#2719=VERTEX_POINT('',#9112);
#2720=VERTEX_POINT('',#9116);
#2721=VERTEX_POINT('',#9118);
#2722=VERTEX_POINT('',#9122);
#2723=VERTEX_POINT('',#9125);
#2724=VERTEX_POINT('',#9127);
#2725=VERTEX_POINT('',#9131);
#2726=VERTEX_POINT('',#9137);
#2727=VERTEX_POINT('',#9144);
#2728=VERTEX_POINT('',#9146);
#2729=VERTEX_POINT('',#9151);
#2730=VERTEX_POINT('',#9153);
#2731=VERTEX_POINT('',#9158);
#2732=VERTEX_POINT('',#9163);
#2733=VERTEX_POINT('',#9164);
#2734=VERTEX_POINT('',#9166);
#2735=VERTEX_POINT('',#9168);
#2736=VERTEX_POINT('',#9172);
#2737=VERTEX_POINT('',#9173);
#2738=VERTEX_POINT('',#9175);
#2739=VERTEX_POINT('',#9177);
#2740=VERTEX_POINT('',#9181);
#2741=VERTEX_POINT('',#9182);
#2742=VERTEX_POINT('',#9184);
#2743=VERTEX_POINT('',#9186);
#2744=VERTEX_POINT('',#9190);
#2745=VERTEX_POINT('',#9192);
#2746=VERTEX_POINT('',#9199);
#2747=VERTEX_POINT('',#9201);
#2748=VERTEX_POINT('',#9205);
#2749=VERTEX_POINT('',#9207);
#2750=VERTEX_POINT('',#9211);
#2751=VERTEX_POINT('',#9213);
#2752=VERTEX_POINT('',#9217);
#2753=VERTEX_POINT('',#9220);
#2754=VERTEX_POINT('',#9222);
#2755=VERTEX_POINT('',#9226);
#2756=VERTEX_POINT('',#9232);
#2757=VERTEX_POINT('',#9239);
#2758=VERTEX_POINT('',#9241);
#2759=VERTEX_POINT('',#9246);
#2760=VERTEX_POINT('',#9248);
#2761=VERTEX_POINT('',#9253);
#2762=EDGE_CURVE('',#2265,#2265,#2057,.T.);
#2763=EDGE_CURVE('',#2265,#2266,#973,.T.);
#2764=EDGE_CURVE('',#2266,#2266,#2058,.T.);
#2765=EDGE_CURVE('',#2267,#2267,#2059,.T.);
#2766=EDGE_CURVE('',#2267,#2268,#974,.T.);
#2767=EDGE_CURVE('',#2268,#2268,#2060,.T.);
#2768=EDGE_CURVE('',#2269,#2269,#2061,.T.);
#2769=EDGE_CURVE('',#2269,#2270,#975,.T.);
#2770=EDGE_CURVE('',#2270,#2270,#2062,.T.);
#2771=EDGE_CURVE('',#2271,#2271,#2063,.T.);
#2772=EDGE_CURVE('',#2271,#2272,#976,.T.);
#2773=EDGE_CURVE('',#2272,#2272,#2064,.T.);
#2774=EDGE_CURVE('',#2273,#2273,#2065,.T.);
#2775=EDGE_CURVE('',#2273,#2274,#977,.T.);
#2776=EDGE_CURVE('',#2274,#2274,#2066,.T.);
#2777=EDGE_CURVE('',#2275,#2275,#2067,.T.);
#2778=EDGE_CURVE('',#2275,#2276,#978,.T.);
#2779=EDGE_CURVE('',#2276,#2276,#2068,.T.);
#2780=EDGE_CURVE('',#2277,#2277,#2069,.T.);
#2781=EDGE_CURVE('',#2277,#2278,#979,.T.);
#2782=EDGE_CURVE('',#2278,#2278,#2070,.T.);
#2783=EDGE_CURVE('',#2277,#2279,#980,.T.);
#2784=EDGE_CURVE('',#2279,#2279,#2071,.T.);
#2785=EDGE_CURVE('',#2279,#2280,#2072,.T.);
#2786=EDGE_CURVE('',#2280,#2280,#2073,.T.);
#2787=EDGE_CURVE('',#2280,#2281,#981,.T.);
#2788=EDGE_CURVE('',#2281,#2281,#2074,.T.);
#2789=EDGE_CURVE('',#2274,#2278,#982,.T.);
#2790=EDGE_CURVE('',#2282,#2282,#2075,.T.);
#2791=EDGE_CURVE('',#2282,#2283,#983,.T.);
#2792=EDGE_CURVE('',#2283,#2283,#2076,.T.);
#2793=EDGE_CURVE('',#2282,#2284,#984,.T.);
#2794=EDGE_CURVE('',#2284,#2284,#2077,.T.);
#2795=EDGE_CURVE('',#2284,#2285,#2078,.T.);
#2796=EDGE_CURVE('',#2285,#2285,#2079,.T.);
#2797=EDGE_CURVE('',#2285,#2286,#985,.T.);
#2798=EDGE_CURVE('',#2286,#2286,#2080,.T.);
#2799=EDGE_CURVE('',#2276,#2283,#986,.T.);
#2800=EDGE_CURVE('',#2287,#2288,#2081,.T.);
#2801=EDGE_CURVE('',#2289,#2287,#987,.T.);
#2802=EDGE_CURVE('',#2290,#2289,#2082,.T.);
#2803=EDGE_CURVE('',#2290,#2288,#988,.T.);
#2804=EDGE_CURVE('',#2288,#2291,#989,.T.);
#2805=EDGE_CURVE('',#2292,#2290,#990,.T.);
#2806=EDGE_CURVE('',#2292,#2291,#991,.T.);
#2807=EDGE_CURVE('',#2291,#2293,#2083,.T.);
#2808=EDGE_CURVE('',#2294,#2292,#2084,.T.);
#2809=EDGE_CURVE('',#2294,#2293,#992,.T.);
#2810=EDGE_CURVE('',#2293,#2295,#993,.T.);
#2811=EDGE_CURVE('',#2296,#2294,#994,.T.);
#2812=EDGE_CURVE('',#2296,#2295,#995,.T.);
#2813=EDGE_CURVE('',#2295,#2297,#2085,.T.);
#2814=EDGE_CURVE('',#2298,#2296,#2086,.T.);
#2815=EDGE_CURVE('',#2298,#2297,#996,.T.);
#2816=EDGE_CURVE('',#2297,#2299,#997,.T.);
#2817=EDGE_CURVE('',#2300,#2298,#998,.T.);
#2818=EDGE_CURVE('',#2300,#2299,#999,.T.);
#2819=EDGE_CURVE('',#2299,#2301,#2087,.T.);
#2820=EDGE_CURVE('',#2302,#2300,#2088,.T.);
#2821=EDGE_CURVE('',#2302,#2301,#1000,.T.);
#2822=EDGE_CURVE('',#2301,#2287,#1001,.T.);
#2823=EDGE_CURVE('',#2289,#2302,#1002,.T.);
#2824=EDGE_CURVE('',#2303,#2304,#2089,.T.);
#2825=EDGE_CURVE('',#2303,#2305,#1003,.T.);
#2826=EDGE_CURVE('',#2305,#2306,#2090,.T.);
#2827=EDGE_CURVE('',#2304,#2306,#1004,.T.);
#2828=EDGE_CURVE('',#2307,#2308,#2091,.T.);
#2829=EDGE_CURVE('',#2306,#2307,#2092,.T.);
#2830=EDGE_CURVE('',#2305,#2308,#2093,.T.);
#2831=EDGE_CURVE('',#2309,#2303,#2094,.T.);
#2832=EDGE_CURVE('',#2308,#2309,#1005,.T.);
#2833=EDGE_CURVE('',#2310,#2304,#1006,.T.);
#2834=EDGE_CURVE('',#2310,#2311,#2095,.T.);
#2835=EDGE_CURVE('',#2303,#2311,#1007,.T.);
#2836=EDGE_CURVE('',#2307,#2312,#1008,.T.);
#2837=EDGE_CURVE('',#2312,#2313,#2096,.T.);
#2838=EDGE_CURVE('',#2313,#2314,#1009,.T.);
#2839=EDGE_CURVE('',#2314,#2315,#2097,.T.);
#2840=EDGE_CURVE('',#2315,#2316,#1010,.T.);
#2841=EDGE_CURVE('',#2316,#2317,#2098,.T.);
#2842=EDGE_CURVE('',#2317,#2318,#1011,.T.);
#2843=EDGE_CURVE('',#2318,#2319,#2099,.T.);
#2844=EDGE_CURVE('',#2319,#2320,#2100,.T.);
#2845=EDGE_CURVE('',#2320,#2321,#2101,.T.);
#2846=EDGE_CURVE('',#2321,#2322,#1012,.T.);
#2847=EDGE_CURVE('',#2322,#2323,#2102,.T.);
#2848=EDGE_CURVE('',#2323,#2324,#2103,.T.);
#2849=EDGE_CURVE('',#2324,#2325,#2104,.T.);
#2850=EDGE_CURVE('',#2325,#2326,#1013,.T.);
#2851=EDGE_CURVE('',#2326,#2327,#2105,.T.);
#2852=EDGE_CURVE('',#2327,#2328,#1014,.T.);
#2853=EDGE_CURVE('',#2328,#2329,#2106,.T.);
#2854=EDGE_CURVE('',#2329,#2310,#1015,.T.);
#2855=EDGE_CURVE('',#2330,#2331,#41,.T.);
#2856=EDGE_CURVE('',#2315,#2330,#2107,.T.);
#2857=EDGE_CURVE('',#2331,#2314,#42,.T.);
#2858=EDGE_CURVE('',#2331,#2332,#43,.T.);
#2859=EDGE_CURVE('',#2333,#2332,#1016,.T.);
#2860=EDGE_CURVE('',#2333,#2334,#2108,.T.);
#2861=EDGE_CURVE('',#2334,#2335,#1017,.T.);
#2862=EDGE_CURVE('',#2335,#2330,#1018,.T.);
#2863=EDGE_CURVE('',#2313,#2336,#44,.T.);
#2864=EDGE_CURVE('',#2337,#2336,#45,.T.);
#2865=EDGE_CURVE('',#2332,#2337,#1019,.T.);
#2866=EDGE_CURVE('',#2311,#2338,#2109,.T.);
#2867=EDGE_CURVE('',#2339,#2311,#1020,.T.);
#2868=EDGE_CURVE('',#2340,#2339,#2110,.T.);
#2869=EDGE_CURVE('',#2338,#2340,#1021,.T.);
#2870=EDGE_CURVE('',#2329,#2339,#2111,.T.);
#2871=EDGE_CURVE('',#2328,#2340,#2112,.T.);
#2872=EDGE_CURVE('',#2341,#2338,#1022,.T.);
#2873=EDGE_CURVE('',#2341,#2342,#2113,.T.);
#2874=EDGE_CURVE('',#2342,#2311,#1023,.T.);
#2875=EDGE_CURVE('',#2343,#2327,#46,.T.);
#2876=EDGE_CURVE('',#2344,#2343,#39,.T.);
#2877=EDGE_CURVE('',#2340,#2344,#1024,.T.);
#2878=EDGE_CURVE('',#2336,#2345,#47,.T.);
#2879=EDGE_CURVE('',#2312,#2345,#2114,.T.);
#2880=EDGE_CURVE('',#2345,#2346,#1025,.T.);
#2881=EDGE_CURVE('',#2347,#2346,#1026,.T.);
#2882=EDGE_CURVE('',#2347,#2348,#2115,.T.);
#2883=EDGE_CURVE('',#2348,#2337,#1027,.T.);
#2884=EDGE_CURVE('',#2346,#2308,#1028,.T.);
#2885=EDGE_CURVE('',#2349,#2303,#1029,.T.);
#2886=EDGE_CURVE('',#2349,#2350,#2116,.T.);
#2887=EDGE_CURVE('',#2350,#2309,#1030,.T.);
#2888=EDGE_CURVE('',#2333,#2348,#1031,.T.);
#2889=EDGE_CURVE('',#2347,#2350,#1032,.T.);
#2890=EDGE_CURVE('',#2351,#2335,#1033,.T.);
#2891=EDGE_CURVE('',#2352,#2351,#40,.T.);
#2892=EDGE_CURVE('',#2316,#2352,#48,.T.);
#2893=EDGE_CURVE('',#2353,#2343,#1034,.T.);
#2894=EDGE_CURVE('',#2354,#2353,#1035,.T.);
#2895=EDGE_CURVE('',#2354,#2355,#1036,.T.);
#2896=EDGE_CURVE('',#2356,#2355,#1037,.T.);
#2897=EDGE_CURVE('',#2344,#2356,#1038,.T.);
#2898=EDGE_CURVE('',#2357,#2326,#1039,.T.);
#2899=EDGE_CURVE('',#2353,#2357,#2117,.T.);
#2900=EDGE_CURVE('',#2358,#2352,#1040,.T.);
#2901=EDGE_CURVE('',#2359,#2358,#2118,.T.);
#2902=EDGE_CURVE('',#2359,#2317,#1041,.T.);
#2903=EDGE_CURVE('',#2360,#2361,#1042,.T.);
#2904=EDGE_CURVE('',#2362,#2360,#1043,.T.);
#2905=EDGE_CURVE('',#2363,#2362,#1044,.T.);
#2906=EDGE_CURVE('',#2361,#2363,#1045,.T.);
#2907=EDGE_CURVE('',#2364,#2365,#1046,.T.);
#2908=EDGE_CURVE('',#2366,#2364,#1047,.T.);
#2909=EDGE_CURVE('',#2367,#2366,#1048,.T.);
#2910=EDGE_CURVE('',#2367,#2365,#1049,.T.);
#2911=EDGE_CURVE('',#2365,#2368,#49,.T.);
#2912=EDGE_CURVE('',#2369,#2367,#50,.T.);
#2913=EDGE_CURVE('',#2369,#2368,#1050,.T.);
#2914=EDGE_CURVE('',#2368,#2370,#2119,.T.);
#2915=EDGE_CURVE('',#2371,#2369,#2120,.T.);
#2916=EDGE_CURVE('',#2371,#2370,#1051,.T.);
#2917=EDGE_CURVE('',#2370,#2360,#51,.T.);
#2918=EDGE_CURVE('',#2362,#2371,#52,.T.);
#2919=EDGE_CURVE('',#2366,#2372,#2121,.T.);
#2920=EDGE_CURVE('',#2373,#2372,#1052,.T.);
#2921=EDGE_CURVE('',#2373,#2374,#2122,.T.);
#2922=EDGE_CURVE('',#2374,#2375,#1053,.T.);
#2923=EDGE_CURVE('',#2375,#2363,#2123,.T.);
#2924=EDGE_CURVE('',#2364,#2376,#2124,.T.);
#2925=EDGE_CURVE('',#2376,#2377,#1054,.T.);
#2926=EDGE_CURVE('',#2377,#2378,#2125,.T.);
#2927=EDGE_CURVE('',#2378,#2379,#1055,.T.);
#2928=EDGE_CURVE('',#2379,#2380,#1056,.T.);
#2929=EDGE_CURVE('',#2380,#2381,#2126,.T.);
#2930=EDGE_CURVE('',#2372,#2381,#1057,.T.);
#2931=EDGE_CURVE('',#2382,#2375,#1058,.T.);
#2932=EDGE_CURVE('',#2382,#2383,#2127,.T.);
#2933=EDGE_CURVE('',#2383,#2356,#1059,.T.);
#2934=EDGE_CURVE('',#2355,#2384,#2128,.T.);
#2935=EDGE_CURVE('',#2384,#2385,#1060,.T.);
#2936=EDGE_CURVE('',#2385,#2361,#2129,.T.);
#2937=EDGE_CURVE('',#2386,#2318,#1061,.T.);
#2938=EDGE_CURVE('',#2387,#2386,#2130,.T.);
#2939=EDGE_CURVE('',#2387,#2319,#1062,.T.);
#2940=EDGE_CURVE('',#2388,#2387,#2131,.T.);
#2941=EDGE_CURVE('',#2388,#2320,#1063,.T.);
#2942=EDGE_CURVE('',#2389,#2388,#2132,.T.);
#2943=EDGE_CURVE('',#2389,#2321,#1064,.T.);
#2944=EDGE_CURVE('',#2390,#2389,#1065,.T.);
#2945=EDGE_CURVE('',#2390,#2322,#1066,.T.);
#2946=EDGE_CURVE('',#2391,#2390,#2133,.T.);
#2947=EDGE_CURVE('',#2391,#2323,#1067,.T.);
#2948=EDGE_CURVE('',#2392,#2391,#2134,.T.);
#2949=EDGE_CURVE('',#2392,#2324,#1068,.T.);
#2950=EDGE_CURVE('',#2393,#2392,#2135,.T.);
#2951=EDGE_CURVE('',#2393,#2325,#1069,.T.);
#2952=EDGE_CURVE('',#2357,#2393,#1070,.T.);
#2953=EDGE_CURVE('',#2394,#2376,#1071,.T.);
#2954=EDGE_CURVE('',#2395,#2394,#1072,.T.);
#2955=EDGE_CURVE('',#2395,#2377,#1073,.T.);
#2956=EDGE_CURVE('',#2395,#2396,#2136,.T.);
#2957=EDGE_CURVE('',#2396,#2378,#1074,.T.);
#2958=EDGE_CURVE('',#2379,#2351,#1075,.T.);
#2959=EDGE_CURVE('',#2358,#2396,#1076,.T.);
#2960=EDGE_CURVE('',#2386,#2359,#1077,.T.);
#2961=EDGE_CURVE('',#2354,#2397,#2137,.T.);
#2962=EDGE_CURVE('',#2397,#2384,#1078,.T.);
#2963=EDGE_CURVE('',#2398,#2397,#1079,.T.);
#2964=EDGE_CURVE('',#2398,#2385,#1080,.T.);
#2965=EDGE_CURVE('',#2394,#2398,#2138,.T.);
#2966=EDGE_CURVE('',#2341,#2383,#1081,.T.);
#2967=EDGE_CURVE('',#2399,#2400,#2139,.T.);
#2968=EDGE_CURVE('',#2374,#2400,#37,.T.);
#2969=EDGE_CURVE('',#2373,#2399,#38,.T.);
#2970=EDGE_CURVE('',#2400,#2401,#1082,.T.);
#2971=EDGE_CURVE('',#2402,#2401,#1083,.T.);
#2972=EDGE_CURVE('',#2402,#2374,#1084,.T.);
#2973=EDGE_CURVE('',#2401,#2403,#2140,.T.);
#2974=EDGE_CURVE('',#2404,#2403,#1085,.T.);
#2975=EDGE_CURVE('',#2404,#2402,#2141,.T.);
#2976=EDGE_CURVE('',#2403,#2405,#1086,.T.);
#2977=EDGE_CURVE('',#2406,#2405,#1087,.T.);
#2978=EDGE_CURVE('',#2406,#2404,#1088,.T.);
#2979=EDGE_CURVE('',#2405,#2407,#2142,.T.);
#2980=EDGE_CURVE('',#2408,#2407,#1089,.T.);
#2981=EDGE_CURVE('',#2406,#2408,#2143,.T.);
#2982=EDGE_CURVE('',#2407,#2409,#1090,.T.);
#2983=EDGE_CURVE('',#2410,#2409,#1091,.T.);
#2984=EDGE_CURVE('',#2410,#2408,#1092,.T.);
#2985=EDGE_CURVE('',#2409,#2411,#2144,.T.);
#2986=EDGE_CURVE('',#2412,#2411,#1093,.T.);
#2987=EDGE_CURVE('',#2410,#2412,#2145,.T.);
#2988=EDGE_CURVE('',#2411,#2413,#2146,.T.);
#2989=EDGE_CURVE('',#2414,#2413,#1094,.T.);
#2990=EDGE_CURVE('',#2412,#2414,#2147,.T.);
#2991=EDGE_CURVE('',#2413,#2415,#2148,.T.);
#2992=EDGE_CURVE('',#2416,#2415,#1095,.T.);
#2993=EDGE_CURVE('',#2414,#2416,#2149,.T.);
#2994=EDGE_CURVE('',#2415,#2417,#1096,.T.);
#2995=EDGE_CURVE('',#2418,#2417,#1097,.T.);
#2996=EDGE_CURVE('',#2418,#2416,#1098,.T.);
#2997=EDGE_CURVE('',#2417,#2419,#2150,.T.);
#2998=EDGE_CURVE('',#2420,#2419,#1099,.T.);
#2999=EDGE_CURVE('',#2418,#2420,#2151,.T.);
#3000=EDGE_CURVE('',#2419,#2421,#2152,.T.);
#3001=EDGE_CURVE('',#2422,#2421,#1100,.T.);
#3002=EDGE_CURVE('',#2420,#2422,#2153,.T.);
#3003=EDGE_CURVE('',#2421,#2423,#2154,.T.);
#3004=EDGE_CURVE('',#2424,#2423,#1101,.T.);
#3005=EDGE_CURVE('',#2422,#2424,#2155,.T.);
#3006=EDGE_CURVE('',#2423,#2425,#1102,.T.);
#3007=EDGE_CURVE('',#2426,#2425,#1103,.T.);
#3008=EDGE_CURVE('',#2426,#2424,#1104,.T.);
#3009=EDGE_CURVE('',#2425,#2427,#2156,.T.);
#3010=EDGE_CURVE('',#2428,#2427,#1105,.T.);
#3011=EDGE_CURVE('',#2426,#2428,#2157,.T.);
#3012=EDGE_CURVE('',#2427,#2429,#1106,.T.);
#3013=EDGE_CURVE('',#2430,#2429,#1107,.T.);
#3014=EDGE_CURVE('',#2430,#2428,#1108,.T.);
#3015=EDGE_CURVE('',#2429,#2431,#2158,.T.);
#3016=EDGE_CURVE('',#2432,#2431,#1109,.T.);
#3017=EDGE_CURVE('',#2432,#2430,#2159,.T.);
#3018=EDGE_CURVE('',#2431,#2399,#1110,.T.);
#3019=EDGE_CURVE('',#2373,#2432,#1111,.T.);
#3020=EDGE_CURVE('',#2402,#2433,#1112,.T.);
#3021=EDGE_CURVE('',#2434,#2433,#1113,.T.);
#3022=EDGE_CURVE('',#2382,#2434,#1114,.T.);
#3023=EDGE_CURVE('',#2435,#2436,#2160,.T.);
#3024=EDGE_CURVE('',#2437,#2435,#1115,.T.);
#3025=EDGE_CURVE('',#2438,#2437,#2161,.T.);
#3026=EDGE_CURVE('',#2426,#2438,#1116,.T.);
#3027=EDGE_CURVE('',#2428,#2436,#1117,.T.);
#3028=EDGE_CURVE('',#2433,#2439,#2162,.T.);
#3029=EDGE_CURVE('',#2404,#2439,#1118,.T.);
#3030=EDGE_CURVE('',#2439,#2440,#1119,.T.);
#3031=EDGE_CURVE('',#2406,#2440,#1120,.T.);
#3032=EDGE_CURVE('',#2441,#2442,#1121,.T.);
#3033=EDGE_CURVE('',#2440,#2441,#2163,.T.);
#3034=EDGE_CURVE('',#2408,#2443,#1122,.T.);
#3035=EDGE_CURVE('',#2442,#2443,#2164,.T.);
#3036=EDGE_CURVE('',#2444,#2445,#2165,.T.);
#3037=EDGE_CURVE('',#2430,#2444,#1123,.T.);
#3038=EDGE_CURVE('',#2432,#2445,#1124,.T.);
#3039=EDGE_CURVE('',#2436,#2444,#1125,.T.);
#3040=EDGE_CURVE('',#2446,#2438,#1126,.T.);
#3041=EDGE_CURVE('',#2424,#2446,#1127,.T.);
#3042=EDGE_CURVE('',#2447,#2446,#2166,.T.);
#3043=EDGE_CURVE('',#2422,#2447,#1128,.T.);
#3044=EDGE_CURVE('',#2448,#2447,#2167,.T.);
#3045=EDGE_CURVE('',#2420,#2448,#1129,.T.);
#3046=EDGE_CURVE('',#2449,#2448,#2168,.T.);
#3047=EDGE_CURVE('',#2418,#2449,#1130,.T.);
#3048=EDGE_CURVE('',#2450,#2449,#1131,.T.);
#3049=EDGE_CURVE('',#2416,#2450,#1132,.T.);
#3050=EDGE_CURVE('',#2451,#2450,#2169,.T.);
#3051=EDGE_CURVE('',#2414,#2451,#1133,.T.);
#3052=EDGE_CURVE('',#2452,#2451,#2170,.T.);
#3053=EDGE_CURVE('',#2412,#2452,#1134,.T.);
#3054=EDGE_CURVE('',#2453,#2452,#2171,.T.);
#3055=EDGE_CURVE('',#2410,#2453,#1135,.T.);
#3056=EDGE_CURVE('',#2443,#2453,#1136,.T.);
#3057=EDGE_CURVE('',#2454,#2381,#1137,.T.);
#3058=EDGE_CURVE('',#2445,#2454,#1138,.T.);
#3059=EDGE_CURVE('',#2455,#2442,#1139,.T.);
#3060=EDGE_CURVE('',#2456,#2455,#1140,.T.);
#3061=EDGE_CURVE('',#2457,#2456,#1141,.T.);
#3062=EDGE_CURVE('',#2458,#2457,#1142,.T.);
#3063=EDGE_CURVE('',#2441,#2458,#1143,.T.);
#3064=EDGE_CURVE('',#2458,#2434,#2172,.T.);
#3065=EDGE_CURVE('',#2454,#2459,#2173,.T.);
#3066=EDGE_CURVE('',#2459,#2435,#1144,.T.);
#3067=EDGE_CURVE('',#2380,#2334,#1145,.T.);
#3068=EDGE_CURVE('',#2383,#2457,#2174,.T.);
#3069=EDGE_CURVE('',#2460,#2380,#2175,.T.);
#3070=EDGE_CURVE('',#2460,#2459,#1146,.T.);
#3071=EDGE_CURVE('',#2461,#2462,#2176,.T.);
#3072=EDGE_CURVE('',#2461,#2463,#1147,.T.);
#3073=EDGE_CURVE('',#2464,#2463,#2177,.T.);
#3074=EDGE_CURVE('',#2462,#2464,#1148,.T.);
#3075=EDGE_CURVE('',#2462,#2465,#1149,.T.);
#3076=EDGE_CURVE('',#2466,#2464,#1150,.T.);
#3077=EDGE_CURVE('',#2465,#2466,#1151,.T.);
#3078=EDGE_CURVE('',#2465,#2467,#2178,.T.);
#3079=EDGE_CURVE('',#2468,#2466,#2179,.T.);
#3080=EDGE_CURVE('',#2467,#2468,#1152,.T.);
#3081=EDGE_CURVE('',#2467,#2460,#1153,.T.);
#3082=EDGE_CURVE('',#2437,#2468,#1154,.T.);
#3083=EDGE_CURVE('',#2456,#2469,#2180,.T.);
#3084=EDGE_CURVE('',#2470,#2455,#2181,.T.);
#3085=EDGE_CURVE('',#2469,#2470,#1155,.T.);
#3086=EDGE_CURVE('',#2471,#2461,#1156,.T.);
#3087=EDGE_CURVE('',#2471,#2472,#1157,.T.);
#3088=EDGE_CURVE('',#2463,#2472,#1158,.T.);
#3089=EDGE_CURVE('',#2473,#2471,#2182,.T.);
#3090=EDGE_CURVE('',#2473,#2474,#1159,.T.);
#3091=EDGE_CURVE('',#2472,#2474,#2183,.T.);
#3092=EDGE_CURVE('',#2469,#2473,#1160,.T.);
#3093=EDGE_CURVE('',#2474,#2470,#1161,.T.);
#3094=EDGE_CURVE('',#2349,#2342,#1162,.T.);
#3095=EDGE_CURVE('',#2475,#2475,#2184,.T.);
#3096=EDGE_CURVE('',#2475,#2476,#2185,.T.);
#3097=EDGE_CURVE('',#2476,#2476,#2186,.T.);
#3098=EDGE_CURVE('',#2477,#2477,#2187,.T.);
#3099=EDGE_CURVE('',#2477,#2478,#2188,.T.);
#3100=EDGE_CURVE('',#2479,#2478,#2189,.T.);
#3101=EDGE_CURVE('',#2478,#2479,#2190,.T.);
#3102=EDGE_CURVE('',#2480,#2480,#2191,.T.);
#3103=EDGE_CURVE('',#2480,#2481,#1163,.T.);
#3104=EDGE_CURVE('',#2481,#2481,#2192,.T.);
#3105=EDGE_CURVE('',#2480,#2476,#1164,.T.);
#3106=EDGE_CURVE('',#2475,#2477,#1165,.T.);
#3107=EDGE_CURVE('',#2482,#2482,#2193,.T.);
#3108=EDGE_CURVE('',#2482,#2483,#1166,.T.);
#3109=EDGE_CURVE('',#2483,#2483,#2194,.T.);
#3110=EDGE_CURVE('',#2482,#2479,#1167,.T.);
#3111=EDGE_CURVE('',#2484,#2484,#2195,.T.);
#3112=EDGE_CURVE('',#2484,#2485,#1168,.T.);
#3113=EDGE_CURVE('',#2485,#2485,#2196,.T.);
#3114=EDGE_CURVE('',#2486,#2486,#2197,.T.);
#3115=EDGE_CURVE('',#2486,#2487,#1169,.T.);
#3116=EDGE_CURVE('',#2487,#2487,#2198,.T.);
#3117=EDGE_CURVE('',#2488,#2488,#2199,.T.);
#3118=EDGE_CURVE('',#2488,#2489,#1170,.T.);
#3119=EDGE_CURVE('',#2489,#2489,#2200,.T.);
#3120=EDGE_CURVE('',#2490,#2490,#2201,.T.);
#3121=EDGE_CURVE('',#2490,#2491,#1171,.T.);
#3122=EDGE_CURVE('',#2491,#2491,#2202,.T.);
#3123=EDGE_CURVE('',#2492,#2492,#2203,.T.);
#3124=EDGE_CURVE('',#2492,#2493,#1172,.T.);
#3125=EDGE_CURVE('',#2493,#2493,#2204,.T.);
#3126=EDGE_CURVE('',#2494,#2495,#1173,.T.);
#3127=EDGE_CURVE('',#2494,#2496,#1174,.T.);
#3128=EDGE_CURVE('',#2496,#2497,#1175,.T.);
#3129=EDGE_CURVE('',#2497,#2498,#1176,.T.);
#3130=EDGE_CURVE('',#2498,#2499,#1177,.T.);
#3131=EDGE_CURVE('',#2499,#2500,#1178,.T.);
#3132=EDGE_CURVE('',#2501,#2500,#1179,.T.);
#3133=EDGE_CURVE('',#2495,#2501,#1180,.T.);
#3134=EDGE_CURVE('',#2502,#2503,#1181,.T.);
#3135=EDGE_CURVE('',#2503,#2504,#1182,.T.);
#3136=EDGE_CURVE('',#2504,#2505,#1183,.T.);
#3137=EDGE_CURVE('',#2505,#2502,#1184,.T.);
#3138=EDGE_CURVE('',#2498,#2504,#1185,.T.);
#3139=EDGE_CURVE('',#2499,#2503,#1186,.T.);
#3140=EDGE_CURVE('',#2497,#2505,#1187,.T.);
#3141=EDGE_CURVE('',#2496,#2502,#1188,.T.);
#3142=EDGE_CURVE('',#2506,#2501,#1189,.T.);
#3143=EDGE_CURVE('',#2507,#2506,#1190,.T.);
#3144=EDGE_CURVE('',#2507,#2495,#1191,.T.);
#3145=EDGE_CURVE('',#2508,#2500,#1192,.T.);
#3146=EDGE_CURVE('',#2506,#2508,#1193,.T.);
#3147=EDGE_CURVE('',#2508,#2509,#1194,.T.);
#3148=EDGE_CURVE('',#2509,#2507,#1195,.T.);
#3149=EDGE_CURVE('',#2509,#2494,#1196,.T.);
#3150=EDGE_CURVE('',#2510,#2511,#1197,.T.);
#3151=EDGE_CURVE('',#2512,#2510,#1198,.T.);
#3152=EDGE_CURVE('',#2513,#2512,#1199,.T.);
#3153=EDGE_CURVE('',#2511,#2513,#1200,.T.);
#3154=EDGE_CURVE('',#2511,#2514,#1201,.T.);
#3155=EDGE_CURVE('',#2515,#2513,#1202,.T.);
#3156=EDGE_CURVE('',#2515,#2514,#1203,.T.);
#3157=EDGE_CURVE('',#2514,#2516,#1204,.T.);
#3158=EDGE_CURVE('',#2517,#2515,#1205,.T.);
#3159=EDGE_CURVE('',#2516,#2517,#1206,.T.);
#3160=EDGE_CURVE('',#2516,#2510,#1207,.T.);
#3161=EDGE_CURVE('',#2512,#2517,#1208,.T.);
#3162=EDGE_CURVE('',#2518,#2519,#1209,.T.);
#3163=EDGE_CURVE('',#2518,#2520,#1210,.T.);
#3164=EDGE_CURVE('',#2521,#2520,#1211,.T.);
#3165=EDGE_CURVE('',#2519,#2521,#1212,.T.);
#3166=EDGE_CURVE('',#2522,#2523,#1213,.T.);
#3167=EDGE_CURVE('',#2524,#2522,#1214,.T.);
#3168=EDGE_CURVE('',#2525,#2524,#1215,.T.);
#3169=EDGE_CURVE('',#2523,#2525,#1216,.T.);
#3170=EDGE_CURVE('',#2523,#2518,#1217,.T.);
#3171=EDGE_CURVE('',#2520,#2525,#1218,.T.);
#3172=EDGE_CURVE('',#2524,#2526,#1219,.T.);
#3173=EDGE_CURVE('',#2526,#2527,#1220,.T.);
#3174=EDGE_CURVE('',#2527,#2528,#1221,.T.);
#3175=EDGE_CURVE('',#2528,#2529,#1222,.T.);
#3176=EDGE_CURVE('',#2529,#2521,#1223,.T.);
#3177=EDGE_CURVE('',#2530,#2522,#1224,.T.);
#3178=EDGE_CURVE('',#2530,#2526,#1225,.T.);
#3179=EDGE_CURVE('',#2531,#2529,#1226,.T.);
#3180=EDGE_CURVE('',#2519,#2531,#1227,.T.);
#3181=EDGE_CURVE('',#2531,#2532,#1228,.T.);
#3182=EDGE_CURVE('',#2532,#2533,#1229,.T.);
#3183=EDGE_CURVE('',#2533,#2530,#1230,.T.);
#3184=EDGE_CURVE('',#2532,#2528,#1231,.T.);
#3185=EDGE_CURVE('',#2533,#2527,#1232,.T.);
#3186=EDGE_CURVE('',#2534,#2535,#1233,.T.);
#3187=EDGE_CURVE('',#2536,#2534,#1234,.T.);
#3188=EDGE_CURVE('',#2537,#2536,#1235,.T.);
#3189=EDGE_CURVE('',#2535,#2537,#1236,.T.);
#3190=EDGE_CURVE('',#2538,#2539,#1237,.T.);
#3191=EDGE_CURVE('',#2540,#2538,#1238,.T.);
#3192=EDGE_CURVE('',#2541,#2540,#1239,.T.);
#3193=EDGE_CURVE('',#2539,#2541,#1240,.T.);
#3194=EDGE_CURVE('',#2542,#2543,#1241,.T.);
#3195=EDGE_CURVE('',#2544,#2542,#1242,.T.);
#3196=EDGE_CURVE('',#2545,#2544,#1243,.T.);
#3197=EDGE_CURVE('',#2543,#2545,#1244,.T.);
#3198=EDGE_CURVE('',#2546,#2547,#1245,.T.);
#3199=EDGE_CURVE('',#2548,#2546,#1246,.T.);
#3200=EDGE_CURVE('',#2549,#2548,#1247,.T.);
#3201=EDGE_CURVE('',#2547,#2549,#1248,.T.);
#3202=EDGE_CURVE('',#2545,#2550,#1249,.T.);
#3203=EDGE_CURVE('',#2550,#2543,#2205,.T.);
#3204=EDGE_CURVE('',#2544,#2551,#1250,.T.);
#3205=EDGE_CURVE('',#2550,#2551,#1251,.T.);
#3206=EDGE_CURVE('',#2552,#2539,#1252,.T.);
#3207=EDGE_CURVE('',#2553,#2552,#1253,.T.);
#3208=EDGE_CURVE('',#2538,#2553,#1254,.T.);
#3209=EDGE_CURVE('',#2541,#2552,#2206,.T.);
#3210=EDGE_CURVE('',#2547,#2542,#2207,.T.);
#3211=EDGE_CURVE('',#2551,#2553,#2208,.T.);
#3212=EDGE_CURVE('',#2540,#2537,#2209,.T.);
#3213=EDGE_CURVE('',#2554,#2536,#2210,.T.);
#3214=EDGE_CURVE('',#2554,#2555,#1255,.T.);
#3215=EDGE_CURVE('',#2555,#2556,#2211,.T.);
#3216=EDGE_CURVE('',#2556,#2557,#1256,.T.);
#3217=EDGE_CURVE('',#2557,#2557,#2212,.T.);
#3218=EDGE_CURVE('',#2556,#2558,#2213,.T.);
#3219=EDGE_CURVE('',#2558,#2559,#1257,.T.);
#3220=EDGE_CURVE('',#2546,#2559,#2214,.T.);
#3221=EDGE_CURVE('',#2555,#2535,#1258,.T.);
#3222=EDGE_CURVE('',#2534,#2554,#1259,.T.);
#3223=EDGE_CURVE('',#2558,#2549,#1260,.T.);
#3224=EDGE_CURVE('',#2559,#2548,#1261,.T.);
#3225=EDGE_CURVE('',#2560,#2560,#2215,.T.);
#3226=EDGE_CURVE('',#2560,#2561,#1262,.T.);
#3227=EDGE_CURVE('',#2561,#2561,#2216,.T.);
#3228=EDGE_CURVE('',#2562,#2563,#1263,.T.);
#3229=EDGE_CURVE('',#2564,#2562,#1264,.T.);
#3230=EDGE_CURVE('',#2565,#2564,#1265,.T.);
#3231=EDGE_CURVE('',#2563,#2565,#1266,.T.);
#3232=EDGE_CURVE('',#2566,#2567,#1267,.T.);
#3233=EDGE_CURVE('',#2568,#2566,#1268,.T.);
#3234=EDGE_CURVE('',#2569,#2568,#1269,.T.);
#3235=EDGE_CURVE('',#2567,#2569,#1270,.T.);
#3236=EDGE_CURVE('',#2570,#2571,#1271,.T.);
#3237=EDGE_CURVE('',#2572,#2570,#1272,.T.);
#3238=EDGE_CURVE('',#2573,#2572,#1273,.T.);
#3239=EDGE_CURVE('',#2571,#2573,#1274,.T.);
#3240=EDGE_CURVE('',#2574,#2575,#1275,.T.);
#3241=EDGE_CURVE('',#2576,#2574,#1276,.T.);
#3242=EDGE_CURVE('',#2577,#2576,#1277,.T.);
#3243=EDGE_CURVE('',#2575,#2577,#1278,.T.);
#3244=EDGE_CURVE('',#2573,#2578,#1279,.T.);
#3245=EDGE_CURVE('',#2578,#2571,#2217,.T.);
#3246=EDGE_CURVE('',#2572,#2579,#1280,.T.);
#3247=EDGE_CURVE('',#2578,#2579,#1281,.T.);
#3248=EDGE_CURVE('',#2580,#2567,#1282,.T.);
#3249=EDGE_CURVE('',#2581,#2580,#1283,.T.);
#3250=EDGE_CURVE('',#2566,#2581,#1284,.T.);
#3251=EDGE_CURVE('',#2569,#2580,#2218,.T.);
#3252=EDGE_CURVE('',#2575,#2570,#2219,.T.);
#3253=EDGE_CURVE('',#2579,#2581,#2220,.T.);
#3254=EDGE_CURVE('',#2568,#2565,#2221,.T.);
#3255=EDGE_CURVE('',#2582,#2564,#2222,.T.);
#3256=EDGE_CURVE('',#2582,#2583,#1285,.T.);
#3257=EDGE_CURVE('',#2583,#2584,#2223,.T.);
#3258=EDGE_CURVE('',#2584,#2585,#1286,.T.);
#3259=EDGE_CURVE('',#2585,#2585,#2224,.T.);
#3260=EDGE_CURVE('',#2584,#2586,#2225,.T.);
#3261=EDGE_CURVE('',#2586,#2587,#1287,.T.);
#3262=EDGE_CURVE('',#2574,#2587,#2226,.T.);
#3263=EDGE_CURVE('',#2583,#2563,#1288,.T.);
#3264=EDGE_CURVE('',#2562,#2582,#1289,.T.);
#3265=EDGE_CURVE('',#2586,#2577,#1290,.T.);
#3266=EDGE_CURVE('',#2587,#2576,#1291,.T.);
#3267=EDGE_CURVE('',#2588,#2588,#2227,.T.);
#3268=EDGE_CURVE('',#2588,#2589,#1292,.T.);
#3269=EDGE_CURVE('',#2589,#2589,#2228,.T.);
#3270=EDGE_CURVE('',#2590,#2591,#1293,.T.);
#3271=EDGE_CURVE('',#2592,#2590,#1294,.T.);
#3272=EDGE_CURVE('',#2593,#2592,#1295,.T.);
#3273=EDGE_CURVE('',#2591,#2593,#1296,.T.);
#3274=EDGE_CURVE('',#2591,#2594,#1297,.T.);
#3275=EDGE_CURVE('',#2595,#2593,#1298,.T.);
#3276=EDGE_CURVE('',#2595,#2594,#1299,.T.);
#3277=EDGE_CURVE('',#2594,#2596,#1300,.T.);
#3278=EDGE_CURVE('',#2597,#2595,#1301,.T.);
#3279=EDGE_CURVE('',#2596,#2597,#1302,.T.);
#3280=EDGE_CURVE('',#2596,#2590,#1303,.T.);
#3281=EDGE_CURVE('',#2592,#2597,#1304,.T.);
#3282=EDGE_CURVE('',#2598,#2599,#1305,.T.);
#3283=EDGE_CURVE('',#2600,#2598,#1306,.T.);
#3284=EDGE_CURVE('',#2601,#2600,#1307,.T.);
#3285=EDGE_CURVE('',#2599,#2601,#1308,.T.);
#3286=EDGE_CURVE('',#2599,#2602,#1309,.T.);
#3287=EDGE_CURVE('',#2603,#2601,#1310,.T.);
#3288=EDGE_CURVE('',#2603,#2602,#1311,.T.);
#3289=EDGE_CURVE('',#2602,#2604,#1312,.T.);
#3290=EDGE_CURVE('',#2605,#2603,#1313,.T.);
#3291=EDGE_CURVE('',#2604,#2605,#1314,.T.);
#3292=EDGE_CURVE('',#2604,#2598,#1315,.T.);
#3293=EDGE_CURVE('',#2600,#2605,#1316,.T.);
#3294=EDGE_CURVE('',#2606,#2607,#1317,.T.);
#3295=EDGE_CURVE('',#2606,#2608,#1318,.T.);
#3296=EDGE_CURVE('',#2608,#2609,#1319,.T.);
#3297=EDGE_CURVE('',#2609,#2607,#1320,.T.);
#3298=EDGE_CURVE('',#2610,#2611,#1321,.T.);
#3299=EDGE_CURVE('',#2610,#2612,#1322,.T.);
#3300=EDGE_CURVE('',#2612,#2613,#1323,.T.);
#3301=EDGE_CURVE('',#2613,#2611,#1324,.T.);
#3302=EDGE_CURVE('',#2614,#2615,#1325,.T.);
#3303=EDGE_CURVE('',#2614,#2616,#1326,.T.);
#3304=EDGE_CURVE('',#2616,#2617,#1327,.T.);
#3305=EDGE_CURVE('',#2617,#2615,#1328,.T.);
#3306=EDGE_CURVE('',#2618,#2619,#1329,.T.);
#3307=EDGE_CURVE('',#2618,#2620,#1330,.T.);
#3308=EDGE_CURVE('',#2620,#2621,#1331,.T.);
#3309=EDGE_CURVE('',#2621,#2619,#1332,.T.);
#3310=EDGE_CURVE('',#2612,#2621,#1333,.T.);
#3311=EDGE_CURVE('',#2613,#2620,#1334,.T.);
#3312=EDGE_CURVE('',#2608,#2617,#1335,.T.);
#3313=EDGE_CURVE('',#2609,#2616,#1336,.T.);
#3314=EDGE_CURVE('',#2622,#2606,#1337,.T.);
#3315=EDGE_CURVE('',#2623,#2622,#1338,.T.);
#3316=EDGE_CURVE('',#2624,#2623,#1339,.T.);
#3317=EDGE_CURVE('',#2625,#2624,#1340,.T.);
#3318=EDGE_CURVE('',#2626,#2625,#1341,.T.);
#3319=EDGE_CURVE('',#2627,#2626,#1342,.T.);
#3320=EDGE_CURVE('',#2627,#2628,#1343,.T.);
#3321=EDGE_CURVE('',#2629,#2628,#1344,.T.);
#3322=EDGE_CURVE('',#2629,#2630,#1345,.T.);
#3323=EDGE_CURVE('',#2631,#2630,#1346,.T.);
#3324=EDGE_CURVE('',#2631,#2611,#1347,.T.);
#3325=EDGE_CURVE('',#2618,#2632,#1348,.T.);
#3326=EDGE_CURVE('',#2633,#2632,#1349,.T.);
#3327=EDGE_CURVE('',#2615,#2633,#1350,.T.);
#3328=EDGE_CURVE('',#2619,#2634,#1351,.T.);
#3329=EDGE_CURVE('',#2632,#2634,#1352,.T.);
#3330=EDGE_CURVE('',#2635,#2633,#1353,.T.);
#3331=EDGE_CURVE('',#2614,#2635,#1354,.T.);
#3332=EDGE_CURVE('',#2636,#2628,#1355,.T.);
#3333=EDGE_CURVE('',#2636,#2637,#1356,.T.);
#3334=EDGE_CURVE('',#2637,#2629,#1357,.T.);
#3335=EDGE_CURVE('',#2625,#2638,#1358,.T.);
#3336=EDGE_CURVE('',#2624,#2639,#1359,.T.);
#3337=EDGE_CURVE('',#2639,#2638,#1360,.T.);
#3338=EDGE_CURVE('',#2631,#2640,#1361,.T.);
#3339=EDGE_CURVE('',#2630,#2641,#1362,.T.);
#3340=EDGE_CURVE('',#2641,#2640,#1363,.T.);
#3341=EDGE_CURVE('',#2642,#2622,#1364,.T.);
#3342=EDGE_CURVE('',#2642,#2643,#1365,.T.);
#3343=EDGE_CURVE('',#2643,#2623,#1366,.T.);
#3344=EDGE_CURVE('',#2637,#2641,#1367,.T.);
#3345=EDGE_CURVE('',#2639,#2643,#1368,.T.);
#3346=EDGE_CURVE('',#2642,#2607,#1369,.T.);
#3347=EDGE_CURVE('',#2640,#2610,#1370,.T.);
#3348=EDGE_CURVE('',#2644,#2636,#1371,.T.);
#3349=EDGE_CURVE('',#2645,#2644,#1372,.T.);
#3350=EDGE_CURVE('',#2645,#2638,#1373,.T.);
#3351=EDGE_CURVE('',#2634,#2635,#1374,.T.);
#3352=EDGE_CURVE('',#2626,#2645,#1375,.T.);
#3353=EDGE_CURVE('',#2644,#2627,#1376,.T.);
#3354=EDGE_CURVE('',#2646,#2647,#1377,.T.);
#3355=EDGE_CURVE('',#2648,#2646,#1378,.T.);
#3356=EDGE_CURVE('',#2649,#2648,#1379,.T.);
#3357=EDGE_CURVE('',#2647,#2649,#1380,.T.);
#3358=EDGE_CURVE('',#2650,#2651,#1381,.T.);
#3359=EDGE_CURVE('',#2652,#2650,#1382,.T.);
#3360=EDGE_CURVE('',#2653,#2652,#1383,.T.);
#3361=EDGE_CURVE('',#2651,#2653,#1384,.T.);
#3362=EDGE_CURVE('',#2654,#2655,#1385,.T.);
#3363=EDGE_CURVE('',#2656,#2654,#1386,.T.);
#3364=EDGE_CURVE('',#2657,#2656,#1387,.T.);
#3365=EDGE_CURVE('',#2655,#2657,#1388,.T.);
#3366=EDGE_CURVE('',#2658,#2659,#1389,.T.);
#3367=EDGE_CURVE('',#2660,#2658,#1390,.T.);
#3368=EDGE_CURVE('',#2661,#2660,#1391,.T.);
#3369=EDGE_CURVE('',#2659,#2661,#1392,.T.);
#3370=EDGE_CURVE('',#2657,#2662,#1393,.T.);
#3371=EDGE_CURVE('',#2662,#2655,#2229,.T.);
#3372=EDGE_CURVE('',#2656,#2663,#1394,.T.);
#3373=EDGE_CURVE('',#2662,#2663,#1395,.T.);
#3374=EDGE_CURVE('',#2664,#2651,#1396,.T.);
#3375=EDGE_CURVE('',#2665,#2664,#1397,.T.);
#3376=EDGE_CURVE('',#2650,#2665,#1398,.T.);
#3377=EDGE_CURVE('',#2653,#2664,#2230,.T.);
#3378=EDGE_CURVE('',#2659,#2654,#2231,.T.);
#3379=EDGE_CURVE('',#2663,#2665,#2232,.T.);
#3380=EDGE_CURVE('',#2652,#2649,#2233,.T.);
#3381=EDGE_CURVE('',#2666,#2648,#2234,.T.);
#3382=EDGE_CURVE('',#2666,#2667,#1399,.T.);
#3383=EDGE_CURVE('',#2667,#2668,#2235,.T.);
#3384=EDGE_CURVE('',#2668,#2669,#1400,.T.);
#3385=EDGE_CURVE('',#2669,#2669,#2236,.T.);
#3386=EDGE_CURVE('',#2668,#2670,#2237,.T.);
#3387=EDGE_CURVE('',#2670,#2671,#1401,.T.);
#3388=EDGE_CURVE('',#2658,#2671,#2238,.T.);
#3389=EDGE_CURVE('',#2667,#2647,#1402,.T.);
#3390=EDGE_CURVE('',#2646,#2666,#1403,.T.);
#3391=EDGE_CURVE('',#2670,#2661,#1404,.T.);
#3392=EDGE_CURVE('',#2671,#2660,#1405,.T.);
#3393=EDGE_CURVE('',#2672,#2672,#2239,.T.);
#3394=EDGE_CURVE('',#2672,#2673,#1406,.T.);
#3395=EDGE_CURVE('',#2673,#2673,#2240,.T.);
#3396=EDGE_CURVE('',#2674,#2675,#1407,.T.);
#3397=EDGE_CURVE('',#2676,#2674,#1408,.T.);
#3398=EDGE_CURVE('',#2677,#2676,#1409,.T.);
#3399=EDGE_CURVE('',#2675,#2677,#1410,.T.);
#3400=EDGE_CURVE('',#2678,#2679,#1411,.T.);
#3401=EDGE_CURVE('',#2680,#2678,#1412,.T.);
#3402=EDGE_CURVE('',#2681,#2680,#1413,.T.);
#3403=EDGE_CURVE('',#2679,#2681,#1414,.T.);
#3404=EDGE_CURVE('',#2682,#2683,#1415,.T.);
#3405=EDGE_CURVE('',#2684,#2682,#1416,.T.);
#3406=EDGE_CURVE('',#2685,#2684,#1417,.T.);
#3407=EDGE_CURVE('',#2683,#2685,#1418,.T.);
#3408=EDGE_CURVE('',#2686,#2687,#1419,.T.);
#3409=EDGE_CURVE('',#2688,#2686,#1420,.T.);
#3410=EDGE_CURVE('',#2689,#2688,#1421,.T.);
#3411=EDGE_CURVE('',#2687,#2689,#1422,.T.);
#3412=EDGE_CURVE('',#2685,#2690,#1423,.T.);
#3413=EDGE_CURVE('',#2690,#2683,#2241,.T.);
#3414=EDGE_CURVE('',#2684,#2691,#1424,.T.);
#3415=EDGE_CURVE('',#2690,#2691,#1425,.T.);
#3416=EDGE_CURVE('',#2692,#2679,#1426,.T.);
#3417=EDGE_CURVE('',#2693,#2692,#1427,.T.);
#3418=EDGE_CURVE('',#2678,#2693,#1428,.T.);
#3419=EDGE_CURVE('',#2681,#2692,#2242,.T.);
#3420=EDGE_CURVE('',#2687,#2682,#2243,.T.);
#3421=EDGE_CURVE('',#2691,#2693,#2244,.T.);
#3422=EDGE_CURVE('',#2680,#2677,#2245,.T.);
#3423=EDGE_CURVE('',#2694,#2676,#2246,.T.);
#3424=EDGE_CURVE('',#2694,#2695,#1429,.T.);
#3425=EDGE_CURVE('',#2695,#2696,#2247,.T.);
#3426=EDGE_CURVE('',#2696,#2697,#1430,.T.);
#3427=EDGE_CURVE('',#2697,#2697,#2248,.T.);
#3428=EDGE_CURVE('',#2696,#2698,#2249,.T.);
#3429=EDGE_CURVE('',#2698,#2699,#1431,.T.);
#3430=EDGE_CURVE('',#2686,#2699,#2250,.T.);
#3431=EDGE_CURVE('',#2695,#2675,#1432,.T.);
#3432=EDGE_CURVE('',#2674,#2694,#1433,.T.);
#3433=EDGE_CURVE('',#2698,#2689,#1434,.T.);
#3434=EDGE_CURVE('',#2699,#2688,#1435,.T.);
#3435=EDGE_CURVE('',#2700,#2700,#2251,.T.);
#3436=EDGE_CURVE('',#2700,#2701,#1436,.T.);
#3437=EDGE_CURVE('',#2701,#2701,#2252,.T.);
#3438=EDGE_CURVE('',#2702,#2703,#1437,.T.);
#3439=EDGE_CURVE('',#2704,#2702,#1438,.T.);
#3440=EDGE_CURVE('',#2704,#2705,#1439,.T.);
#3441=EDGE_CURVE('',#2705,#2703,#1440,.T.);
#3442=EDGE_CURVE('',#2706,#2707,#1441,.T.);
#3443=EDGE_CURVE('',#2708,#2706,#1442,.T.);
#3444=EDGE_CURVE('',#2709,#2708,#1443,.T.);
#3445=EDGE_CURVE('',#2709,#2707,#1444,.T.);
#3446=EDGE_CURVE('',#2710,#2711,#1445,.T.);
#3447=EDGE_CURVE('',#2710,#2712,#1446,.T.);
#3448=EDGE_CURVE('',#2712,#2713,#1447,.T.);
#3449=EDGE_CURVE('',#2711,#2713,#1448,.T.);
#3450=EDGE_CURVE('',#2703,#2714,#1449,.T.);
#3451=EDGE_CURVE('',#2705,#2715,#1450,.T.);
#3452=EDGE_CURVE('',#2714,#2715,#1451,.T.);
#3453=EDGE_CURVE('',#2713,#2708,#1452,.T.);
#3454=EDGE_CURVE('',#2712,#2709,#1453,.T.);
#3455=EDGE_CURVE('',#2716,#2702,#1454,.T.);
#3456=EDGE_CURVE('',#2717,#2716,#1455,.T.);
#3457=EDGE_CURVE('',#2717,#2704,#1456,.T.);
#3458=EDGE_CURVE('',#2715,#2718,#1457,.T.);
#3459=EDGE_CURVE('',#2718,#2719,#1458,.T.);
#3460=EDGE_CURVE('',#2714,#2719,#1459,.T.);
#3461=EDGE_CURVE('',#2720,#2711,#1460,.T.);
#3462=EDGE_CURVE('',#2721,#2720,#1461,.T.);
#3463=EDGE_CURVE('',#2721,#2710,#1462,.T.);
#3464=EDGE_CURVE('',#2722,#2722,#2253,.T.);
#3465=EDGE_CURVE('',#2719,#2720,#1463,.T.);
#3466=EDGE_CURVE('',#2706,#2723,#1464,.T.);
#3467=EDGE_CURVE('',#2723,#2724,#1465,.T.);
#3468=EDGE_CURVE('',#2724,#2716,#1466,.T.);
#3469=EDGE_CURVE('',#2725,#2724,#1467,.T.);
#3470=EDGE_CURVE('',#2725,#2717,#1468,.T.);
#3471=EDGE_CURVE('',#2718,#2721,#1469,.T.);
#3472=EDGE_CURVE('',#2726,#2725,#1470,.T.);
#3473=EDGE_CURVE('',#2707,#2726,#1471,.T.);
#3474=EDGE_CURVE('',#2726,#2723,#1472,.T.);
#3475=EDGE_CURVE('',#2727,#2727,#2254,.T.);
#3476=EDGE_CURVE('',#2728,#2728,#2255,.T.);
#3477=EDGE_CURVE('',#2727,#2722,#1473,.T.);
#3478=EDGE_CURVE('',#2729,#2729,#2256,.T.);
#3479=EDGE_CURVE('',#2730,#2730,#2257,.T.);
#3480=EDGE_CURVE('',#2729,#2728,#1474,.T.);
#3481=EDGE_CURVE('',#2731,#2731,#2258,.T.);
#3482=EDGE_CURVE('',#2731,#2730,#1475,.T.);
#3483=EDGE_CURVE('',#2732,#2733,#1476,.T.);
#3484=EDGE_CURVE('',#2734,#2732,#1477,.T.);
#3485=EDGE_CURVE('',#2734,#2735,#1478,.T.);
#3486=EDGE_CURVE('',#2735,#2733,#1479,.T.);
#3487=EDGE_CURVE('',#2736,#2737,#1480,.T.);
#3488=EDGE_CURVE('',#2738,#2736,#1481,.T.);
#3489=EDGE_CURVE('',#2739,#2738,#1482,.T.);
#3490=EDGE_CURVE('',#2739,#2737,#1483,.T.);
#3491=EDGE_CURVE('',#2740,#2741,#1484,.T.);
#3492=EDGE_CURVE('',#2740,#2742,#1485,.T.);
#3493=EDGE_CURVE('',#2742,#2743,#1486,.T.);
#3494=EDGE_CURVE('',#2741,#2743,#1487,.T.);
#3495=EDGE_CURVE('',#2733,#2744,#1488,.T.);
#3496=EDGE_CURVE('',#2735,#2745,#1489,.T.);
#3497=EDGE_CURVE('',#2744,#2745,#1490,.T.);
#3498=EDGE_CURVE('',#2743,#2738,#1491,.T.);
#3499=EDGE_CURVE('',#2742,#2739,#1492,.T.);
#3500=EDGE_CURVE('',#2746,#2732,#1493,.T.);
#3501=EDGE_CURVE('',#2747,#2746,#1494,.T.);
#3502=EDGE_CURVE('',#2747,#2734,#1495,.T.);
#3503=EDGE_CURVE('',#2745,#2748,#1496,.T.);
#3504=EDGE_CURVE('',#2748,#2749,#1497,.T.);
#3505=EDGE_CURVE('',#2744,#2749,#1498,.T.);
#3506=EDGE_CURVE('',#2750,#2741,#1499,.T.);
#3507=EDGE_CURVE('',#2751,#2750,#1500,.T.);
#3508=EDGE_CURVE('',#2751,#2740,#1501,.T.);
#3509=EDGE_CURVE('',#2752,#2752,#2259,.T.);
#3510=EDGE_CURVE('',#2749,#2750,#1502,.T.);
#3511=EDGE_CURVE('',#2736,#2753,#1503,.T.);
#3512=EDGE_CURVE('',#2753,#2754,#1504,.T.);
#3513=EDGE_CURVE('',#2754,#2746,#1505,.T.);
#3514=EDGE_CURVE('',#2755,#2754,#1506,.T.);
#3515=EDGE_CURVE('',#2755,#2747,#1507,.T.);
#3516=EDGE_CURVE('',#2748,#2751,#1508,.T.);
#3517=EDGE_CURVE('',#2756,#2755,#1509,.T.);
#3518=EDGE_CURVE('',#2737,#2756,#1510,.T.);
#3519=EDGE_CURVE('',#2756,#2753,#1511,.T.);
#3520=EDGE_CURVE('',#2757,#2757,#2260,.T.);
#3521=EDGE_CURVE('',#2758,#2758,#2261,.T.);
#3522=EDGE_CURVE('',#2757,#2752,#1512,.T.);
#3523=EDGE_CURVE('',#2759,#2759,#2262,.T.);
#3524=EDGE_CURVE('',#2760,#2760,#2263,.T.);
#3525=EDGE_CURVE('',#2759,#2758,#1513,.T.);
#3526=EDGE_CURVE('',#2761,#2761,#2264,.T.);
#3527=EDGE_CURVE('',#2761,#2760,#1514,.T.);
#3528=ORIENTED_EDGE('',*,*,#2762,.F.);
#3529=ORIENTED_EDGE('',*,*,#2763,.T.);
#3530=ORIENTED_EDGE('',*,*,#2764,.F.);
#3531=ORIENTED_EDGE('',*,*,#2763,.F.);
#3532=ORIENTED_EDGE('',*,*,#2765,.F.);
#3533=ORIENTED_EDGE('',*,*,#2766,.T.);
#3534=ORIENTED_EDGE('',*,*,#2767,.F.);
#3535=ORIENTED_EDGE('',*,*,#2766,.F.);
#3536=ORIENTED_EDGE('',*,*,#2768,.F.);
#3537=ORIENTED_EDGE('',*,*,#2769,.T.);
#3538=ORIENTED_EDGE('',*,*,#2770,.F.);
#3539=ORIENTED_EDGE('',*,*,#2769,.F.);
#3540=ORIENTED_EDGE('',*,*,#2771,.F.);
#3541=ORIENTED_EDGE('',*,*,#2772,.T.);
#3542=ORIENTED_EDGE('',*,*,#2773,.F.);
#3543=ORIENTED_EDGE('',*,*,#2772,.F.);
#3544=ORIENTED_EDGE('',*,*,#2774,.F.);
#3545=ORIENTED_EDGE('',*,*,#2775,.T.);
#3546=ORIENTED_EDGE('',*,*,#2776,.T.);
#3547=ORIENTED_EDGE('',*,*,#2775,.F.);
#3548=ORIENTED_EDGE('',*,*,#2777,.F.);
#3549=ORIENTED_EDGE('',*,*,#2778,.T.);
#3550=ORIENTED_EDGE('',*,*,#2779,.T.);
#3551=ORIENTED_EDGE('',*,*,#2778,.F.);
#3552=ORIENTED_EDGE('',*,*,#2780,.T.);
#3553=ORIENTED_EDGE('',*,*,#2781,.T.);
#3554=ORIENTED_EDGE('',*,*,#2782,.F.);
#3555=ORIENTED_EDGE('',*,*,#2781,.F.);
#3556=ORIENTED_EDGE('',*,*,#2780,.F.);
#3557=ORIENTED_EDGE('',*,*,#2783,.T.);
#3558=ORIENTED_EDGE('',*,*,#2784,.T.);
#3559=ORIENTED_EDGE('',*,*,#2783,.F.);
#3560=ORIENTED_EDGE('',*,*,#2784,.F.);
#3561=ORIENTED_EDGE('',*,*,#2785,.T.);
#3562=ORIENTED_EDGE('',*,*,#2786,.T.);
#3563=ORIENTED_EDGE('',*,*,#2785,.F.);
#3564=ORIENTED_EDGE('',*,*,#2786,.F.);
#3565=ORIENTED_EDGE('',*,*,#2787,.T.);
#3566=ORIENTED_EDGE('',*,*,#2788,.F.);
#3567=ORIENTED_EDGE('',*,*,#2787,.F.);
#3568=ORIENTED_EDGE('',*,*,#2776,.F.);
#3569=ORIENTED_EDGE('',*,*,#2789,.T.);
#3570=ORIENTED_EDGE('',*,*,#2782,.T.);
#3571=ORIENTED_EDGE('',*,*,#2789,.F.);
#3572=ORIENTED_EDGE('',*,*,#2790,.T.);
#3573=ORIENTED_EDGE('',*,*,#2791,.T.);
#3574=ORIENTED_EDGE('',*,*,#2792,.F.);
#3575=ORIENTED_EDGE('',*,*,#2791,.F.);
#3576=ORIENTED_EDGE('',*,*,#2790,.F.);
#3577=ORIENTED_EDGE('',*,*,#2793,.T.);
#3578=ORIENTED_EDGE('',*,*,#2794,.T.);
#3579=ORIENTED_EDGE('',*,*,#2793,.F.);
#3580=ORIENTED_EDGE('',*,*,#2794,.F.);
#3581=ORIENTED_EDGE('',*,*,#2795,.T.);
#3582=ORIENTED_EDGE('',*,*,#2796,.T.);
#3583=ORIENTED_EDGE('',*,*,#2795,.F.);
#3584=ORIENTED_EDGE('',*,*,#2796,.F.);
#3585=ORIENTED_EDGE('',*,*,#2797,.T.);
#3586=ORIENTED_EDGE('',*,*,#2798,.F.);
#3587=ORIENTED_EDGE('',*,*,#2797,.F.);
#3588=ORIENTED_EDGE('',*,*,#2779,.F.);
#3589=ORIENTED_EDGE('',*,*,#2799,.T.);
#3590=ORIENTED_EDGE('',*,*,#2792,.T.);
#3591=ORIENTED_EDGE('',*,*,#2799,.F.);
#3592=ORIENTED_EDGE('',*,*,#2800,.F.);
#3593=ORIENTED_EDGE('',*,*,#2801,.F.);
#3594=ORIENTED_EDGE('',*,*,#2802,.F.);
#3595=ORIENTED_EDGE('',*,*,#2803,.T.);
#3596=ORIENTED_EDGE('',*,*,#2804,.F.);
#3597=ORIENTED_EDGE('',*,*,#2803,.F.);
#3598=ORIENTED_EDGE('',*,*,#2805,.F.);
#3599=ORIENTED_EDGE('',*,*,#2806,.T.);
#3600=ORIENTED_EDGE('',*,*,#2807,.F.);
#3601=ORIENTED_EDGE('',*,*,#2806,.F.);
#3602=ORIENTED_EDGE('',*,*,#2808,.F.);
#3603=ORIENTED_EDGE('',*,*,#2809,.T.);
#3604=ORIENTED_EDGE('',*,*,#2810,.F.);
#3605=ORIENTED_EDGE('',*,*,#2809,.F.);
#3606=ORIENTED_EDGE('',*,*,#2811,.F.);
#3607=ORIENTED_EDGE('',*,*,#2812,.T.);
#3608=ORIENTED_EDGE('',*,*,#2813,.F.);
#3609=ORIENTED_EDGE('',*,*,#2812,.F.);
#3610=ORIENTED_EDGE('',*,*,#2814,.F.);
#3611=ORIENTED_EDGE('',*,*,#2815,.T.);
#3612=ORIENTED_EDGE('',*,*,#2816,.F.);
#3613=ORIENTED_EDGE('',*,*,#2815,.F.);
#3614=ORIENTED_EDGE('',*,*,#2817,.F.);
#3615=ORIENTED_EDGE('',*,*,#2818,.T.);
#3616=ORIENTED_EDGE('',*,*,#2819,.F.);
#3617=ORIENTED_EDGE('',*,*,#2818,.F.);
#3618=ORIENTED_EDGE('',*,*,#2820,.F.);
#3619=ORIENTED_EDGE('',*,*,#2821,.T.);
#3620=ORIENTED_EDGE('',*,*,#2822,.F.);
#3621=ORIENTED_EDGE('',*,*,#2821,.F.);
#3622=ORIENTED_EDGE('',*,*,#2823,.F.);
#3623=ORIENTED_EDGE('',*,*,#2801,.T.);
#3624=ORIENTED_EDGE('',*,*,#2824,.F.);
#3625=ORIENTED_EDGE('',*,*,#2825,.T.);
#3626=ORIENTED_EDGE('',*,*,#2826,.T.);
#3627=ORIENTED_EDGE('',*,*,#2827,.F.);
#3628=ORIENTED_EDGE('',*,*,#2828,.F.);
#3629=ORIENTED_EDGE('',*,*,#2829,.F.);
#3630=ORIENTED_EDGE('',*,*,#2826,.F.);
#3631=ORIENTED_EDGE('',*,*,#2830,.T.);
#3632=ORIENTED_EDGE('',*,*,#2831,.F.);
#3633=ORIENTED_EDGE('',*,*,#2832,.F.);
#3634=ORIENTED_EDGE('',*,*,#2830,.F.);
#3635=ORIENTED_EDGE('',*,*,#2825,.F.);
#3636=ORIENTED_EDGE('',*,*,#2824,.T.);
#3637=ORIENTED_EDGE('',*,*,#2833,.F.);
#3638=ORIENTED_EDGE('',*,*,#2834,.T.);
#3639=ORIENTED_EDGE('',*,*,#2835,.F.);
#3640=ORIENTED_EDGE('',*,*,#2827,.T.);
#3641=ORIENTED_EDGE('',*,*,#2829,.T.);
#3642=ORIENTED_EDGE('',*,*,#2836,.T.);
#3643=ORIENTED_EDGE('',*,*,#2837,.T.);
#3644=ORIENTED_EDGE('',*,*,#2838,.T.);
#3645=ORIENTED_EDGE('',*,*,#2839,.T.);
#3646=ORIENTED_EDGE('',*,*,#2840,.T.);
#3647=ORIENTED_EDGE('',*,*,#2841,.T.);
#3648=ORIENTED_EDGE('',*,*,#2842,.T.);
#3649=ORIENTED_EDGE('',*,*,#2843,.T.);
#3650=ORIENTED_EDGE('',*,*,#2844,.T.);
#3651=ORIENTED_EDGE('',*,*,#2845,.T.);
#3652=ORIENTED_EDGE('',*,*,#2846,.T.);
#3653=ORIENTED_EDGE('',*,*,#2847,.T.);
#3654=ORIENTED_EDGE('',*,*,#2848,.T.);
#3655=ORIENTED_EDGE('',*,*,#2849,.T.);
#3656=ORIENTED_EDGE('',*,*,#2850,.T.);
#3657=ORIENTED_EDGE('',*,*,#2851,.T.);
#3658=ORIENTED_EDGE('',*,*,#2852,.T.);
#3659=ORIENTED_EDGE('',*,*,#2853,.T.);
#3660=ORIENTED_EDGE('',*,*,#2854,.T.);
#3661=ORIENTED_EDGE('',*,*,#2833,.T.);
#3662=ORIENTED_EDGE('',*,*,#2798,.T.);
#3663=ORIENTED_EDGE('',*,*,#2788,.T.);
#3664=ORIENTED_EDGE('',*,*,#2855,.F.);
#3665=ORIENTED_EDGE('',*,*,#2856,.F.);
#3666=ORIENTED_EDGE('',*,*,#2839,.F.);
#3667=ORIENTED_EDGE('',*,*,#2857,.F.);
#3668=ORIENTED_EDGE('',*,*,#2855,.T.);
#3669=ORIENTED_EDGE('',*,*,#2858,.T.);
#3670=ORIENTED_EDGE('',*,*,#2859,.F.);
#3671=ORIENTED_EDGE('',*,*,#2860,.T.);
#3672=ORIENTED_EDGE('',*,*,#2861,.T.);
#3673=ORIENTED_EDGE('',*,*,#2862,.T.);
#3674=ORIENTED_EDGE('',*,*,#2857,.T.);
#3675=ORIENTED_EDGE('',*,*,#2838,.F.);
#3676=ORIENTED_EDGE('',*,*,#2863,.T.);
#3677=ORIENTED_EDGE('',*,*,#2864,.F.);
#3678=ORIENTED_EDGE('',*,*,#2865,.F.);
#3679=ORIENTED_EDGE('',*,*,#2858,.F.);
#3680=ORIENTED_EDGE('',*,*,#2866,.F.);
#3681=ORIENTED_EDGE('',*,*,#2867,.F.);
#3682=ORIENTED_EDGE('',*,*,#2868,.F.);
#3683=ORIENTED_EDGE('',*,*,#2869,.F.);
#3684=ORIENTED_EDGE('',*,*,#2870,.F.);
#3685=ORIENTED_EDGE('',*,*,#2853,.F.);
#3686=ORIENTED_EDGE('',*,*,#2871,.T.);
#3687=ORIENTED_EDGE('',*,*,#2868,.T.);
#3688=ORIENTED_EDGE('',*,*,#2834,.F.);
#3689=ORIENTED_EDGE('',*,*,#2854,.F.);
#3690=ORIENTED_EDGE('',*,*,#2870,.T.);
#3691=ORIENTED_EDGE('',*,*,#2867,.T.);
#3692=ORIENTED_EDGE('',*,*,#2866,.T.);
#3693=ORIENTED_EDGE('',*,*,#2872,.F.);
#3694=ORIENTED_EDGE('',*,*,#2873,.T.);
#3695=ORIENTED_EDGE('',*,*,#2874,.T.);
#3696=ORIENTED_EDGE('',*,*,#2871,.F.);
#3697=ORIENTED_EDGE('',*,*,#2852,.F.);
#3698=ORIENTED_EDGE('',*,*,#2875,.F.);
#3699=ORIENTED_EDGE('',*,*,#2876,.F.);
#3700=ORIENTED_EDGE('',*,*,#2877,.F.);
#3701=ORIENTED_EDGE('',*,*,#2878,.F.);
#3702=ORIENTED_EDGE('',*,*,#2863,.F.);
#3703=ORIENTED_EDGE('',*,*,#2837,.F.);
#3704=ORIENTED_EDGE('',*,*,#2879,.T.);
#3705=ORIENTED_EDGE('',*,*,#2878,.T.);
#3706=ORIENTED_EDGE('',*,*,#2880,.T.);
#3707=ORIENTED_EDGE('',*,*,#2881,.F.);
#3708=ORIENTED_EDGE('',*,*,#2882,.T.);
#3709=ORIENTED_EDGE('',*,*,#2883,.T.);
#3710=ORIENTED_EDGE('',*,*,#2864,.T.);
#3711=ORIENTED_EDGE('',*,*,#2828,.T.);
#3712=ORIENTED_EDGE('',*,*,#2884,.F.);
#3713=ORIENTED_EDGE('',*,*,#2880,.F.);
#3714=ORIENTED_EDGE('',*,*,#2879,.F.);
#3715=ORIENTED_EDGE('',*,*,#2836,.F.);
#3716=ORIENTED_EDGE('',*,*,#2831,.T.);
#3717=ORIENTED_EDGE('',*,*,#2885,.F.);
#3718=ORIENTED_EDGE('',*,*,#2886,.T.);
#3719=ORIENTED_EDGE('',*,*,#2887,.T.);
#3720=ORIENTED_EDGE('',*,*,#2865,.T.);
#3721=ORIENTED_EDGE('',*,*,#2883,.F.);
#3722=ORIENTED_EDGE('',*,*,#2888,.F.);
#3723=ORIENTED_EDGE('',*,*,#2859,.T.);
#3724=ORIENTED_EDGE('',*,*,#2884,.T.);
#3725=ORIENTED_EDGE('',*,*,#2832,.T.);
#3726=ORIENTED_EDGE('',*,*,#2887,.F.);
#3727=ORIENTED_EDGE('',*,*,#2889,.F.);
#3728=ORIENTED_EDGE('',*,*,#2881,.T.);
#3729=ORIENTED_EDGE('',*,*,#2856,.T.);
#3730=ORIENTED_EDGE('',*,*,#2862,.F.);
#3731=ORIENTED_EDGE('',*,*,#2890,.F.);
#3732=ORIENTED_EDGE('',*,*,#2891,.F.);
#3733=ORIENTED_EDGE('',*,*,#2892,.F.);
#3734=ORIENTED_EDGE('',*,*,#2840,.F.);
#3735=ORIENTED_EDGE('',*,*,#2876,.T.);
#3736=ORIENTED_EDGE('',*,*,#2893,.F.);
#3737=ORIENTED_EDGE('',*,*,#2894,.F.);
#3738=ORIENTED_EDGE('',*,*,#2895,.T.);
#3739=ORIENTED_EDGE('',*,*,#2896,.F.);
#3740=ORIENTED_EDGE('',*,*,#2897,.F.);
#3741=ORIENTED_EDGE('',*,*,#2875,.T.);
#3742=ORIENTED_EDGE('',*,*,#2851,.F.);
#3743=ORIENTED_EDGE('',*,*,#2898,.F.);
#3744=ORIENTED_EDGE('',*,*,#2899,.F.);
#3745=ORIENTED_EDGE('',*,*,#2893,.T.);
#3746=ORIENTED_EDGE('',*,*,#2892,.T.);
#3747=ORIENTED_EDGE('',*,*,#2900,.F.);
#3748=ORIENTED_EDGE('',*,*,#2901,.F.);
#3749=ORIENTED_EDGE('',*,*,#2902,.T.);
#3750=ORIENTED_EDGE('',*,*,#2841,.F.);
#3751=ORIENTED_EDGE('',*,*,#2903,.F.);
#3752=ORIENTED_EDGE('',*,*,#2904,.F.);
#3753=ORIENTED_EDGE('',*,*,#2905,.F.);
#3754=ORIENTED_EDGE('',*,*,#2906,.F.);
#3755=ORIENTED_EDGE('',*,*,#2907,.F.);
#3756=ORIENTED_EDGE('',*,*,#2908,.F.);
#3757=ORIENTED_EDGE('',*,*,#2909,.F.);
#3758=ORIENTED_EDGE('',*,*,#2910,.T.);
#3759=ORIENTED_EDGE('',*,*,#2911,.F.);
#3760=ORIENTED_EDGE('',*,*,#2910,.F.);
#3761=ORIENTED_EDGE('',*,*,#2912,.F.);
#3762=ORIENTED_EDGE('',*,*,#2913,.T.);
#3763=ORIENTED_EDGE('',*,*,#2914,.F.);
#3764=ORIENTED_EDGE('',*,*,#2913,.F.);
#3765=ORIENTED_EDGE('',*,*,#2915,.F.);
#3766=ORIENTED_EDGE('',*,*,#2916,.T.);
#3767=ORIENTED_EDGE('',*,*,#2917,.F.);
#3768=ORIENTED_EDGE('',*,*,#2916,.F.);
#3769=ORIENTED_EDGE('',*,*,#2918,.F.);
#3770=ORIENTED_EDGE('',*,*,#2904,.T.);
#3771=ORIENTED_EDGE('',*,*,#2905,.T.);
#3772=ORIENTED_EDGE('',*,*,#2918,.T.);
#3773=ORIENTED_EDGE('',*,*,#2915,.T.);
#3774=ORIENTED_EDGE('',*,*,#2912,.T.);
#3775=ORIENTED_EDGE('',*,*,#2909,.T.);
#3776=ORIENTED_EDGE('',*,*,#2919,.T.);
#3777=ORIENTED_EDGE('',*,*,#2920,.F.);
#3778=ORIENTED_EDGE('',*,*,#2921,.T.);
#3779=ORIENTED_EDGE('',*,*,#2922,.T.);
#3780=ORIENTED_EDGE('',*,*,#2923,.T.);
#3781=ORIENTED_EDGE('',*,*,#2908,.T.);
#3782=ORIENTED_EDGE('',*,*,#2924,.T.);
#3783=ORIENTED_EDGE('',*,*,#2925,.T.);
#3784=ORIENTED_EDGE('',*,*,#2926,.T.);
#3785=ORIENTED_EDGE('',*,*,#2927,.T.);
#3786=ORIENTED_EDGE('',*,*,#2928,.T.);
#3787=ORIENTED_EDGE('',*,*,#2929,.T.);
#3788=ORIENTED_EDGE('',*,*,#2930,.F.);
#3789=ORIENTED_EDGE('',*,*,#2919,.F.);
#3790=ORIENTED_EDGE('',*,*,#2906,.T.);
#3791=ORIENTED_EDGE('',*,*,#2923,.F.);
#3792=ORIENTED_EDGE('',*,*,#2931,.F.);
#3793=ORIENTED_EDGE('',*,*,#2932,.T.);
#3794=ORIENTED_EDGE('',*,*,#2933,.T.);
#3795=ORIENTED_EDGE('',*,*,#2896,.T.);
#3796=ORIENTED_EDGE('',*,*,#2934,.T.);
#3797=ORIENTED_EDGE('',*,*,#2935,.T.);
#3798=ORIENTED_EDGE('',*,*,#2936,.T.);
#3799=ORIENTED_EDGE('',*,*,#2843,.F.);
#3800=ORIENTED_EDGE('',*,*,#2937,.F.);
#3801=ORIENTED_EDGE('',*,*,#2938,.F.);
#3802=ORIENTED_EDGE('',*,*,#2939,.T.);
#3803=ORIENTED_EDGE('',*,*,#2844,.F.);
#3804=ORIENTED_EDGE('',*,*,#2939,.F.);
#3805=ORIENTED_EDGE('',*,*,#2940,.F.);
#3806=ORIENTED_EDGE('',*,*,#2941,.T.);
#3807=ORIENTED_EDGE('',*,*,#2845,.F.);
#3808=ORIENTED_EDGE('',*,*,#2941,.F.);
#3809=ORIENTED_EDGE('',*,*,#2942,.F.);
#3810=ORIENTED_EDGE('',*,*,#2943,.T.);
#3811=ORIENTED_EDGE('',*,*,#2846,.F.);
#3812=ORIENTED_EDGE('',*,*,#2943,.F.);
#3813=ORIENTED_EDGE('',*,*,#2944,.F.);
#3814=ORIENTED_EDGE('',*,*,#2945,.T.);
#3815=ORIENTED_EDGE('',*,*,#2847,.F.);
#3816=ORIENTED_EDGE('',*,*,#2945,.F.);
#3817=ORIENTED_EDGE('',*,*,#2946,.F.);
#3818=ORIENTED_EDGE('',*,*,#2947,.T.);
#3819=ORIENTED_EDGE('',*,*,#2848,.F.);
#3820=ORIENTED_EDGE('',*,*,#2947,.F.);
#3821=ORIENTED_EDGE('',*,*,#2948,.F.);
#3822=ORIENTED_EDGE('',*,*,#2949,.T.);
#3823=ORIENTED_EDGE('',*,*,#2849,.F.);
#3824=ORIENTED_EDGE('',*,*,#2949,.F.);
#3825=ORIENTED_EDGE('',*,*,#2950,.F.);
#3826=ORIENTED_EDGE('',*,*,#2951,.T.);
#3827=ORIENTED_EDGE('',*,*,#2850,.F.);
#3828=ORIENTED_EDGE('',*,*,#2951,.F.);
#3829=ORIENTED_EDGE('',*,*,#2952,.F.);
#3830=ORIENTED_EDGE('',*,*,#2898,.T.);
#3831=ORIENTED_EDGE('',*,*,#2925,.F.);
#3832=ORIENTED_EDGE('',*,*,#2953,.F.);
#3833=ORIENTED_EDGE('',*,*,#2954,.F.);
#3834=ORIENTED_EDGE('',*,*,#2955,.T.);
#3835=ORIENTED_EDGE('',*,*,#2773,.T.);
#3836=ORIENTED_EDGE('',*,*,#2767,.T.);
#3837=ORIENTED_EDGE('',*,*,#2926,.F.);
#3838=ORIENTED_EDGE('',*,*,#2955,.F.);
#3839=ORIENTED_EDGE('',*,*,#2956,.T.);
#3840=ORIENTED_EDGE('',*,*,#2957,.T.);
#3841=ORIENTED_EDGE('',*,*,#2891,.T.);
#3842=ORIENTED_EDGE('',*,*,#2958,.F.);
#3843=ORIENTED_EDGE('',*,*,#2927,.F.);
#3844=ORIENTED_EDGE('',*,*,#2957,.F.);
#3845=ORIENTED_EDGE('',*,*,#2959,.F.);
#3846=ORIENTED_EDGE('',*,*,#2900,.T.);
#3847=ORIENTED_EDGE('',*,*,#2842,.F.);
#3848=ORIENTED_EDGE('',*,*,#2902,.F.);
#3849=ORIENTED_EDGE('',*,*,#2960,.F.);
#3850=ORIENTED_EDGE('',*,*,#2937,.T.);
#3851=ORIENTED_EDGE('',*,*,#2934,.F.);
#3852=ORIENTED_EDGE('',*,*,#2895,.F.);
#3853=ORIENTED_EDGE('',*,*,#2961,.T.);
#3854=ORIENTED_EDGE('',*,*,#2962,.T.);
#3855=ORIENTED_EDGE('',*,*,#2935,.F.);
#3856=ORIENTED_EDGE('',*,*,#2962,.F.);
#3857=ORIENTED_EDGE('',*,*,#2963,.F.);
#3858=ORIENTED_EDGE('',*,*,#2964,.T.);
#3859=ORIENTED_EDGE('',*,*,#2768,.T.);
#3860=ORIENTED_EDGE('',*,*,#2762,.T.);
#3861=ORIENTED_EDGE('',*,*,#2903,.T.);
#3862=ORIENTED_EDGE('',*,*,#2936,.F.);
#3863=ORIENTED_EDGE('',*,*,#2964,.F.);
#3864=ORIENTED_EDGE('',*,*,#2965,.F.);
#3865=ORIENTED_EDGE('',*,*,#2953,.T.);
#3866=ORIENTED_EDGE('',*,*,#2924,.F.);
#3867=ORIENTED_EDGE('',*,*,#2907,.T.);
#3868=ORIENTED_EDGE('',*,*,#2911,.T.);
#3869=ORIENTED_EDGE('',*,*,#2914,.T.);
#3870=ORIENTED_EDGE('',*,*,#2917,.T.);
#3871=ORIENTED_EDGE('',*,*,#2965,.T.);
#3872=ORIENTED_EDGE('',*,*,#2963,.T.);
#3873=ORIENTED_EDGE('',*,*,#2961,.F.);
#3874=ORIENTED_EDGE('',*,*,#2894,.T.);
#3875=ORIENTED_EDGE('',*,*,#2899,.T.);
#3876=ORIENTED_EDGE('',*,*,#2952,.T.);
#3877=ORIENTED_EDGE('',*,*,#2950,.T.);
#3878=ORIENTED_EDGE('',*,*,#2948,.T.);
#3879=ORIENTED_EDGE('',*,*,#2946,.T.);
#3880=ORIENTED_EDGE('',*,*,#2944,.T.);
#3881=ORIENTED_EDGE('',*,*,#2942,.T.);
#3882=ORIENTED_EDGE('',*,*,#2940,.T.);
#3883=ORIENTED_EDGE('',*,*,#2938,.T.);
#3884=ORIENTED_EDGE('',*,*,#2960,.T.);
#3885=ORIENTED_EDGE('',*,*,#2901,.T.);
#3886=ORIENTED_EDGE('',*,*,#2959,.T.);
#3887=ORIENTED_EDGE('',*,*,#2956,.F.);
#3888=ORIENTED_EDGE('',*,*,#2954,.T.);
#3889=ORIENTED_EDGE('',*,*,#2813,.T.);
#3890=ORIENTED_EDGE('',*,*,#2816,.T.);
#3891=ORIENTED_EDGE('',*,*,#2819,.T.);
#3892=ORIENTED_EDGE('',*,*,#2822,.T.);
#3893=ORIENTED_EDGE('',*,*,#2800,.T.);
#3894=ORIENTED_EDGE('',*,*,#2804,.T.);
#3895=ORIENTED_EDGE('',*,*,#2807,.T.);
#3896=ORIENTED_EDGE('',*,*,#2810,.T.);
#3897=ORIENTED_EDGE('',*,*,#2869,.T.);
#3898=ORIENTED_EDGE('',*,*,#2877,.T.);
#3899=ORIENTED_EDGE('',*,*,#2897,.T.);
#3900=ORIENTED_EDGE('',*,*,#2933,.F.);
#3901=ORIENTED_EDGE('',*,*,#2966,.F.);
#3902=ORIENTED_EDGE('',*,*,#2872,.T.);
#3903=ORIENTED_EDGE('',*,*,#2967,.T.);
#3904=ORIENTED_EDGE('',*,*,#2968,.F.);
#3905=ORIENTED_EDGE('',*,*,#2921,.F.);
#3906=ORIENTED_EDGE('',*,*,#2969,.T.);
#3907=ORIENTED_EDGE('',*,*,#2970,.T.);
#3908=ORIENTED_EDGE('',*,*,#2971,.F.);
#3909=ORIENTED_EDGE('',*,*,#2972,.T.);
#3910=ORIENTED_EDGE('',*,*,#2968,.T.);
#3911=ORIENTED_EDGE('',*,*,#2973,.T.);
#3912=ORIENTED_EDGE('',*,*,#2974,.F.);
#3913=ORIENTED_EDGE('',*,*,#2975,.T.);
#3914=ORIENTED_EDGE('',*,*,#2971,.T.);
#3915=ORIENTED_EDGE('',*,*,#2976,.T.);
#3916=ORIENTED_EDGE('',*,*,#2977,.F.);
#3917=ORIENTED_EDGE('',*,*,#2978,.T.);
#3918=ORIENTED_EDGE('',*,*,#2974,.T.);
#3919=ORIENTED_EDGE('',*,*,#2979,.T.);
#3920=ORIENTED_EDGE('',*,*,#2980,.F.);
#3921=ORIENTED_EDGE('',*,*,#2981,.F.);
#3922=ORIENTED_EDGE('',*,*,#2977,.T.);
#3923=ORIENTED_EDGE('',*,*,#2982,.T.);
#3924=ORIENTED_EDGE('',*,*,#2983,.F.);
#3925=ORIENTED_EDGE('',*,*,#2984,.T.);
#3926=ORIENTED_EDGE('',*,*,#2980,.T.);
#3927=ORIENTED_EDGE('',*,*,#2985,.T.);
#3928=ORIENTED_EDGE('',*,*,#2986,.F.);
#3929=ORIENTED_EDGE('',*,*,#2987,.F.);
#3930=ORIENTED_EDGE('',*,*,#2983,.T.);
#3931=ORIENTED_EDGE('',*,*,#2988,.T.);
#3932=ORIENTED_EDGE('',*,*,#2989,.F.);
#3933=ORIENTED_EDGE('',*,*,#2990,.F.);
#3934=ORIENTED_EDGE('',*,*,#2986,.T.);
#3935=ORIENTED_EDGE('',*,*,#2991,.T.);
#3936=ORIENTED_EDGE('',*,*,#2992,.F.);
#3937=ORIENTED_EDGE('',*,*,#2993,.F.);
#3938=ORIENTED_EDGE('',*,*,#2989,.T.);
#3939=ORIENTED_EDGE('',*,*,#2994,.T.);
#3940=ORIENTED_EDGE('',*,*,#2995,.F.);
#3941=ORIENTED_EDGE('',*,*,#2996,.T.);
#3942=ORIENTED_EDGE('',*,*,#2992,.T.);
#3943=ORIENTED_EDGE('',*,*,#2997,.T.);
#3944=ORIENTED_EDGE('',*,*,#2998,.F.);
#3945=ORIENTED_EDGE('',*,*,#2999,.F.);
#3946=ORIENTED_EDGE('',*,*,#2995,.T.);
#3947=ORIENTED_EDGE('',*,*,#3000,.T.);
#3948=ORIENTED_EDGE('',*,*,#3001,.F.);
#3949=ORIENTED_EDGE('',*,*,#3002,.F.);
#3950=ORIENTED_EDGE('',*,*,#2998,.T.);
#3951=ORIENTED_EDGE('',*,*,#3003,.T.);
#3952=ORIENTED_EDGE('',*,*,#3004,.F.);
#3953=ORIENTED_EDGE('',*,*,#3005,.F.);
#3954=ORIENTED_EDGE('',*,*,#3001,.T.);
#3955=ORIENTED_EDGE('',*,*,#3006,.T.);
#3956=ORIENTED_EDGE('',*,*,#3007,.F.);
#3957=ORIENTED_EDGE('',*,*,#3008,.T.);
#3958=ORIENTED_EDGE('',*,*,#3004,.T.);
#3959=ORIENTED_EDGE('',*,*,#3009,.T.);
#3960=ORIENTED_EDGE('',*,*,#3010,.F.);
#3961=ORIENTED_EDGE('',*,*,#3011,.F.);
#3962=ORIENTED_EDGE('',*,*,#3007,.T.);
#3963=ORIENTED_EDGE('',*,*,#3012,.T.);
#3964=ORIENTED_EDGE('',*,*,#3013,.F.);
#3965=ORIENTED_EDGE('',*,*,#3014,.T.);
#3966=ORIENTED_EDGE('',*,*,#3010,.T.);
#3967=ORIENTED_EDGE('',*,*,#3015,.T.);
#3968=ORIENTED_EDGE('',*,*,#3016,.F.);
#3969=ORIENTED_EDGE('',*,*,#3017,.T.);
#3970=ORIENTED_EDGE('',*,*,#3013,.T.);
#3971=ORIENTED_EDGE('',*,*,#3018,.T.);
#3972=ORIENTED_EDGE('',*,*,#2969,.F.);
#3973=ORIENTED_EDGE('',*,*,#3019,.T.);
#3974=ORIENTED_EDGE('',*,*,#3016,.T.);
#3975=ORIENTED_EDGE('',*,*,#2967,.F.);
#3976=ORIENTED_EDGE('',*,*,#3018,.F.);
#3977=ORIENTED_EDGE('',*,*,#3015,.F.);
#3978=ORIENTED_EDGE('',*,*,#3012,.F.);
#3979=ORIENTED_EDGE('',*,*,#3009,.F.);
#3980=ORIENTED_EDGE('',*,*,#3006,.F.);
#3981=ORIENTED_EDGE('',*,*,#3003,.F.);
#3982=ORIENTED_EDGE('',*,*,#3000,.F.);
#3983=ORIENTED_EDGE('',*,*,#2997,.F.);
#3984=ORIENTED_EDGE('',*,*,#2994,.F.);
#3985=ORIENTED_EDGE('',*,*,#2991,.F.);
#3986=ORIENTED_EDGE('',*,*,#2988,.F.);
#3987=ORIENTED_EDGE('',*,*,#2985,.F.);
#3988=ORIENTED_EDGE('',*,*,#2982,.F.);
#3989=ORIENTED_EDGE('',*,*,#2979,.F.);
#3990=ORIENTED_EDGE('',*,*,#2976,.F.);
#3991=ORIENTED_EDGE('',*,*,#2973,.F.);
#3992=ORIENTED_EDGE('',*,*,#2970,.F.);
#3993=ORIENTED_EDGE('',*,*,#2814,.T.);
#3994=ORIENTED_EDGE('',*,*,#2811,.T.);
#3995=ORIENTED_EDGE('',*,*,#2808,.T.);
#3996=ORIENTED_EDGE('',*,*,#2805,.T.);
#3997=ORIENTED_EDGE('',*,*,#2802,.T.);
#3998=ORIENTED_EDGE('',*,*,#2823,.T.);
#3999=ORIENTED_EDGE('',*,*,#2820,.T.);
#4000=ORIENTED_EDGE('',*,*,#2817,.T.);
#4001=ORIENTED_EDGE('',*,*,#2931,.T.);
#4002=ORIENTED_EDGE('',*,*,#2922,.F.);
#4003=ORIENTED_EDGE('',*,*,#2972,.F.);
#4004=ORIENTED_EDGE('',*,*,#3020,.T.);
#4005=ORIENTED_EDGE('',*,*,#3021,.F.);
#4006=ORIENTED_EDGE('',*,*,#3022,.F.);
#4007=ORIENTED_EDGE('',*,*,#2770,.T.);
#4008=ORIENTED_EDGE('',*,*,#2764,.T.);
#4009=ORIENTED_EDGE('',*,*,#3023,.F.);
#4010=ORIENTED_EDGE('',*,*,#3024,.F.);
#4011=ORIENTED_EDGE('',*,*,#3025,.F.);
#4012=ORIENTED_EDGE('',*,*,#3026,.F.);
#4013=ORIENTED_EDGE('',*,*,#3011,.T.);
#4014=ORIENTED_EDGE('',*,*,#3027,.T.);
#4015=ORIENTED_EDGE('',*,*,#3028,.F.);
#4016=ORIENTED_EDGE('',*,*,#3020,.F.);
#4017=ORIENTED_EDGE('',*,*,#2975,.F.);
#4018=ORIENTED_EDGE('',*,*,#3029,.T.);
#4019=ORIENTED_EDGE('',*,*,#3030,.F.);
#4020=ORIENTED_EDGE('',*,*,#3029,.F.);
#4021=ORIENTED_EDGE('',*,*,#2978,.F.);
#4022=ORIENTED_EDGE('',*,*,#3031,.T.);
#4023=ORIENTED_EDGE('',*,*,#3032,.F.);
#4024=ORIENTED_EDGE('',*,*,#3033,.F.);
#4025=ORIENTED_EDGE('',*,*,#3031,.F.);
#4026=ORIENTED_EDGE('',*,*,#2981,.T.);
#4027=ORIENTED_EDGE('',*,*,#3034,.T.);
#4028=ORIENTED_EDGE('',*,*,#3035,.F.);
#4029=ORIENTED_EDGE('',*,*,#3036,.F.);
#4030=ORIENTED_EDGE('',*,*,#3037,.F.);
#4031=ORIENTED_EDGE('',*,*,#3017,.F.);
#4032=ORIENTED_EDGE('',*,*,#3038,.T.);
#4033=ORIENTED_EDGE('',*,*,#3039,.F.);
#4034=ORIENTED_EDGE('',*,*,#3027,.F.);
#4035=ORIENTED_EDGE('',*,*,#3014,.F.);
#4036=ORIENTED_EDGE('',*,*,#3037,.T.);
#4037=ORIENTED_EDGE('',*,*,#3040,.F.);
#4038=ORIENTED_EDGE('',*,*,#3041,.F.);
#4039=ORIENTED_EDGE('',*,*,#3008,.F.);
#4040=ORIENTED_EDGE('',*,*,#3026,.T.);
#4041=ORIENTED_EDGE('',*,*,#3042,.F.);
#4042=ORIENTED_EDGE('',*,*,#3043,.F.);
#4043=ORIENTED_EDGE('',*,*,#3005,.T.);
#4044=ORIENTED_EDGE('',*,*,#3041,.T.);
#4045=ORIENTED_EDGE('',*,*,#3044,.F.);
#4046=ORIENTED_EDGE('',*,*,#3045,.F.);
#4047=ORIENTED_EDGE('',*,*,#3002,.T.);
#4048=ORIENTED_EDGE('',*,*,#3043,.T.);
#4049=ORIENTED_EDGE('',*,*,#3046,.F.);
#4050=ORIENTED_EDGE('',*,*,#3047,.F.);
#4051=ORIENTED_EDGE('',*,*,#2999,.T.);
#4052=ORIENTED_EDGE('',*,*,#3045,.T.);
#4053=ORIENTED_EDGE('',*,*,#3048,.F.);
#4054=ORIENTED_EDGE('',*,*,#3049,.F.);
#4055=ORIENTED_EDGE('',*,*,#2996,.F.);
#4056=ORIENTED_EDGE('',*,*,#3047,.T.);
#4057=ORIENTED_EDGE('',*,*,#3050,.F.);
#4058=ORIENTED_EDGE('',*,*,#3051,.F.);
#4059=ORIENTED_EDGE('',*,*,#2993,.T.);
#4060=ORIENTED_EDGE('',*,*,#3049,.T.);
#4061=ORIENTED_EDGE('',*,*,#3052,.F.);
#4062=ORIENTED_EDGE('',*,*,#3053,.F.);
#4063=ORIENTED_EDGE('',*,*,#2990,.T.);
#4064=ORIENTED_EDGE('',*,*,#3051,.T.);
#4065=ORIENTED_EDGE('',*,*,#3054,.F.);
#4066=ORIENTED_EDGE('',*,*,#3055,.F.);
#4067=ORIENTED_EDGE('',*,*,#2987,.T.);
#4068=ORIENTED_EDGE('',*,*,#3053,.T.);
#4069=ORIENTED_EDGE('',*,*,#3056,.F.);
#4070=ORIENTED_EDGE('',*,*,#3034,.F.);
#4071=ORIENTED_EDGE('',*,*,#2984,.F.);
#4072=ORIENTED_EDGE('',*,*,#3055,.T.);
#4073=ORIENTED_EDGE('',*,*,#2930,.T.);
#4074=ORIENTED_EDGE('',*,*,#3057,.F.);
#4075=ORIENTED_EDGE('',*,*,#3058,.F.);
#4076=ORIENTED_EDGE('',*,*,#3038,.F.);
#4077=ORIENTED_EDGE('',*,*,#3019,.F.);
#4078=ORIENTED_EDGE('',*,*,#2920,.T.);
#4079=ORIENTED_EDGE('',*,*,#2771,.T.);
#4080=ORIENTED_EDGE('',*,*,#2765,.T.);
#4081=ORIENTED_EDGE('',*,*,#3032,.T.);
#4082=ORIENTED_EDGE('',*,*,#3059,.F.);
#4083=ORIENTED_EDGE('',*,*,#3060,.F.);
#4084=ORIENTED_EDGE('',*,*,#3061,.F.);
#4085=ORIENTED_EDGE('',*,*,#3062,.F.);
#4086=ORIENTED_EDGE('',*,*,#3063,.F.);
#4087=ORIENTED_EDGE('',*,*,#3033,.T.);
#4088=ORIENTED_EDGE('',*,*,#3063,.T.);
#4089=ORIENTED_EDGE('',*,*,#3064,.T.);
#4090=ORIENTED_EDGE('',*,*,#3021,.T.);
#4091=ORIENTED_EDGE('',*,*,#3028,.T.);
#4092=ORIENTED_EDGE('',*,*,#3030,.T.);
#4093=ORIENTED_EDGE('',*,*,#3023,.T.);
#4094=ORIENTED_EDGE('',*,*,#3039,.T.);
#4095=ORIENTED_EDGE('',*,*,#3036,.T.);
#4096=ORIENTED_EDGE('',*,*,#3058,.T.);
#4097=ORIENTED_EDGE('',*,*,#3065,.T.);
#4098=ORIENTED_EDGE('',*,*,#3066,.T.);
#4099=ORIENTED_EDGE('',*,*,#2890,.T.);
#4100=ORIENTED_EDGE('',*,*,#2861,.F.);
#4101=ORIENTED_EDGE('',*,*,#3067,.F.);
#4102=ORIENTED_EDGE('',*,*,#2928,.F.);
#4103=ORIENTED_EDGE('',*,*,#2958,.T.);
#4104=ORIENTED_EDGE('',*,*,#3022,.T.);
#4105=ORIENTED_EDGE('',*,*,#3064,.F.);
#4106=ORIENTED_EDGE('',*,*,#3062,.T.);
#4107=ORIENTED_EDGE('',*,*,#3068,.F.);
#4108=ORIENTED_EDGE('',*,*,#2932,.F.);
#4109=ORIENTED_EDGE('',*,*,#3057,.T.);
#4110=ORIENTED_EDGE('',*,*,#2929,.F.);
#4111=ORIENTED_EDGE('',*,*,#3069,.F.);
#4112=ORIENTED_EDGE('',*,*,#3070,.T.);
#4113=ORIENTED_EDGE('',*,*,#3065,.F.);
#4114=ORIENTED_EDGE('',*,*,#3071,.F.);
#4115=ORIENTED_EDGE('',*,*,#3072,.T.);
#4116=ORIENTED_EDGE('',*,*,#3073,.F.);
#4117=ORIENTED_EDGE('',*,*,#3074,.F.);
#4118=ORIENTED_EDGE('',*,*,#3075,.F.);
#4119=ORIENTED_EDGE('',*,*,#3074,.T.);
#4120=ORIENTED_EDGE('',*,*,#3076,.F.);
#4121=ORIENTED_EDGE('',*,*,#3077,.F.);
#4122=ORIENTED_EDGE('',*,*,#3078,.F.);
#4123=ORIENTED_EDGE('',*,*,#3077,.T.);
#4124=ORIENTED_EDGE('',*,*,#3079,.F.);
#4125=ORIENTED_EDGE('',*,*,#3080,.F.);
#4126=ORIENTED_EDGE('',*,*,#3024,.T.);
#4127=ORIENTED_EDGE('',*,*,#3066,.F.);
#4128=ORIENTED_EDGE('',*,*,#3070,.F.);
#4129=ORIENTED_EDGE('',*,*,#3081,.F.);
#4130=ORIENTED_EDGE('',*,*,#3080,.T.);
#4131=ORIENTED_EDGE('',*,*,#3082,.F.);
#4132=ORIENTED_EDGE('',*,*,#3083,.F.);
#4133=ORIENTED_EDGE('',*,*,#3060,.T.);
#4134=ORIENTED_EDGE('',*,*,#3084,.F.);
#4135=ORIENTED_EDGE('',*,*,#3085,.F.);
#4136=ORIENTED_EDGE('',*,*,#3086,.F.);
#4137=ORIENTED_EDGE('',*,*,#3087,.T.);
#4138=ORIENTED_EDGE('',*,*,#3088,.F.);
#4139=ORIENTED_EDGE('',*,*,#3072,.F.);
#4140=ORIENTED_EDGE('',*,*,#3089,.F.);
#4141=ORIENTED_EDGE('',*,*,#3090,.T.);
#4142=ORIENTED_EDGE('',*,*,#3091,.F.);
#4143=ORIENTED_EDGE('',*,*,#3087,.F.);
#4144=ORIENTED_EDGE('',*,*,#3092,.F.);
#4145=ORIENTED_EDGE('',*,*,#3085,.T.);
#4146=ORIENTED_EDGE('',*,*,#3093,.F.);
#4147=ORIENTED_EDGE('',*,*,#3090,.F.);
#4148=ORIENTED_EDGE('',*,*,#3025,.T.);
#4149=ORIENTED_EDGE('',*,*,#3082,.T.);
#4150=ORIENTED_EDGE('',*,*,#3079,.T.);
#4151=ORIENTED_EDGE('',*,*,#3076,.T.);
#4152=ORIENTED_EDGE('',*,*,#3073,.T.);
#4153=ORIENTED_EDGE('',*,*,#3088,.T.);
#4154=ORIENTED_EDGE('',*,*,#3091,.T.);
#4155=ORIENTED_EDGE('',*,*,#3093,.T.);
#4156=ORIENTED_EDGE('',*,*,#3084,.T.);
#4157=ORIENTED_EDGE('',*,*,#3059,.T.);
#4158=ORIENTED_EDGE('',*,*,#3035,.T.);
#4159=ORIENTED_EDGE('',*,*,#3056,.T.);
#4160=ORIENTED_EDGE('',*,*,#3054,.T.);
#4161=ORIENTED_EDGE('',*,*,#3052,.T.);
#4162=ORIENTED_EDGE('',*,*,#3050,.T.);
#4163=ORIENTED_EDGE('',*,*,#3048,.T.);
#4164=ORIENTED_EDGE('',*,*,#3046,.T.);
#4165=ORIENTED_EDGE('',*,*,#3044,.T.);
#4166=ORIENTED_EDGE('',*,*,#3042,.T.);
#4167=ORIENTED_EDGE('',*,*,#3040,.T.);
#4168=ORIENTED_EDGE('',*,*,#2777,.T.);
#4169=ORIENTED_EDGE('',*,*,#2774,.T.);
#4170=ORIENTED_EDGE('',*,*,#2835,.T.);
#4171=ORIENTED_EDGE('',*,*,#2874,.F.);
#4172=ORIENTED_EDGE('',*,*,#3094,.F.);
#4173=ORIENTED_EDGE('',*,*,#2885,.T.);
#4174=ORIENTED_EDGE('',*,*,#3081,.T.);
#4175=ORIENTED_EDGE('',*,*,#3069,.T.);
#4176=ORIENTED_EDGE('',*,*,#3067,.T.);
#4177=ORIENTED_EDGE('',*,*,#2860,.F.);
#4178=ORIENTED_EDGE('',*,*,#2888,.T.);
#4179=ORIENTED_EDGE('',*,*,#2882,.F.);
#4180=ORIENTED_EDGE('',*,*,#2889,.T.);
#4181=ORIENTED_EDGE('',*,*,#2886,.F.);
#4182=ORIENTED_EDGE('',*,*,#3094,.T.);
#4183=ORIENTED_EDGE('',*,*,#2873,.F.);
#4184=ORIENTED_EDGE('',*,*,#2966,.T.);
#4185=ORIENTED_EDGE('',*,*,#3068,.T.);
#4186=ORIENTED_EDGE('',*,*,#3061,.T.);
#4187=ORIENTED_EDGE('',*,*,#3083,.T.);
#4188=ORIENTED_EDGE('',*,*,#3092,.T.);
#4189=ORIENTED_EDGE('',*,*,#3089,.T.);
#4190=ORIENTED_EDGE('',*,*,#3086,.T.);
#4191=ORIENTED_EDGE('',*,*,#3071,.T.);
#4192=ORIENTED_EDGE('',*,*,#3075,.T.);
#4193=ORIENTED_EDGE('',*,*,#3078,.T.);
#4194=ORIENTED_EDGE('',*,*,#3095,.T.);
#4195=ORIENTED_EDGE('',*,*,#3096,.T.);
#4196=ORIENTED_EDGE('',*,*,#3097,.F.);
#4197=ORIENTED_EDGE('',*,*,#3096,.F.);
#4198=ORIENTED_EDGE('',*,*,#3098,.T.);
#4199=ORIENTED_EDGE('',*,*,#3099,.T.);
#4200=ORIENTED_EDGE('',*,*,#3100,.F.);
#4201=ORIENTED_EDGE('',*,*,#3101,.F.);
#4202=ORIENTED_EDGE('',*,*,#3099,.F.);
#4203=ORIENTED_EDGE('',*,*,#3102,.T.);
#4204=ORIENTED_EDGE('',*,*,#3103,.T.);
#4205=ORIENTED_EDGE('',*,*,#3104,.F.);
#4206=ORIENTED_EDGE('',*,*,#3103,.F.);
#4207=ORIENTED_EDGE('',*,*,#3102,.F.);
#4208=ORIENTED_EDGE('',*,*,#3105,.T.);
#4209=ORIENTED_EDGE('',*,*,#3097,.T.);
#4210=ORIENTED_EDGE('',*,*,#3105,.F.);
#4211=ORIENTED_EDGE('',*,*,#3095,.F.);
#4212=ORIENTED_EDGE('',*,*,#3106,.T.);
#4213=ORIENTED_EDGE('',*,*,#3098,.F.);
#4214=ORIENTED_EDGE('',*,*,#3106,.F.);
#4215=ORIENTED_EDGE('',*,*,#3107,.T.);
#4216=ORIENTED_EDGE('',*,*,#3108,.T.);
#4217=ORIENTED_EDGE('',*,*,#3109,.F.);
#4218=ORIENTED_EDGE('',*,*,#3108,.F.);
#4219=ORIENTED_EDGE('',*,*,#3107,.F.);
#4220=ORIENTED_EDGE('',*,*,#3110,.T.);
#4221=ORIENTED_EDGE('',*,*,#3100,.T.);
#4222=ORIENTED_EDGE('',*,*,#3101,.T.);
#4223=ORIENTED_EDGE('',*,*,#3110,.F.);
#4224=ORIENTED_EDGE('',*,*,#3109,.T.);
#4225=ORIENTED_EDGE('',*,*,#3104,.T.);
#4226=ORIENTED_EDGE('',*,*,#3111,.F.);
#4227=ORIENTED_EDGE('',*,*,#3112,.T.);
#4228=ORIENTED_EDGE('',*,*,#3113,.F.);
#4229=ORIENTED_EDGE('',*,*,#3112,.F.);
#4230=ORIENTED_EDGE('',*,*,#3114,.F.);
#4231=ORIENTED_EDGE('',*,*,#3115,.T.);
#4232=ORIENTED_EDGE('',*,*,#3116,.F.);
#4233=ORIENTED_EDGE('',*,*,#3115,.F.);
#4234=ORIENTED_EDGE('',*,*,#3117,.F.);
#4235=ORIENTED_EDGE('',*,*,#3118,.T.);
#4236=ORIENTED_EDGE('',*,*,#3119,.F.);
#4237=ORIENTED_EDGE('',*,*,#3118,.F.);
#4238=ORIENTED_EDGE('',*,*,#3119,.T.);
#4239=ORIENTED_EDGE('',*,*,#3114,.T.);
#4240=ORIENTED_EDGE('',*,*,#3120,.T.);
#4241=ORIENTED_EDGE('',*,*,#3116,.T.);
#4242=ORIENTED_EDGE('',*,*,#3120,.F.);
#4243=ORIENTED_EDGE('',*,*,#3121,.T.);
#4244=ORIENTED_EDGE('',*,*,#3122,.T.);
#4245=ORIENTED_EDGE('',*,*,#3121,.F.);
#4246=ORIENTED_EDGE('',*,*,#3122,.F.);
#4247=ORIENTED_EDGE('',*,*,#3111,.T.);
#4248=ORIENTED_EDGE('',*,*,#3123,.F.);
#4249=ORIENTED_EDGE('',*,*,#3113,.T.);
#4250=ORIENTED_EDGE('',*,*,#3123,.T.);
#4251=ORIENTED_EDGE('',*,*,#3124,.T.);
#4252=ORIENTED_EDGE('',*,*,#3125,.F.);
#4253=ORIENTED_EDGE('',*,*,#3124,.F.);
#4254=ORIENTED_EDGE('',*,*,#3125,.T.);
#4255=ORIENTED_EDGE('',*,*,#3117,.T.);
#4256=ORIENTED_EDGE('',*,*,#3126,.F.);
#4257=ORIENTED_EDGE('',*,*,#3127,.T.);
#4258=ORIENTED_EDGE('',*,*,#3128,.T.);
#4259=ORIENTED_EDGE('',*,*,#3129,.T.);
#4260=ORIENTED_EDGE('',*,*,#3130,.T.);
#4261=ORIENTED_EDGE('',*,*,#3131,.T.);
#4262=ORIENTED_EDGE('',*,*,#3132,.F.);
#4263=ORIENTED_EDGE('',*,*,#3133,.F.);
#4264=ORIENTED_EDGE('',*,*,#3134,.T.);
#4265=ORIENTED_EDGE('',*,*,#3135,.T.);
#4266=ORIENTED_EDGE('',*,*,#3136,.T.);
#4267=ORIENTED_EDGE('',*,*,#3137,.T.);
#4268=ORIENTED_EDGE('',*,*,#3138,.T.);
#4269=ORIENTED_EDGE('',*,*,#3135,.F.);
#4270=ORIENTED_EDGE('',*,*,#3139,.F.);
#4271=ORIENTED_EDGE('',*,*,#3130,.F.);
#4272=ORIENTED_EDGE('',*,*,#3140,.T.);
#4273=ORIENTED_EDGE('',*,*,#3136,.F.);
#4274=ORIENTED_EDGE('',*,*,#3138,.F.);
#4275=ORIENTED_EDGE('',*,*,#3129,.F.);
#4276=ORIENTED_EDGE('',*,*,#3141,.T.);
#4277=ORIENTED_EDGE('',*,*,#3137,.F.);
#4278=ORIENTED_EDGE('',*,*,#3140,.F.);
#4279=ORIENTED_EDGE('',*,*,#3128,.F.);
#4280=ORIENTED_EDGE('',*,*,#3133,.T.);
#4281=ORIENTED_EDGE('',*,*,#3142,.F.);
#4282=ORIENTED_EDGE('',*,*,#3143,.F.);
#4283=ORIENTED_EDGE('',*,*,#3144,.T.);
#4284=ORIENTED_EDGE('',*,*,#3132,.T.);
#4285=ORIENTED_EDGE('',*,*,#3145,.F.);
#4286=ORIENTED_EDGE('',*,*,#3146,.F.);
#4287=ORIENTED_EDGE('',*,*,#3142,.T.);
#4288=ORIENTED_EDGE('',*,*,#3147,.T.);
#4289=ORIENTED_EDGE('',*,*,#3148,.T.);
#4290=ORIENTED_EDGE('',*,*,#3143,.T.);
#4291=ORIENTED_EDGE('',*,*,#3146,.T.);
#4292=ORIENTED_EDGE('',*,*,#3126,.T.);
#4293=ORIENTED_EDGE('',*,*,#3144,.F.);
#4294=ORIENTED_EDGE('',*,*,#3148,.F.);
#4295=ORIENTED_EDGE('',*,*,#3149,.T.);
#4296=ORIENTED_EDGE('',*,*,#3149,.F.);
#4297=ORIENTED_EDGE('',*,*,#3147,.F.);
#4298=ORIENTED_EDGE('',*,*,#3145,.T.);
#4299=ORIENTED_EDGE('',*,*,#3131,.F.);
#4300=ORIENTED_EDGE('',*,*,#3139,.T.);
#4301=ORIENTED_EDGE('',*,*,#3134,.F.);
#4302=ORIENTED_EDGE('',*,*,#3141,.F.);
#4303=ORIENTED_EDGE('',*,*,#3127,.F.);
#4304=ORIENTED_EDGE('',*,*,#3150,.F.);
#4305=ORIENTED_EDGE('',*,*,#3151,.F.);
#4306=ORIENTED_EDGE('',*,*,#3152,.F.);
#4307=ORIENTED_EDGE('',*,*,#3153,.F.);
#4308=ORIENTED_EDGE('',*,*,#3154,.F.);
#4309=ORIENTED_EDGE('',*,*,#3153,.T.);
#4310=ORIENTED_EDGE('',*,*,#3155,.F.);
#4311=ORIENTED_EDGE('',*,*,#3156,.T.);
#4312=ORIENTED_EDGE('',*,*,#3157,.F.);
#4313=ORIENTED_EDGE('',*,*,#3156,.F.);
#4314=ORIENTED_EDGE('',*,*,#3158,.F.);
#4315=ORIENTED_EDGE('',*,*,#3159,.F.);
#4316=ORIENTED_EDGE('',*,*,#3160,.F.);
#4317=ORIENTED_EDGE('',*,*,#3159,.T.);
#4318=ORIENTED_EDGE('',*,*,#3161,.F.);
#4319=ORIENTED_EDGE('',*,*,#3151,.T.);
#4320=ORIENTED_EDGE('',*,*,#3162,.F.);
#4321=ORIENTED_EDGE('',*,*,#3163,.T.);
#4322=ORIENTED_EDGE('',*,*,#3164,.F.);
#4323=ORIENTED_EDGE('',*,*,#3165,.F.);
#4324=ORIENTED_EDGE('',*,*,#3166,.F.);
#4325=ORIENTED_EDGE('',*,*,#3167,.F.);
#4326=ORIENTED_EDGE('',*,*,#3168,.F.);
#4327=ORIENTED_EDGE('',*,*,#3169,.F.);
#4328=ORIENTED_EDGE('',*,*,#3170,.F.);
#4329=ORIENTED_EDGE('',*,*,#3169,.T.);
#4330=ORIENTED_EDGE('',*,*,#3171,.F.);
#4331=ORIENTED_EDGE('',*,*,#3163,.F.);
#4332=ORIENTED_EDGE('',*,*,#3157,.T.);
#4333=ORIENTED_EDGE('',*,*,#3160,.T.);
#4334=ORIENTED_EDGE('',*,*,#3150,.T.);
#4335=ORIENTED_EDGE('',*,*,#3154,.T.);
#4336=ORIENTED_EDGE('',*,*,#3164,.T.);
#4337=ORIENTED_EDGE('',*,*,#3171,.T.);
#4338=ORIENTED_EDGE('',*,*,#3168,.T.);
#4339=ORIENTED_EDGE('',*,*,#3172,.T.);
#4340=ORIENTED_EDGE('',*,*,#3173,.T.);
#4341=ORIENTED_EDGE('',*,*,#3174,.T.);
#4342=ORIENTED_EDGE('',*,*,#3175,.T.);
#4343=ORIENTED_EDGE('',*,*,#3176,.T.);
#4344=ORIENTED_EDGE('',*,*,#3167,.T.);
#4345=ORIENTED_EDGE('',*,*,#3177,.F.);
#4346=ORIENTED_EDGE('',*,*,#3178,.T.);
#4347=ORIENTED_EDGE('',*,*,#3172,.F.);
#4348=ORIENTED_EDGE('',*,*,#3165,.T.);
#4349=ORIENTED_EDGE('',*,*,#3176,.F.);
#4350=ORIENTED_EDGE('',*,*,#3179,.F.);
#4351=ORIENTED_EDGE('',*,*,#3180,.F.);
#4352=ORIENTED_EDGE('',*,*,#3162,.T.);
#4353=ORIENTED_EDGE('',*,*,#3180,.T.);
#4354=ORIENTED_EDGE('',*,*,#3181,.T.);
#4355=ORIENTED_EDGE('',*,*,#3182,.T.);
#4356=ORIENTED_EDGE('',*,*,#3183,.T.);
#4357=ORIENTED_EDGE('',*,*,#3177,.T.);
#4358=ORIENTED_EDGE('',*,*,#3166,.T.);
#4359=ORIENTED_EDGE('',*,*,#3170,.T.);
#4360=ORIENTED_EDGE('',*,*,#3179,.T.);
#4361=ORIENTED_EDGE('',*,*,#3175,.F.);
#4362=ORIENTED_EDGE('',*,*,#3184,.F.);
#4363=ORIENTED_EDGE('',*,*,#3181,.F.);
#4364=ORIENTED_EDGE('',*,*,#3185,.T.);
#4365=ORIENTED_EDGE('',*,*,#3173,.F.);
#4366=ORIENTED_EDGE('',*,*,#3178,.F.);
#4367=ORIENTED_EDGE('',*,*,#3183,.F.);
#4368=ORIENTED_EDGE('',*,*,#3184,.T.);
#4369=ORIENTED_EDGE('',*,*,#3174,.F.);
#4370=ORIENTED_EDGE('',*,*,#3185,.F.);
#4371=ORIENTED_EDGE('',*,*,#3182,.F.);
#4372=ORIENTED_EDGE('',*,*,#3158,.T.);
#4373=ORIENTED_EDGE('',*,*,#3155,.T.);
#4374=ORIENTED_EDGE('',*,*,#3152,.T.);
#4375=ORIENTED_EDGE('',*,*,#3161,.T.);
#4376=ORIENTED_EDGE('',*,*,#3186,.F.);
#4377=ORIENTED_EDGE('',*,*,#3187,.F.);
#4378=ORIENTED_EDGE('',*,*,#3188,.F.);
#4379=ORIENTED_EDGE('',*,*,#3189,.F.);
#4380=ORIENTED_EDGE('',*,*,#3190,.F.);
#4381=ORIENTED_EDGE('',*,*,#3191,.F.);
#4382=ORIENTED_EDGE('',*,*,#3192,.F.);
#4383=ORIENTED_EDGE('',*,*,#3193,.F.);
#4384=ORIENTED_EDGE('',*,*,#3194,.F.);
#4385=ORIENTED_EDGE('',*,*,#3195,.F.);
#4386=ORIENTED_EDGE('',*,*,#3196,.F.);
#4387=ORIENTED_EDGE('',*,*,#3197,.F.);
#4388=ORIENTED_EDGE('',*,*,#3198,.F.);
#4389=ORIENTED_EDGE('',*,*,#3199,.F.);
#4390=ORIENTED_EDGE('',*,*,#3200,.F.);
#4391=ORIENTED_EDGE('',*,*,#3201,.F.);
#4392=ORIENTED_EDGE('',*,*,#3197,.T.);
#4393=ORIENTED_EDGE('',*,*,#3202,.T.);
#4394=ORIENTED_EDGE('',*,*,#3203,.T.);
#4395=ORIENTED_EDGE('',*,*,#3196,.T.);
#4396=ORIENTED_EDGE('',*,*,#3204,.T.);
#4397=ORIENTED_EDGE('',*,*,#3205,.F.);
#4398=ORIENTED_EDGE('',*,*,#3202,.F.);
#4399=ORIENTED_EDGE('',*,*,#3190,.T.);
#4400=ORIENTED_EDGE('',*,*,#3206,.F.);
#4401=ORIENTED_EDGE('',*,*,#3207,.F.);
#4402=ORIENTED_EDGE('',*,*,#3208,.F.);
#4403=ORIENTED_EDGE('',*,*,#3193,.T.);
#4404=ORIENTED_EDGE('',*,*,#3209,.T.);
#4405=ORIENTED_EDGE('',*,*,#3206,.T.);
#4406=ORIENTED_EDGE('',*,*,#3198,.T.);
#4407=ORIENTED_EDGE('',*,*,#3210,.T.);
#4408=ORIENTED_EDGE('',*,*,#3194,.T.);
#4409=ORIENTED_EDGE('',*,*,#3203,.F.);
#4410=ORIENTED_EDGE('',*,*,#3205,.T.);
#4411=ORIENTED_EDGE('',*,*,#3211,.T.);
#4412=ORIENTED_EDGE('',*,*,#3207,.T.);
#4413=ORIENTED_EDGE('',*,*,#3209,.F.);
#4414=ORIENTED_EDGE('',*,*,#3192,.T.);
#4415=ORIENTED_EDGE('',*,*,#3212,.T.);
#4416=ORIENTED_EDGE('',*,*,#3188,.T.);
#4417=ORIENTED_EDGE('',*,*,#3213,.F.);
#4418=ORIENTED_EDGE('',*,*,#3214,.T.);
#4419=ORIENTED_EDGE('',*,*,#3215,.T.);
#4420=ORIENTED_EDGE('',*,*,#3216,.T.);
#4421=ORIENTED_EDGE('',*,*,#3217,.F.);
#4422=ORIENTED_EDGE('',*,*,#3216,.F.);
#4423=ORIENTED_EDGE('',*,*,#3218,.T.);
#4424=ORIENTED_EDGE('',*,*,#3219,.T.);
#4425=ORIENTED_EDGE('',*,*,#3220,.F.);
#4426=ORIENTED_EDGE('',*,*,#3186,.T.);
#4427=ORIENTED_EDGE('',*,*,#3221,.F.);
#4428=ORIENTED_EDGE('',*,*,#3214,.F.);
#4429=ORIENTED_EDGE('',*,*,#3222,.F.);
#4430=ORIENTED_EDGE('',*,*,#3223,.F.);
#4431=ORIENTED_EDGE('',*,*,#3218,.F.);
#4432=ORIENTED_EDGE('',*,*,#3215,.F.);
#4433=ORIENTED_EDGE('',*,*,#3221,.T.);
#4434=ORIENTED_EDGE('',*,*,#3189,.T.);
#4435=ORIENTED_EDGE('',*,*,#3212,.F.);
#4436=ORIENTED_EDGE('',*,*,#3191,.T.);
#4437=ORIENTED_EDGE('',*,*,#3208,.T.);
#4438=ORIENTED_EDGE('',*,*,#3211,.F.);
#4439=ORIENTED_EDGE('',*,*,#3204,.F.);
#4440=ORIENTED_EDGE('',*,*,#3195,.T.);
#4441=ORIENTED_EDGE('',*,*,#3210,.F.);
#4442=ORIENTED_EDGE('',*,*,#3201,.T.);
#4443=ORIENTED_EDGE('',*,*,#3200,.T.);
#4444=ORIENTED_EDGE('',*,*,#3224,.F.);
#4445=ORIENTED_EDGE('',*,*,#3219,.F.);
#4446=ORIENTED_EDGE('',*,*,#3223,.T.);
#4447=ORIENTED_EDGE('',*,*,#3187,.T.);
#4448=ORIENTED_EDGE('',*,*,#3222,.T.);
#4449=ORIENTED_EDGE('',*,*,#3213,.T.);
#4450=ORIENTED_EDGE('',*,*,#3217,.T.);
#4451=ORIENTED_EDGE('',*,*,#3225,.T.);
#4452=ORIENTED_EDGE('',*,*,#3199,.T.);
#4453=ORIENTED_EDGE('',*,*,#3220,.T.);
#4454=ORIENTED_EDGE('',*,*,#3224,.T.);
#4455=ORIENTED_EDGE('',*,*,#3225,.F.);
#4456=ORIENTED_EDGE('',*,*,#3226,.T.);
#4457=ORIENTED_EDGE('',*,*,#3227,.F.);
#4458=ORIENTED_EDGE('',*,*,#3226,.F.);
#4459=ORIENTED_EDGE('',*,*,#3227,.T.);
#4460=ORIENTED_EDGE('',*,*,#3228,.F.);
#4461=ORIENTED_EDGE('',*,*,#3229,.F.);
#4462=ORIENTED_EDGE('',*,*,#3230,.F.);
#4463=ORIENTED_EDGE('',*,*,#3231,.F.);
#4464=ORIENTED_EDGE('',*,*,#3232,.F.);
#4465=ORIENTED_EDGE('',*,*,#3233,.F.);
#4466=ORIENTED_EDGE('',*,*,#3234,.F.);
#4467=ORIENTED_EDGE('',*,*,#3235,.F.);
#4468=ORIENTED_EDGE('',*,*,#3236,.F.);
#4469=ORIENTED_EDGE('',*,*,#3237,.F.);
#4470=ORIENTED_EDGE('',*,*,#3238,.F.);
#4471=ORIENTED_EDGE('',*,*,#3239,.F.);
#4472=ORIENTED_EDGE('',*,*,#3240,.F.);
#4473=ORIENTED_EDGE('',*,*,#3241,.F.);
#4474=ORIENTED_EDGE('',*,*,#3242,.F.);
#4475=ORIENTED_EDGE('',*,*,#3243,.F.);
#4476=ORIENTED_EDGE('',*,*,#3239,.T.);
#4477=ORIENTED_EDGE('',*,*,#3244,.T.);
#4478=ORIENTED_EDGE('',*,*,#3245,.T.);
#4479=ORIENTED_EDGE('',*,*,#3238,.T.);
#4480=ORIENTED_EDGE('',*,*,#3246,.T.);
#4481=ORIENTED_EDGE('',*,*,#3247,.F.);
#4482=ORIENTED_EDGE('',*,*,#3244,.F.);
#4483=ORIENTED_EDGE('',*,*,#3232,.T.);
#4484=ORIENTED_EDGE('',*,*,#3248,.F.);
#4485=ORIENTED_EDGE('',*,*,#3249,.F.);
#4486=ORIENTED_EDGE('',*,*,#3250,.F.);
#4487=ORIENTED_EDGE('',*,*,#3235,.T.);
#4488=ORIENTED_EDGE('',*,*,#3251,.T.);
#4489=ORIENTED_EDGE('',*,*,#3248,.T.);
#4490=ORIENTED_EDGE('',*,*,#3240,.T.);
#4491=ORIENTED_EDGE('',*,*,#3252,.T.);
#4492=ORIENTED_EDGE('',*,*,#3236,.T.);
#4493=ORIENTED_EDGE('',*,*,#3245,.F.);
#4494=ORIENTED_EDGE('',*,*,#3247,.T.);
#4495=ORIENTED_EDGE('',*,*,#3253,.T.);
#4496=ORIENTED_EDGE('',*,*,#3249,.T.);
#4497=ORIENTED_EDGE('',*,*,#3251,.F.);
#4498=ORIENTED_EDGE('',*,*,#3234,.T.);
#4499=ORIENTED_EDGE('',*,*,#3254,.T.);
#4500=ORIENTED_EDGE('',*,*,#3230,.T.);
#4501=ORIENTED_EDGE('',*,*,#3255,.F.);
#4502=ORIENTED_EDGE('',*,*,#3256,.T.);
#4503=ORIENTED_EDGE('',*,*,#3257,.T.);
#4504=ORIENTED_EDGE('',*,*,#3258,.T.);
#4505=ORIENTED_EDGE('',*,*,#3259,.F.);
#4506=ORIENTED_EDGE('',*,*,#3258,.F.);
#4507=ORIENTED_EDGE('',*,*,#3260,.T.);
#4508=ORIENTED_EDGE('',*,*,#3261,.T.);
#4509=ORIENTED_EDGE('',*,*,#3262,.F.);
#4510=ORIENTED_EDGE('',*,*,#3228,.T.);
#4511=ORIENTED_EDGE('',*,*,#3263,.F.);
#4512=ORIENTED_EDGE('',*,*,#3256,.F.);
#4513=ORIENTED_EDGE('',*,*,#3264,.F.);
#4514=ORIENTED_EDGE('',*,*,#3265,.F.);
#4515=ORIENTED_EDGE('',*,*,#3260,.F.);
#4516=ORIENTED_EDGE('',*,*,#3257,.F.);
#4517=ORIENTED_EDGE('',*,*,#3263,.T.);
#4518=ORIENTED_EDGE('',*,*,#3231,.T.);
#4519=ORIENTED_EDGE('',*,*,#3254,.F.);
#4520=ORIENTED_EDGE('',*,*,#3233,.T.);
#4521=ORIENTED_EDGE('',*,*,#3250,.T.);
#4522=ORIENTED_EDGE('',*,*,#3253,.F.);
#4523=ORIENTED_EDGE('',*,*,#3246,.F.);
#4524=ORIENTED_EDGE('',*,*,#3237,.T.);
#4525=ORIENTED_EDGE('',*,*,#3252,.F.);
#4526=ORIENTED_EDGE('',*,*,#3243,.T.);
#4527=ORIENTED_EDGE('',*,*,#3242,.T.);
#4528=ORIENTED_EDGE('',*,*,#3266,.F.);
#4529=ORIENTED_EDGE('',*,*,#3261,.F.);
#4530=ORIENTED_EDGE('',*,*,#3265,.T.);
#4531=ORIENTED_EDGE('',*,*,#3229,.T.);
#4532=ORIENTED_EDGE('',*,*,#3264,.T.);
#4533=ORIENTED_EDGE('',*,*,#3255,.T.);
#4534=ORIENTED_EDGE('',*,*,#3259,.T.);
#4535=ORIENTED_EDGE('',*,*,#3267,.T.);
#4536=ORIENTED_EDGE('',*,*,#3241,.T.);
#4537=ORIENTED_EDGE('',*,*,#3262,.T.);
#4538=ORIENTED_EDGE('',*,*,#3266,.T.);
#4539=ORIENTED_EDGE('',*,*,#3267,.F.);
#4540=ORIENTED_EDGE('',*,*,#3268,.T.);
#4541=ORIENTED_EDGE('',*,*,#3269,.F.);
#4542=ORIENTED_EDGE('',*,*,#3268,.F.);
#4543=ORIENTED_EDGE('',*,*,#3269,.T.);
#4544=ORIENTED_EDGE('',*,*,#3270,.F.);
#4545=ORIENTED_EDGE('',*,*,#3271,.F.);
#4546=ORIENTED_EDGE('',*,*,#3272,.F.);
#4547=ORIENTED_EDGE('',*,*,#3273,.F.);
#4548=ORIENTED_EDGE('',*,*,#3274,.F.);
#4549=ORIENTED_EDGE('',*,*,#3273,.T.);
#4550=ORIENTED_EDGE('',*,*,#3275,.F.);
#4551=ORIENTED_EDGE('',*,*,#3276,.T.);
#4552=ORIENTED_EDGE('',*,*,#3277,.F.);
#4553=ORIENTED_EDGE('',*,*,#3276,.F.);
#4554=ORIENTED_EDGE('',*,*,#3278,.F.);
#4555=ORIENTED_EDGE('',*,*,#3279,.F.);
#4556=ORIENTED_EDGE('',*,*,#3280,.F.);
#4557=ORIENTED_EDGE('',*,*,#3279,.T.);
#4558=ORIENTED_EDGE('',*,*,#3281,.F.);
#4559=ORIENTED_EDGE('',*,*,#3271,.T.);
#4560=ORIENTED_EDGE('',*,*,#3282,.F.);
#4561=ORIENTED_EDGE('',*,*,#3283,.F.);
#4562=ORIENTED_EDGE('',*,*,#3284,.F.);
#4563=ORIENTED_EDGE('',*,*,#3285,.F.);
#4564=ORIENTED_EDGE('',*,*,#3286,.F.);
#4565=ORIENTED_EDGE('',*,*,#3285,.T.);
#4566=ORIENTED_EDGE('',*,*,#3287,.F.);
#4567=ORIENTED_EDGE('',*,*,#3288,.T.);
#4568=ORIENTED_EDGE('',*,*,#3289,.F.);
#4569=ORIENTED_EDGE('',*,*,#3288,.F.);
#4570=ORIENTED_EDGE('',*,*,#3290,.F.);
#4571=ORIENTED_EDGE('',*,*,#3291,.F.);
#4572=ORIENTED_EDGE('',*,*,#3292,.F.);
#4573=ORIENTED_EDGE('',*,*,#3291,.T.);
#4574=ORIENTED_EDGE('',*,*,#3293,.F.);
#4575=ORIENTED_EDGE('',*,*,#3283,.T.);
#4576=ORIENTED_EDGE('',*,*,#3294,.F.);
#4577=ORIENTED_EDGE('',*,*,#3295,.T.);
#4578=ORIENTED_EDGE('',*,*,#3296,.T.);
#4579=ORIENTED_EDGE('',*,*,#3297,.T.);
#4580=ORIENTED_EDGE('',*,*,#3298,.F.);
#4581=ORIENTED_EDGE('',*,*,#3299,.T.);
#4582=ORIENTED_EDGE('',*,*,#3300,.T.);
#4583=ORIENTED_EDGE('',*,*,#3301,.T.);
#4584=ORIENTED_EDGE('',*,*,#3302,.F.);
#4585=ORIENTED_EDGE('',*,*,#3303,.T.);
#4586=ORIENTED_EDGE('',*,*,#3304,.T.);
#4587=ORIENTED_EDGE('',*,*,#3305,.T.);
#4588=ORIENTED_EDGE('',*,*,#3306,.F.);
#4589=ORIENTED_EDGE('',*,*,#3307,.T.);
#4590=ORIENTED_EDGE('',*,*,#3308,.T.);
#4591=ORIENTED_EDGE('',*,*,#3309,.T.);
#4592=ORIENTED_EDGE('',*,*,#3310,.T.);
#4593=ORIENTED_EDGE('',*,*,#3308,.F.);
#4594=ORIENTED_EDGE('',*,*,#3311,.F.);
#4595=ORIENTED_EDGE('',*,*,#3300,.F.);
#4596=ORIENTED_EDGE('',*,*,#3312,.T.);
#4597=ORIENTED_EDGE('',*,*,#3304,.F.);
#4598=ORIENTED_EDGE('',*,*,#3313,.F.);
#4599=ORIENTED_EDGE('',*,*,#3296,.F.);
#4600=ORIENTED_EDGE('',*,*,#3314,.F.);
#4601=ORIENTED_EDGE('',*,*,#3315,.F.);
#4602=ORIENTED_EDGE('',*,*,#3316,.F.);
#4603=ORIENTED_EDGE('',*,*,#3317,.F.);
#4604=ORIENTED_EDGE('',*,*,#3318,.F.);
#4605=ORIENTED_EDGE('',*,*,#3319,.F.);
#4606=ORIENTED_EDGE('',*,*,#3320,.T.);
#4607=ORIENTED_EDGE('',*,*,#3321,.F.);
#4608=ORIENTED_EDGE('',*,*,#3322,.T.);
#4609=ORIENTED_EDGE('',*,*,#3323,.F.);
#4610=ORIENTED_EDGE('',*,*,#3324,.T.);
#4611=ORIENTED_EDGE('',*,*,#3301,.F.);
#4612=ORIENTED_EDGE('',*,*,#3311,.T.);
#4613=ORIENTED_EDGE('',*,*,#3307,.F.);
#4614=ORIENTED_EDGE('',*,*,#3325,.T.);
#4615=ORIENTED_EDGE('',*,*,#3326,.F.);
#4616=ORIENTED_EDGE('',*,*,#3327,.F.);
#4617=ORIENTED_EDGE('',*,*,#3305,.F.);
#4618=ORIENTED_EDGE('',*,*,#3312,.F.);
#4619=ORIENTED_EDGE('',*,*,#3295,.F.);
#4620=ORIENTED_EDGE('',*,*,#3277,.T.);
#4621=ORIENTED_EDGE('',*,*,#3280,.T.);
#4622=ORIENTED_EDGE('',*,*,#3270,.T.);
#4623=ORIENTED_EDGE('',*,*,#3274,.T.);
#4624=ORIENTED_EDGE('',*,*,#3289,.T.);
#4625=ORIENTED_EDGE('',*,*,#3292,.T.);
#4626=ORIENTED_EDGE('',*,*,#3282,.T.);
#4627=ORIENTED_EDGE('',*,*,#3286,.T.);
#4628=ORIENTED_EDGE('',*,*,#3306,.T.);
#4629=ORIENTED_EDGE('',*,*,#3328,.T.);
#4630=ORIENTED_EDGE('',*,*,#3329,.F.);
#4631=ORIENTED_EDGE('',*,*,#3325,.F.);
#4632=ORIENTED_EDGE('',*,*,#3302,.T.);
#4633=ORIENTED_EDGE('',*,*,#3327,.T.);
#4634=ORIENTED_EDGE('',*,*,#3330,.F.);
#4635=ORIENTED_EDGE('',*,*,#3331,.F.);
#4636=ORIENTED_EDGE('',*,*,#3332,.F.);
#4637=ORIENTED_EDGE('',*,*,#3333,.T.);
#4638=ORIENTED_EDGE('',*,*,#3334,.T.);
#4639=ORIENTED_EDGE('',*,*,#3321,.T.);
#4640=ORIENTED_EDGE('',*,*,#3335,.F.);
#4641=ORIENTED_EDGE('',*,*,#3317,.T.);
#4642=ORIENTED_EDGE('',*,*,#3336,.T.);
#4643=ORIENTED_EDGE('',*,*,#3337,.T.);
#4644=ORIENTED_EDGE('',*,*,#3338,.F.);
#4645=ORIENTED_EDGE('',*,*,#3323,.T.);
#4646=ORIENTED_EDGE('',*,*,#3339,.T.);
#4647=ORIENTED_EDGE('',*,*,#3340,.T.);
#4648=ORIENTED_EDGE('',*,*,#3341,.F.);
#4649=ORIENTED_EDGE('',*,*,#3342,.T.);
#4650=ORIENTED_EDGE('',*,*,#3343,.T.);
#4651=ORIENTED_EDGE('',*,*,#3315,.T.);
#4652=ORIENTED_EDGE('',*,*,#3344,.T.);
#4653=ORIENTED_EDGE('',*,*,#3339,.F.);
#4654=ORIENTED_EDGE('',*,*,#3322,.F.);
#4655=ORIENTED_EDGE('',*,*,#3334,.F.);
#4656=ORIENTED_EDGE('',*,*,#3316,.T.);
#4657=ORIENTED_EDGE('',*,*,#3343,.F.);
#4658=ORIENTED_EDGE('',*,*,#3345,.F.);
#4659=ORIENTED_EDGE('',*,*,#3336,.F.);
#4660=ORIENTED_EDGE('',*,*,#3294,.T.);
#4661=ORIENTED_EDGE('',*,*,#3346,.F.);
#4662=ORIENTED_EDGE('',*,*,#3341,.T.);
#4663=ORIENTED_EDGE('',*,*,#3314,.T.);
#4664=ORIENTED_EDGE('',*,*,#3347,.F.);
#4665=ORIENTED_EDGE('',*,*,#3340,.F.);
#4666=ORIENTED_EDGE('',*,*,#3344,.F.);
#4667=ORIENTED_EDGE('',*,*,#3333,.F.);
#4668=ORIENTED_EDGE('',*,*,#3348,.F.);
#4669=ORIENTED_EDGE('',*,*,#3349,.F.);
#4670=ORIENTED_EDGE('',*,*,#3350,.T.);
#4671=ORIENTED_EDGE('',*,*,#3337,.F.);
#4672=ORIENTED_EDGE('',*,*,#3345,.T.);
#4673=ORIENTED_EDGE('',*,*,#3342,.F.);
#4674=ORIENTED_EDGE('',*,*,#3346,.T.);
#4675=ORIENTED_EDGE('',*,*,#3297,.F.);
#4676=ORIENTED_EDGE('',*,*,#3313,.T.);
#4677=ORIENTED_EDGE('',*,*,#3303,.F.);
#4678=ORIENTED_EDGE('',*,*,#3331,.T.);
#4679=ORIENTED_EDGE('',*,*,#3351,.F.);
#4680=ORIENTED_EDGE('',*,*,#3328,.F.);
#4681=ORIENTED_EDGE('',*,*,#3309,.F.);
#4682=ORIENTED_EDGE('',*,*,#3310,.F.);
#4683=ORIENTED_EDGE('',*,*,#3299,.F.);
#4684=ORIENTED_EDGE('',*,*,#3278,.T.);
#4685=ORIENTED_EDGE('',*,*,#3275,.T.);
#4686=ORIENTED_EDGE('',*,*,#3272,.T.);
#4687=ORIENTED_EDGE('',*,*,#3281,.T.);
#4688=ORIENTED_EDGE('',*,*,#3290,.T.);
#4689=ORIENTED_EDGE('',*,*,#3287,.T.);
#4690=ORIENTED_EDGE('',*,*,#3284,.T.);
#4691=ORIENTED_EDGE('',*,*,#3293,.T.);
#4692=ORIENTED_EDGE('',*,*,#3298,.T.);
#4693=ORIENTED_EDGE('',*,*,#3324,.F.);
#4694=ORIENTED_EDGE('',*,*,#3338,.T.);
#4695=ORIENTED_EDGE('',*,*,#3347,.T.);
#4696=ORIENTED_EDGE('',*,*,#3319,.T.);
#4697=ORIENTED_EDGE('',*,*,#3352,.T.);
#4698=ORIENTED_EDGE('',*,*,#3349,.T.);
#4699=ORIENTED_EDGE('',*,*,#3353,.T.);
#4700=ORIENTED_EDGE('',*,*,#3326,.T.);
#4701=ORIENTED_EDGE('',*,*,#3329,.T.);
#4702=ORIENTED_EDGE('',*,*,#3351,.T.);
#4703=ORIENTED_EDGE('',*,*,#3330,.T.);
#4704=ORIENTED_EDGE('',*,*,#3332,.T.);
#4705=ORIENTED_EDGE('',*,*,#3320,.F.);
#4706=ORIENTED_EDGE('',*,*,#3353,.F.);
#4707=ORIENTED_EDGE('',*,*,#3348,.T.);
#4708=ORIENTED_EDGE('',*,*,#3335,.T.);
#4709=ORIENTED_EDGE('',*,*,#3350,.F.);
#4710=ORIENTED_EDGE('',*,*,#3352,.F.);
#4711=ORIENTED_EDGE('',*,*,#3318,.T.);
#4712=ORIENTED_EDGE('',*,*,#3354,.F.);
#4713=ORIENTED_EDGE('',*,*,#3355,.F.);
#4714=ORIENTED_EDGE('',*,*,#3356,.F.);
#4715=ORIENTED_EDGE('',*,*,#3357,.F.);
#4716=ORIENTED_EDGE('',*,*,#3358,.F.);
#4717=ORIENTED_EDGE('',*,*,#3359,.F.);
#4718=ORIENTED_EDGE('',*,*,#3360,.F.);
#4719=ORIENTED_EDGE('',*,*,#3361,.F.);
#4720=ORIENTED_EDGE('',*,*,#3362,.F.);
#4721=ORIENTED_EDGE('',*,*,#3363,.F.);
#4722=ORIENTED_EDGE('',*,*,#3364,.F.);
#4723=ORIENTED_EDGE('',*,*,#3365,.F.);
#4724=ORIENTED_EDGE('',*,*,#3366,.F.);
#4725=ORIENTED_EDGE('',*,*,#3367,.F.);
#4726=ORIENTED_EDGE('',*,*,#3368,.F.);
#4727=ORIENTED_EDGE('',*,*,#3369,.F.);
#4728=ORIENTED_EDGE('',*,*,#3365,.T.);
#4729=ORIENTED_EDGE('',*,*,#3370,.T.);
#4730=ORIENTED_EDGE('',*,*,#3371,.T.);
#4731=ORIENTED_EDGE('',*,*,#3364,.T.);
#4732=ORIENTED_EDGE('',*,*,#3372,.T.);
#4733=ORIENTED_EDGE('',*,*,#3373,.F.);
#4734=ORIENTED_EDGE('',*,*,#3370,.F.);
#4735=ORIENTED_EDGE('',*,*,#3358,.T.);
#4736=ORIENTED_EDGE('',*,*,#3374,.F.);
#4737=ORIENTED_EDGE('',*,*,#3375,.F.);
#4738=ORIENTED_EDGE('',*,*,#3376,.F.);
#4739=ORIENTED_EDGE('',*,*,#3361,.T.);
#4740=ORIENTED_EDGE('',*,*,#3377,.T.);
#4741=ORIENTED_EDGE('',*,*,#3374,.T.);
#4742=ORIENTED_EDGE('',*,*,#3366,.T.);
#4743=ORIENTED_EDGE('',*,*,#3378,.T.);
#4744=ORIENTED_EDGE('',*,*,#3362,.T.);
#4745=ORIENTED_EDGE('',*,*,#3371,.F.);
#4746=ORIENTED_EDGE('',*,*,#3373,.T.);
#4747=ORIENTED_EDGE('',*,*,#3379,.T.);
#4748=ORIENTED_EDGE('',*,*,#3375,.T.);
#4749=ORIENTED_EDGE('',*,*,#3377,.F.);
#4750=ORIENTED_EDGE('',*,*,#3360,.T.);
#4751=ORIENTED_EDGE('',*,*,#3380,.T.);
#4752=ORIENTED_EDGE('',*,*,#3356,.T.);
#4753=ORIENTED_EDGE('',*,*,#3381,.F.);
#4754=ORIENTED_EDGE('',*,*,#3382,.T.);
#4755=ORIENTED_EDGE('',*,*,#3383,.T.);
#4756=ORIENTED_EDGE('',*,*,#3384,.T.);
#4757=ORIENTED_EDGE('',*,*,#3385,.F.);
#4758=ORIENTED_EDGE('',*,*,#3384,.F.);
#4759=ORIENTED_EDGE('',*,*,#3386,.T.);
#4760=ORIENTED_EDGE('',*,*,#3387,.T.);
#4761=ORIENTED_EDGE('',*,*,#3388,.F.);
#4762=ORIENTED_EDGE('',*,*,#3354,.T.);
#4763=ORIENTED_EDGE('',*,*,#3389,.F.);
#4764=ORIENTED_EDGE('',*,*,#3382,.F.);
#4765=ORIENTED_EDGE('',*,*,#3390,.F.);
#4766=ORIENTED_EDGE('',*,*,#3391,.F.);
#4767=ORIENTED_EDGE('',*,*,#3386,.F.);
#4768=ORIENTED_EDGE('',*,*,#3383,.F.);
#4769=ORIENTED_EDGE('',*,*,#3389,.T.);
#4770=ORIENTED_EDGE('',*,*,#3357,.T.);
#4771=ORIENTED_EDGE('',*,*,#3380,.F.);
#4772=ORIENTED_EDGE('',*,*,#3359,.T.);
#4773=ORIENTED_EDGE('',*,*,#3376,.T.);
#4774=ORIENTED_EDGE('',*,*,#3379,.F.);
#4775=ORIENTED_EDGE('',*,*,#3372,.F.);
#4776=ORIENTED_EDGE('',*,*,#3363,.T.);
#4777=ORIENTED_EDGE('',*,*,#3378,.F.);
#4778=ORIENTED_EDGE('',*,*,#3369,.T.);
#4779=ORIENTED_EDGE('',*,*,#3368,.T.);
#4780=ORIENTED_EDGE('',*,*,#3392,.F.);
#4781=ORIENTED_EDGE('',*,*,#3387,.F.);
#4782=ORIENTED_EDGE('',*,*,#3391,.T.);
#4783=ORIENTED_EDGE('',*,*,#3355,.T.);
#4784=ORIENTED_EDGE('',*,*,#3390,.T.);
#4785=ORIENTED_EDGE('',*,*,#3381,.T.);
#4786=ORIENTED_EDGE('',*,*,#3385,.T.);
#4787=ORIENTED_EDGE('',*,*,#3393,.T.);
#4788=ORIENTED_EDGE('',*,*,#3367,.T.);
#4789=ORIENTED_EDGE('',*,*,#3388,.T.);
#4790=ORIENTED_EDGE('',*,*,#3392,.T.);
#4791=ORIENTED_EDGE('',*,*,#3393,.F.);
#4792=ORIENTED_EDGE('',*,*,#3394,.T.);
#4793=ORIENTED_EDGE('',*,*,#3395,.F.);
#4794=ORIENTED_EDGE('',*,*,#3394,.F.);
#4795=ORIENTED_EDGE('',*,*,#3395,.T.);
#4796=ORIENTED_EDGE('',*,*,#3396,.F.);
#4797=ORIENTED_EDGE('',*,*,#3397,.F.);
#4798=ORIENTED_EDGE('',*,*,#3398,.F.);
#4799=ORIENTED_EDGE('',*,*,#3399,.F.);
#4800=ORIENTED_EDGE('',*,*,#3400,.F.);
#4801=ORIENTED_EDGE('',*,*,#3401,.F.);
#4802=ORIENTED_EDGE('',*,*,#3402,.F.);
#4803=ORIENTED_EDGE('',*,*,#3403,.F.);
#4804=ORIENTED_EDGE('',*,*,#3404,.F.);
#4805=ORIENTED_EDGE('',*,*,#3405,.F.);
#4806=ORIENTED_EDGE('',*,*,#3406,.F.);
#4807=ORIENTED_EDGE('',*,*,#3407,.F.);
#4808=ORIENTED_EDGE('',*,*,#3408,.F.);
#4809=ORIENTED_EDGE('',*,*,#3409,.F.);
#4810=ORIENTED_EDGE('',*,*,#3410,.F.);
#4811=ORIENTED_EDGE('',*,*,#3411,.F.);
#4812=ORIENTED_EDGE('',*,*,#3407,.T.);
#4813=ORIENTED_EDGE('',*,*,#3412,.T.);
#4814=ORIENTED_EDGE('',*,*,#3413,.T.);
#4815=ORIENTED_EDGE('',*,*,#3406,.T.);
#4816=ORIENTED_EDGE('',*,*,#3414,.T.);
#4817=ORIENTED_EDGE('',*,*,#3415,.F.);
#4818=ORIENTED_EDGE('',*,*,#3412,.F.);
#4819=ORIENTED_EDGE('',*,*,#3400,.T.);
#4820=ORIENTED_EDGE('',*,*,#3416,.F.);
#4821=ORIENTED_EDGE('',*,*,#3417,.F.);
#4822=ORIENTED_EDGE('',*,*,#3418,.F.);
#4823=ORIENTED_EDGE('',*,*,#3403,.T.);
#4824=ORIENTED_EDGE('',*,*,#3419,.T.);
#4825=ORIENTED_EDGE('',*,*,#3416,.T.);
#4826=ORIENTED_EDGE('',*,*,#3408,.T.);
#4827=ORIENTED_EDGE('',*,*,#3420,.T.);
#4828=ORIENTED_EDGE('',*,*,#3404,.T.);
#4829=ORIENTED_EDGE('',*,*,#3413,.F.);
#4830=ORIENTED_EDGE('',*,*,#3415,.T.);
#4831=ORIENTED_EDGE('',*,*,#3421,.T.);
#4832=ORIENTED_EDGE('',*,*,#3417,.T.);
#4833=ORIENTED_EDGE('',*,*,#3419,.F.);
#4834=ORIENTED_EDGE('',*,*,#3402,.T.);
#4835=ORIENTED_EDGE('',*,*,#3422,.T.);
#4836=ORIENTED_EDGE('',*,*,#3398,.T.);
#4837=ORIENTED_EDGE('',*,*,#3423,.F.);
#4838=ORIENTED_EDGE('',*,*,#3424,.T.);
#4839=ORIENTED_EDGE('',*,*,#3425,.T.);
#4840=ORIENTED_EDGE('',*,*,#3426,.T.);
#4841=ORIENTED_EDGE('',*,*,#3427,.F.);
#4842=ORIENTED_EDGE('',*,*,#3426,.F.);
#4843=ORIENTED_EDGE('',*,*,#3428,.T.);
#4844=ORIENTED_EDGE('',*,*,#3429,.T.);
#4845=ORIENTED_EDGE('',*,*,#3430,.F.);
#4846=ORIENTED_EDGE('',*,*,#3396,.T.);
#4847=ORIENTED_EDGE('',*,*,#3431,.F.);
#4848=ORIENTED_EDGE('',*,*,#3424,.F.);
#4849=ORIENTED_EDGE('',*,*,#3432,.F.);
#4850=ORIENTED_EDGE('',*,*,#3433,.F.);
#4851=ORIENTED_EDGE('',*,*,#3428,.F.);
#4852=ORIENTED_EDGE('',*,*,#3425,.F.);
#4853=ORIENTED_EDGE('',*,*,#3431,.T.);
#4854=ORIENTED_EDGE('',*,*,#3399,.T.);
#4855=ORIENTED_EDGE('',*,*,#3422,.F.);
#4856=ORIENTED_EDGE('',*,*,#3401,.T.);
#4857=ORIENTED_EDGE('',*,*,#3418,.T.);
#4858=ORIENTED_EDGE('',*,*,#3421,.F.);
#4859=ORIENTED_EDGE('',*,*,#3414,.F.);
#4860=ORIENTED_EDGE('',*,*,#3405,.T.);
#4861=ORIENTED_EDGE('',*,*,#3420,.F.);
#4862=ORIENTED_EDGE('',*,*,#3411,.T.);
#4863=ORIENTED_EDGE('',*,*,#3410,.T.);
#4864=ORIENTED_EDGE('',*,*,#3434,.F.);
#4865=ORIENTED_EDGE('',*,*,#3429,.F.);
#4866=ORIENTED_EDGE('',*,*,#3433,.T.);
#4867=ORIENTED_EDGE('',*,*,#3397,.T.);
#4868=ORIENTED_EDGE('',*,*,#3432,.T.);
#4869=ORIENTED_EDGE('',*,*,#3423,.T.);
#4870=ORIENTED_EDGE('',*,*,#3427,.T.);
#4871=ORIENTED_EDGE('',*,*,#3435,.T.);
#4872=ORIENTED_EDGE('',*,*,#3409,.T.);
#4873=ORIENTED_EDGE('',*,*,#3430,.T.);
#4874=ORIENTED_EDGE('',*,*,#3434,.T.);
#4875=ORIENTED_EDGE('',*,*,#3435,.F.);
#4876=ORIENTED_EDGE('',*,*,#3436,.T.);
#4877=ORIENTED_EDGE('',*,*,#3437,.F.);
#4878=ORIENTED_EDGE('',*,*,#3436,.F.);
#4879=ORIENTED_EDGE('',*,*,#3437,.T.);
#4880=ORIENTED_EDGE('',*,*,#3438,.F.);
#4881=ORIENTED_EDGE('',*,*,#3439,.F.);
#4882=ORIENTED_EDGE('',*,*,#3440,.T.);
#4883=ORIENTED_EDGE('',*,*,#3441,.T.);
#4884=ORIENTED_EDGE('',*,*,#3442,.F.);
#4885=ORIENTED_EDGE('',*,*,#3443,.F.);
#4886=ORIENTED_EDGE('',*,*,#3444,.F.);
#4887=ORIENTED_EDGE('',*,*,#3445,.T.);
#4888=ORIENTED_EDGE('',*,*,#3446,.F.);
#4889=ORIENTED_EDGE('',*,*,#3447,.T.);
#4890=ORIENTED_EDGE('',*,*,#3448,.T.);
#4891=ORIENTED_EDGE('',*,*,#3449,.F.);
#4892=ORIENTED_EDGE('',*,*,#3450,.F.);
#4893=ORIENTED_EDGE('',*,*,#3441,.F.);
#4894=ORIENTED_EDGE('',*,*,#3451,.T.);
#4895=ORIENTED_EDGE('',*,*,#3452,.F.);
#4896=ORIENTED_EDGE('',*,*,#3453,.F.);
#4897=ORIENTED_EDGE('',*,*,#3448,.F.);
#4898=ORIENTED_EDGE('',*,*,#3454,.T.);
#4899=ORIENTED_EDGE('',*,*,#3444,.T.);
#4900=ORIENTED_EDGE('',*,*,#3455,.F.);
#4901=ORIENTED_EDGE('',*,*,#3456,.F.);
#4902=ORIENTED_EDGE('',*,*,#3457,.T.);
#4903=ORIENTED_EDGE('',*,*,#3439,.T.);
#4904=ORIENTED_EDGE('',*,*,#3452,.T.);
#4905=ORIENTED_EDGE('',*,*,#3458,.T.);
#4906=ORIENTED_EDGE('',*,*,#3459,.T.);
#4907=ORIENTED_EDGE('',*,*,#3460,.F.);
#4908=ORIENTED_EDGE('',*,*,#3446,.T.);
#4909=ORIENTED_EDGE('',*,*,#3461,.F.);
#4910=ORIENTED_EDGE('',*,*,#3462,.F.);
#4911=ORIENTED_EDGE('',*,*,#3463,.T.);
#4912=ORIENTED_EDGE('',*,*,#3464,.T.);
#4913=ORIENTED_EDGE('',*,*,#3455,.T.);
#4914=ORIENTED_EDGE('',*,*,#3438,.T.);
#4915=ORIENTED_EDGE('',*,*,#3450,.T.);
#4916=ORIENTED_EDGE('',*,*,#3460,.T.);
#4917=ORIENTED_EDGE('',*,*,#3465,.T.);
#4918=ORIENTED_EDGE('',*,*,#3461,.T.);
#4919=ORIENTED_EDGE('',*,*,#3449,.T.);
#4920=ORIENTED_EDGE('',*,*,#3453,.T.);
#4921=ORIENTED_EDGE('',*,*,#3443,.T.);
#4922=ORIENTED_EDGE('',*,*,#3466,.T.);
#4923=ORIENTED_EDGE('',*,*,#3467,.T.);
#4924=ORIENTED_EDGE('',*,*,#3468,.T.);
#4925=ORIENTED_EDGE('',*,*,#3456,.T.);
#4926=ORIENTED_EDGE('',*,*,#3468,.F.);
#4927=ORIENTED_EDGE('',*,*,#3469,.F.);
#4928=ORIENTED_EDGE('',*,*,#3470,.T.);
#4929=ORIENTED_EDGE('',*,*,#3465,.F.);
#4930=ORIENTED_EDGE('',*,*,#3459,.F.);
#4931=ORIENTED_EDGE('',*,*,#3471,.T.);
#4932=ORIENTED_EDGE('',*,*,#3462,.T.);
#4933=ORIENTED_EDGE('',*,*,#3470,.F.);
#4934=ORIENTED_EDGE('',*,*,#3472,.F.);
#4935=ORIENTED_EDGE('',*,*,#3473,.F.);
#4936=ORIENTED_EDGE('',*,*,#3445,.F.);
#4937=ORIENTED_EDGE('',*,*,#3454,.F.);
#4938=ORIENTED_EDGE('',*,*,#3447,.F.);
#4939=ORIENTED_EDGE('',*,*,#3463,.F.);
#4940=ORIENTED_EDGE('',*,*,#3471,.F.);
#4941=ORIENTED_EDGE('',*,*,#3458,.F.);
#4942=ORIENTED_EDGE('',*,*,#3451,.F.);
#4943=ORIENTED_EDGE('',*,*,#3440,.F.);
#4944=ORIENTED_EDGE('',*,*,#3457,.F.);
#4945=ORIENTED_EDGE('',*,*,#3442,.T.);
#4946=ORIENTED_EDGE('',*,*,#3473,.T.);
#4947=ORIENTED_EDGE('',*,*,#3474,.T.);
#4948=ORIENTED_EDGE('',*,*,#3466,.F.);
#4949=ORIENTED_EDGE('',*,*,#3467,.F.);
#4950=ORIENTED_EDGE('',*,*,#3474,.F.);
#4951=ORIENTED_EDGE('',*,*,#3472,.T.);
#4952=ORIENTED_EDGE('',*,*,#3469,.T.);
#4953=ORIENTED_EDGE('',*,*,#3475,.T.);
#4954=ORIENTED_EDGE('',*,*,#3476,.F.);
#4955=ORIENTED_EDGE('',*,*,#3475,.F.);
#4956=ORIENTED_EDGE('',*,*,#3477,.T.);
#4957=ORIENTED_EDGE('',*,*,#3464,.F.);
#4958=ORIENTED_EDGE('',*,*,#3477,.F.);
#4959=ORIENTED_EDGE('',*,*,#3478,.T.);
#4960=ORIENTED_EDGE('',*,*,#3479,.F.);
#4961=ORIENTED_EDGE('',*,*,#3478,.F.);
#4962=ORIENTED_EDGE('',*,*,#3480,.T.);
#4963=ORIENTED_EDGE('',*,*,#3476,.T.);
#4964=ORIENTED_EDGE('',*,*,#3480,.F.);
#4965=ORIENTED_EDGE('',*,*,#3481,.F.);
#4966=ORIENTED_EDGE('',*,*,#3482,.T.);
#4967=ORIENTED_EDGE('',*,*,#3479,.T.);
#4968=ORIENTED_EDGE('',*,*,#3482,.F.);
#4969=ORIENTED_EDGE('',*,*,#3481,.T.);
#4970=ORIENTED_EDGE('',*,*,#3483,.F.);
#4971=ORIENTED_EDGE('',*,*,#3484,.F.);
#4972=ORIENTED_EDGE('',*,*,#3485,.T.);
#4973=ORIENTED_EDGE('',*,*,#3486,.T.);
#4974=ORIENTED_EDGE('',*,*,#3487,.F.);
#4975=ORIENTED_EDGE('',*,*,#3488,.F.);
#4976=ORIENTED_EDGE('',*,*,#3489,.F.);
#4977=ORIENTED_EDGE('',*,*,#3490,.T.);
#4978=ORIENTED_EDGE('',*,*,#3491,.F.);
#4979=ORIENTED_EDGE('',*,*,#3492,.T.);
#4980=ORIENTED_EDGE('',*,*,#3493,.T.);
#4981=ORIENTED_EDGE('',*,*,#3494,.F.);
#4982=ORIENTED_EDGE('',*,*,#3495,.F.);
#4983=ORIENTED_EDGE('',*,*,#3486,.F.);
#4984=ORIENTED_EDGE('',*,*,#3496,.T.);
#4985=ORIENTED_EDGE('',*,*,#3497,.F.);
#4986=ORIENTED_EDGE('',*,*,#3498,.F.);
#4987=ORIENTED_EDGE('',*,*,#3493,.F.);
#4988=ORIENTED_EDGE('',*,*,#3499,.T.);
#4989=ORIENTED_EDGE('',*,*,#3489,.T.);
#4990=ORIENTED_EDGE('',*,*,#3500,.F.);
#4991=ORIENTED_EDGE('',*,*,#3501,.F.);
#4992=ORIENTED_EDGE('',*,*,#3502,.T.);
#4993=ORIENTED_EDGE('',*,*,#3484,.T.);
#4994=ORIENTED_EDGE('',*,*,#3497,.T.);
#4995=ORIENTED_EDGE('',*,*,#3503,.T.);
#4996=ORIENTED_EDGE('',*,*,#3504,.T.);
#4997=ORIENTED_EDGE('',*,*,#3505,.F.);
#4998=ORIENTED_EDGE('',*,*,#3491,.T.);
#4999=ORIENTED_EDGE('',*,*,#3506,.F.);
#5000=ORIENTED_EDGE('',*,*,#3507,.F.);
#5001=ORIENTED_EDGE('',*,*,#3508,.T.);
#5002=ORIENTED_EDGE('',*,*,#3509,.T.);
#5003=ORIENTED_EDGE('',*,*,#3500,.T.);
#5004=ORIENTED_EDGE('',*,*,#3483,.T.);
#5005=ORIENTED_EDGE('',*,*,#3495,.T.);
#5006=ORIENTED_EDGE('',*,*,#3505,.T.);
#5007=ORIENTED_EDGE('',*,*,#3510,.T.);
#5008=ORIENTED_EDGE('',*,*,#3506,.T.);
#5009=ORIENTED_EDGE('',*,*,#3494,.T.);
#5010=ORIENTED_EDGE('',*,*,#3498,.T.);
#5011=ORIENTED_EDGE('',*,*,#3488,.T.);
#5012=ORIENTED_EDGE('',*,*,#3511,.T.);
#5013=ORIENTED_EDGE('',*,*,#3512,.T.);
#5014=ORIENTED_EDGE('',*,*,#3513,.T.);
#5015=ORIENTED_EDGE('',*,*,#3501,.T.);
#5016=ORIENTED_EDGE('',*,*,#3513,.F.);
#5017=ORIENTED_EDGE('',*,*,#3514,.F.);
#5018=ORIENTED_EDGE('',*,*,#3515,.T.);
#5019=ORIENTED_EDGE('',*,*,#3510,.F.);
#5020=ORIENTED_EDGE('',*,*,#3504,.F.);
#5021=ORIENTED_EDGE('',*,*,#3516,.T.);
#5022=ORIENTED_EDGE('',*,*,#3507,.T.);
#5023=ORIENTED_EDGE('',*,*,#3515,.F.);
#5024=ORIENTED_EDGE('',*,*,#3517,.F.);
#5025=ORIENTED_EDGE('',*,*,#3518,.F.);
#5026=ORIENTED_EDGE('',*,*,#3490,.F.);
#5027=ORIENTED_EDGE('',*,*,#3499,.F.);
#5028=ORIENTED_EDGE('',*,*,#3492,.F.);
#5029=ORIENTED_EDGE('',*,*,#3508,.F.);
#5030=ORIENTED_EDGE('',*,*,#3516,.F.);
#5031=ORIENTED_EDGE('',*,*,#3503,.F.);
#5032=ORIENTED_EDGE('',*,*,#3496,.F.);
#5033=ORIENTED_EDGE('',*,*,#3485,.F.);
#5034=ORIENTED_EDGE('',*,*,#3502,.F.);
#5035=ORIENTED_EDGE('',*,*,#3487,.T.);
#5036=ORIENTED_EDGE('',*,*,#3518,.T.);
#5037=ORIENTED_EDGE('',*,*,#3519,.T.);
#5038=ORIENTED_EDGE('',*,*,#3511,.F.);
#5039=ORIENTED_EDGE('',*,*,#3512,.F.);
#5040=ORIENTED_EDGE('',*,*,#3519,.F.);
#5041=ORIENTED_EDGE('',*,*,#3517,.T.);
#5042=ORIENTED_EDGE('',*,*,#3514,.T.);
#5043=ORIENTED_EDGE('',*,*,#3520,.T.);
#5044=ORIENTED_EDGE('',*,*,#3521,.F.);
#5045=ORIENTED_EDGE('',*,*,#3520,.F.);
#5046=ORIENTED_EDGE('',*,*,#3522,.T.);
#5047=ORIENTED_EDGE('',*,*,#3509,.F.);
#5048=ORIENTED_EDGE('',*,*,#3522,.F.);
#5049=ORIENTED_EDGE('',*,*,#3523,.T.);
#5050=ORIENTED_EDGE('',*,*,#3524,.F.);
#5051=ORIENTED_EDGE('',*,*,#3523,.F.);
#5052=ORIENTED_EDGE('',*,*,#3525,.T.);
#5053=ORIENTED_EDGE('',*,*,#3521,.T.);
#5054=ORIENTED_EDGE('',*,*,#3525,.F.);
#5055=ORIENTED_EDGE('',*,*,#3526,.F.);
#5056=ORIENTED_EDGE('',*,*,#3527,.T.);
#5057=ORIENTED_EDGE('',*,*,#3524,.T.);
#5058=ORIENTED_EDGE('',*,*,#3527,.F.);
#5059=ORIENTED_EDGE('',*,*,#3526,.T.);
#5060=CYLINDRICAL_SURFACE('',#5461,0.121);
#5061=CYLINDRICAL_SURFACE('',#5464,0.121);
#5062=CYLINDRICAL_SURFACE('',#5467,0.121);
#5063=CYLINDRICAL_SURFACE('',#5470,0.121);
#5064=CYLINDRICAL_SURFACE('',#5473,0.4358);
#5065=CYLINDRICAL_SURFACE('',#5476,0.4358);
#5066=CYLINDRICAL_SURFACE('',#5501,0.1);
#5067=CYLINDRICAL_SURFACE('',#5505,0.1);
#5068=CYLINDRICAL_SURFACE('',#5509,0.1);
#5069=CYLINDRICAL_SURFACE('',#5513,0.1);
#5070=CYLINDRICAL_SURFACE('',#5526,0.07);
#5071=CYLINDRICAL_SURFACE('',#5542,0.400000000000001);
#5072=CYLINDRICAL_SURFACE('',#5544,0.07);
#5073=CYLINDRICAL_SURFACE('',#5552,0.4);
#5074=CYLINDRICAL_SURFACE('',#5554,0.07);
#5075=CYLINDRICAL_SURFACE('',#5558,0.400000000000001);
#5076=CYLINDRICAL_SURFACE('',#5560,0.07);
#5077=CYLINDRICAL_SURFACE('',#5561,0.4);
#5078=CYLINDRICAL_SURFACE('',#5565,0.07);
#5079=CYLINDRICAL_SURFACE('',#5568,0.205000000558987);
#5080=CYLINDRICAL_SURFACE('',#5570,0.205000005800131);
#5081=CYLINDRICAL_SURFACE('',#5574,0.1);
#5082=CYLINDRICAL_SURFACE('',#5578,0.1);
#5083=CYLINDRICAL_SURFACE('',#5579,1.74999999608186);
#5084=CYLINDRICAL_SURFACE('',#5591,0.11500000556245);
#5085=CYLINDRICAL_SURFACE('',#5593,1.66000010479975);
#5086=CYLINDRICAL_SURFACE('',#5595,0.394999996860091);
#5087=CYLINDRICAL_SURFACE('',#5598,0.394999996860093);
#5088=CYLINDRICAL_SURFACE('',#5600,1.66000001444266);
#5089=CYLINDRICAL_SURFACE('',#5602,0.114999996857796);
#5090=CYLINDRICAL_SURFACE('',#5606,0.28499999436916);
#5091=CYLINDRICAL_SURFACE('',#5610,0.285000008543775);
#5092=CYLINDRICAL_SURFACE('',#5613,1.67999999951019);
#5093=CYLINDRICAL_SURFACE('',#5658,0.27500000803016);
#5094=CYLINDRICAL_SURFACE('',#5661,0.214999994954268);
#5095=CYLINDRICAL_SURFACE('',#5664,0.27499999385555);
#5096=CYLINDRICAL_SURFACE('',#5667,0.214999994954267);
#5097=CYLINDRICAL_SURFACE('',#5671,0.184999998219223);
#5098=CYLINDRICAL_SURFACE('',#5673,1.73000012570388);
#5099=CYLINDRICAL_SURFACE('',#5675,0.464999995286553);
#5100=CYLINDRICAL_SURFACE('',#5678,0.464999987138982);
#5101=CYLINDRICAL_SURFACE('',#5680,1.72999989898952);
#5102=CYLINDRICAL_SURFACE('',#5682,0.184999998219225);
#5103=CYLINDRICAL_SURFACE('',#5692,1.74);
#5104=CYLINDRICAL_SURFACE('',#5694,1.74);
#5105=CYLINDRICAL_SURFACE('',#5696,0.33);
#5106=CYLINDRICAL_SURFACE('',#5700,0.329999999999996);
#5107=CYLINDRICAL_SURFACE('',#5704,0.33);
#5108=CYLINDRICAL_SURFACE('',#5708,0.33);
#5109=CYLINDRICAL_SURFACE('',#5727,0.12);
#5110=CYLINDRICAL_SURFACE('',#5728,0.12);
#5111=CYLINDRICAL_SURFACE('',#5732,0.12);
#5112=CYLINDRICAL_SURFACE('',#5735,0.15);
#5113=CYLINDRICAL_SURFACE('',#5738,0.15);
#5114=CYLINDRICAL_SURFACE('',#5741,0.15);
#5115=CYLINDRICAL_SURFACE('',#5748,0.5);
#5116=CYLINDRICAL_SURFACE('',#5753,0.5);
#5117=CYLINDRICAL_SURFACE('',#5790,0.35);
#5118=CYLINDRICAL_SURFACE('',#5806,0.2);
#5119=CYLINDRICAL_SURFACE('',#5819,0.35);
#5120=CYLINDRICAL_SURFACE('',#5835,0.2);
#5121=CYLINDRICAL_SURFACE('',#5878,0.4);
#5122=CYLINDRICAL_SURFACE('',#5894,0.22);
#5123=CYLINDRICAL_SURFACE('',#5907,0.4);
#5124=CYLINDRICAL_SURFACE('',#5923,0.22);
#5125=CYLINDRICAL_SURFACE('',#5944,0.4);
#5126=CYLINDRICAL_SURFACE('',#5949,0.2);
#5127=CYLINDRICAL_SURFACE('',#5970,0.4);
#5128=CYLINDRICAL_SURFACE('',#5975,0.2);
#5129=ADVANCED_FACE('',(#325),#5060,.F.);
#5130=ADVANCED_FACE('',(#326),#5061,.F.);
#5131=ADVANCED_FACE('',(#327),#5062,.F.);
#5132=ADVANCED_FACE('',(#328),#5063,.F.);
#5133=ADVANCED_FACE('',(#329),#5064,.F.);
#5134=ADVANCED_FACE('',(#330),#5065,.F.);
#5135=ADVANCED_FACE('',(#331),#302,.F.);
#5136=ADVANCED_FACE('',(#332),#303,.F.);
#5137=ADVANCED_FACE('',(#333),#294,.T.);
#5138=ADVANCED_FACE('',(#334),#304,.T.);
#5139=ADVANCED_FACE('',(#335),#305,.T.);
#5140=ADVANCED_FACE('',(#336),#306,.F.);
#5141=ADVANCED_FACE('',(#337),#307,.F.);
#5142=ADVANCED_FACE('',(#338),#295,.T.);
#5143=ADVANCED_FACE('',(#339),#308,.T.);
#5144=ADVANCED_FACE('',(#340),#309,.T.);
#5145=ADVANCED_FACE('',(#341),#5066,.F.);
#5146=ADVANCED_FACE('',(#342),#87,.F.);
#5147=ADVANCED_FACE('',(#343),#5067,.F.);
#5148=ADVANCED_FACE('',(#344),#88,.F.);
#5149=ADVANCED_FACE('',(#345),#5068,.F.);
#5150=ADVANCED_FACE('',(#346),#89,.F.);
#5151=ADVANCED_FACE('',(#347),#5069,.F.);
#5152=ADVANCED_FACE('',(#348),#90,.F.);
#5153=ADVANCED_FACE('',(#349),#91,.T.);
#5154=ADVANCED_FACE('',(#350),#296,.T.);
#5155=ADVANCED_FACE('',(#351),#92,.F.);
#5156=ADVANCED_FACE('',(#352),#5070,.T.);
#5157=ADVANCED_FACE('',(#353,#53,#54),#93,.T.);
#5158=ADVANCED_FACE('',(#354),#297,.T.);
#5159=ADVANCED_FACE('',(#355),#5071,.T.);
#5160=ADVANCED_FACE('',(#356),#5072,.T.);
#5161=ADVANCED_FACE('',(#357),#94,.F.);
#5162=ADVANCED_FACE('',(#358),#298,.T.);
#5163=ADVANCED_FACE('',(#359),#95,.F.);
#5164=ADVANCED_FACE('',(#360),#5073,.T.);
#5165=ADVANCED_FACE('',(#361),#5074,.T.);
#5166=ADVANCED_FACE('',(#362),#299,.T.);
#5167=ADVANCED_FACE('',(#363),#5075,.T.);
#5168=ADVANCED_FACE('',(#364),#5076,.T.);
#5169=ADVANCED_FACE('',(#365),#5077,.T.);
#5170=ADVANCED_FACE('',(#366),#96,.T.);
#5171=ADVANCED_FACE('',(#367),#97,.T.);
#5172=ADVANCED_FACE('',(#368),#5078,.T.);
#5173=ADVANCED_FACE('',(#369),#98,.F.);
#5174=ADVANCED_FACE('',(#370),#5079,.F.);
#5175=ADVANCED_FACE('',(#371),#5080,.F.);
#5176=ADVANCED_FACE('',(#372),#99,.F.);
#5177=ADVANCED_FACE('',(#373),#100,.F.);
#5178=ADVANCED_FACE('',(#374),#5081,.F.);
#5179=ADVANCED_FACE('',(#375),#101,.F.);
#5180=ADVANCED_FACE('',(#376),#5082,.F.);
#5181=ADVANCED_FACE('',(#377),#5083,.T.);
#5182=ADVANCED_FACE('',(#378),#102,.T.);
#5183=ADVANCED_FACE('',(#379),#103,.T.);
#5184=ADVANCED_FACE('',(#380),#5084,.F.);
#5185=ADVANCED_FACE('',(#381),#5085,.F.);
#5186=ADVANCED_FACE('',(#382),#5086,.F.);
#5187=ADVANCED_FACE('',(#383),#104,.F.);
#5188=ADVANCED_FACE('',(#384),#5087,.F.);
#5189=ADVANCED_FACE('',(#385),#5088,.F.);
#5190=ADVANCED_FACE('',(#386),#5089,.F.);
#5191=ADVANCED_FACE('',(#387),#105,.F.);
#5192=ADVANCED_FACE('',(#388,#55,#56),#106,.F.);
#5193=ADVANCED_FACE('',(#389),#5090,.T.);
#5194=ADVANCED_FACE('',(#390),#107,.F.);
#5195=ADVANCED_FACE('',(#391),#108,.F.);
#5196=ADVANCED_FACE('',(#392),#5091,.T.);
#5197=ADVANCED_FACE('',(#393,#57,#58),#109,.F.);
#5198=ADVANCED_FACE('',(#394),#5092,.F.);
#5199=ADVANCED_FACE('',(#395,#59),#110,.T.);
#5200=ADVANCED_FACE('',(#396),#111,.T.);
#5201=ADVANCED_FACE('',(#397),#310,.T.);
#5202=ADVANCED_FACE('',(#398),#112,.T.);
#5203=ADVANCED_FACE('',(#399),#311,.F.);
#5204=ADVANCED_FACE('',(#400),#113,.T.);
#5205=ADVANCED_FACE('',(#401),#312,.T.);
#5206=ADVANCED_FACE('',(#402),#114,.T.);
#5207=ADVANCED_FACE('',(#403),#313,.T.);
#5208=ADVANCED_FACE('',(#404),#314,.T.);
#5209=ADVANCED_FACE('',(#405),#315,.T.);
#5210=ADVANCED_FACE('',(#406),#115,.T.);
#5211=ADVANCED_FACE('',(#407),#316,.T.);
#5212=ADVANCED_FACE('',(#408),#317,.T.);
#5213=ADVANCED_FACE('',(#409),#318,.T.);
#5214=ADVANCED_FACE('',(#410),#116,.T.);
#5215=ADVANCED_FACE('',(#411),#319,.T.);
#5216=ADVANCED_FACE('',(#412),#117,.T.);
#5217=ADVANCED_FACE('',(#413),#320,.F.);
#5218=ADVANCED_FACE('',(#414),#118,.T.);
#5219=ADVANCED_FACE('',(#415,#60),#119,.F.);
#5220=ADVANCED_FACE('',(#416,#61,#62),#120,.T.);
#5221=ADVANCED_FACE('',(#417),#5093,.T.);
#5222=ADVANCED_FACE('',(#418),#5094,.F.);
#5223=ADVANCED_FACE('',(#419),#121,.T.);
#5224=ADVANCED_FACE('',(#420),#5095,.T.);
#5225=ADVANCED_FACE('',(#421),#5096,.F.);
#5226=ADVANCED_FACE('',(#422),#122,.T.);
#5227=ADVANCED_FACE('',(#423),#123,.T.);
#5228=ADVANCED_FACE('',(#424),#5097,.T.);
#5229=ADVANCED_FACE('',(#425),#5098,.T.);
#5230=ADVANCED_FACE('',(#426),#5099,.T.);
#5231=ADVANCED_FACE('',(#427),#124,.T.);
#5232=ADVANCED_FACE('',(#428),#5100,.T.);
#5233=ADVANCED_FACE('',(#429),#5101,.T.);
#5234=ADVANCED_FACE('',(#430),#5102,.T.);
#5235=ADVANCED_FACE('',(#431),#125,.T.);
#5236=ADVANCED_FACE('',(#432,#63,#64),#126,.T.);
#5237=ADVANCED_FACE('',(#433),#127,.F.);
#5238=ADVANCED_FACE('',(#434),#128,.T.);
#5239=ADVANCED_FACE('',(#435),#129,.T.);
#5240=ADVANCED_FACE('',(#436),#130,.T.);
#5241=ADVANCED_FACE('',(#437),#5103,.T.);
#5242=ADVANCED_FACE('',(#438),#5104,.T.);
#5243=ADVANCED_FACE('',(#439),#5105,.F.);
#5244=ADVANCED_FACE('',(#440),#131,.F.);
#5245=ADVANCED_FACE('',(#441),#5106,.F.);
#5246=ADVANCED_FACE('',(#442),#132,.F.);
#5247=ADVANCED_FACE('',(#443),#5107,.F.);
#5248=ADVANCED_FACE('',(#444),#133,.F.);
#5249=ADVANCED_FACE('',(#445),#5108,.F.);
#5250=ADVANCED_FACE('',(#446),#134,.F.);
#5251=ADVANCED_FACE('',(#447,#65,#66),#135,.F.);
#5252=ADVANCED_FACE('',(#448),#136,.T.);
#5253=ADVANCED_FACE('',(#449),#137,.F.);
#5254=ADVANCED_FACE('',(#450),#300,.T.);
#5255=ADVANCED_FACE('',(#451),#301,.T.);
#5256=ADVANCED_FACE('',(#452),#321,.T.);
#5257=ADVANCED_FACE('',(#453),#5109,.T.);
#5258=ADVANCED_FACE('',(#454),#5110,.T.);
#5259=ADVANCED_FACE('',(#455),#322,.T.);
#5260=ADVANCED_FACE('',(#456),#5111,.T.);
#5261=ADVANCED_FACE('',(#457),#138,.T.);
#5262=ADVANCED_FACE('',(#458),#139,.T.);
#5263=ADVANCED_FACE('',(#459),#5112,.T.);
#5264=ADVANCED_FACE('',(#460),#5113,.T.);
#5265=ADVANCED_FACE('',(#461),#5114,.T.);
#5266=ADVANCED_FACE('',(#462),#140,.T.);
#5267=ADVANCED_FACE('',(#463),#141,.T.);
#5268=ADVANCED_FACE('',(#464,#67),#142,.T.);
#5269=ADVANCED_FACE('',(#465),#5115,.T.);
#5270=ADVANCED_FACE('',(#466,#68),#143,.F.);
#5271=ADVANCED_FACE('',(#467,#69),#144,.F.);
#5272=ADVANCED_FACE('',(#468),#5116,.T.);
#5273=ADVANCED_FACE('',(#469,#70),#145,.T.);
#5274=ADVANCED_FACE('',(#470),#146,.T.);
#5275=ADVANCED_FACE('',(#471),#147,.F.);
#5276=ADVANCED_FACE('',(#472),#148,.F.);
#5277=ADVANCED_FACE('',(#473),#149,.F.);
#5278=ADVANCED_FACE('',(#474),#150,.F.);
#5279=ADVANCED_FACE('',(#475),#151,.F.);
#5280=ADVANCED_FACE('',(#476),#152,.F.);
#5281=ADVANCED_FACE('',(#477),#153,.T.);
#5282=ADVANCED_FACE('',(#478),#154,.F.);
#5283=ADVANCED_FACE('',(#479),#155,.F.);
#5284=ADVANCED_FACE('',(#480),#156,.F.);
#5285=ADVANCED_FACE('',(#481),#157,.T.);
#5286=ADVANCED_FACE('',(#482),#158,.T.);
#5287=ADVANCED_FACE('',(#483),#159,.T.);
#5288=ADVANCED_FACE('',(#484),#160,.T.);
#5289=ADVANCED_FACE('',(#485),#161,.T.);
#5290=ADVANCED_FACE('',(#486,#71),#162,.T.);
#5291=ADVANCED_FACE('',(#487),#163,.F.);
#5292=ADVANCED_FACE('',(#488),#164,.F.);
#5293=ADVANCED_FACE('',(#489),#165,.F.);
#5294=ADVANCED_FACE('',(#490),#166,.T.);
#5295=ADVANCED_FACE('',(#491),#167,.F.);
#5296=ADVANCED_FACE('',(#492),#168,.F.);
#5297=ADVANCED_FACE('',(#493,#72),#169,.F.);
#5298=ADVANCED_FACE('',(#494),#170,.F.);
#5299=ADVANCED_FACE('',(#495),#171,.T.);
#5300=ADVANCED_FACE('',(#496),#172,.T.);
#5301=ADVANCED_FACE('',(#497),#173,.F.);
#5302=ADVANCED_FACE('',(#498),#174,.T.);
#5303=ADVANCED_FACE('',(#499),#175,.T.);
#5304=ADVANCED_FACE('',(#500),#176,.T.);
#5305=ADVANCED_FACE('',(#501),#177,.T.);
#5306=ADVANCED_FACE('',(#502),#5117,.T.);
#5307=ADVANCED_FACE('',(#503),#178,.T.);
#5308=ADVANCED_FACE('',(#504),#179,.T.);
#5309=ADVANCED_FACE('',(#505),#180,.T.);
#5310=ADVANCED_FACE('',(#506),#181,.T.);
#5311=ADVANCED_FACE('',(#507,#73),#182,.T.);
#5312=ADVANCED_FACE('',(#508),#183,.T.);
#5313=ADVANCED_FACE('',(#509),#5118,.T.);
#5314=ADVANCED_FACE('',(#510),#184,.T.);
#5315=ADVANCED_FACE('',(#511),#185,.F.);
#5316=ADVANCED_FACE('',(#512),#186,.T.);
#5317=ADVANCED_FACE('',(#513),#187,.T.);
#5318=ADVANCED_FACE('',(#514),#188,.F.);
#5319=ADVANCED_FACE('',(#515),#189,.T.);
#5320=ADVANCED_FACE('',(#516),#190,.T.);
#5321=ADVANCED_FACE('',(#517),#191,.T.);
#5322=ADVANCED_FACE('',(#518),#192,.T.);
#5323=ADVANCED_FACE('',(#519),#5119,.T.);
#5324=ADVANCED_FACE('',(#520),#193,.T.);
#5325=ADVANCED_FACE('',(#521),#194,.T.);
#5326=ADVANCED_FACE('',(#522),#195,.T.);
#5327=ADVANCED_FACE('',(#523),#196,.T.);
#5328=ADVANCED_FACE('',(#524,#74),#197,.T.);
#5329=ADVANCED_FACE('',(#525),#198,.T.);
#5330=ADVANCED_FACE('',(#526),#5120,.T.);
#5331=ADVANCED_FACE('',(#527),#199,.T.);
#5332=ADVANCED_FACE('',(#528),#200,.F.);
#5333=ADVANCED_FACE('',(#529),#201,.T.);
#5334=ADVANCED_FACE('',(#530),#202,.T.);
#5335=ADVANCED_FACE('',(#531),#203,.T.);
#5336=ADVANCED_FACE('',(#532),#204,.F.);
#5337=ADVANCED_FACE('',(#533),#205,.T.);
#5338=ADVANCED_FACE('',(#534),#206,.T.);
#5339=ADVANCED_FACE('',(#535),#207,.T.);
#5340=ADVANCED_FACE('',(#536),#208,.T.);
#5341=ADVANCED_FACE('',(#537),#209,.T.);
#5342=ADVANCED_FACE('',(#538),#210,.F.);
#5343=ADVANCED_FACE('',(#539),#211,.F.);
#5344=ADVANCED_FACE('',(#540),#212,.F.);
#5345=ADVANCED_FACE('',(#541),#213,.F.);
#5346=ADVANCED_FACE('',(#542,#75,#76),#214,.F.);
#5347=ADVANCED_FACE('',(#543),#215,.F.);
#5348=ADVANCED_FACE('',(#544),#216,.F.);
#5349=ADVANCED_FACE('',(#545),#217,.T.);
#5350=ADVANCED_FACE('',(#546),#218,.T.);
#5351=ADVANCED_FACE('',(#547),#219,.F.);
#5352=ADVANCED_FACE('',(#548),#220,.F.);
#5353=ADVANCED_FACE('',(#549),#221,.F.);
#5354=ADVANCED_FACE('',(#550),#222,.F.);
#5355=ADVANCED_FACE('',(#551),#223,.F.);
#5356=ADVANCED_FACE('',(#552,#77,#78),#224,.F.);
#5357=ADVANCED_FACE('',(#553),#225,.F.);
#5358=ADVANCED_FACE('',(#554),#226,.T.);
#5359=ADVANCED_FACE('',(#555),#227,.F.);
#5360=ADVANCED_FACE('',(#556),#228,.F.);
#5361=ADVANCED_FACE('',(#557),#229,.F.);
#5362=ADVANCED_FACE('',(#558),#230,.F.);
#5363=ADVANCED_FACE('',(#559),#231,.T.);
#5364=ADVANCED_FACE('',(#560),#232,.T.);
#5365=ADVANCED_FACE('',(#561),#233,.F.);
#5366=ADVANCED_FACE('',(#562),#234,.T.);
#5367=ADVANCED_FACE('',(#563),#235,.T.);
#5368=ADVANCED_FACE('',(#564),#236,.T.);
#5369=ADVANCED_FACE('',(#565),#237,.T.);
#5370=ADVANCED_FACE('',(#566),#5121,.T.);
#5371=ADVANCED_FACE('',(#567),#238,.T.);
#5372=ADVANCED_FACE('',(#568),#239,.T.);
#5373=ADVANCED_FACE('',(#569),#240,.T.);
#5374=ADVANCED_FACE('',(#570),#241,.T.);
#5375=ADVANCED_FACE('',(#571,#79),#242,.T.);
#5376=ADVANCED_FACE('',(#572),#243,.T.);
#5377=ADVANCED_FACE('',(#573),#5122,.T.);
#5378=ADVANCED_FACE('',(#574),#244,.T.);
#5379=ADVANCED_FACE('',(#575),#245,.F.);
#5380=ADVANCED_FACE('',(#576),#246,.T.);
#5381=ADVANCED_FACE('',(#577),#247,.T.);
#5382=ADVANCED_FACE('',(#578),#248,.F.);
#5383=ADVANCED_FACE('',(#579),#249,.T.);
#5384=ADVANCED_FACE('',(#580),#250,.T.);
#5385=ADVANCED_FACE('',(#581),#251,.T.);
#5386=ADVANCED_FACE('',(#582),#252,.T.);
#5387=ADVANCED_FACE('',(#583),#5123,.T.);
#5388=ADVANCED_FACE('',(#584),#253,.T.);
#5389=ADVANCED_FACE('',(#585),#254,.T.);
#5390=ADVANCED_FACE('',(#586),#255,.T.);
#5391=ADVANCED_FACE('',(#587),#256,.T.);
#5392=ADVANCED_FACE('',(#588,#80),#257,.T.);
#5393=ADVANCED_FACE('',(#589),#258,.T.);
#5394=ADVANCED_FACE('',(#590),#5124,.T.);
#5395=ADVANCED_FACE('',(#591),#259,.T.);
#5396=ADVANCED_FACE('',(#592),#260,.T.);
#5397=ADVANCED_FACE('',(#593),#261,.T.);
#5398=ADVANCED_FACE('',(#594),#262,.T.);
#5399=ADVANCED_FACE('',(#595),#263,.T.);
#5400=ADVANCED_FACE('',(#596),#264,.T.);
#5401=ADVANCED_FACE('',(#597),#265,.T.);
#5402=ADVANCED_FACE('',(#598),#266,.T.);
#5403=ADVANCED_FACE('',(#599),#267,.T.);
#5404=ADVANCED_FACE('',(#600,#81),#268,.T.);
#5405=ADVANCED_FACE('',(#601),#269,.T.);
#5406=ADVANCED_FACE('',(#602),#270,.T.);
#5407=ADVANCED_FACE('',(#603),#271,.F.);
#5408=ADVANCED_FACE('',(#604),#272,.T.);
#5409=ADVANCED_FACE('',(#605),#273,.T.);
#5410=ADVANCED_FACE('',(#606,#82),#274,.T.);
#5411=ADVANCED_FACE('',(#607),#5125,.T.);
#5412=ADVANCED_FACE('',(#608,#83),#275,.T.);
#5413=ADVANCED_FACE('',(#609),#323,.T.);
#5414=ADVANCED_FACE('',(#610),#5126,.T.);
#5415=ADVANCED_FACE('',(#611),#276,.T.);
#5416=ADVANCED_FACE('',(#612),#277,.T.);
#5417=ADVANCED_FACE('',(#613),#278,.T.);
#5418=ADVANCED_FACE('',(#614),#279,.T.);
#5419=ADVANCED_FACE('',(#615),#280,.T.);
#5420=ADVANCED_FACE('',(#616),#281,.T.);
#5421=ADVANCED_FACE('',(#617),#282,.T.);
#5422=ADVANCED_FACE('',(#618),#283,.T.);
#5423=ADVANCED_FACE('',(#619),#284,.T.);
#5424=ADVANCED_FACE('',(#620,#84),#285,.T.);
#5425=ADVANCED_FACE('',(#621),#286,.T.);
#5426=ADVANCED_FACE('',(#622),#287,.T.);
#5427=ADVANCED_FACE('',(#623),#288,.F.);
#5428=ADVANCED_FACE('',(#624),#289,.T.);
#5429=ADVANCED_FACE('',(#625),#290,.T.);
#5430=ADVANCED_FACE('',(#626,#85),#291,.T.);
#5431=ADVANCED_FACE('',(#627),#5127,.T.);
#5432=ADVANCED_FACE('',(#628,#86),#292,.T.);
#5433=ADVANCED_FACE('',(#629),#324,.T.);
#5434=ADVANCED_FACE('',(#630),#5128,.T.);
#5435=ADVANCED_FACE('',(#631),#293,.T.);
#5436=CLOSED_SHELL('',(#5129,#5130,#5131,#5132,#5133,#5134,#5135,#5136,
#5137,#5138,#5139,#5140,#5141,#5142,#5143,#5144,#5145,#5146,#5147,#5148,
#5149,#5150,#5151,#5152,#5153,#5154,#5155,#5156,#5157,#5158,#5159,#5160,
#5161,#5162,#5163,#5164,#5165,#5166,#5167,#5168,#5169,#5170,#5171,#5172,
#5173,#5174,#5175,#5176,#5177,#5178,#5179,#5180,#5181,#5182,#5183,#5184,
#5185,#5186,#5187,#5188,#5189,#5190,#5191,#5192,#5193,#5194,#5195,#5196,
#5197,#5198,#5199,#5200,#5201,#5202,#5203,#5204,#5205,#5206,#5207,#5208,
#5209,#5210,#5211,#5212,#5213,#5214,#5215,#5216,#5217,#5218,#5219,#5220,
#5221,#5222,#5223,#5224,#5225,#5226,#5227,#5228,#5229,#5230,#5231,#5232,
#5233,#5234,#5235,#5236,#5237,#5238,#5239,#5240,#5241,#5242,#5243,#5244,
#5245,#5246,#5247,#5248,#5249,#5250,#5251,#5252,#5253));
#5437=CLOSED_SHELL('',(#5254,#5255,#5256,#5257,#5258,#5259,#5260,#5261,
#5262));
#5438=CLOSED_SHELL('',(#5263,#5264,#5265,#5266,#5267,#5268,#5269,#5270,
#5271,#5272,#5273));
#5439=CLOSED_SHELL('',(#5274,#5275,#5276,#5277,#5278,#5279,#5280,#5281,
#5282,#5283));
#5440=CLOSED_SHELL('',(#5284,#5285,#5286,#5287,#5288,#5289,#5290,#5291,
#5292,#5293,#5294,#5295,#5296,#5297));
#5441=CLOSED_SHELL('',(#5298,#5299,#5300,#5301,#5302,#5303,#5304,#5305,
#5306,#5307,#5308,#5309,#5310,#5311,#5312,#5313,#5314));
#5442=CLOSED_SHELL('',(#5315,#5316,#5317,#5318,#5319,#5320,#5321,#5322,
#5323,#5324,#5325,#5326,#5327,#5328,#5329,#5330,#5331));
#5443=CLOSED_SHELL('',(#5332,#5333,#5334,#5335,#5336,#5337,#5338,#5339,
#5340,#5341,#5342,#5343,#5344,#5345,#5346,#5347,#5348,#5349,#5350,#5351,
#5352,#5353,#5354,#5355,#5356,#5357,#5358,#5359,#5360,#5361));
#5444=CLOSED_SHELL('',(#5362,#5363,#5364,#5365,#5366,#5367,#5368,#5369,
#5370,#5371,#5372,#5373,#5374,#5375,#5376,#5377,#5378));
#5445=CLOSED_SHELL('',(#5379,#5380,#5381,#5382,#5383,#5384,#5385,#5386,
#5387,#5388,#5389,#5390,#5391,#5392,#5393,#5394,#5395));
#5446=CLOSED_SHELL('',(#5396,#5397,#5398,#5399,#5400,#5401,#5402,#5403,
#5404,#5405,#5406,#5407,#5408,#5409,#5410,#5411,#5412,#5413,#5414,#5415));
#5447=CLOSED_SHELL('',(#5416,#5417,#5418,#5419,#5420,#5421,#5422,#5423,
#5424,#5425,#5426,#5427,#5428,#5429,#5430,#5431,#5432,#5433,#5434,#5435));
#5448=DERIVED_UNIT_ELEMENT(#5450,1.);
#5449=DERIVED_UNIT_ELEMENT(#9262,-3.);
#5450=(
MASS_UNIT()
NAMED_UNIT(*)
SI_UNIT(.KILO.,.GRAM.)
);
#5451=DERIVED_UNIT((#5448,#5449));
#5452=MEASURE_REPRESENTATION_ITEM('density measure',
POSITIVE_RATIO_MEASURE(7850.),#5451);
#5453=PROPERTY_DEFINITION_REPRESENTATION(#5458,#5455);
#5454=PROPERTY_DEFINITION_REPRESENTATION(#5459,#5456);
#5455=REPRESENTATION('material name',(#5457),#9259);
#5456=REPRESENTATION('density',(#5452),#9259);
#5457=DESCRIPTIVE_REPRESENTATION_ITEM('Steel','Steel');
#5458=PROPERTY_DEFINITION('material property','material name',#9269);
#5459=PROPERTY_DEFINITION('material property','density of part',#9269);
#5460=AXIS2_PLACEMENT_3D('',#7556,#5978,#5979);
#5461=AXIS2_PLACEMENT_3D('',#7557,#5980,#5981);
#5462=AXIS2_PLACEMENT_3D('',#7559,#5982,#5983);
#5463=AXIS2_PLACEMENT_3D('',#7562,#5985,#5986);
#5464=AXIS2_PLACEMENT_3D('',#7563,#5987,#5988);
#5465=AXIS2_PLACEMENT_3D('',#7565,#5989,#5990);
#5466=AXIS2_PLACEMENT_3D('',#7568,#5992,#5993);
#5467=AXIS2_PLACEMENT_3D('',#7569,#5994,#5995);
#5468=AXIS2_PLACEMENT_3D('',#7571,#5996,#5997);
#5469=AXIS2_PLACEMENT_3D('',#7574,#5999,#6000);
#5470=AXIS2_PLACEMENT_3D('',#7575,#6001,#6002);
#5471=AXIS2_PLACEMENT_3D('',#7577,#6003,#6004);
#5472=AXIS2_PLACEMENT_3D('',#7580,#6006,#6007);
#5473=AXIS2_PLACEMENT_3D('',#7581,#6008,#6009);
#5474=AXIS2_PLACEMENT_3D('',#7583,#6010,#6011);
#5475=AXIS2_PLACEMENT_3D('',#7586,#6013,#6014);
#5476=AXIS2_PLACEMENT_3D('',#7587,#6015,#6016);
#5477=AXIS2_PLACEMENT_3D('',#7589,#6017,#6018);
#5478=AXIS2_PLACEMENT_3D('',#7592,#6020,#6021);
#5479=AXIS2_PLACEMENT_3D('',#7593,#6022,#6023);
#5480=AXIS2_PLACEMENT_3D('',#7595,#6024,#6025);
#5481=AXIS2_PLACEMENT_3D('',#7598,#6027,#6028);
#5482=AXIS2_PLACEMENT_3D('',#7599,#6029,#6030);
#5483=AXIS2_PLACEMENT_3D('',#7602,#6032,#6033);
#5484=AXIS2_PLACEMENT_3D('',#7603,#6034,#6035);
#5485=AXIS2_PLACEMENT_3D('',#7605,#6036,#6037);
#5486=AXIS2_PLACEMENT_3D('',#7606,#6038,#6039);
#5487=AXIS2_PLACEMENT_3D('',#7607,#6040,#6041);
#5488=AXIS2_PLACEMENT_3D('',#7610,#6043,#6044);
#5489=AXIS2_PLACEMENT_3D('',#7611,#6045,#6046);
#5490=AXIS2_PLACEMENT_3D('',#7613,#6048,#6049);
#5491=AXIS2_PLACEMENT_3D('',#7615,#6050,#6051);
#5492=AXIS2_PLACEMENT_3D('',#7618,#6053,#6054);
#5493=AXIS2_PLACEMENT_3D('',#7619,#6055,#6056);
#5494=AXIS2_PLACEMENT_3D('',#7622,#6058,#6059);
#5495=AXIS2_PLACEMENT_3D('',#7623,#6060,#6061);
#5496=AXIS2_PLACEMENT_3D('',#7625,#6062,#6063);
#5497=AXIS2_PLACEMENT_3D('',#7626,#6064,#6065);
#5498=AXIS2_PLACEMENT_3D('',#7627,#6066,#6067);
#5499=AXIS2_PLACEMENT_3D('',#7630,#6069,#6070);
#5500=AXIS2_PLACEMENT_3D('',#7631,#6071,#6072);
#5501=AXIS2_PLACEMENT_3D('',#7633,#6074,#6075);
#5502=AXIS2_PLACEMENT_3D('',#7636,#6076,#6077);
#5503=AXIS2_PLACEMENT_3D('',#7640,#6079,#6080);
#5504=AXIS2_PLACEMENT_3D('',#7642,#6082,#6083);
#5505=AXIS2_PLACEMENT_3D('',#7648,#6087,#6088);
#5506=AXIS2_PLACEMENT_3D('',#7650,#6089,#6090);
#5507=AXIS2_PLACEMENT_3D('',#7652,#6091,#6092);
#5508=AXIS2_PLACEMENT_3D('',#7654,#6094,#6095);
#5509=AXIS2_PLACEMENT_3D('',#7660,#6099,#6100);
#5510=AXIS2_PLACEMENT_3D('',#7662,#6101,#6102);
#5511=AXIS2_PLACEMENT_3D('',#7664,#6103,#6104);
#5512=AXIS2_PLACEMENT_3D('',#7666,#6106,#6107);
#5513=AXIS2_PLACEMENT_3D('',#7672,#6111,#6112);
#5514=AXIS2_PLACEMENT_3D('',#7674,#6113,#6114);
#5515=AXIS2_PLACEMENT_3D('',#7676,#6115,#6116);
#5516=AXIS2_PLACEMENT_3D('',#7678,#6118,#6119);
#5517=AXIS2_PLACEMENT_3D('',#7681,#6122,#6123);
#5518=AXIS2_PLACEMENT_3D('',#7684,#6124,#6125);
#5519=AXIS2_PLACEMENT_3D('',#7688,#6127,#6128);
#5520=AXIS2_PLACEMENT_3D('',#7690,#6130,#6131);
#5521=AXIS2_PLACEMENT_3D('',#7693,#6132,#6133);
#5522=AXIS2_PLACEMENT_3D('',#7694,#6134,#6135);
#5523=AXIS2_PLACEMENT_3D('',#7695,#6136,#6137);
#5524=AXIS2_PLACEMENT_3D('',#7696,#6138,#6139);
#5525=AXIS2_PLACEMENT_3D('',#7698,#6140,#6141);
#5526=AXIS2_PLACEMENT_3D('',#7700,#6143,#6144);
#5527=AXIS2_PLACEMENT_3D('',#7704,#6146,#6147);
#5528=AXIS2_PLACEMENT_3D('',#7706,#6149,#6150);
#5529=AXIS2_PLACEMENT_3D('',#7710,#6152,#6153);
#5530=AXIS2_PLACEMENT_3D('',#7714,#6155,#6156);
#5531=AXIS2_PLACEMENT_3D('',#7718,#6158,#6159);
#5532=AXIS2_PLACEMENT_3D('',#7722,#6161,#6162);
#5533=AXIS2_PLACEMENT_3D('',#7724,#6163,#6164);
#5534=AXIS2_PLACEMENT_3D('',#7726,#6165,#6166);
#5535=AXIS2_PLACEMENT_3D('',#7730,#6168,#6169);
#5536=AXIS2_PLACEMENT_3D('',#7732,#6170,#6171);
#5537=AXIS2_PLACEMENT_3D('',#7734,#6172,#6173);
#5538=AXIS2_PLACEMENT_3D('',#7738,#6175,#6176);
#5539=AXIS2_PLACEMENT_3D('',#7742,#6178,#6179);
#5540=AXIS2_PLACEMENT_3D('',#7744,#6181,#6182);
#5541=AXIS2_PLACEMENT_3D('',#7761,#6183,#6184);
#5542=AXIS2_PLACEMENT_3D('',#7778,#6185,#6186);
#5543=AXIS2_PLACEMENT_3D('',#7790,#6188,#6189);
#5544=AXIS2_PLACEMENT_3D('',#7794,#6192,#6193);
#5545=AXIS2_PLACEMENT_3D('',#7827,#6195,#6196);
#5546=AXIS2_PLACEMENT_3D('',#7829,#6197,#6198);
#5547=AXIS2_PLACEMENT_3D('',#7833,#6200,#6201);
#5548=AXIS2_PLACEMENT_3D('',#7835,#6203,#6204);
#5549=AXIS2_PLACEMENT_3D('',#7836,#6205,#6206);
#5550=AXIS2_PLACEMENT_3D('',#7837,#6207,#6208);
#5551=AXIS2_PLACEMENT_3D('',#7838,#6209,#6210);
#5552=AXIS2_PLACEMENT_3D('',#7839,#6211,#6212);
#5553=AXIS2_PLACEMENT_3D('',#7843,#6214,#6215);
#5554=AXIS2_PLACEMENT_3D('',#7845,#6217,#6218);
#5555=AXIS2_PLACEMENT_3D('',#7856,#6219,#6220);
#5556=AXIS2_PLACEMENT_3D('',#7858,#6222,#6223);
#5557=AXIS2_PLACEMENT_3D('',#7876,#6224,#6225);
#5558=AXIS2_PLACEMENT_3D('',#7877,#6226,#6227);
#5559=AXIS2_PLACEMENT_3D('',#7883,#6230,#6231);
#5560=AXIS2_PLACEMENT_3D('',#7885,#6233,#6234);
#5561=AXIS2_PLACEMENT_3D('',#7887,#6236,#6237);
#5562=AXIS2_PLACEMENT_3D('',#7891,#6239,#6240);
#5563=AXIS2_PLACEMENT_3D('',#7893,#6242,#6243);
#5564=AXIS2_PLACEMENT_3D('',#7895,#6245,#6246);
#5565=AXIS2_PLACEMENT_3D('',#7897,#6248,#6249);
#5566=AXIS2_PLACEMENT_3D('',#7901,#6251,#6252);
#5567=AXIS2_PLACEMENT_3D('',#7910,#6253,#6254);
#5568=AXIS2_PLACEMENT_3D('',#7920,#6260,#6261);
#5569=AXIS2_PLACEMENT_3D('',#7923,#6263,#6264);
#5570=AXIS2_PLACEMENT_3D('',#7924,#6265,#6266);
#5571=AXIS2_PLACEMENT_3D('',#7928,#6268,#6269);
#5572=AXIS2_PLACEMENT_3D('',#7930,#6271,#6272);
#5573=AXIS2_PLACEMENT_3D('',#7939,#6277,#6278);
#5574=AXIS2_PLACEMENT_3D('',#7948,#6283,#6284);
#5575=AXIS2_PLACEMENT_3D('',#7972,#6286,#6287);
#5576=AXIS2_PLACEMENT_3D('',#7974,#6288,#6289);
#5577=AXIS2_PLACEMENT_3D('',#7976,#6290,#6291);
#5578=AXIS2_PLACEMENT_3D('',#7978,#6293,#6294);
#5579=AXIS2_PLACEMENT_3D('',#7999,#6295,#6296);
#5580=AXIS2_PLACEMENT_3D('',#8001,#6297,#6298);
#5581=AXIS2_PLACEMENT_3D('',#8005,#6300,#6301);
#5582=AXIS2_PLACEMENT_3D('',#8008,#6303,#6304);
#5583=AXIS2_PLACEMENT_3D('',#8009,#6305,#6306);
#5584=AXIS2_PLACEMENT_3D('',#8011,#6307,#6308);
#5585=AXIS2_PLACEMENT_3D('',#8015,#6310,#6311);
#5586=AXIS2_PLACEMENT_3D('',#8021,#6314,#6315);
#5587=AXIS2_PLACEMENT_3D('',#8023,#6317,#6318);
#5588=AXIS2_PLACEMENT_3D('',#8027,#6320,#6321);
#5589=AXIS2_PLACEMENT_3D('',#8030,#6323,#6324);
#5590=AXIS2_PLACEMENT_3D('',#8033,#6326,#6327);
#5591=AXIS2_PLACEMENT_3D('',#8034,#6328,#6329);
#5592=AXIS2_PLACEMENT_3D('',#8038,#6331,#6332);
#5593=AXIS2_PLACEMENT_3D('',#8040,#6334,#6335);
#5594=AXIS2_PLACEMENT_3D('',#8042,#6336,#6337);
#5595=AXIS2_PLACEMENT_3D('',#8044,#6339,#6340);
#5596=AXIS2_PLACEMENT_3D('',#8046,#6341,#6342);
#5597=AXIS2_PLACEMENT_3D('',#8048,#6344,#6345);
#5598=AXIS2_PLACEMENT_3D('',#8052,#6348,#6349);
#5599=AXIS2_PLACEMENT_3D('',#8054,#6350,#6351);
#5600=AXIS2_PLACEMENT_3D('',#8056,#6353,#6354);
#5601=AXIS2_PLACEMENT_3D('',#8058,#6355,#6356);
#5602=AXIS2_PLACEMENT_3D('',#8060,#6358,#6359);
#5603=AXIS2_PLACEMENT_3D('',#8062,#6360,#6361);
#5604=AXIS2_PLACEMENT_3D('',#8064,#6363,#6364);
#5605=AXIS2_PLACEMENT_3D('',#8066,#6366,#6367);
#5606=AXIS2_PLACEMENT_3D('',#8072,#6371,#6372);
#5607=AXIS2_PLACEMENT_3D('',#8074,#6373,#6374);
#5608=AXIS2_PLACEMENT_3D('',#8076,#6376,#6377);
#5609=AXIS2_PLACEMENT_3D('',#8079,#6380,#6381);
#5610=AXIS2_PLACEMENT_3D('',#8081,#6383,#6384);
#5611=AXIS2_PLACEMENT_3D('',#8083,#6385,#6386);
#5612=AXIS2_PLACEMENT_3D('',#8085,#6388,#6389);
#5613=AXIS2_PLACEMENT_3D('',#8089,#6392,#6393);
#5614=AXIS2_PLACEMENT_3D('',#8090,#6394,#6395);
#5615=AXIS2_PLACEMENT_3D('',#8091,#6396,#6397);
#5616=AXIS2_PLACEMENT_3D('',#8092,#6398,#6399);
#5617=AXIS2_PLACEMENT_3D('',#8094,#6401,#6402);
#5618=AXIS2_PLACEMENT_3D('',#8097,#6403,#6404);
#5619=AXIS2_PLACEMENT_3D('',#8104,#6405,#6406);
#5620=AXIS2_PLACEMENT_3D('',#8110,#6410,#6411);
#5621=AXIS2_PLACEMENT_3D('',#8112,#6412,#6413);
#5622=AXIS2_PLACEMENT_3D('',#8115,#6415,#6416);
#5623=AXIS2_PLACEMENT_3D('',#8116,#6417,#6418);
#5624=AXIS2_PLACEMENT_3D('',#8122,#6422,#6423);
#5625=AXIS2_PLACEMENT_3D('',#8124,#6424,#6425);
#5626=AXIS2_PLACEMENT_3D('',#8127,#6427,#6428);
#5627=AXIS2_PLACEMENT_3D('',#8128,#6429,#6430);
#5628=AXIS2_PLACEMENT_3D('',#8134,#6434,#6435);
#5629=AXIS2_PLACEMENT_3D('',#8136,#6436,#6437);
#5630=AXIS2_PLACEMENT_3D('',#8139,#6439,#6440);
#5631=AXIS2_PLACEMENT_3D('',#8140,#6441,#6442);
#5632=AXIS2_PLACEMENT_3D('',#8142,#6443,#6444);
#5633=AXIS2_PLACEMENT_3D('',#8145,#6446,#6447);
#5634=AXIS2_PLACEMENT_3D('',#8146,#6448,#6449);
#5635=AXIS2_PLACEMENT_3D('',#8148,#6450,#6451);
#5636=AXIS2_PLACEMENT_3D('',#8151,#6453,#6454);
#5637=AXIS2_PLACEMENT_3D('',#8152,#6455,#6456);
#5638=AXIS2_PLACEMENT_3D('',#8158,#6460,#6461);
#5639=AXIS2_PLACEMENT_3D('',#8160,#6462,#6463);
#5640=AXIS2_PLACEMENT_3D('',#8163,#6465,#6466);
#5641=AXIS2_PLACEMENT_3D('',#8164,#6467,#6468);
#5642=AXIS2_PLACEMENT_3D('',#8166,#6469,#6470);
#5643=AXIS2_PLACEMENT_3D('',#8169,#6472,#6473);
#5644=AXIS2_PLACEMENT_3D('',#8170,#6474,#6475);
#5645=AXIS2_PLACEMENT_3D('',#8172,#6476,#6477);
#5646=AXIS2_PLACEMENT_3D('',#8175,#6479,#6480);
#5647=AXIS2_PLACEMENT_3D('',#8176,#6481,#6482);
#5648=AXIS2_PLACEMENT_3D('',#8182,#6486,#6487);
#5649=AXIS2_PLACEMENT_3D('',#8184,#6488,#6489);
#5650=AXIS2_PLACEMENT_3D('',#8187,#6491,#6492);
#5651=AXIS2_PLACEMENT_3D('',#8188,#6493,#6494);
#5652=AXIS2_PLACEMENT_3D('',#8194,#6498,#6499);
#5653=AXIS2_PLACEMENT_3D('',#8196,#6500,#6501);
#5654=AXIS2_PLACEMENT_3D('',#8199,#6503,#6504);
#5655=AXIS2_PLACEMENT_3D('',#8200,#6505,#6506);
#5656=AXIS2_PLACEMENT_3D('',#8203,#6509,#6510);
#5657=AXIS2_PLACEMENT_3D('',#8204,#6511,#6512);
#5658=AXIS2_PLACEMENT_3D('',#8210,#6516,#6517);
#5659=AXIS2_PLACEMENT_3D('',#8213,#6518,#6519);
#5660=AXIS2_PLACEMENT_3D('',#8217,#6521,#6522);
#5661=AXIS2_PLACEMENT_3D('',#8220,#6525,#6526);
#5662=AXIS2_PLACEMENT_3D('',#8222,#6527,#6528);
#5663=AXIS2_PLACEMENT_3D('',#8224,#6530,#6531);
#5664=AXIS2_PLACEMENT_3D('',#8228,#6534,#6535);
#5665=AXIS2_PLACEMENT_3D('',#8232,#6537,#6538);
#5666=AXIS2_PLACEMENT_3D('',#8235,#6540,#6541);
#5667=AXIS2_PLACEMENT_3D('',#8236,#6542,#6543);
#5668=AXIS2_PLACEMENT_3D('',#8239,#6544,#6545);
#5669=AXIS2_PLACEMENT_3D('',#8242,#6548,#6549);
#5670=AXIS2_PLACEMENT_3D('',#8244,#6551,#6552);
#5671=AXIS2_PLACEMENT_3D('',#8248,#6555,#6556);
#5672=AXIS2_PLACEMENT_3D('',#8250,#6557,#6558);
#5673=AXIS2_PLACEMENT_3D('',#8252,#6560,#6561);
#5674=AXIS2_PLACEMENT_3D('',#8254,#6562,#6563);
#5675=AXIS2_PLACEMENT_3D('',#8256,#6565,#6566);
#5676=AXIS2_PLACEMENT_3D('',#8258,#6567,#6568);
#5677=AXIS2_PLACEMENT_3D('',#8260,#6570,#6571);
#5678=AXIS2_PLACEMENT_3D('',#8264,#6574,#6575);
#5679=AXIS2_PLACEMENT_3D('',#8266,#6576,#6577);
#5680=AXIS2_PLACEMENT_3D('',#8268,#6579,#6580);
#5681=AXIS2_PLACEMENT_3D('',#8270,#6581,#6582);
#5682=AXIS2_PLACEMENT_3D('',#8272,#6584,#6585);
#5683=AXIS2_PLACEMENT_3D('',#8274,#6586,#6587);
#5684=AXIS2_PLACEMENT_3D('',#8276,#6589,#6590);
#5685=AXIS2_PLACEMENT_3D('',#8278,#6592,#6593);
#5686=AXIS2_PLACEMENT_3D('',#8282,#6596,#6597);
#5687=AXIS2_PLACEMENT_3D('',#8292,#6603,#6604);
#5688=AXIS2_PLACEMENT_3D('',#8293,#6605,#6606);
#5689=AXIS2_PLACEMENT_3D('',#8294,#6607,#6608);
#5690=AXIS2_PLACEMENT_3D('',#8296,#6609,#6610);
#5691=AXIS2_PLACEMENT_3D('',#8298,#6612,#6613);
#5692=AXIS2_PLACEMENT_3D('',#8300,#6615,#6616);
#5693=AXIS2_PLACEMENT_3D('',#8301,#6617,#6618);
#5694=AXIS2_PLACEMENT_3D('',#8302,#6619,#6620);
#5695=AXIS2_PLACEMENT_3D('',#8304,#6621,#6622);
#5696=AXIS2_PLACEMENT_3D('',#8306,#6624,#6625);
#5697=AXIS2_PLACEMENT_3D('',#8309,#6626,#6627);
#5698=AXIS2_PLACEMENT_3D('',#8313,#6629,#6630);
#5699=AXIS2_PLACEMENT_3D('',#8315,#6632,#6633);
#5700=AXIS2_PLACEMENT_3D('',#8321,#6637,#6638);
#5701=AXIS2_PLACEMENT_3D('',#8323,#6639,#6640);
#5702=AXIS2_PLACEMENT_3D('',#8325,#6641,#6642);
#5703=AXIS2_PLACEMENT_3D('',#8327,#6644,#6645);
#5704=AXIS2_PLACEMENT_3D('',#8330,#6648,#6649);
#5705=AXIS2_PLACEMENT_3D('',#8332,#6650,#6651);
#5706=AXIS2_PLACEMENT_3D('',#8334,#6652,#6653);
#5707=AXIS2_PLACEMENT_3D('',#8336,#6655,#6656);
#5708=AXIS2_PLACEMENT_3D('',#8342,#6660,#6661);
#5709=AXIS2_PLACEMENT_3D('',#8344,#6662,#6663);
#5710=AXIS2_PLACEMENT_3D('',#8347,#6665,#6666);
#5711=AXIS2_PLACEMENT_3D('',#8348,#6667,#6668);
#5712=AXIS2_PLACEMENT_3D('',#8351,#6671,#6672);
#5713=AXIS2_PLACEMENT_3D('',#8352,#6673,#6674);
#5714=AXIS2_PLACEMENT_3D('',#8354,#6676,#6677);
#5715=AXIS2_PLACEMENT_3D('',#8355,#6678,#6679);
#5716=AXIS2_PLACEMENT_3D('',#8357,#6680,#6681);
#5717=AXIS2_PLACEMENT_3D('',#8359,#6682,#6683);
#5718=AXIS2_PLACEMENT_3D('',#8360,#6684,#6685);
#5719=AXIS2_PLACEMENT_3D('',#8361,#6686,#6687);
#5720=AXIS2_PLACEMENT_3D('',#8363,#6688,#6689);
#5721=AXIS2_PLACEMENT_3D('',#8365,#6690,#6691);
#5722=AXIS2_PLACEMENT_3D('',#8367,#6692,#6693);
#5723=AXIS2_PLACEMENT_3D('',#8368,#6694,#6695);
#5724=AXIS2_PLACEMENT_3D('',#8369,#6696,#6697);
#5725=AXIS2_PLACEMENT_3D('',#8371,#6698,#6699);
#5726=AXIS2_PLACEMENT_3D('',#8374,#6701,#6702);
#5727=AXIS2_PLACEMENT_3D('',#8375,#6703,#6704);
#5728=AXIS2_PLACEMENT_3D('',#8377,#6706,#6707);
#5729=AXIS2_PLACEMENT_3D('',#8379,#6709,#6710);
#5730=AXIS2_PLACEMENT_3D('',#8381,#6711,#6712);
#5731=AXIS2_PLACEMENT_3D('',#8384,#6714,#6715);
#5732=AXIS2_PLACEMENT_3D('',#8385,#6716,#6717);
#5733=AXIS2_PLACEMENT_3D('',#8387,#6719,#6720);
#5734=AXIS2_PLACEMENT_3D('',#8388,#6721,#6722);
#5735=AXIS2_PLACEMENT_3D('',#8389,#6723,#6724);
#5736=AXIS2_PLACEMENT_3D('',#8391,#6725,#6726);
#5737=AXIS2_PLACEMENT_3D('',#8394,#6728,#6729);
#5738=AXIS2_PLACEMENT_3D('',#8395,#6730,#6731);
#5739=AXIS2_PLACEMENT_3D('',#8397,#6732,#6733);
#5740=AXIS2_PLACEMENT_3D('',#8400,#6735,#6736);
#5741=AXIS2_PLACEMENT_3D('',#8401,#6737,#6738);
#5742=AXIS2_PLACEMENT_3D('',#8403,#6739,#6740);
#5743=AXIS2_PLACEMENT_3D('',#8406,#6742,#6743);
#5744=AXIS2_PLACEMENT_3D('',#8407,#6744,#6745);
#5745=AXIS2_PLACEMENT_3D('',#8408,#6746,#6747);
#5746=AXIS2_PLACEMENT_3D('',#8409,#6748,#6749);
#5747=AXIS2_PLACEMENT_3D('',#8411,#6750,#6751);
#5748=AXIS2_PLACEMENT_3D('',#8412,#6752,#6753);
#5749=AXIS2_PLACEMENT_3D('',#8415,#6755,#6756);
#5750=AXIS2_PLACEMENT_3D('',#8416,#6757,#6758);
#5751=AXIS2_PLACEMENT_3D('',#8417,#6759,#6760);
#5752=AXIS2_PLACEMENT_3D('',#8419,#6761,#6762);
#5753=AXIS2_PLACEMENT_3D('',#8420,#6763,#6764);
#5754=AXIS2_PLACEMENT_3D('',#8423,#6766,#6767);
#5755=AXIS2_PLACEMENT_3D('',#8424,#6768,#6769);
#5756=AXIS2_PLACEMENT_3D('',#8425,#6770,#6771);
#5757=AXIS2_PLACEMENT_3D('',#8442,#6780,#6781);
#5758=AXIS2_PLACEMENT_3D('',#8451,#6786,#6787);
#5759=AXIS2_PLACEMENT_3D('',#8454,#6790,#6791);
#5760=AXIS2_PLACEMENT_3D('',#8456,#6793,#6794);
#5761=AXIS2_PLACEMENT_3D('',#8458,#6796,#6797);
#5762=AXIS2_PLACEMENT_3D('',#8464,#6801,#6802);
#5763=AXIS2_PLACEMENT_3D('',#8468,#6805,#6806);
#5764=AXIS2_PLACEMENT_3D('',#8472,#6809,#6810);
#5765=AXIS2_PLACEMENT_3D('',#8474,#6812,#6813);
#5766=AXIS2_PLACEMENT_3D('',#8475,#6814,#6815);
#5767=AXIS2_PLACEMENT_3D('',#8484,#6820,#6821);
#5768=AXIS2_PLACEMENT_3D('',#8490,#6825,#6826);
#5769=AXIS2_PLACEMENT_3D('',#8496,#6830,#6831);
#5770=AXIS2_PLACEMENT_3D('',#8499,#6834,#6835);
#5771=AXIS2_PLACEMENT_3D('',#8508,#6840,#6841);
#5772=AXIS2_PLACEMENT_3D('',#8517,#6846,#6847);
#5773=AXIS2_PLACEMENT_3D('',#8520,#6850,#6851);
#5774=AXIS2_PLACEMENT_3D('',#8530,#6857,#6858);
#5775=AXIS2_PLACEMENT_3D('',#8534,#6861,#6862);
#5776=AXIS2_PLACEMENT_3D('',#8538,#6865,#6866);
#5777=AXIS2_PLACEMENT_3D('',#8544,#6870,#6871);
#5778=AXIS2_PLACEMENT_3D('',#8546,#6873,#6874);
#5779=AXIS2_PLACEMENT_3D('',#8548,#6876,#6877);
#5780=AXIS2_PLACEMENT_3D('',#8549,#6878,#6879);
#5781=AXIS2_PLACEMENT_3D('',#8558,#6884,#6885);
#5782=AXIS2_PLACEMENT_3D('',#8567,#6890,#6891);
#5783=AXIS2_PLACEMENT_3D('',#8576,#6896,#6897);
#5784=AXIS2_PLACEMENT_3D('',#8585,#6902,#6903);
#5785=AXIS2_PLACEMENT_3D('',#8588,#6905,#6906);
#5786=AXIS2_PLACEMENT_3D('',#8589,#6907,#6908);
#5787=AXIS2_PLACEMENT_3D('',#8593,#6911,#6912);
#5788=AXIS2_PLACEMENT_3D('',#8599,#6916,#6917);
#5789=AXIS2_PLACEMENT_3D('',#8600,#6918,#6919);
#5790=AXIS2_PLACEMENT_3D('',#8601,#6920,#6921);
#5791=AXIS2_PLACEMENT_3D('',#8602,#6922,#6923);
#5792=AXIS2_PLACEMENT_3D('',#8603,#6924,#6925);
#5793=AXIS2_PLACEMENT_3D('',#8604,#6926,#6927);
#5794=AXIS2_PLACEMENT_3D('',#8606,#6928,#6929);
#5795=AXIS2_PLACEMENT_3D('',#8610,#6931,#6932);
#5796=AXIS2_PLACEMENT_3D('',#8613,#6934,#6935);
#5797=AXIS2_PLACEMENT_3D('',#8615,#6936,#6937);
#5798=AXIS2_PLACEMENT_3D('',#8618,#6939,#6940);
#5799=AXIS2_PLACEMENT_3D('',#8619,#6941,#6942);
#5800=AXIS2_PLACEMENT_3D('',#8622,#6945,#6946);
#5801=AXIS2_PLACEMENT_3D('',#8624,#6948,#6949);
#5802=AXIS2_PLACEMENT_3D('',#8626,#6951,#6952);
#5803=AXIS2_PLACEMENT_3D('',#8627,#6953,#6954);
#5804=AXIS2_PLACEMENT_3D('',#8629,#6955,#6956);
#5805=AXIS2_PLACEMENT_3D('',#8630,#6957,#6958);
#5806=AXIS2_PLACEMENT_3D('',#8631,#6959,#6960);
#5807=AXIS2_PLACEMENT_3D('',#8634,#6962,#6963);
#5808=AXIS2_PLACEMENT_3D('',#8635,#6964,#6965);
#5809=AXIS2_PLACEMENT_3D('',#8636,#6966,#6967);
#5810=AXIS2_PLACEMENT_3D('',#8645,#6972,#6973);
#5811=AXIS2_PLACEMENT_3D('',#8654,#6978,#6979);
#5812=AXIS2_PLACEMENT_3D('',#8663,#6984,#6985);
#5813=AXIS2_PLACEMENT_3D('',#8672,#6990,#6991);
#5814=AXIS2_PLACEMENT_3D('',#8675,#6993,#6994);
#5815=AXIS2_PLACEMENT_3D('',#8676,#6995,#6996);
#5816=AXIS2_PLACEMENT_3D('',#8680,#6999,#7000);
#5817=AXIS2_PLACEMENT_3D('',#8686,#7004,#7005);
#5818=AXIS2_PLACEMENT_3D('',#8687,#7006,#7007);
#5819=AXIS2_PLACEMENT_3D('',#8688,#7008,#7009);
#5820=AXIS2_PLACEMENT_3D('',#8689,#7010,#7011);
#5821=AXIS2_PLACEMENT_3D('',#8690,#7012,#7013);
#5822=AXIS2_PLACEMENT_3D('',#8691,#7014,#7015);
#5823=AXIS2_PLACEMENT_3D('',#8693,#7016,#7017);
#5824=AXIS2_PLACEMENT_3D('',#8697,#7019,#7020);
#5825=AXIS2_PLACEMENT_3D('',#8700,#7022,#7023);
#5826=AXIS2_PLACEMENT_3D('',#8702,#7024,#7025);
#5827=AXIS2_PLACEMENT_3D('',#8705,#7027,#7028);
#5828=AXIS2_PLACEMENT_3D('',#8706,#7029,#7030);
#5829=AXIS2_PLACEMENT_3D('',#8709,#7033,#7034);
#5830=AXIS2_PLACEMENT_3D('',#8711,#7036,#7037);
#5831=AXIS2_PLACEMENT_3D('',#8713,#7039,#7040);
#5832=AXIS2_PLACEMENT_3D('',#8714,#7041,#7042);
#5833=AXIS2_PLACEMENT_3D('',#8716,#7043,#7044);
#5834=AXIS2_PLACEMENT_3D('',#8717,#7045,#7046);
#5835=AXIS2_PLACEMENT_3D('',#8718,#7047,#7048);
#5836=AXIS2_PLACEMENT_3D('',#8721,#7050,#7051);
#5837=AXIS2_PLACEMENT_3D('',#8722,#7052,#7053);
#5838=AXIS2_PLACEMENT_3D('',#8723,#7054,#7055);
#5839=AXIS2_PLACEMENT_3D('',#8732,#7060,#7061);
#5840=AXIS2_PLACEMENT_3D('',#8738,#7065,#7066);
#5841=AXIS2_PLACEMENT_3D('',#8744,#7070,#7071);
#5842=AXIS2_PLACEMENT_3D('',#8747,#7074,#7075);
#5843=AXIS2_PLACEMENT_3D('',#8756,#7080,#7081);
#5844=AXIS2_PLACEMENT_3D('',#8762,#7085,#7086);
#5845=AXIS2_PLACEMENT_3D('',#8768,#7090,#7091);
#5846=AXIS2_PLACEMENT_3D('',#8771,#7094,#7095);
#5847=AXIS2_PLACEMENT_3D('',#8780,#7100,#7101);
#5848=AXIS2_PLACEMENT_3D('',#8789,#7106,#7107);
#5849=AXIS2_PLACEMENT_3D('',#8798,#7112,#7113);
#5850=AXIS2_PLACEMENT_3D('',#8807,#7118,#7119);
#5851=AXIS2_PLACEMENT_3D('',#8810,#7122,#7123);
#5852=AXIS2_PLACEMENT_3D('',#8813,#7126,#7127);
#5853=AXIS2_PLACEMENT_3D('',#8840,#7142,#7143);
#5854=AXIS2_PLACEMENT_3D('',#8844,#7146,#7147);
#5855=AXIS2_PLACEMENT_3D('',#8848,#7150,#7151);
#5856=AXIS2_PLACEMENT_3D('',#8854,#7155,#7156);
#5857=AXIS2_PLACEMENT_3D('',#8860,#7160,#7161);
#5858=AXIS2_PLACEMENT_3D('',#8866,#7165,#7166);
#5859=AXIS2_PLACEMENT_3D('',#8872,#7170,#7171);
#5860=AXIS2_PLACEMENT_3D('',#8874,#7173,#7174);
#5861=AXIS2_PLACEMENT_3D('',#8876,#7176,#7177);
#5862=AXIS2_PLACEMENT_3D('',#8878,#7179,#7180);
#5863=AXIS2_PLACEMENT_3D('',#8886,#7186,#7187);
#5864=AXIS2_PLACEMENT_3D('',#8887,#7188,#7189);
#5865=AXIS2_PLACEMENT_3D('',#8890,#7192,#7193);
#5866=AXIS2_PLACEMENT_3D('',#8891,#7194,#7195);
#5867=AXIS2_PLACEMENT_3D('',#8892,#7196,#7197);
#5868=AXIS2_PLACEMENT_3D('',#8893,#7198,#7199);
#5869=AXIS2_PLACEMENT_3D('',#8902,#7204,#7205);
#5870=AXIS2_PLACEMENT_3D('',#8911,#7210,#7211);
#5871=AXIS2_PLACEMENT_3D('',#8920,#7216,#7217);
#5872=AXIS2_PLACEMENT_3D('',#8929,#7222,#7223);
#5873=AXIS2_PLACEMENT_3D('',#8932,#7225,#7226);
#5874=AXIS2_PLACEMENT_3D('',#8933,#7227,#7228);
#5875=AXIS2_PLACEMENT_3D('',#8937,#7231,#7232);
#5876=AXIS2_PLACEMENT_3D('',#8943,#7236,#7237);
#5877=AXIS2_PLACEMENT_3D('',#8944,#7238,#7239);
#5878=AXIS2_PLACEMENT_3D('',#8945,#7240,#7241);
#5879=AXIS2_PLACEMENT_3D('',#8946,#7242,#7243);
#5880=AXIS2_PLACEMENT_3D('',#8947,#7244,#7245);
#5881=AXIS2_PLACEMENT_3D('',#8948,#7246,#7247);
#5882=AXIS2_PLACEMENT_3D('',#8950,#7248,#7249);
#5883=AXIS2_PLACEMENT_3D('',#8954,#7251,#7252);
#5884=AXIS2_PLACEMENT_3D('',#8957,#7254,#7255);
#5885=AXIS2_PLACEMENT_3D('',#8959,#7256,#7257);
#5886=AXIS2_PLACEMENT_3D('',#8962,#7259,#7260);
#5887=AXIS2_PLACEMENT_3D('',#8963,#7261,#7262);
#5888=AXIS2_PLACEMENT_3D('',#8966,#7265,#7266);
#5889=AXIS2_PLACEMENT_3D('',#8968,#7268,#7269);
#5890=AXIS2_PLACEMENT_3D('',#8970,#7271,#7272);
#5891=AXIS2_PLACEMENT_3D('',#8971,#7273,#7274);
#5892=AXIS2_PLACEMENT_3D('',#8973,#7275,#7276);
#5893=AXIS2_PLACEMENT_3D('',#8974,#7277,#7278);
#5894=AXIS2_PLACEMENT_3D('',#8975,#7279,#7280);
#5895=AXIS2_PLACEMENT_3D('',#8978,#7282,#7283);
#5896=AXIS2_PLACEMENT_3D('',#8979,#7284,#7285);
#5897=AXIS2_PLACEMENT_3D('',#8980,#7286,#7287);
#5898=AXIS2_PLACEMENT_3D('',#8989,#7292,#7293);
#5899=AXIS2_PLACEMENT_3D('',#8998,#7298,#7299);
#5900=AXIS2_PLACEMENT_3D('',#9007,#7304,#7305);
#5901=AXIS2_PLACEMENT_3D('',#9016,#7310,#7311);
#5902=AXIS2_PLACEMENT_3D('',#9019,#7313,#7314);
#5903=AXIS2_PLACEMENT_3D('',#9020,#7315,#7316);
#5904=AXIS2_PLACEMENT_3D('',#9024,#7319,#7320);
#5905=AXIS2_PLACEMENT_3D('',#9030,#7324,#7325);
#5906=AXIS2_PLACEMENT_3D('',#9031,#7326,#7327);
#5907=AXIS2_PLACEMENT_3D('',#9032,#7328,#7329);
#5908=AXIS2_PLACEMENT_3D('',#9033,#7330,#7331);
#5909=AXIS2_PLACEMENT_3D('',#9034,#7332,#7333);
#5910=AXIS2_PLACEMENT_3D('',#9035,#7334,#7335);
#5911=AXIS2_PLACEMENT_3D('',#9037,#7336,#7337);
#5912=AXIS2_PLACEMENT_3D('',#9041,#7339,#7340);
#5913=AXIS2_PLACEMENT_3D('',#9044,#7342,#7343);
#5914=AXIS2_PLACEMENT_3D('',#9046,#7344,#7345);
#5915=AXIS2_PLACEMENT_3D('',#9049,#7347,#7348);
#5916=AXIS2_PLACEMENT_3D('',#9050,#7349,#7350);
#5917=AXIS2_PLACEMENT_3D('',#9053,#7353,#7354);
#5918=AXIS2_PLACEMENT_3D('',#9055,#7356,#7357);
#5919=AXIS2_PLACEMENT_3D('',#9057,#7359,#7360);
#5920=AXIS2_PLACEMENT_3D('',#9058,#7361,#7362);
#5921=AXIS2_PLACEMENT_3D('',#9060,#7363,#7364);
#5922=AXIS2_PLACEMENT_3D('',#9061,#7365,#7366);
#5923=AXIS2_PLACEMENT_3D('',#9062,#7367,#7368);
#5924=AXIS2_PLACEMENT_3D('',#9065,#7370,#7371);
#5925=AXIS2_PLACEMENT_3D('',#9066,#7372,#7373);
#5926=AXIS2_PLACEMENT_3D('',#9067,#7374,#7375);
#5927=AXIS2_PLACEMENT_3D('',#9076,#7380,#7381);
#5928=AXIS2_PLACEMENT_3D('',#9085,#7386,#7387);
#5929=AXIS2_PLACEMENT_3D('',#9094,#7392,#7393);
#5930=AXIS2_PLACEMENT_3D('',#9100,#7397,#7398);
#5931=AXIS2_PLACEMENT_3D('',#9103,#7401,#7402);
#5932=AXIS2_PLACEMENT_3D('',#9109,#7406,#7407);
#5933=AXIS2_PLACEMENT_3D('',#9115,#7411,#7412);
#5934=AXIS2_PLACEMENT_3D('',#9121,#7416,#7417);
#5935=AXIS2_PLACEMENT_3D('',#9123,#7418,#7419);
#5936=AXIS2_PLACEMENT_3D('',#9130,#7424,#7425);
#5937=AXIS2_PLACEMENT_3D('',#9134,#7428,#7429);
#5938=AXIS2_PLACEMENT_3D('',#9136,#7431,#7432);
#5939=AXIS2_PLACEMENT_3D('',#9140,#7435,#7436);
#5940=AXIS2_PLACEMENT_3D('',#9142,#7438,#7439);
#5941=AXIS2_PLACEMENT_3D('',#9143,#7440,#7441);
#5942=AXIS2_PLACEMENT_3D('',#9145,#7442,#7443);
#5943=AXIS2_PLACEMENT_3D('',#9147,#7444,#7445);
#5944=AXIS2_PLACEMENT_3D('',#9148,#7446,#7447);
#5945=AXIS2_PLACEMENT_3D('',#9150,#7449,#7450);
#5946=AXIS2_PLACEMENT_3D('',#9152,#7451,#7452);
#5947=AXIS2_PLACEMENT_3D('',#9154,#7453,#7454);
#5948=AXIS2_PLACEMENT_3D('',#9155,#7455,#7456);
#5949=AXIS2_PLACEMENT_3D('',#9157,#7458,#7459);
#5950=AXIS2_PLACEMENT_3D('',#9159,#7460,#7461);
#5951=AXIS2_PLACEMENT_3D('',#9161,#7463,#7464);
#5952=AXIS2_PLACEMENT_3D('',#9162,#7465,#7466);
#5953=AXIS2_PLACEMENT_3D('',#9171,#7471,#7472);
#5954=AXIS2_PLACEMENT_3D('',#9180,#7477,#7478);
#5955=AXIS2_PLACEMENT_3D('',#9189,#7483,#7484);
#5956=AXIS2_PLACEMENT_3D('',#9195,#7488,#7489);
#5957=AXIS2_PLACEMENT_3D('',#9198,#7492,#7493);
#5958=AXIS2_PLACEMENT_3D('',#9204,#7497,#7498);
#5959=AXIS2_PLACEMENT_3D('',#9210,#7502,#7503);
#5960=AXIS2_PLACEMENT_3D('',#9216,#7507,#7508);
#5961=AXIS2_PLACEMENT_3D('',#9218,#7509,#7510);
#5962=AXIS2_PLACEMENT_3D('',#9225,#7515,#7516);
#5963=AXIS2_PLACEMENT_3D('',#9229,#7519,#7520);
#5964=AXIS2_PLACEMENT_3D('',#9231,#7522,#7523);
#5965=AXIS2_PLACEMENT_3D('',#9235,#7526,#7527);
#5966=AXIS2_PLACEMENT_3D('',#9237,#7529,#7530);
#5967=AXIS2_PLACEMENT_3D('',#9238,#7531,#7532);
#5968=AXIS2_PLACEMENT_3D('',#9240,#7533,#7534);
#5969=AXIS2_PLACEMENT_3D('',#9242,#7535,#7536);
#5970=AXIS2_PLACEMENT_3D('',#9243,#7537,#7538);
#5971=AXIS2_PLACEMENT_3D('',#9245,#7540,#7541);
#5972=AXIS2_PLACEMENT_3D('',#9247,#7542,#7543);
#5973=AXIS2_PLACEMENT_3D('',#9249,#7544,#7545);
#5974=AXIS2_PLACEMENT_3D('',#9250,#7546,#7547);
#5975=AXIS2_PLACEMENT_3D('',#9252,#7549,#7550);
#5976=AXIS2_PLACEMENT_3D('',#9254,#7551,#7552);
#5977=AXIS2_PLACEMENT_3D('',#9256,#7554,#7555);
#5978=DIRECTION('axis',(0.,0.,1.));
#5979=DIRECTION('refdir',(1.,0.,0.));
#5980=DIRECTION('center_axis',(0.,1.,0.));
#5981=DIRECTION('ref_axis',(1.,0.,-2.89401767013563E-11));
#5982=DIRECTION('center_axis',(0.,1.,0.));
#5983=DIRECTION('ref_axis',(1.,0.,-2.89401767013563E-11));
#5984=DIRECTION('',(0.,1.,0.));
#5985=DIRECTION('center_axis',(0.,-1.,0.));
#5986=DIRECTION('ref_axis',(1.,0.,-2.89401767013563E-11));
#5987=DIRECTION('center_axis',(0.,1.,0.));
#5988=DIRECTION('ref_axis',(1.,0.,-2.89401767013563E-11));
#5989=DIRECTION('center_axis',(0.,1.,0.));
#5990=DIRECTION('ref_axis',(1.,0.,-2.89401767013563E-11));
#5991=DIRECTION('',(0.,1.,0.));
#5992=DIRECTION('center_axis',(0.,-1.,0.));
#5993=DIRECTION('ref_axis',(1.,0.,-2.89401767013563E-11));
#5994=DIRECTION('center_axis',(0.,1.,0.));
#5995=DIRECTION('ref_axis',(1.,0.,-2.89401767013563E-11));
#5996=DIRECTION('center_axis',(0.,1.,0.));
#5997=DIRECTION('ref_axis',(1.,0.,-2.89401767013563E-11));
#5998=DIRECTION('',(0.,1.,0.));
#5999=DIRECTION('center_axis',(0.,-1.,0.));
#6000=DIRECTION('ref_axis',(1.,0.,-2.89401767013563E-11));
#6001=DIRECTION('center_axis',(0.,1.,0.));
#6002=DIRECTION('ref_axis',(1.,0.,-2.89401767013563E-11));
#6003=DIRECTION('center_axis',(0.,1.,0.));
#6004=DIRECTION('ref_axis',(1.,0.,-2.89401767013563E-11));
#6005=DIRECTION('',(0.,1.,0.));
#6006=DIRECTION('center_axis',(0.,-1.,0.));
#6007=DIRECTION('ref_axis',(1.,0.,-2.89401767013563E-11));
#6008=DIRECTION('center_axis',(-2.89397950048453E-11,0.,-1.));
#6009=DIRECTION('ref_axis',(1.,0.,-2.89398687055156E-11));
#6010=DIRECTION('center_axis',(-2.89410717613237E-11,0.,-1.));
#6011=DIRECTION('ref_axis',(1.,0.,-2.89410787925663E-11));
#6012=DIRECTION('',(-2.89397950048453E-11,0.,-1.));
#6013=DIRECTION('center_axis',(-2.89397950048453E-11,0.,-1.));
#6014=DIRECTION('ref_axis',(1.,0.,-2.89398687055156E-11));
#6015=DIRECTION('center_axis',(-2.89397950048453E-11,0.,-1.));
#6016=DIRECTION('ref_axis',(1.,0.,-2.89398687055156E-11));
#6017=DIRECTION('center_axis',(-2.89410717613237E-11,0.,-1.));
#6018=DIRECTION('ref_axis',(1.,0.,-2.89410787925663E-11));
#6019=DIRECTION('',(-2.89397950048453E-11,0.,-1.));
#6020=DIRECTION('center_axis',(-2.89397950048453E-11,0.,-1.));
#6021=DIRECTION('ref_axis',(1.,0.,-2.89398687055156E-11));
#6022=DIRECTION('center_axis',(2.89397950048453E-11,0.,1.));
#6023=DIRECTION('ref_axis',(1.,0.,-2.89397490648665E-11));
#6024=DIRECTION('center_axis',(-2.8940183582904E-11,0.,-1.));
#6025=DIRECTION('ref_axis',(1.,0.,-2.89402032339547E-11));
#6026=DIRECTION('',(-0.584249665765661,-7.15499483111591E-17,0.811573981872702));
#6027=DIRECTION('center_axis',(-2.89397950048453E-11,0.,-1.));
#6028=DIRECTION('ref_axis',(1.,0.,-2.89397423773194E-11));
#6029=DIRECTION('center_axis',(-2.8940183582904E-11,0.,-1.));
#6030=DIRECTION('ref_axis',(1.,0.,-2.89401913570004E-11));
#6031=DIRECTION('',(-0.584249666049848,7.15499483402093E-17,-0.811573981668117));
#6032=DIRECTION('center_axis',(-2.8940183582904E-11,0.,-1.));
#6033=DIRECTION('ref_axis',(1.,0.,-2.89402201749095E-11));
#6034=DIRECTION('center_axis',(-2.89397950048453E-11,0.,-1.));
#6035=DIRECTION('ref_axis',(1.,0.,-2.89397947859326E-11));
#6036=DIRECTION('center_axis',(0.,1.,0.));
#6037=DIRECTION('ref_axis',(-1.,0.,2.89397952145902E-11));
#6038=DIRECTION('center_axis',(-2.89397950048453E-11,0.,-1.));
#6039=DIRECTION('ref_axis',(1.,0.,-2.89398118618047E-11));
#6040=DIRECTION('center_axis',(-2.89397950048453E-11,0.,-1.));
#6041=DIRECTION('ref_axis',(1.,0.,-2.89398041944011E-11));
#6042=DIRECTION('',(0.000133712028124521,-1.63749971809168E-20,0.999999991060547));
#6043=DIRECTION('center_axis',(2.89397950048453E-11,0.,1.));
#6044=DIRECTION('ref_axis',(1.,0.,-2.89398199658016E-11));
#6045=DIRECTION('center_axis',(-2.89397950048453E-11,0.,-1.));
#6046=DIRECTION('ref_axis',(1.,0.,-2.89398129492407E-11));
#6047=DIRECTION('',(0.58424966561095,-7.15499482864599E-17,0.811573981984078));
#6048=DIRECTION('center_axis',(2.89397950048453E-11,0.,1.));
#6049=DIRECTION('ref_axis',(1.,0.,-2.89397490648665E-11));
#6050=DIRECTION('center_axis',(-2.8940183582904E-11,0.,-1.));
#6051=DIRECTION('ref_axis',(1.,0.,-2.89402032339547E-11));
#6052=DIRECTION('',(-0.584249665765661,-7.15499483111591E-17,0.811573981872702));
#6053=DIRECTION('center_axis',(-2.89397950048453E-11,0.,-1.));
#6054=DIRECTION('ref_axis',(1.,0.,-2.89397423773194E-11));
#6055=DIRECTION('center_axis',(-2.8940183582904E-11,0.,-1.));
#6056=DIRECTION('ref_axis',(1.,0.,-2.89401913570004E-11));
#6057=DIRECTION('',(-0.584249666049848,7.15499483402093E-17,-0.811573981668117));
#6058=DIRECTION('center_axis',(-2.8940183582904E-11,0.,-1.));
#6059=DIRECTION('ref_axis',(1.,0.,-2.89402201749095E-11));
#6060=DIRECTION('center_axis',(-2.89397950048453E-11,0.,-1.));
#6061=DIRECTION('ref_axis',(1.,0.,-2.89397947859326E-11));
#6062=DIRECTION('center_axis',(0.,1.,0.));
#6063=DIRECTION('ref_axis',(-1.,0.,2.89397952145902E-11));
#6064=DIRECTION('center_axis',(-2.89397950048453E-11,0.,-1.));
#6065=DIRECTION('ref_axis',(1.,0.,-2.89398118618047E-11));
#6066=DIRECTION('center_axis',(-2.89397950048453E-11,0.,-1.));
#6067=DIRECTION('ref_axis',(1.,0.,-2.89398041944011E-11));
#6068=DIRECTION('',(0.000133712028124521,-1.63749971809168E-20,0.999999991060547));
#6069=DIRECTION('center_axis',(2.89397950048453E-11,0.,1.));
#6070=DIRECTION('ref_axis',(1.,0.,-2.89398199658016E-11));
#6071=DIRECTION('center_axis',(-2.89397950048453E-11,0.,-1.));
#6072=DIRECTION('ref_axis',(1.,0.,-2.89398129492407E-11));
#6073=DIRECTION('',(0.58424966561095,-7.15499482864599E-17,0.811573981984078));
#6074=DIRECTION('center_axis',(-2.8940183582904E-11,0.,-1.));
#6075=DIRECTION('ref_axis',(0.,1.,0.));
#6076=DIRECTION('center_axis',(2.89420709620458E-11,0.,1.));
#6077=DIRECTION('ref_axis',(0.,1.,0.));
#6078=DIRECTION('',(-2.89401835829039E-11,0.,-1.));
#6079=DIRECTION('center_axis',(-2.89420709620458E-11,0.,-1.));
#6080=DIRECTION('ref_axis',(0.,1.,0.));
#6081=DIRECTION('',(-2.89401835829039E-11,0.,-1.));
#6082=DIRECTION('center_axis',(0.,1.,0.));
#6083=DIRECTION('ref_axis',(1.,0.,-2.89401835829039E-11));
#6084=DIRECTION('',(-1.,0.,2.8942057084258E-11));
#6085=DIRECTION('',(1.,0.,-2.8942057084258E-11));
#6086=DIRECTION('',(-2.89401835829039E-11,0.,-1.));
#6087=DIRECTION('center_axis',(-2.8940183582904E-11,0.,-1.));
#6088=DIRECTION('ref_axis',(-1.,-2.22044604925031E-16,2.89401835829039E-11));
#6089=DIRECTION('center_axis',(2.89420709620458E-11,-1.23259516440783E-32,
1.));
#6090=DIRECTION('ref_axis',(-1.,-2.22044604925031E-16,2.8942057084258E-11));
#6091=DIRECTION('center_axis',(-2.89420709620458E-11,1.23259516440783E-32,
-1.));
#6092=DIRECTION('ref_axis',(-1.,-2.22044604925031E-16,2.8942057084258E-11));
#6093=DIRECTION('',(-2.89401835829039E-11,0.,-1.));
#6094=DIRECTION('center_axis',(-1.,0.,2.8940183582904E-11));
#6095=DIRECTION('ref_axis',(0.,1.,0.));
#6096=DIRECTION('',(0.,-1.,0.));
#6097=DIRECTION('',(0.,1.,0.));
#6098=DIRECTION('',(-2.89401835829039E-11,0.,-1.));
#6099=DIRECTION('center_axis',(-2.8940183582904E-11,0.,-1.));
#6100=DIRECTION('ref_axis',(-1.11022302462516E-15,-1.,3.21300581506189E-26));
#6101=DIRECTION('center_axis',(2.89420709620458E-11,0.,1.));
#6102=DIRECTION('ref_axis',(-1.11022302462516E-15,-1.,3.21321535623984E-26));
#6103=DIRECTION('center_axis',(-2.89420709620458E-11,0.,-1.));
#6104=DIRECTION('ref_axis',(-1.11022302462516E-15,-1.,3.21321535623984E-26));
#6105=DIRECTION('',(-2.89401835829039E-11,0.,-1.));
#6106=DIRECTION('center_axis',(0.,-1.,0.));
#6107=DIRECTION('ref_axis',(-1.,0.,2.89401835829039E-11));
#6108=DIRECTION('',(1.,0.,-2.8942057084258E-11));
#6109=DIRECTION('',(-1.,0.,2.8942057084258E-11));
#6110=DIRECTION('',(-2.89401835829039E-11,0.,-1.));
#6111=DIRECTION('center_axis',(-2.8940183582904E-11,0.,-1.));
#6112=DIRECTION('ref_axis',(1.,-1.77635683940025E-15,-2.89401835829039E-11));
#6113=DIRECTION('center_axis',(2.89420709620458E-11,0.,1.));
#6114=DIRECTION('ref_axis',(1.,-1.77635683940025E-15,-2.8942057084258E-11));
#6115=DIRECTION('center_axis',(-2.89420709620458E-11,0.,-1.));
#6116=DIRECTION('ref_axis',(1.,-1.77635683940025E-15,-2.8942057084258E-11));
#6117=DIRECTION('',(-2.89401835829039E-11,0.,-1.));
#6118=DIRECTION('center_axis',(1.,0.,-2.8940183582904E-11));
#6119=DIRECTION('ref_axis',(0.,-1.,0.));
#6120=DIRECTION('',(0.,1.,0.));
#6121=DIRECTION('',(0.,-1.,0.));
#6122=DIRECTION('center_axis',(1.,0.,-2.89410717613237E-11));
#6123=DIRECTION('ref_axis',(-2.89410856391115E-11,0.,-1.));
#6124=DIRECTION('center_axis',(-1.,0.,2.89410717613237E-11));
#6125=DIRECTION('ref_axis',(1.37704431236246E-26,1.,4.75809867696496E-16));
#6126=DIRECTION('',(0.,-1.,0.));
#6127=DIRECTION('center_axis',(-1.,0.,2.89410717613237E-11));
#6128=DIRECTION('ref_axis',(0.,1.,0.));
#6129=DIRECTION('',(0.,-1.,0.));
#6130=DIRECTION('center_axis',(-2.89410717613237E-11,0.,-1.));
#6131=DIRECTION('ref_axis',(0.,1.,0.));
#6132=DIRECTION('center_axis',(-5.38289951324918E-15,-1.,1.55793520678682E-25));
#6133=DIRECTION('ref_axis',(1.,-5.38289951324918E-15,-1.410825821248E-12));
#6134=DIRECTION('center_axis',(-2.8940183582904E-11,0.,-1.));
#6135=DIRECTION('ref_axis',(0.,-1.,0.));
#6136=DIRECTION('center_axis',(-2.89410717613237E-11,0.,-1.));
#6137=DIRECTION('ref_axis',(0.,1.,0.));
#6138=DIRECTION('center_axis',(2.89410717613237E-11,0.,1.));
#6139=DIRECTION('ref_axis',(0.,-1.,0.));
#6140=DIRECTION('center_axis',(2.89410717613237E-11,0.,1.));
#6141=DIRECTION('ref_axis',(0.,1.,0.));
#6142=DIRECTION('',(0.,1.,0.));
#6143=DIRECTION('center_axis',(-1.,0.,2.89430146516167E-11));
#6144=DIRECTION('ref_axis',(1.37713675699979E-26,1.,4.75809867696496E-16));
#6145=DIRECTION('',(1.,0.,-2.89429591404655E-11));
#6146=DIRECTION('center_axis',(1.,6.12323399573676E-17,-2.89397950048453E-11));
#6147=DIRECTION('ref_axis',(-6.12323399435978E-17,1.,4.75809867698268E-16));
#6148=DIRECTION('',(-1.,0.,2.89429591404655E-11));
#6149=DIRECTION('center_axis',(-2.8940183582904E-11,0.,-1.));
#6150=DIRECTION('ref_axis',(1.,0.,-2.89401835829039E-11));
#6151=DIRECTION('',(0.,-1.,0.));
#6152=DIRECTION('center_axis',(-2.8940183582904E-11,0.,-1.));
#6153=DIRECTION('ref_axis',(0.,-1.,0.));
#6154=DIRECTION('',(-1.,0.,2.89401835829039E-11));
#6155=DIRECTION('center_axis',(-2.8940183582904E-11,0.,-1.));
#6156=DIRECTION('ref_axis',(0.,-1.,0.));
#6157=DIRECTION('',(0.,1.,0.));
#6158=DIRECTION('center_axis',(2.89397950048453E-11,-3.93661185363786E-25,
1.));
#6159=DIRECTION('ref_axis',(-9.83008378569181E-9,-1.,2.84480014068659E-19));
#6160=DIRECTION('',(1.,0.,-2.89401835829039E-11));
#6161=DIRECTION('center_axis',(2.89397950048453E-11,-2.09872007036696E-17,
1.));
#6162=DIRECTION('ref_axis',(0.76772729796568,-0.640776713027492,-2.22178846690922E-11));
#6163=DIRECTION('center_axis',(2.89397950048453E-11,0.,1.));
#6164=DIRECTION('ref_axis',(0.889328060155737,-0.457269725019745,-2.57370079535781E-11));
#6165=DIRECTION('center_axis',(2.89397950048453E-11,0.,1.));
#6166=DIRECTION('ref_axis',(1.,1.98944232572076E-9,-2.89398605834627E-11));
#6167=DIRECTION('',(0.,1.,0.));
#6168=DIRECTION('center_axis',(2.89397950048453E-11,0.,1.));
#6169=DIRECTION('ref_axis',(0.889328062411393,0.457269720632799,-2.57369022655982E-11));
#6170=DIRECTION('center_axis',(2.89397950048453E-11,-2.57854087456848E-17,
1.));
#6171=DIRECTION('ref_axis',(0.767727310355653,0.640776698182818,-2.22178364802187E-11));
#6172=DIRECTION('center_axis',(2.89397950048453E-11,6.2546741607258E-25,
1.));
#6173=DIRECTION('ref_axis',(-1.33604497302525E-8,1.,3.86647605715254E-19));
#6174=DIRECTION('',(-1.,0.,2.89401835829039E-11));
#6175=DIRECTION('center_axis',(2.8940183582904E-11,0.,1.));
#6176=DIRECTION('ref_axis',(-0.650565622993023,0.759450044558363,1.88274869435795E-11));
#6177=DIRECTION('',(0.,1.,0.));
#6178=DIRECTION('center_axis',(-2.8940183582904E-11,0.,-1.));
#6179=DIRECTION('ref_axis',(0.,-1.,0.));
#6180=DIRECTION('',(-6.12323399573677E-17,1.,1.77202888253125E-27));
#6181=DIRECTION('center_axis',(-2.8940183582904E-11,0.,-1.));
#6182=DIRECTION('ref_axis',(0.,-1.,0.));
#6183=DIRECTION('center_axis',(1.0765799026805E-15,1.,-3.11576884773209E-26));
#6184=DIRECTION('ref_axis',(-1.,1.0765799026805E-15,-1.08463833153089E-11));
#6185=DIRECTION('center_axis',(-2.8940183582904E-11,0.,-1.));
#6186=DIRECTION('ref_axis',(-1.11022302462516E-15,-1.,3.21300581506188E-26));
#6187=DIRECTION('',(-2.89401835829039E-11,0.,-1.));
#6188=DIRECTION('center_axis',(-2.8940183582904E-11,0.,-1.));
#6189=DIRECTION('ref_axis',(-1.11022302462516E-15,-1.,3.21300581506188E-26));
#6190=DIRECTION('',(-2.89401835829039E-11,0.,-1.));
#6191=DIRECTION('',(0.00115317995054857,-0.9225300530758,-0.385923530440893));
#6192=DIRECTION('center_axis',(1.,2.51550033552619E-32,-2.8940183582904E-11));
#6193=DIRECTION('ref_axis',(1.37700469323218E-26,-1.,4.75809867696496E-16));
#6194=DIRECTION('',(1.,0.,-2.89401835829039E-11));
#6195=DIRECTION('center_axis',(2.8940183582904E-11,0.,1.));
#6196=DIRECTION('ref_axis',(1.,0.,-2.89401835829039E-11));
#6197=DIRECTION('center_axis',(2.8940183582904E-11,0.,1.));
#6198=DIRECTION('ref_axis',(-1.,-2.22044604925031E-16,2.89401835829039E-11));
#6199=DIRECTION('',(-6.12323399573677E-17,1.,1.77202888253125E-27));
#6200=DIRECTION('center_axis',(-2.8940183582904E-11,0.,-1.));
#6201=DIRECTION('ref_axis',(-1.,0.,2.89401835829039E-11));
#6202=DIRECTION('',(0.,-1.,0.));
#6203=DIRECTION('center_axis',(-2.89397950048453E-11,0.,-1.));
#6204=DIRECTION('ref_axis',(-1.,0.,2.89397948964251E-11));
#6205=DIRECTION('center_axis',(1.,6.12323399573676E-17,-2.89397950048453E-11));
#6206=DIRECTION('ref_axis',(-6.12323399573676E-17,1.,1.77202613120276E-27));
#6207=DIRECTION('center_axis',(7.53605931876345E-15,1.,-2.18087302566043E-25));
#6208=DIRECTION('ref_axis',(-1.,7.53605931876345E-15,-1.08463833153089E-11));
#6209=DIRECTION('center_axis',(1.,6.12323399573677E-17,-2.8940183582904E-11));
#6210=DIRECTION('ref_axis',(-2.89401835829039E-11,-6.99601392009979E-34,
-1.));
#6211=DIRECTION('center_axis',(-2.8940183582904E-11,0.,-1.));
#6212=DIRECTION('ref_axis',(-1.,-2.22044604925031E-16,2.89401835829039E-11));
#6213=DIRECTION('',(-2.89401835829039E-11,0.,-1.));
#6214=DIRECTION('center_axis',(-2.8940183582904E-11,0.,-1.));
#6215=DIRECTION('ref_axis',(-1.,-2.22044604925031E-16,2.89401835829039E-11));
#6216=DIRECTION('',(-2.89401835829039E-11,0.,-1.));
#6217=DIRECTION('center_axis',(0.,1.,0.));
#6218=DIRECTION('ref_axis',(-2.89388057168288E-11,0.,-1.));
#6219=DIRECTION('center_axis',(0.650565624251373,-0.759450043480426,-1.88282445190424E-11));
#6220=DIRECTION('ref_axis',(-0.759450043480426,-0.650565624251373,2.19781795162917E-11));
#6221=DIRECTION('',(0.,-1.,0.));
#6222=DIRECTION('center_axis',(-2.89410717613237E-11,0.,-1.));
#6223=DIRECTION('ref_axis',(1.,0.,-2.89410718155338E-11));
#6224=DIRECTION('center_axis',(-1.07657990264984E-15,-1.,3.11577377811275E-26));
#6225=DIRECTION('ref_axis',(1.,-1.07657990264984E-15,-1.410825821248E-12));
#6226=DIRECTION('center_axis',(-2.8940183582904E-11,0.,-1.));
#6227=DIRECTION('ref_axis',(1.,-1.77635683940025E-15,-2.89401141939648E-11));
#6228=DIRECTION('',(0.00115312130777334,0.922534235942929,0.385913531538407));
#6229=DIRECTION('',(-2.89401835829039E-11,0.,-1.));
#6230=DIRECTION('center_axis',(-2.8940183582904E-11,0.,-1.));
#6231=DIRECTION('ref_axis',(1.,-1.77635683940025E-15,-2.89401141939648E-11));
#6232=DIRECTION('',(-2.89401835829039E-11,0.,-1.));
#6233=DIRECTION('center_axis',(0.,1.,0.));
#6234=DIRECTION('ref_axis',(1.,0.,-2.89420273461413E-11));
#6235=DIRECTION('',(0.,1.,0.));
#6236=DIRECTION('center_axis',(-2.8940183582904E-11,0.,-1.));
#6237=DIRECTION('ref_axis',(0.,1.,0.));
#6238=DIRECTION('',(-2.89401835829039E-11,0.,-1.));
#6239=DIRECTION('center_axis',(-2.8940183582904E-11,0.,-1.));
#6240=DIRECTION('ref_axis',(0.,1.,0.));
#6241=DIRECTION('',(-2.89401835829039E-11,0.,-1.));
#6242=DIRECTION('center_axis',(0.,-1.,0.));
#6243=DIRECTION('ref_axis',(-1.,0.,2.89401835829039E-11));
#6244=DIRECTION('',(1.,0.,-2.89401835829039E-11));
#6245=DIRECTION('center_axis',(1.,0.,-2.8940183582904E-11));
#6246=DIRECTION('ref_axis',(0.,-1.,0.));
#6247=DIRECTION('',(0.,1.,0.));
#6248=DIRECTION('center_axis',(0.,1.,0.));
#6249=DIRECTION('ref_axis',(-2.89388057168288E-11,0.,-1.));
#6250=DIRECTION('',(0.,-1.,0.));
#6251=DIRECTION('center_axis',(0.650565624251373,0.759450043480426,-1.88282445190424E-11));
#6252=DIRECTION('ref_axis',(-0.759450043480426,0.650565624251373,2.19781795162917E-11));
#6253=DIRECTION('center_axis',(-0.650565624251373,0.759450043480426,1.88282445190424E-11));
#6254=DIRECTION('ref_axis',(0.759450043480426,0.650565624251373,-2.19801607470593E-11));
#6255=DIRECTION('',(-2.8942057084258E-11,0.,-1.));
#6256=DIRECTION('',(0.759450043480426,0.650565624251373,-2.19801260525898E-11));
#6257=DIRECTION('',(-2.8942057084258E-11,0.,-1.));
#6258=DIRECTION('',(-0.759450043480426,-0.650565624251373,2.19782178567662E-11));
#6259=DIRECTION('',(2.89398366382088E-11,-1.71770620745008E-15,1.));
#6260=DIRECTION('center_axis',(-2.89420709620458E-11,0.,-1.));
#6261=DIRECTION('ref_axis',(-0.650565622993023,0.759450044558363,1.88286377845166E-11));
#6262=DIRECTION('',(-2.8942057084258E-11,0.,-1.));
#6263=DIRECTION('center_axis',(-2.89420709620458E-11,0.,-1.));
#6264=DIRECTION('ref_axis',(-0.650565622993023,0.759450044558363,1.88286377845166E-11));
#6265=DIRECTION('center_axis',(-2.89420709620458E-11,0.,-1.));
#6266=DIRECTION('ref_axis',(-9.8300837856918E-9,-1.,2.84503719853836E-19));
#6267=DIRECTION('',(-2.8942057084258E-11,0.,-1.));
#6268=DIRECTION('center_axis',(-2.89420709620458E-11,0.,-1.));
#6269=DIRECTION('ref_axis',(-9.8300837856918E-9,-1.,2.84503719853836E-19));
#6270=DIRECTION('',(-2.8942057084258E-11,0.,-1.));
#6271=DIRECTION('center_axis',(0.,1.,0.));
#6272=DIRECTION('ref_axis',(2.89401835829039E-11,0.,1.));
#6273=DIRECTION('',(-2.8942057084258E-11,0.,-1.));
#6274=DIRECTION('',(1.,0.,-2.89401835829039E-11));
#6275=DIRECTION('',(2.8942057084258E-11,0.,1.));
#6276=DIRECTION('',(-1.,0.,2.89401835829039E-11));
#6277=DIRECTION('center_axis',(0.,-1.,0.));
#6278=DIRECTION('ref_axis',(-2.89401835829039E-11,0.,-1.));
#6279=DIRECTION('',(2.8942057084258E-11,0.,1.));
#6280=DIRECTION('',(1.,0.,-2.89401835829039E-11));
#6281=DIRECTION('',(-2.8942057084258E-11,0.,-1.));
#6282=DIRECTION('',(1.,0.,-2.89401835829039E-11));
#6283=DIRECTION('center_axis',(1.,0.,-2.8940183582904E-11));
#6284=DIRECTION('ref_axis',(2.89401835829039E-11,0.,1.));
#6285=DIRECTION('',(1.,0.,-2.89401835829039E-11));
#6286=DIRECTION('center_axis',(2.8940183582904E-11,0.,1.));
#6287=DIRECTION('ref_axis',(0.,-1.,0.));
#6288=DIRECTION('center_axis',(-2.8940183582904E-11,0.,-1.));
#6289=DIRECTION('ref_axis',(-0.909059342830629,-0.416666666788148,2.63082875667038E-11));
#6290=DIRECTION('center_axis',(2.8940183582904E-11,0.,1.));
#6291=DIRECTION('ref_axis',(-0.897997772343051,-0.440000000985133,2.5988227501243E-11));
#6292=DIRECTION('',(1.,0.,-2.89401835829039E-11));
#6293=DIRECTION('center_axis',(1.,0.,-2.8940183582904E-11));
#6294=DIRECTION('ref_axis',(-6.42601163012379E-27,1.,-2.22044604925031E-16));
#6295=DIRECTION('center_axis',(-2.89420709620458E-11,0.,-1.));
#6296=DIRECTION('ref_axis',(-0.897997772343051,-0.440000000985133,2.59898135341389E-11));
#6297=DIRECTION('center_axis',(2.89397950048453E-11,0.,1.));
#6298=DIRECTION('ref_axis',(-0.897997772343051,-0.440000000985133,2.5987846853348E-11));
#6299=DIRECTION('',(-2.8942057084258E-11,0.,-1.));
#6300=DIRECTION('center_axis',(-2.89420709620458E-11,0.,-1.));
#6301=DIRECTION('ref_axis',(-0.897997772343051,-0.440000000985133,2.59898135341389E-11));
#6302=DIRECTION('',(-2.8942057084258E-11,0.,-1.));
#6303=DIRECTION('center_axis',(2.89397950048453E-11,0.,1.));
#6304=DIRECTION('ref_axis',(-0.897997772343051,-0.440000000985133,2.5987846853348E-11));
#6305=DIRECTION('center_axis',(-2.8940183582904E-11,0.,-1.));
#6306=DIRECTION('ref_axis',(1.,0.,-2.89401835829039E-11));
#6307=DIRECTION('center_axis',(2.89397950048453E-11,-2.51751252896267E-17,
1.));
#6308=DIRECTION('ref_axis',(-0.909059342830629,-0.416666666788148,2.63080232278883E-11));
#6309=DIRECTION('',(1.,0.,-2.89401835829039E-11));
#6310=DIRECTION('center_axis',(-2.89397950048453E-11,0.,-1.));
#6311=DIRECTION('ref_axis',(-1.01061131052621E-8,1.,2.92468939667786E-19));
#6312=DIRECTION('',(0.759450043480426,-0.650565624251373,-2.19782178567662E-11));
#6313=DIRECTION('',(0.,-1.,0.));
#6314=DIRECTION('center_axis',(-2.89397950048453E-11,0.,-1.));
#6315=DIRECTION('ref_axis',(1.,0.,-2.89397497026415E-11));
#6316=DIRECTION('',(1.,0.,-2.89401835829039E-11));
#6317=DIRECTION('center_axis',(-2.8940183582904E-11,0.,-1.));
#6318=DIRECTION('ref_axis',(1.,0.,-2.89401835829039E-11));
#6319=DIRECTION('',(-1.,0.,2.89401835829039E-11));
#6320=DIRECTION('center_axis',(-2.89397950048453E-11,0.,-1.));
#6321=DIRECTION('ref_axis',(1.,0.,-2.89397497026415E-11));
#6322=DIRECTION('',(0.,-1.,0.));
#6323=DIRECTION('center_axis',(-2.8940183582904E-11,-2.7336976498868E-17,
-1.));
#6324=DIRECTION('ref_axis',(0.650565613342482,-0.75945005282528,-1.88274828675294E-11));
#6325=DIRECTION('',(-1.,0.,2.89401835829039E-11));
#6326=DIRECTION('center_axis',(2.89397950048453E-11,-2.51751252896267E-17,
1.));
#6327=DIRECTION('ref_axis',(-0.909059342830629,-0.416666666788148,2.63080232278883E-11));
#6328=DIRECTION('center_axis',(-2.89420709620458E-11,-2.09872007036696E-17,
-1.));
#6329=DIRECTION('ref_axis',(0.76772729796568,-0.640776713027492,-2.2219664646138E-11));
#6330=DIRECTION('',(-2.8942057084258E-11,0.,-1.));
#6331=DIRECTION('center_axis',(-2.89420709620458E-11,-2.09872007036696E-17,
-1.));
#6332=DIRECTION('ref_axis',(0.76772729796568,-0.640776713027492,-2.2219664646138E-11));
#6333=DIRECTION('',(-2.8942057084258E-11,0.,-1.));
#6334=DIRECTION('center_axis',(-2.89420709620458E-11,-2.57854059385834E-17,
-1.));
#6335=DIRECTION('ref_axis',(0.889328060155737,-0.457269725019745,-2.57389474997034E-11));
#6336=DIRECTION('center_axis',(-2.89420709620458E-11,-2.57854059385834E-17,
-1.));
#6337=DIRECTION('ref_axis',(0.889328060155737,-0.457269725019745,-2.57389474997034E-11));
#6338=DIRECTION('',(-2.8942057084258E-11,0.,-1.));
#6339=DIRECTION('center_axis',(-2.89420709620458E-11,0.,-1.));
#6340=DIRECTION('ref_axis',(1.,1.98944232572076E-9,-2.89419686018806E-11));
#6341=DIRECTION('center_axis',(-2.89420709620458E-11,0.,-1.));
#6342=DIRECTION('ref_axis',(1.,1.98944232572076E-9,-2.89419686018806E-11));
#6343=DIRECTION('',(-2.8942057084258E-11,0.,-1.));
#6344=DIRECTION('center_axis',(1.,0.,-2.89420709620458E-11));
#6345=DIRECTION('ref_axis',(0.,-1.,0.));
#6346=DIRECTION('',(0.,-1.,0.));
#6347=DIRECTION('',(-2.8942057084258E-11,0.,-1.));
#6348=DIRECTION('center_axis',(-2.89420709620458E-11,0.,-1.));
#6349=DIRECTION('ref_axis',(0.889328062411393,0.457269720632799,-2.57390102840162E-11));
#6350=DIRECTION('center_axis',(-2.89420709620458E-11,0.,-1.));
#6351=DIRECTION('ref_axis',(0.889328062411393,0.457269720632799,-2.57390102840162E-11));
#6352=DIRECTION('',(-2.8942057084258E-11,0.,-1.));
#6353=DIRECTION('center_axis',(-2.89420709620458E-11,0.,-1.));
#6354=DIRECTION('ref_axis',(0.767727310355654,0.640776698182818,-2.22196422646406E-11));
#6355=DIRECTION('center_axis',(-2.89420709620458E-11,0.,-1.));
#6356=DIRECTION('ref_axis',(0.767727310355654,0.640776698182818,-2.22196422646406E-11));
#6357=DIRECTION('',(-2.8942057084258E-11,0.,-1.));
#6358=DIRECTION('center_axis',(-2.89420709620458E-11,-6.2546741607258E-25,
-1.));
#6359=DIRECTION('ref_axis',(-1.33604497302525E-8,1.,3.86678175434379E-19));
#6360=DIRECTION('center_axis',(-2.89420709620458E-11,-6.2546741607258E-25,
-1.));
#6361=DIRECTION('ref_axis',(-1.33604497302525E-8,1.,3.86678175434379E-19));
#6362=DIRECTION('',(-2.8942057084258E-11,0.,-1.));
#6363=DIRECTION('center_axis',(0.,1.,0.));
#6364=DIRECTION('ref_axis',(1.,0.,-2.8942057084258E-11));
#6365=DIRECTION('',(1.,0.,-2.8942057084258E-11));
#6366=DIRECTION('center_axis',(0.,-1.,0.));
#6367=DIRECTION('ref_axis',(-1.,0.,2.8942057084258E-11));
#6368=DIRECTION('',(-2.8942057084258E-11,0.,-1.));
#6369=DIRECTION('',(-1.,0.,2.8942057084258E-11));
#6370=DIRECTION('',(-2.8942057084258E-11,0.,-1.));
#6371=DIRECTION('center_axis',(-2.89420709620458E-11,0.,-1.));
#6372=DIRECTION('ref_axis',(-1.01061131052621E-8,1.,2.92491795974637E-19));
#6373=DIRECTION('center_axis',(-2.89420709620458E-11,0.,-1.));
#6374=DIRECTION('ref_axis',(-1.01061131052621E-8,1.,2.92491795974637E-19));
#6375=DIRECTION('',(-2.8942057084258E-11,0.,-1.));
#6376=DIRECTION('center_axis',(-0.650565624251373,-0.759450043480426,1.88282445190424E-11));
#6377=DIRECTION('ref_axis',(-0.759450043480426,0.650565624251373,2.19801607470593E-11));
#6378=DIRECTION('',(-2.89398366382088E-11,-1.71770620745008E-15,-1.));
#6379=DIRECTION('',(-0.759450043480426,0.650565624251373,2.19801260525898E-11));
#6380=DIRECTION('center_axis',(0.,-1.,0.));
#6381=DIRECTION('ref_axis',(-1.,0.,2.8942057084258E-11));
#6382=DIRECTION('',(-1.,0.,2.8942057084258E-11));
#6383=DIRECTION('center_axis',(-2.89420709620458E-11,0.,-1.));
#6384=DIRECTION('ref_axis',(0.650565613342482,-0.75945005282528,-1.88286758703052E-11));
#6385=DIRECTION('center_axis',(-2.89420709620458E-11,0.,-1.));
#6386=DIRECTION('ref_axis',(0.650565613342482,-0.75945005282528,-1.88286758703052E-11));
#6387=DIRECTION('',(-2.8942057084258E-11,0.,-1.));
#6388=DIRECTION('center_axis',(0.,1.,0.));
#6389=DIRECTION('ref_axis',(1.,0.,-2.8942057084258E-11));
#6390=DIRECTION('',(1.,0.,-2.8942057084258E-11));
#6391=DIRECTION('',(-2.8942057084258E-11,0.,-1.));
#6392=DIRECTION('center_axis',(-2.89420709620458E-11,-2.51751252896267E-17,
-1.));
#6393=DIRECTION('ref_axis',(-0.909059342830629,-0.416666666788148,2.63100388113562E-11));
#6394=DIRECTION('center_axis',(-2.89420709620458E-11,-2.51751252896267E-17,
-1.));
#6395=DIRECTION('ref_axis',(-0.909059342830629,-0.416666666788148,2.63100388113562E-11));
#6396=DIRECTION('center_axis',(-2.89420709620458E-11,0.,-1.));
#6397=DIRECTION('ref_axis',(1.,0.,-2.8942057084258E-11));
#6398=DIRECTION('center_axis',(-1.,0.,2.8940183582904E-11));
#6399=DIRECTION('ref_axis',(0.,1.,0.));
#6400=DIRECTION('',(0.,-1.,0.));
#6401=DIRECTION('center_axis',(-2.89420709620458E-11,0.,-1.));
#6402=DIRECTION('ref_axis',(-0.897997772343051,-0.440000000985133,2.59898135341389E-11));
#6403=DIRECTION('center_axis',(-2.89420709620458E-11,0.,-1.));
#6404=DIRECTION('ref_axis',(-0.897997772343051,-0.440000000985133,2.59898940578749E-11));
#6405=DIRECTION('center_axis',(2.04653238800034E-11,0.707106781186547,0.707106781186548));
#6406=DIRECTION('ref_axis',(-1.,1.68984575253296E-16,2.8942126473197E-11));
#6407=DIRECTION('',(1.,0.,-2.8942057084258E-11));
#6408=DIRECTION('',(-4.07435675475742E-9,-0.707106781186548,0.707106781186547));
#6409=DIRECTION('',(-1.,0.,2.8942057084258E-11));
#6410=DIRECTION('center_axis',(2.89420709620458E-11,-2.40178058785451E-17,
1.));
#6411=DIRECTION('ref_axis',(0.650565632732674,-0.759450036215112,-1.88287051870967E-11));
#6412=DIRECTION('center_axis',(2.89420709620458E-11,0.,1.));
#6413=DIRECTION('ref_axis',(0.650565632732674,-0.759450036215112,-1.88286511052103E-11));
#6414=DIRECTION('',(0.460019364535469,-0.537012275717429,0.707106781173233));
#6415=DIRECTION('center_axis',(-2.89420709620458E-11,2.40178058785451E-17,
-1.));
#6416=DIRECTION('ref_axis',(0.650565632732674,-0.759450036215112,-1.88287051870967E-11));
#6417=DIRECTION('center_axis',(-0.460019364494541,0.537012275717428,0.707106781199861));
#6418=DIRECTION('ref_axis',(-0.759450043480426,-0.650565624251373,2.19800913581203E-11));
#6419=DIRECTION('',(0.759450043480426,0.650565624251373,-2.19801260525898E-11));
#6420=DIRECTION('',(0.460019368843335,-0.537012272027193,0.707106781173234));
#6421=DIRECTION('',(-0.759450043480426,-0.650565624251373,2.19801260525898E-11));
#6422=DIRECTION('center_axis',(-2.89420709620458E-11,0.,-1.));
#6423=DIRECTION('ref_axis',(-0.650565630343614,0.759450038261646,1.88287521098053E-11));
#6424=DIRECTION('center_axis',(-2.89420709620458E-11,2.40178061240222E-17,
-1.));
#6425=DIRECTION('ref_axis',(-0.650565630343614,0.759450038261646,1.88287375572434E-11));
#6426=DIRECTION('',(2.04653655133669E-11,-0.707106781186547,0.707106781186548));
#6427=DIRECTION('center_axis',(-2.89420709620458E-11,0.,-1.));
#6428=DIRECTION('ref_axis',(-0.650565630343614,0.759450038261646,1.88287521098053E-11));
#6429=DIRECTION('center_axis',(2.04653516355791E-11,0.707106781186548,0.707106781186547));
#6430=DIRECTION('ref_axis',(-1.,1.73144661245628E-16,2.8942126473197E-11));
#6431=DIRECTION('',(1.,0.,-2.8942057084258E-11));
#6432=DIRECTION('',(1.09337795761721E-9,-0.707106781186547,0.707106781186548));
#6433=DIRECTION('',(-1.,0.,2.8942057084258E-11));
#6434=DIRECTION('center_axis',(-2.89420709620458E-11,0.,-1.));
#6435=DIRECTION('ref_axis',(-1.51732801958798E-9,1.,4.39145580458525E-20));
#6436=DIRECTION('center_axis',(-2.89420709620458E-11,-6.61744508897113E-26,
-1.));
#6437=DIRECTION('ref_axis',(-1.51732801958798E-9,1.,4.39143989605941E-20));
#6438=DIRECTION('',(-0.542865183271885,-0.453097553258639,0.707106781202258));
#6439=DIRECTION('center_axis',(-2.89420709620458E-11,0.,-1.));
#6440=DIRECTION('ref_axis',(-1.51732801958798E-9,1.,4.39145580458525E-20));
#6441=DIRECTION('center_axis',(-2.89420709620458E-11,0.,-1.));
#6442=DIRECTION('ref_axis',(0.767727304752195,0.640776704896433,-2.22196070288004E-11));
#6443=DIRECTION('center_axis',(-2.89420709620458E-11,2.54775295534049E-17,
-1.));
#6444=DIRECTION('ref_axis',(0.767727304752195,0.640776704896433,-2.22196193723689E-11));
#6445=DIRECTION('',(-0.628849901413301,-0.323338524563257,0.707106781204747));
#6446=DIRECTION('center_axis',(-2.89420709620458E-11,0.,-1.));
#6447=DIRECTION('ref_axis',(0.767727304752195,0.640776704896433,-2.22196070288004E-11));
#6448=DIRECTION('center_axis',(-2.89420709620458E-11,0.,-1.));
#6449=DIRECTION('ref_axis',(0.889328059304615,0.457269726675063,-2.57389696131672E-11));
#6450=DIRECTION('center_axis',(-2.89420709620458E-11,2.70744848684471E-17,
-1.));
#6451=DIRECTION('ref_axis',(0.889328059304615,0.457269726675063,-2.57389111345803E-11));
#6452=DIRECTION('',(-0.707106781166082,0.,0.707106781207013));
#6453=DIRECTION('center_axis',(-2.89420709620458E-11,0.,-1.));
#6454=DIRECTION('ref_axis',(0.889328059304615,0.457269726675063,-2.57389696131672E-11));
#6455=DIRECTION('center_axis',(0.707106781207013,0.,0.707106781166082));
#6456=DIRECTION('ref_axis',(0.,1.,0.));
#6457=DIRECTION('',(0.,-1.,0.));
#6458=DIRECTION('',(-0.707106781166083,-7.77300439879047E-12,0.707106781207012));
#6459=DIRECTION('',(0.,1.,0.));
#6460=DIRECTION('center_axis',(-2.89420709620458E-11,0.,-1.));
#6461=DIRECTION('ref_axis',(1.,1.09931658678662E-11,-2.89420819995094E-11));
#6462=DIRECTION('center_axis',(-2.89420709620458E-11,0.,-1.));
#6463=DIRECTION('ref_axis',(1.,1.09931658678662E-11,-2.89420754108149E-11));
#6464=DIRECTION('',(-0.628849901178935,0.32333852501907,0.707106781204746));
#6465=DIRECTION('center_axis',(-2.89420709620458E-11,0.,-1.));
#6466=DIRECTION('ref_axis',(1.,1.09931658678662E-11,-2.89420819995094E-11));
#6467=DIRECTION('center_axis',(-2.89420709620458E-11,0.,-1.));
#6468=DIRECTION('ref_axis',(0.88932805897317,-0.45726972731968,-2.57389787619177E-11));
#6469=DIRECTION('center_axis',(-2.89420709620458E-11,-2.54775226358948E-17,
-1.));
#6470=DIRECTION('ref_axis',(0.88932805897317,-0.45726972731968,-2.57389898388399E-11));
#6471=DIRECTION('',(-0.54286518979748,0.453097545440191,0.707106781202259));
#6472=DIRECTION('center_axis',(-2.89420709620458E-11,0.,-1.));
#6473=DIRECTION('ref_axis',(0.88932805897317,-0.45726972731968,-2.57389787619177E-11));
#6474=DIRECTION('center_axis',(-2.89420709620458E-11,-3.24389494813373E-17,
-1.));
#6475=DIRECTION('ref_axis',(0.767727313980782,-0.640776693839479,-2.22196512579049E-11));
#6476=DIRECTION('center_axis',(-2.89420709620458E-11,-1.77635689001297E-17,
-1.));
#6477=DIRECTION('ref_axis',(0.767727313980782,-0.640776693839479,-2.22195875977587E-11));
#6478=DIRECTION('',(2.04653655133669E-11,0.707106781186547,0.707106781186548));
#6479=DIRECTION('center_axis',(-2.89420709620458E-11,-3.24389494813373E-17,
-1.));
#6480=DIRECTION('ref_axis',(0.767727313980782,-0.640776693839479,-2.22196512579049E-11));
#6481=DIRECTION('center_axis',(2.04653516355791E-11,-0.707106781186548,
0.707106781186547));
#6482=DIRECTION('ref_axis',(1.,1.73144661245628E-16,-2.8942126473197E-11));
#6483=DIRECTION('',(-1.,0.,2.8942057084258E-11));
#6484=DIRECTION('',(9.2469474438639E-9,0.707106781186547,0.707106781186548));
#6485=DIRECTION('',(1.,0.,-2.8942057084258E-11));
#6486=DIRECTION('center_axis',(-2.89420709620458E-11,0.,-1.));
#6487=DIRECTION('ref_axis',(-1.30482165097881E-8,-1.,3.77641777809975E-19));
#6488=DIRECTION('center_axis',(-2.89420709620458E-11,-7.15786306771948E-25,
-1.));
#6489=DIRECTION('ref_axis',(-1.30482165097881E-8,-1.,3.77643523528728E-19));
#6490=DIRECTION('',(0.46001936453547,0.537012275717427,0.707106781173235));
#6491=DIRECTION('center_axis',(-2.89420709620458E-11,0.,-1.));
#6492=DIRECTION('ref_axis',(-1.30482165097881E-8,-1.,3.77641777809975E-19));
#6493=DIRECTION('center_axis',(-0.46001936449454,-0.537012275717428,0.707106781199861));
#6494=DIRECTION('ref_axis',(0.759450043480426,-0.650565624251373,-2.1980472997285E-11));
#6495=DIRECTION('',(-0.759450043480426,0.650565624251373,2.19801260525898E-11));
#6496=DIRECTION('',(0.460019370532657,0.537012270580075,0.707106781173233));
#6497=DIRECTION('',(0.759450043480426,-0.650565624251373,-2.19801260525898E-11));
#6498=DIRECTION('center_axis',(2.89420709620458E-11,0.,1.));
#6499=DIRECTION('ref_axis',(-5.79095648084936E-9,1.,1.67602666362337E-19));
#6500=DIRECTION('center_axis',(2.89420709620458E-11,0.,1.));
#6501=DIRECTION('ref_axis',(-5.79095648084936E-9,1.,1.67602586808312E-19));
#6502=DIRECTION('',(2.04653655133669E-11,0.707106781186548,0.707106781186547));
#6503=DIRECTION('center_axis',(-2.89420709620458E-11,0.,-1.));
#6504=DIRECTION('ref_axis',(-5.79095648084936E-9,1.,1.67602666362337E-19));
#6505=DIRECTION('center_axis',(2.04653238800034E-11,-0.707106781186547,
0.707106781186548));
#6506=DIRECTION('ref_axis',(1.,1.68984575253296E-16,-2.8942126473197E-11));
#6507=DIRECTION('',(-1.,0.,2.8942057084258E-11));
#6508=DIRECTION('',(1.,0.,-2.8942057084258E-11));
#6509=DIRECTION('center_axis',(-2.89420709620458E-11,0.,-1.));
#6510=DIRECTION('ref_axis',(1.,0.,-2.8942057084258E-11));
#6511=DIRECTION('center_axis',(0.,1.,0.));
#6512=DIRECTION('ref_axis',(1.,0.,-2.8942057084258E-11));
#6513=DIRECTION('',(-2.8942057084258E-11,0.,-1.));
#6514=DIRECTION('',(1.,0.,-2.89401835829039E-11));
#6515=DIRECTION('',(2.89398366382088E-11,0.,1.));
#6516=DIRECTION('center_axis',(-2.89420709620458E-11,0.,-1.));
#6517=DIRECTION('ref_axis',(-1.30482165097881E-8,-1.,3.77641777809975E-19));
#6518=DIRECTION('center_axis',(-2.89397950048453E-11,0.,-1.));
#6519=DIRECTION('ref_axis',(-1.30482165097881E-8,-1.,3.77612450498204E-19));
#6520=DIRECTION('',(2.8942057084258E-11,0.,1.));
#6521=DIRECTION('center_axis',(-2.89410717613237E-11,8.75033985316728E-25,
-1.));
#6522=DIRECTION('ref_axis',(-1.30482165097881E-8,-1.,3.77627490145266E-19));
#6523=DIRECTION('',(-2.8942057084258E-11,0.,-1.));
#6524=DIRECTION('',(-2.8942057084258E-11,0.,-1.));
#6525=DIRECTION('center_axis',(-2.89420709620458E-11,2.40178058785451E-17,
-1.));
#6526=DIRECTION('ref_axis',(0.650565632732674,-0.759450036215112,-1.88287051870967E-11));
#6527=DIRECTION('center_axis',(2.89397950048453E-11,-2.40178058785451E-17,
1.));
#6528=DIRECTION('ref_axis',(0.650565632732674,-0.759450036215112,-1.88272528604316E-11));
#6529=DIRECTION('',(-2.8942057084258E-11,0.,-1.));
#6530=DIRECTION('center_axis',(-0.650565624251373,0.759450043480426,1.88282445190424E-11));
#6531=DIRECTION('ref_axis',(0.759450043480426,0.650565624251373,-2.19804383028155E-11));
#6532=DIRECTION('',(0.759450043480426,0.650565624251373,-2.19782178567662E-11));
#6533=DIRECTION('',(-2.8942057084258E-11,0.,-1.));
#6534=DIRECTION('center_axis',(-2.89420709620458E-11,0.,-1.));
#6535=DIRECTION('ref_axis',(-0.650565630343614,0.759450038261646,1.88287521098053E-11));
#6536=DIRECTION('',(-2.8942057084258E-11,0.,-1.));
#6537=DIRECTION('center_axis',(-2.89397950048453E-11,0.,-1.));
#6538=DIRECTION('ref_axis',(-0.650565630343615,0.759450038261646,1.88272129369413E-11));
#6539=DIRECTION('',(-2.8942057084258E-11,0.,-1.));
#6540=DIRECTION('center_axis',(-2.89410717613237E-11,0.,-1.));
#6541=DIRECTION('ref_axis',(-0.650565630343614,0.759450038261646,1.88280708365704E-11));
#6542=DIRECTION('center_axis',(-2.89420709620458E-11,0.,-1.));
#6543=DIRECTION('ref_axis',(-5.79095648084936E-9,1.,1.67602666362337E-19));
#6544=DIRECTION('center_axis',(2.89397950048453E-11,-3.57893196918743E-25,
1.));
#6545=DIRECTION('ref_axis',(-5.79095648084935E-9,1.,1.67589922009577E-19));
#6546=DIRECTION('',(-2.8942057084258E-11,0.,-1.));
#6547=DIRECTION('',(-2.8942057084258E-11,0.,-1.));
#6548=DIRECTION('center_axis',(-0.650565624251373,-0.759450043480426,1.88282445190424E-11));
#6549=DIRECTION('ref_axis',(-0.759450043480426,0.650565624251373,2.19804383028155E-11));
#6550=DIRECTION('',(-0.759450043480426,0.650565624251373,2.19782178567662E-11));
#6551=DIRECTION('center_axis',(0.,-1.,0.));
#6552=DIRECTION('ref_axis',(-1.,0.,2.8942057084258E-11));
#6553=DIRECTION('',(-1.,0.,2.89410856391115E-11));
#6554=DIRECTION('',(-2.8942057084258E-11,0.,-1.));
#6555=DIRECTION('center_axis',(-2.89420709620458E-11,-3.24389494813373E-17,
-1.));
#6556=DIRECTION('ref_axis',(0.767727313980782,-0.640776693839479,-2.22196512579049E-11));
#6557=DIRECTION('center_axis',(-2.89410717613237E-11,-3.24389494813373E-17,
-1.));
#6558=DIRECTION('ref_axis',(0.767727313980782,-0.640776693839479,-2.22188260921354E-11));
#6559=DIRECTION('',(-2.8942057084258E-11,0.,-1.));
#6560=DIRECTION('center_axis',(-2.89420709620458E-11,0.,-1.));
#6561=DIRECTION('ref_axis',(0.88932805897317,-0.45726972731968,-2.57389787619177E-11));
#6562=DIRECTION('center_axis',(-2.89410717613237E-11,0.,-1.));
#6563=DIRECTION('ref_axis',(0.88932805897317,-0.45726972731968,-2.57381765777097E-11));
#6564=DIRECTION('',(-2.8942057084258E-11,0.,-1.));
#6565=DIRECTION('center_axis',(-2.89420709620458E-11,0.,-1.));
#6566=DIRECTION('ref_axis',(1.,1.09931658678662E-11,-2.89420819995094E-11));
#6567=DIRECTION('center_axis',(-2.89410717613237E-11,5.97742968350654E-28,
-1.));
#6568=DIRECTION('ref_axis',(1.,1.09931658678662E-11,-2.89411269689409E-11));
#6569=DIRECTION('',(-2.8942057084258E-11,0.,-1.));
#6570=DIRECTION('center_axis',(1.,0.,-2.89420709620458E-11));
#6571=DIRECTION('ref_axis',(0.,-1.,0.));
#6572=DIRECTION('',(0.,-1.,0.));
#6573=DIRECTION('',(-2.8942057084258E-11,0.,-1.));
#6574=DIRECTION('center_axis',(-2.89420709620458E-11,0.,-1.));
#6575=DIRECTION('ref_axis',(0.889328059304615,0.457269726675063,-2.57389696131672E-11));
#6576=DIRECTION('center_axis',(-2.89410717613237E-11,0.,-1.));
#6577=DIRECTION('ref_axis',(0.889328059304615,0.457269726675063,-2.57380742719936E-11));
#6578=DIRECTION('',(-2.8942057084258E-11,0.,-1.));
#6579=DIRECTION('center_axis',(-2.89420709620458E-11,0.,-1.));
#6580=DIRECTION('ref_axis',(0.767727304752195,0.640776704896433,-2.22196070288004E-11));
#6581=DIRECTION('center_axis',(-2.89410717613237E-11,2.37409475336235E-17,
-1.));
#6582=DIRECTION('ref_axis',(0.767727304752195,0.640776704896433,-2.22188690192323E-11));
#6583=DIRECTION('',(-2.8942057084258E-11,0.,-1.));
#6584=DIRECTION('center_axis',(-2.89420709620458E-11,0.,-1.));
#6585=DIRECTION('ref_axis',(-1.51732801958798E-9,1.,4.39145580458525E-20));
#6586=DIRECTION('center_axis',(-2.89410717613237E-11,0.,-1.));
#6587=DIRECTION('ref_axis',(-1.51732801958798E-9,1.,4.39130909180628E-20));
#6588=DIRECTION('',(-2.8942057084258E-11,0.,-1.));
#6589=DIRECTION('center_axis',(0.,1.,0.));
#6590=DIRECTION('ref_axis',(1.,0.,-2.8942057084258E-11));
#6591=DIRECTION('',(1.,0.,-2.89410856391115E-11));
#6592=DIRECTION('center_axis',(0.,-1.,0.));
#6593=DIRECTION('ref_axis',(-1.,0.,2.8942057084258E-11));
#6594=DIRECTION('',(-2.89398366382088E-11,0.,-1.));
#6595=DIRECTION('',(-1.,0.,2.89401835829039E-11));
#6596=DIRECTION('center_axis',(-1.,0.,2.89410717613237E-11));
#6597=DIRECTION('ref_axis',(0.,1.,0.));
#6598=DIRECTION('',(0.,-1.,0.));
#6599=DIRECTION('',(-2.89410856391115E-11,0.,-1.));
#6600=DIRECTION('',(0.,1.,0.));
#6601=DIRECTION('',(-2.89398366382088E-11,0.,-1.));
#6602=DIRECTION('',(0.,1.,0.));
#6603=DIRECTION('center_axis',(2.8940183582904E-11,0.,1.));
#6604=DIRECTION('ref_axis',(-1.,0.,2.89401835829039E-11));
#6605=DIRECTION('center_axis',(2.89397950048453E-11,0.,1.));
#6606=DIRECTION('ref_axis',(1.,0.,-2.89397497026415E-11));
#6607=DIRECTION('center_axis',(2.8940183582904E-11,0.,1.));
#6608=DIRECTION('ref_axis',(-1.,0.,2.89401835829039E-11));
#6609=DIRECTION('center_axis',(2.89397950048453E-11,0.,1.));
#6610=DIRECTION('ref_axis',(1.,0.,-2.89397497026415E-11));
#6611=DIRECTION('',(0.,1.,0.));
#6612=DIRECTION('center_axis',(-1.,0.,2.8940183582904E-11));
#6613=DIRECTION('ref_axis',(0.,1.,0.));
#6614=DIRECTION('',(0.,-1.,0.));
#6615=DIRECTION('center_axis',(-2.89397950048453E-11,0.,-1.));
#6616=DIRECTION('ref_axis',(1.,0.,-2.89397497026415E-11));
#6617=DIRECTION('center_axis',(-2.89397950048453E-11,0.,-1.));
#6618=DIRECTION('ref_axis',(1.,0.,-2.89397497026415E-11));
#6619=DIRECTION('center_axis',(-2.89397950048453E-11,0.,-1.));
#6620=DIRECTION('ref_axis',(1.,0.,-2.89397497026415E-11));
#6621=DIRECTION('center_axis',(-2.89397950048453E-11,0.,-1.));
#6622=DIRECTION('ref_axis',(1.,0.,-2.89397497026415E-11));
#6623=DIRECTION('',(2.89398366382088E-11,0.,1.));
#6624=DIRECTION('center_axis',(-2.89410717613237E-11,0.,-1.));
#6625=DIRECTION('ref_axis',(1.,-2.15315980533364E-15,-2.89410751256359E-11));
#6626=DIRECTION('center_axis',(-2.89397950048453E-11,0.,-1.));
#6627=DIRECTION('ref_axis',(1.,-2.15315980533364E-15,-2.89398135085624E-11));
#6628=DIRECTION('',(-2.89410856391115E-11,0.,-1.));
#6629=DIRECTION('center_axis',(2.89410717613237E-11,0.,1.));
#6630=DIRECTION('ref_axis',(1.,-2.15315980533364E-15,-2.89410751256359E-11));
#6631=DIRECTION('',(-2.89410856391115E-11,0.,-1.));
#6632=DIRECTION('center_axis',(0.,-1.,0.));
#6633=DIRECTION('ref_axis',(-1.,0.,2.89410856391115E-11));
#6634=DIRECTION('',(-1.,0.,2.89401835829039E-11));
#6635=DIRECTION('',(1.,0.,-2.89410856391115E-11));
#6636=DIRECTION('',(-2.89410856391115E-11,0.,-1.));
#6637=DIRECTION('center_axis',(-2.89410717613237E-11,0.,-1.));
#6638=DIRECTION('ref_axis',(1.18423789293352E-14,-1.,-3.42731975089333E-25));
#6639=DIRECTION('center_axis',(-2.89397950048453E-11,5.79512143413062E-31,
-1.));
#6640=DIRECTION('ref_axis',(1.18423789293352E-14,-1.,-3.42717034541885E-25));
#6641=DIRECTION('center_axis',(2.89410717613237E-11,0.,1.));
#6642=DIRECTION('ref_axis',(1.18423789293352E-14,-1.,-3.42731975089333E-25));
#6643=DIRECTION('',(-2.89410856391115E-11,0.,-1.));
#6644=DIRECTION('center_axis',(-1.,0.,2.89410717613237E-11));
#6645=DIRECTION('ref_axis',(0.,1.,0.));
#6646=DIRECTION('',(0.,1.,0.));
#6647=DIRECTION('',(0.,-1.,0.));
#6648=DIRECTION('center_axis',(-2.89410717613237E-11,0.,-1.));
#6649=DIRECTION('ref_axis',(-1.,1.21115239050017E-15,2.89410751256359E-11));
#6650=DIRECTION('center_axis',(-2.89397950048453E-11,0.,-1.));
#6651=DIRECTION('ref_axis',(-1.,1.21115239050017E-15,2.89398135085624E-11));
#6652=DIRECTION('center_axis',(2.89410717613237E-11,0.,1.));
#6653=DIRECTION('ref_axis',(-1.,1.21115239050017E-15,2.89410751256359E-11));
#6654=DIRECTION('',(-2.89410856391115E-11,0.,-1.));
#6655=DIRECTION('center_axis',(1.,0.,-2.89410717613237E-11));
#6656=DIRECTION('ref_axis',(0.,-1.,0.));
#6657=DIRECTION('',(0.,-1.,0.));
#6658=DIRECTION('',(-2.89410856391115E-11,0.,-1.));
#6659=DIRECTION('',(0.,1.,0.));
#6660=DIRECTION('center_axis',(-2.89410717613237E-11,0.,-1.));
#6661=DIRECTION('ref_axis',(0.,1.,0.));
#6662=DIRECTION('center_axis',(-2.8940183582904E-11,0.,-1.));
#6663=DIRECTION('ref_axis',(0.,1.,0.));
#6664=DIRECTION('',(-2.89410856391115E-11,0.,-1.));
#6665=DIRECTION('center_axis',(2.89410717613237E-11,0.,1.));
#6666=DIRECTION('ref_axis',(0.,1.,0.));
#6667=DIRECTION('center_axis',(0.,1.,0.));
#6668=DIRECTION('ref_axis',(1.,0.,-2.89410856391115E-11));
#6669=DIRECTION('',(1.,0.,-2.89401835829039E-11));
#6670=DIRECTION('',(-1.,0.,2.89410856391115E-11));
#6671=DIRECTION('center_axis',(-2.89410717613237E-11,0.,-1.));
#6672=DIRECTION('ref_axis',(0.,-1.,0.));
#6673=DIRECTION('center_axis',(0.,1.,0.));
#6674=DIRECTION('ref_axis',(1.,0.,-2.89401835829039E-11));
#6675=DIRECTION('',(-1.,0.,2.89401835829039E-11));
#6676=DIRECTION('center_axis',(-2.8940183582904E-11,0.,-1.));
#6677=DIRECTION('ref_axis',(1.,0.,-2.89401835829039E-11));
#6678=DIRECTION('center_axis',(-0.722967145870722,0.,0.690882411117508));
#6679=DIRECTION('ref_axis',(0.690882411117508,0.,0.722967145870722));
#6680=DIRECTION('center_axis',(0.690882411117508,0.,0.722967145870722));
#6681=DIRECTION('ref_axis',(0.,1.,0.));
#6682=DIRECTION('center_axis',(0.722967145870722,0.,-0.690882411117508));
#6683=DIRECTION('ref_axis',(0.690882411117508,0.,0.722967145870722));
#6684=DIRECTION('center_axis',(0.,-1.,0.));
#6685=DIRECTION('ref_axis',(0.690882411117508,0.,0.722967145870722));
#6686=DIRECTION('center_axis',(0.722967145870722,0.,-0.690882411117509));
#6687=DIRECTION('ref_axis',(-0.690882411117509,0.,-0.722967145870721));
#6688=DIRECTION('center_axis',(-0.690882411117508,0.,-0.722967145870722));
#6689=DIRECTION('ref_axis',(0.,1.,0.));
#6690=DIRECTION('center_axis',(-0.722967145870722,0.,0.690882411117509));
#6691=DIRECTION('ref_axis',(-0.690882411117509,0.,-0.722967145870721));
#6692=DIRECTION('center_axis',(0.,-1.,0.));
#6693=DIRECTION('ref_axis',(0.690882411117508,0.,0.722967145870722));
#6694=DIRECTION('center_axis',(0.,-1.,0.));
#6695=DIRECTION('ref_axis',(0.690882411117508,0.,0.722967145870722));
#6696=DIRECTION('center_axis',(0.,1.,0.));
#6697=DIRECTION('ref_axis',(0.690882411117508,0.,0.722967145870722));
#6698=DIRECTION('center_axis',(0.,-1.,0.));
#6699=DIRECTION('ref_axis',(0.690882411117508,0.,0.722967145870722));
#6700=DIRECTION('',(0.488527637903703,-0.707106781186547,0.511214971420272));
#6701=DIRECTION('center_axis',(0.,-1.,0.));
#6702=DIRECTION('ref_axis',(0.690882411117509,0.,0.722967145870722));
#6703=DIRECTION('center_axis',(0.,-1.,0.));
#6704=DIRECTION('ref_axis',(0.690882411117508,0.,0.722967145870722));
#6705=DIRECTION('',(0.,1.,0.));
#6706=DIRECTION('center_axis',(0.690882411117508,0.,0.722967145870722));
#6707=DIRECTION('ref_axis',(0.,1.,0.));
#6708=DIRECTION('',(-0.690882411117508,0.,-0.722967145870722));
#6709=DIRECTION('center_axis',(0.,1.,0.));
#6710=DIRECTION('ref_axis',(0.690882411117508,0.,0.722967145870722));
#6711=DIRECTION('center_axis',(0.,-1.,0.));
#6712=DIRECTION('ref_axis',(0.690882411117508,0.,0.722967145870722));
#6713=DIRECTION('',(0.488527637903703,-0.707106781186547,0.511214971420272));
#6714=DIRECTION('center_axis',(0.,-1.,0.));
#6715=DIRECTION('ref_axis',(0.690882411117509,0.,0.722967145870722));
#6716=DIRECTION('center_axis',(0.,-1.,0.));
#6717=DIRECTION('ref_axis',(0.690882411117508,0.,0.722967145870722));
#6718=DIRECTION('',(0.,1.,0.));
#6719=DIRECTION('center_axis',(0.,-1.,0.));
#6720=DIRECTION('ref_axis',(0.690882411117508,0.,0.722967145870722));
#6721=DIRECTION('center_axis',(0.,-1.,0.));
#6722=DIRECTION('ref_axis',(0.690882411117508,0.,0.722967145870722));
#6723=DIRECTION('center_axis',(0.,1.,0.));
#6724=DIRECTION('ref_axis',(1.,0.,0.));
#6725=DIRECTION('center_axis',(0.,1.,0.));
#6726=DIRECTION('ref_axis',(1.,0.,0.));
#6727=DIRECTION('',(0.,-1.,0.));
#6728=DIRECTION('center_axis',(0.,-1.,0.));
#6729=DIRECTION('ref_axis',(1.,0.,0.));
#6730=DIRECTION('center_axis',(0.,1.,0.));
#6731=DIRECTION('ref_axis',(1.,0.,0.));
#6732=DIRECTION('center_axis',(0.,1.,0.));
#6733=DIRECTION('ref_axis',(1.,0.,0.));
#6734=DIRECTION('',(0.,-1.,0.));
#6735=DIRECTION('center_axis',(0.,-1.,0.));
#6736=DIRECTION('ref_axis',(1.,0.,0.));
#6737=DIRECTION('center_axis',(0.,1.,0.));
#6738=DIRECTION('ref_axis',(1.,0.,0.));
#6739=DIRECTION('center_axis',(0.,1.,0.));
#6740=DIRECTION('ref_axis',(1.,0.,0.));
#6741=DIRECTION('',(0.,-1.,0.));
#6742=DIRECTION('center_axis',(0.,-1.,0.));
#6743=DIRECTION('ref_axis',(1.,0.,0.));
#6744=DIRECTION('center_axis',(0.,-1.,0.));
#6745=DIRECTION('ref_axis',(-1.,0.,0.));
#6746=DIRECTION('center_axis',(0.,1.,0.));
#6747=DIRECTION('ref_axis',(1.,0.,0.));
#6748=DIRECTION('center_axis',(0.,1.,0.));
#6749=DIRECTION('ref_axis',(1.,0.,0.));
#6750=DIRECTION('center_axis',(0.,1.,0.));
#6751=DIRECTION('ref_axis',(1.,0.,0.));
#6752=DIRECTION('center_axis',(0.,1.,0.));
#6753=DIRECTION('ref_axis',(1.,0.,0.));
#6754=DIRECTION('',(0.,-1.,0.));
#6755=DIRECTION('center_axis',(0.,1.,0.));
#6756=DIRECTION('ref_axis',(1.,0.,0.));
#6757=DIRECTION('center_axis',(0.,1.,0.));
#6758=DIRECTION('ref_axis',(1.,0.,0.));
#6759=DIRECTION('center_axis',(0.,-1.,0.));
#6760=DIRECTION('ref_axis',(-1.,0.,0.));
#6761=DIRECTION('center_axis',(0.,-1.,0.));
#6762=DIRECTION('ref_axis',(1.,0.,0.));
#6763=DIRECTION('center_axis',(0.,1.,0.));
#6764=DIRECTION('ref_axis',(1.,0.,0.));
#6765=DIRECTION('',(0.,-1.,0.));
#6766=DIRECTION('center_axis',(0.,-1.,0.));
#6767=DIRECTION('ref_axis',(1.,0.,0.));
#6768=DIRECTION('center_axis',(0.,-1.,0.));
#6769=DIRECTION('ref_axis',(-1.,0.,0.));
#6770=DIRECTION('center_axis',(0.,0.,1.));
#6771=DIRECTION('ref_axis',(1.,0.,0.));
#6772=DIRECTION('',(-1.,0.,0.));
#6773=DIRECTION('',(0.,1.,0.));
#6774=DIRECTION('',(-1.,0.,0.));
#6775=DIRECTION('',(0.,-1.,0.));
#6776=DIRECTION('',(1.,0.,0.));
#6777=DIRECTION('',(0.,1.,0.));
#6778=DIRECTION('',(1.,0.,0.));
#6779=DIRECTION('',(0.,-1.,0.));
#6780=DIRECTION('center_axis',(0.,0.,1.));
#6781=DIRECTION('ref_axis',(1.,0.,0.));
#6782=DIRECTION('',(0.,-1.,0.));
#6783=DIRECTION('',(-1.,0.,0.));
#6784=DIRECTION('',(0.,1.,0.));
#6785=DIRECTION('',(1.,0.,0.));
#6786=DIRECTION('center_axis',(0.,1.,0.));
#6787=DIRECTION('ref_axis',(0.,0.,1.));
#6788=DIRECTION('',(0.,0.,-1.));
#6789=DIRECTION('',(0.,0.,-1.));
#6790=DIRECTION('center_axis',(1.,0.,0.));
#6791=DIRECTION('ref_axis',(0.,0.,-1.));
#6792=DIRECTION('',(0.,0.,-1.));
#6793=DIRECTION('center_axis',(0.,-1.,0.));
#6794=DIRECTION('ref_axis',(0.,0.,-1.));
#6795=DIRECTION('',(0.,0.,-1.));
#6796=DIRECTION('center_axis',(1.,0.,0.));
#6797=DIRECTION('ref_axis',(0.,0.,-1.));
#6798=DIRECTION('',(0.,0.,-1.));
#6799=DIRECTION('',(0.,-1.,0.));
#6800=DIRECTION('',(0.,0.,-1.));
#6801=DIRECTION('center_axis',(0.,1.,0.));
#6802=DIRECTION('ref_axis',(0.,0.,1.));
#6803=DIRECTION('',(0.,0.,-1.));
#6804=DIRECTION('',(1.,0.,0.));
#6805=DIRECTION('center_axis',(0.,0.,1.));
#6806=DIRECTION('ref_axis',(1.,0.,0.));
#6807=DIRECTION('',(0.,1.,0.));
#6808=DIRECTION('',(-1.,0.,0.));
#6809=DIRECTION('center_axis',(0.,-1.,0.));
#6810=DIRECTION('ref_axis',(0.,0.,-1.));
#6811=DIRECTION('',(0.,0.,-1.));
#6812=DIRECTION('center_axis',(-1.,0.,0.));
#6813=DIRECTION('ref_axis',(0.,0.,1.));
#6814=DIRECTION('center_axis',(0.,0.,1.));
#6815=DIRECTION('ref_axis',(1.,0.,0.));
#6816=DIRECTION('',(0.,-1.,0.));
#6817=DIRECTION('',(-1.,0.,0.));
#6818=DIRECTION('',(0.,1.,0.));
#6819=DIRECTION('',(1.,0.,0.));
#6820=DIRECTION('center_axis',(0.,1.,0.));
#6821=DIRECTION('ref_axis',(0.,0.,1.));
#6822=DIRECTION('',(0.,0.,-1.));
#6823=DIRECTION('',(0.,0.,1.));
#6824=DIRECTION('',(-1.,0.,0.));
#6825=DIRECTION('center_axis',(0.,0.,1.));
#6826=DIRECTION('ref_axis',(1.,0.,0.));
#6827=DIRECTION('',(0.,1.,0.));
#6828=DIRECTION('',(0.,-1.,0.));
#6829=DIRECTION('',(1.,0.,0.));
#6830=DIRECTION('center_axis',(0.,-1.,0.));
#6831=DIRECTION('ref_axis',(0.,0.,-1.));
#6832=DIRECTION('',(0.,0.,1.));
#6833=DIRECTION('',(0.,0.,-1.));
#6834=DIRECTION('center_axis',(0.,1.,0.));
#6835=DIRECTION('ref_axis',(0.,0.,1.));
#6836=DIRECTION('',(-1.,0.,0.));
#6837=DIRECTION('',(0.,0.,-1.));
#6838=DIRECTION('',(1.,0.,0.));
#6839=DIRECTION('',(0.,0.,-1.));
#6840=DIRECTION('center_axis',(0.,-1.,0.));
#6841=DIRECTION('ref_axis',(0.,0.,-1.));
#6842=DIRECTION('',(1.,0.,0.));
#6843=DIRECTION('',(0.,0.,1.));
#6844=DIRECTION('',(-1.,0.,0.));
#6845=DIRECTION('',(0.,0.,-1.));
#6846=DIRECTION('center_axis',(-1.,0.,0.));
#6847=DIRECTION('ref_axis',(0.,0.,1.));
#6848=DIRECTION('',(0.,-1.,0.));
#6849=DIRECTION('',(0.,1.,0.));
#6850=DIRECTION('center_axis',(0.,0.,1.));
#6851=DIRECTION('ref_axis',(1.,0.,0.));
#6852=DIRECTION('',(0.,1.,0.));
#6853=DIRECTION('',(1.,0.,0.));
#6854=DIRECTION('',(0.,-1.,0.));
#6855=DIRECTION('',(-1.,0.,0.));
#6856=DIRECTION('',(0.,1.,0.));
#6857=DIRECTION('center_axis',(1.,0.,0.));
#6858=DIRECTION('ref_axis',(0.,0.,-1.));
#6859=DIRECTION('',(0.,-1.,0.));
#6860=DIRECTION('',(0.,0.,-1.));
#6861=DIRECTION('center_axis',(1.,0.,0.));
#6862=DIRECTION('ref_axis',(0.,0.,-1.));
#6863=DIRECTION('',(0.,0.,-1.));
#6864=DIRECTION('',(0.,-1.,0.));
#6865=DIRECTION('center_axis',(0.,0.,1.));
#6866=DIRECTION('ref_axis',(1.,0.,0.));
#6867=DIRECTION('',(1.,0.,0.));
#6868=DIRECTION('',(0.,1.,0.));
#6869=DIRECTION('',(-1.,0.,0.));
#6870=DIRECTION('center_axis',(0.,1.,0.));
#6871=DIRECTION('ref_axis',(0.,0.,1.));
#6872=DIRECTION('',(0.,0.,-1.));
#6873=DIRECTION('center_axis',(0.,-1.,0.));
#6874=DIRECTION('ref_axis',(0.,0.,-1.));
#6875=DIRECTION('',(0.,0.,-1.));
#6876=DIRECTION('center_axis',(-1.,0.,0.));
#6877=DIRECTION('ref_axis',(0.,0.,1.));
#6878=DIRECTION('center_axis',(0.,0.,1.));
#6879=DIRECTION('ref_axis',(1.,0.,0.));
#6880=DIRECTION('',(-1.,0.,0.));
#6881=DIRECTION('',(0.,1.,0.));
#6882=DIRECTION('',(1.,0.,0.));
#6883=DIRECTION('',(0.,-1.,0.));
#6884=DIRECTION('center_axis',(0.,0.,1.));
#6885=DIRECTION('ref_axis',(1.,0.,0.));
#6886=DIRECTION('',(1.,0.,0.));
#6887=DIRECTION('',(0.,1.,0.));
#6888=DIRECTION('',(-1.,0.,0.));
#6889=DIRECTION('',(0.,-1.,0.));
#6890=DIRECTION('center_axis',(0.,0.,1.));
#6891=DIRECTION('ref_axis',(1.,0.,0.));
#6892=DIRECTION('',(1.,0.,0.));
#6893=DIRECTION('',(0.,1.,0.));
#6894=DIRECTION('',(-1.,0.,0.));
#6895=DIRECTION('',(0.,-1.,0.));
#6896=DIRECTION('center_axis',(0.,0.,1.));
#6897=DIRECTION('ref_axis',(1.,0.,0.));
#6898=DIRECTION('',(-1.,0.,0.));
#6899=DIRECTION('',(0.,1.,0.));
#6900=DIRECTION('',(1.,0.,0.));
#6901=DIRECTION('',(0.,-1.,0.));
#6902=DIRECTION('center_axis',(1.,0.,0.));
#6903=DIRECTION('ref_axis',(0.,0.,-1.));
#6904=DIRECTION('',(0.,0.,-1.));
#6905=DIRECTION('center_axis',(1.,0.,0.));
#6906=DIRECTION('ref_axis',(0.,0.,-1.));
#6907=DIRECTION('center_axis',(0.,-1.,0.));
#6908=DIRECTION('ref_axis',(0.,0.,-1.));
#6909=DIRECTION('',(0.,0.,-1.));
#6910=DIRECTION('',(-1.,0.,0.));
#6911=DIRECTION('center_axis',(0.,1.,0.));
#6912=DIRECTION('ref_axis',(0.,0.,1.));
#6913=DIRECTION('',(0.,0.,1.));
#6914=DIRECTION('',(1.,0.,0.));
#6915=DIRECTION('',(0.,0.,-1.));
#6916=DIRECTION('center_axis',(1.,0.,0.));
#6917=DIRECTION('ref_axis',(0.,0.,-1.));
#6918=DIRECTION('center_axis',(1.,0.,0.));
#6919=DIRECTION('ref_axis',(0.,0.,-1.));
#6920=DIRECTION('center_axis',(1.,0.,0.));
#6921=DIRECTION('ref_axis',(0.,0.,-1.));
#6922=DIRECTION('center_axis',(-1.,0.,0.));
#6923=DIRECTION('ref_axis',(0.,0.,-1.));
#6924=DIRECTION('center_axis',(-1.,0.,0.));
#6925=DIRECTION('ref_axis',(0.,0.,-1.));
#6926=DIRECTION('center_axis',(-1.,0.,0.));
#6927=DIRECTION('ref_axis',(0.,0.,-1.));
#6928=DIRECTION('center_axis',(1.,0.,0.));
#6929=DIRECTION('ref_axis',(0.,0.,-1.));
#6930=DIRECTION('',(-1.,0.,0.));
#6931=DIRECTION('center_axis',(-1.,0.,0.));
#6932=DIRECTION('ref_axis',(0.,0.,-1.));
#6933=DIRECTION('',(-1.,0.,0.));
#6934=DIRECTION('center_axis',(-1.,0.,0.));
#6935=DIRECTION('ref_axis',(0.,0.,-1.));
#6936=DIRECTION('center_axis',(-1.,0.,0.));
#6937=DIRECTION('ref_axis',(0.,0.,-1.));
#6938=DIRECTION('',(1.,0.,0.));
#6939=DIRECTION('center_axis',(1.,0.,0.));
#6940=DIRECTION('ref_axis',(0.,0.,-1.));
#6941=DIRECTION('center_axis',(0.,1.,0.));
#6942=DIRECTION('ref_axis',(0.,0.,1.));
#6943=DIRECTION('',(0.,0.,-1.));
#6944=DIRECTION('',(0.,0.,1.));
#6945=DIRECTION('center_axis',(1.,0.,0.));
#6946=DIRECTION('ref_axis',(0.,0.,-1.));
#6947=DIRECTION('',(0.,0.,-1.));
#6948=DIRECTION('center_axis',(0.,-1.,0.));
#6949=DIRECTION('ref_axis',(0.,0.,-1.));
#6950=DIRECTION('',(0.,0.,-1.));
#6951=DIRECTION('center_axis',(1.,0.,0.));
#6952=DIRECTION('ref_axis',(0.,0.,-1.));
#6953=DIRECTION('center_axis',(-1.,0.,0.));
#6954=DIRECTION('ref_axis',(0.,0.,1.));
#6955=DIRECTION('center_axis',(1.,0.,0.));
#6956=DIRECTION('ref_axis',(0.,0.,-1.));
#6957=DIRECTION('center_axis',(1.,0.,0.));
#6958=DIRECTION('ref_axis',(0.,0.,-1.));
#6959=DIRECTION('center_axis',(1.,0.,0.));
#6960=DIRECTION('ref_axis',(0.,0.,-1.));
#6961=DIRECTION('',(-1.,0.,0.));
#6962=DIRECTION('center_axis',(-1.,0.,0.));
#6963=DIRECTION('ref_axis',(0.,0.,-1.));
#6964=DIRECTION('center_axis',(-1.,0.,0.));
#6965=DIRECTION('ref_axis',(0.,0.,1.));
#6966=DIRECTION('center_axis',(0.,0.,1.));
#6967=DIRECTION('ref_axis',(1.,0.,0.));
#6968=DIRECTION('',(-1.,0.,0.));
#6969=DIRECTION('',(0.,1.,0.));
#6970=DIRECTION('',(1.,0.,0.));
#6971=DIRECTION('',(0.,-1.,0.));
#6972=DIRECTION('center_axis',(0.,0.,1.));
#6973=DIRECTION('ref_axis',(1.,0.,0.));
#6974=DIRECTION('',(1.,0.,0.));
#6975=DIRECTION('',(0.,1.,0.));
#6976=DIRECTION('',(-1.,0.,0.));
#6977=DIRECTION('',(0.,-1.,0.));
#6978=DIRECTION('center_axis',(0.,0.,1.));
#6979=DIRECTION('ref_axis',(1.,0.,0.));
#6980=DIRECTION('',(1.,0.,0.));
#6981=DIRECTION('',(0.,1.,0.));
#6982=DIRECTION('',(-1.,0.,0.));
#6983=DIRECTION('',(0.,-1.,0.));
#6984=DIRECTION('center_axis',(0.,0.,1.));
#6985=DIRECTION('ref_axis',(1.,0.,0.));
#6986=DIRECTION('',(-1.,0.,0.));
#6987=DIRECTION('',(0.,1.,0.));
#6988=DIRECTION('',(1.,0.,0.));
#6989=DIRECTION('',(0.,-1.,0.));
#6990=DIRECTION('center_axis',(1.,0.,0.));
#6991=DIRECTION('ref_axis',(0.,0.,-1.));
#6992=DIRECTION('',(0.,0.,-1.));
#6993=DIRECTION('center_axis',(1.,0.,0.));
#6994=DIRECTION('ref_axis',(0.,0.,-1.));
#6995=DIRECTION('center_axis',(0.,-1.,0.));
#6996=DIRECTION('ref_axis',(0.,0.,-1.));
#6997=DIRECTION('',(0.,0.,-1.));
#6998=DIRECTION('',(-1.,0.,0.));
#6999=DIRECTION('center_axis',(0.,1.,0.));
#7000=DIRECTION('ref_axis',(0.,0.,1.));
#7001=DIRECTION('',(0.,0.,1.));
#7002=DIRECTION('',(1.,0.,0.));
#7003=DIRECTION('',(0.,0.,-1.));
#7004=DIRECTION('center_axis',(1.,0.,0.));
#7005=DIRECTION('ref_axis',(0.,0.,-1.));
#7006=DIRECTION('center_axis',(1.,0.,0.));
#7007=DIRECTION('ref_axis',(0.,0.,-1.));
#7008=DIRECTION('center_axis',(1.,0.,0.));
#7009=DIRECTION('ref_axis',(0.,0.,-1.));
#7010=DIRECTION('center_axis',(-1.,0.,0.));
#7011=DIRECTION('ref_axis',(0.,0.,-1.));
#7012=DIRECTION('center_axis',(-1.,0.,0.));
#7013=DIRECTION('ref_axis',(0.,0.,-1.));
#7014=DIRECTION('center_axis',(-1.,0.,0.));
#7015=DIRECTION('ref_axis',(0.,0.,-1.));
#7016=DIRECTION('center_axis',(1.,0.,0.));
#7017=DIRECTION('ref_axis',(0.,0.,-1.));
#7018=DIRECTION('',(-1.,0.,0.));
#7019=DIRECTION('center_axis',(-1.,0.,0.));
#7020=DIRECTION('ref_axis',(0.,0.,-1.));
#7021=DIRECTION('',(-1.,0.,0.));
#7022=DIRECTION('center_axis',(-1.,0.,0.));
#7023=DIRECTION('ref_axis',(0.,0.,-1.));
#7024=DIRECTION('center_axis',(-1.,0.,0.));
#7025=DIRECTION('ref_axis',(0.,0.,-1.));
#7026=DIRECTION('',(1.,0.,0.));
#7027=DIRECTION('center_axis',(1.,0.,0.));
#7028=DIRECTION('ref_axis',(0.,0.,-1.));
#7029=DIRECTION('center_axis',(0.,1.,0.));
#7030=DIRECTION('ref_axis',(0.,0.,1.));
#7031=DIRECTION('',(0.,0.,-1.));
#7032=DIRECTION('',(0.,0.,1.));
#7033=DIRECTION('center_axis',(1.,0.,0.));
#7034=DIRECTION('ref_axis',(0.,0.,-1.));
#7035=DIRECTION('',(0.,0.,-1.));
#7036=DIRECTION('center_axis',(0.,-1.,0.));
#7037=DIRECTION('ref_axis',(0.,0.,-1.));
#7038=DIRECTION('',(0.,0.,-1.));
#7039=DIRECTION('center_axis',(1.,0.,0.));
#7040=DIRECTION('ref_axis',(0.,0.,-1.));
#7041=DIRECTION('center_axis',(-1.,0.,0.));
#7042=DIRECTION('ref_axis',(0.,0.,1.));
#7043=DIRECTION('center_axis',(1.,0.,0.));
#7044=DIRECTION('ref_axis',(0.,0.,-1.));
#7045=DIRECTION('center_axis',(1.,0.,0.));
#7046=DIRECTION('ref_axis',(0.,0.,-1.));
#7047=DIRECTION('center_axis',(1.,0.,0.));
#7048=DIRECTION('ref_axis',(0.,0.,-1.));
#7049=DIRECTION('',(-1.,0.,0.));
#7050=DIRECTION('center_axis',(-1.,0.,0.));
#7051=DIRECTION('ref_axis',(0.,0.,-1.));
#7052=DIRECTION('center_axis',(-1.,0.,0.));
#7053=DIRECTION('ref_axis',(0.,0.,1.));
#7054=DIRECTION('center_axis',(0.,0.,1.));
#7055=DIRECTION('ref_axis',(1.,0.,0.));
#7056=DIRECTION('',(0.,1.,0.));
#7057=DIRECTION('',(1.,0.,0.));
#7058=DIRECTION('',(0.,-1.,0.));
#7059=DIRECTION('',(-1.,0.,0.));
#7060=DIRECTION('center_axis',(0.,-1.,0.));
#7061=DIRECTION('ref_axis',(0.,0.,-1.));
#7062=DIRECTION('',(0.,0.,-1.));
#7063=DIRECTION('',(0.,0.,1.));
#7064=DIRECTION('',(1.,0.,0.));
#7065=DIRECTION('center_axis',(0.,0.,1.));
#7066=DIRECTION('ref_axis',(1.,0.,0.));
#7067=DIRECTION('',(0.,-1.,0.));
#7068=DIRECTION('',(0.,1.,0.));
#7069=DIRECTION('',(-1.,0.,0.));
#7070=DIRECTION('center_axis',(0.,1.,0.));
#7071=DIRECTION('ref_axis',(0.,0.,1.));
#7072=DIRECTION('',(0.,0.,1.));
#7073=DIRECTION('',(0.,0.,-1.));
#7074=DIRECTION('center_axis',(0.,0.,1.));
#7075=DIRECTION('ref_axis',(1.,0.,0.));
#7076=DIRECTION('',(0.,1.,0.));
#7077=DIRECTION('',(1.,0.,0.));
#7078=DIRECTION('',(0.,-1.,0.));
#7079=DIRECTION('',(-1.,0.,0.));
#7080=DIRECTION('center_axis',(0.,-1.,0.));
#7081=DIRECTION('ref_axis',(0.,0.,-1.));
#7082=DIRECTION('',(0.,0.,-1.));
#7083=DIRECTION('',(0.,0.,1.));
#7084=DIRECTION('',(1.,0.,0.));
#7085=DIRECTION('center_axis',(0.,0.,1.));
#7086=DIRECTION('ref_axis',(1.,0.,0.));
#7087=DIRECTION('',(0.,-1.,0.));
#7088=DIRECTION('',(0.,1.,0.));
#7089=DIRECTION('',(-1.,0.,0.));
#7090=DIRECTION('center_axis',(0.,1.,0.));
#7091=DIRECTION('ref_axis',(0.,0.,1.));
#7092=DIRECTION('',(0.,0.,1.));
#7093=DIRECTION('',(0.,0.,-1.));
#7094=DIRECTION('center_axis',(0.,0.,1.));
#7095=DIRECTION('ref_axis',(1.,0.,0.));
#7096=DIRECTION('',(-1.,0.,0.));
#7097=DIRECTION('',(0.,1.,0.));
#7098=DIRECTION('',(-1.,0.,0.));
#7099=DIRECTION('',(0.,-1.,0.));
#7100=DIRECTION('center_axis',(0.,0.,1.));
#7101=DIRECTION('ref_axis',(1.,0.,0.));
#7102=DIRECTION('',(1.,0.,0.));
#7103=DIRECTION('',(0.,-1.,0.));
#7104=DIRECTION('',(1.,0.,0.));
#7105=DIRECTION('',(0.,1.,0.));
#7106=DIRECTION('center_axis',(0.,0.,1.));
#7107=DIRECTION('ref_axis',(1.,0.,0.));
#7108=DIRECTION('',(1.,0.,0.));
#7109=DIRECTION('',(0.,1.,0.));
#7110=DIRECTION('',(1.,0.,0.));
#7111=DIRECTION('',(0.,-1.,0.));
#7112=DIRECTION('center_axis',(0.,0.,1.));
#7113=DIRECTION('ref_axis',(1.,0.,0.));
#7114=DIRECTION('',(-1.,0.,0.));
#7115=DIRECTION('',(0.,-1.,0.));
#7116=DIRECTION('',(-1.,0.,0.));
#7117=DIRECTION('',(0.,1.,0.));
#7118=DIRECTION('center_axis',(0.,1.,0.));
#7119=DIRECTION('ref_axis',(0.,0.,1.));
#7120=DIRECTION('',(0.,0.,-1.));
#7121=DIRECTION('',(0.,0.,-1.));
#7122=DIRECTION('center_axis',(0.,-1.,0.));
#7123=DIRECTION('ref_axis',(0.,0.,-1.));
#7124=DIRECTION('',(0.,0.,-1.));
#7125=DIRECTION('',(0.,0.,-1.));
#7126=DIRECTION('center_axis',(-1.,0.,0.));
#7127=DIRECTION('ref_axis',(0.,0.,1.));
#7128=DIRECTION('',(0.,0.,-1.));
#7129=DIRECTION('',(0.,-1.,0.));
#7130=DIRECTION('',(0.,0.,-1.));
#7131=DIRECTION('',(0.,1.,0.));
#7132=DIRECTION('',(0.,0.,-1.));
#7133=DIRECTION('',(0.,1.,0.));
#7134=DIRECTION('',(0.,0.,-1.));
#7135=DIRECTION('',(0.,1.,0.));
#7136=DIRECTION('',(0.,0.,-1.));
#7137=DIRECTION('',(0.,-1.,0.));
#7138=DIRECTION('',(0.,0.,-1.));
#7139=DIRECTION('',(0.,0.,-1.));
#7140=DIRECTION('',(0.,-1.,0.));
#7141=DIRECTION('',(0.,0.,-1.));
#7142=DIRECTION('center_axis',(0.,1.,0.));
#7143=DIRECTION('ref_axis',(0.,0.,1.));
#7144=DIRECTION('',(0.,0.,-1.));
#7145=DIRECTION('',(-1.,0.,0.));
#7146=DIRECTION('center_axis',(0.,-1.,0.));
#7147=DIRECTION('ref_axis',(0.,0.,-1.));
#7148=DIRECTION('',(1.,0.,0.));
#7149=DIRECTION('',(0.,0.,-1.));
#7150=DIRECTION('center_axis',(0.,0.,1.));
#7151=DIRECTION('ref_axis',(1.,0.,0.));
#7152=DIRECTION('',(1.,0.,0.));
#7153=DIRECTION('',(0.,-1.,0.));
#7154=DIRECTION('',(1.,0.,0.));
#7155=DIRECTION('center_axis',(0.,0.,1.));
#7156=DIRECTION('ref_axis',(1.,0.,0.));
#7157=DIRECTION('',(-1.,0.,0.));
#7158=DIRECTION('',(-1.,0.,0.));
#7159=DIRECTION('',(0.,-1.,0.));
#7160=DIRECTION('center_axis',(0.,0.,1.));
#7161=DIRECTION('ref_axis',(1.,0.,0.));
#7162=DIRECTION('',(-1.,0.,0.));
#7163=DIRECTION('',(-1.,0.,0.));
#7164=DIRECTION('',(0.,1.,0.));
#7165=DIRECTION('center_axis',(0.,0.,1.));
#7166=DIRECTION('ref_axis',(1.,0.,0.));
#7167=DIRECTION('',(1.,0.,0.));
#7168=DIRECTION('',(0.,1.,0.));
#7169=DIRECTION('',(1.,0.,0.));
#7170=DIRECTION('center_axis',(0.,1.,0.));
#7171=DIRECTION('ref_axis',(0.,0.,1.));
#7172=DIRECTION('',(0.,0.,-1.));
#7173=DIRECTION('center_axis',(0.,-1.,0.));
#7174=DIRECTION('ref_axis',(0.,0.,-1.));
#7175=DIRECTION('',(0.,0.,-1.));
#7176=DIRECTION('center_axis',(0.,-1.,0.));
#7177=DIRECTION('ref_axis',(0.,0.,-1.));
#7178=DIRECTION('',(0.,0.,-1.));
#7179=DIRECTION('center_axis',(1.,0.,0.));
#7180=DIRECTION('ref_axis',(0.,0.,-1.));
#7181=DIRECTION('',(0.,0.,-1.));
#7182=DIRECTION('',(0.,0.,-1.));
#7183=DIRECTION('',(0.,-1.,0.));
#7184=DIRECTION('',(0.,0.,-1.));
#7185=DIRECTION('',(0.,1.,0.));
#7186=DIRECTION('center_axis',(0.,1.,0.));
#7187=DIRECTION('ref_axis',(0.,0.,1.));
#7188=DIRECTION('center_axis',(0.,0.,1.));
#7189=DIRECTION('ref_axis',(1.,0.,0.));
#7190=DIRECTION('',(-1.,0.,0.));
#7191=DIRECTION('',(1.,0.,0.));
#7192=DIRECTION('center_axis',(0.,0.,1.));
#7193=DIRECTION('ref_axis',(1.,0.,0.));
#7194=DIRECTION('center_axis',(0.,1.,0.));
#7195=DIRECTION('ref_axis',(0.,0.,1.));
#7196=DIRECTION('center_axis',(0.,-1.,0.));
#7197=DIRECTION('ref_axis',(0.,0.,-1.));
#7198=DIRECTION('center_axis',(0.,0.,1.));
#7199=DIRECTION('ref_axis',(1.,0.,0.));
#7200=DIRECTION('',(-1.,0.,0.));
#7201=DIRECTION('',(0.,1.,0.));
#7202=DIRECTION('',(1.,0.,0.));
#7203=DIRECTION('',(0.,-1.,0.));
#7204=DIRECTION('center_axis',(0.,0.,1.));
#7205=DIRECTION('ref_axis',(1.,0.,0.));
#7206=DIRECTION('',(1.,0.,0.));
#7207=DIRECTION('',(0.,1.,0.));
#7208=DIRECTION('',(-1.,0.,0.));
#7209=DIRECTION('',(0.,-1.,0.));
#7210=DIRECTION('center_axis',(0.,0.,1.));
#7211=DIRECTION('ref_axis',(1.,0.,0.));
#7212=DIRECTION('',(1.,0.,0.));
#7213=DIRECTION('',(0.,1.,0.));
#7214=DIRECTION('',(-1.,0.,0.));
#7215=DIRECTION('',(0.,-1.,0.));
#7216=DIRECTION('center_axis',(0.,0.,1.));
#7217=DIRECTION('ref_axis',(1.,0.,0.));
#7218=DIRECTION('',(-1.,0.,0.));
#7219=DIRECTION('',(0.,1.,0.));
#7220=DIRECTION('',(1.,0.,0.));
#7221=DIRECTION('',(0.,-1.,0.));
#7222=DIRECTION('center_axis',(1.,0.,0.));
#7223=DIRECTION('ref_axis',(0.,0.,-1.));
#7224=DIRECTION('',(0.,0.,-1.));
#7225=DIRECTION('center_axis',(1.,0.,0.));
#7226=DIRECTION('ref_axis',(0.,0.,-1.));
#7227=DIRECTION('center_axis',(0.,-1.,0.));
#7228=DIRECTION('ref_axis',(0.,0.,-1.));
#7229=DIRECTION('',(0.,0.,-1.));
#7230=DIRECTION('',(-1.,0.,0.));
#7231=DIRECTION('center_axis',(0.,1.,0.));
#7232=DIRECTION('ref_axis',(0.,0.,1.));
#7233=DIRECTION('',(0.,0.,1.));
#7234=DIRECTION('',(1.,0.,0.));
#7235=DIRECTION('',(0.,0.,-1.));
#7236=DIRECTION('center_axis',(1.,0.,0.));
#7237=DIRECTION('ref_axis',(0.,0.,-1.));
#7238=DIRECTION('center_axis',(1.,0.,0.));
#7239=DIRECTION('ref_axis',(0.,0.,-1.));
#7240=DIRECTION('center_axis',(1.,0.,0.));
#7241=DIRECTION('ref_axis',(0.,0.,-1.));
#7242=DIRECTION('center_axis',(-1.,0.,0.));
#7243=DIRECTION('ref_axis',(0.,0.,-1.));
#7244=DIRECTION('center_axis',(-1.,0.,0.));
#7245=DIRECTION('ref_axis',(0.,0.,-1.));
#7246=DIRECTION('center_axis',(-1.,0.,0.));
#7247=DIRECTION('ref_axis',(0.,0.,-1.));
#7248=DIRECTION('center_axis',(1.,0.,0.));
#7249=DIRECTION('ref_axis',(0.,0.,-1.));
#7250=DIRECTION('',(-1.,0.,0.));
#7251=DIRECTION('center_axis',(-1.,0.,0.));
#7252=DIRECTION('ref_axis',(0.,0.,-1.));
#7253=DIRECTION('',(-1.,0.,0.));
#7254=DIRECTION('center_axis',(-1.,0.,0.));
#7255=DIRECTION('ref_axis',(0.,0.,-1.));
#7256=DIRECTION('center_axis',(-1.,0.,0.));
#7257=DIRECTION('ref_axis',(0.,0.,-1.));
#7258=DIRECTION('',(1.,0.,0.));
#7259=DIRECTION('center_axis',(1.,0.,0.));
#7260=DIRECTION('ref_axis',(0.,0.,-1.));
#7261=DIRECTION('center_axis',(0.,1.,0.));
#7262=DIRECTION('ref_axis',(0.,0.,1.));
#7263=DIRECTION('',(0.,0.,-1.));
#7264=DIRECTION('',(0.,0.,1.));
#7265=DIRECTION('center_axis',(1.,0.,0.));
#7266=DIRECTION('ref_axis',(0.,0.,-1.));
#7267=DIRECTION('',(0.,0.,-1.));
#7268=DIRECTION('center_axis',(0.,-1.,0.));
#7269=DIRECTION('ref_axis',(0.,0.,-1.));
#7270=DIRECTION('',(0.,0.,-1.));
#7271=DIRECTION('center_axis',(1.,0.,0.));
#7272=DIRECTION('ref_axis',(0.,0.,-1.));
#7273=DIRECTION('center_axis',(-1.,0.,0.));
#7274=DIRECTION('ref_axis',(0.,0.,1.));
#7275=DIRECTION('center_axis',(1.,0.,0.));
#7276=DIRECTION('ref_axis',(0.,0.,-1.));
#7277=DIRECTION('center_axis',(1.,0.,0.));
#7278=DIRECTION('ref_axis',(0.,0.,-1.));
#7279=DIRECTION('center_axis',(1.,0.,0.));
#7280=DIRECTION('ref_axis',(0.,0.,-1.));
#7281=DIRECTION('',(-1.,0.,0.));
#7282=DIRECTION('center_axis',(-1.,0.,0.));
#7283=DIRECTION('ref_axis',(0.,0.,-1.));
#7284=DIRECTION('center_axis',(-1.,0.,0.));
#7285=DIRECTION('ref_axis',(0.,0.,1.));
#7286=DIRECTION('center_axis',(0.,0.,1.));
#7287=DIRECTION('ref_axis',(1.,0.,0.));
#7288=DIRECTION('',(-1.,0.,0.));
#7289=DIRECTION('',(0.,1.,0.));
#7290=DIRECTION('',(1.,0.,0.));
#7291=DIRECTION('',(0.,-1.,0.));
#7292=DIRECTION('center_axis',(0.,0.,1.));
#7293=DIRECTION('ref_axis',(1.,0.,0.));
#7294=DIRECTION('',(1.,0.,0.));
#7295=DIRECTION('',(0.,1.,0.));
#7296=DIRECTION('',(-1.,0.,0.));
#7297=DIRECTION('',(0.,-1.,0.));
#7298=DIRECTION('center_axis',(0.,0.,1.));
#7299=DIRECTION('ref_axis',(1.,0.,0.));
#7300=DIRECTION('',(1.,0.,0.));
#7301=DIRECTION('',(0.,1.,0.));
#7302=DIRECTION('',(-1.,0.,0.));
#7303=DIRECTION('',(0.,-1.,0.));
#7304=DIRECTION('center_axis',(0.,0.,1.));
#7305=DIRECTION('ref_axis',(1.,0.,0.));
#7306=DIRECTION('',(-1.,0.,0.));
#7307=DIRECTION('',(0.,1.,0.));
#7308=DIRECTION('',(1.,0.,0.));
#7309=DIRECTION('',(0.,-1.,0.));
#7310=DIRECTION('center_axis',(1.,0.,0.));
#7311=DIRECTION('ref_axis',(0.,0.,-1.));
#7312=DIRECTION('',(0.,0.,-1.));
#7313=DIRECTION('center_axis',(1.,0.,0.));
#7314=DIRECTION('ref_axis',(0.,0.,-1.));
#7315=DIRECTION('center_axis',(0.,-1.,0.));
#7316=DIRECTION('ref_axis',(0.,0.,-1.));
#7317=DIRECTION('',(0.,0.,-1.));
#7318=DIRECTION('',(-1.,0.,0.));
#7319=DIRECTION('center_axis',(0.,1.,0.));
#7320=DIRECTION('ref_axis',(0.,0.,1.));
#7321=DIRECTION('',(0.,0.,1.));
#7322=DIRECTION('',(1.,0.,0.));
#7323=DIRECTION('',(0.,0.,-1.));
#7324=DIRECTION('center_axis',(1.,0.,0.));
#7325=DIRECTION('ref_axis',(0.,0.,-1.));
#7326=DIRECTION('center_axis',(1.,0.,0.));
#7327=DIRECTION('ref_axis',(0.,0.,-1.));
#7328=DIRECTION('center_axis',(1.,0.,0.));
#7329=DIRECTION('ref_axis',(0.,0.,-1.));
#7330=DIRECTION('center_axis',(-1.,0.,0.));
#7331=DIRECTION('ref_axis',(0.,0.,-1.));
#7332=DIRECTION('center_axis',(-1.,0.,0.));
#7333=DIRECTION('ref_axis',(0.,0.,-1.));
#7334=DIRECTION('center_axis',(-1.,0.,0.));
#7335=DIRECTION('ref_axis',(0.,0.,-1.));
#7336=DIRECTION('center_axis',(1.,0.,0.));
#7337=DIRECTION('ref_axis',(0.,0.,-1.));
#7338=DIRECTION('',(-1.,0.,0.));
#7339=DIRECTION('center_axis',(-1.,0.,0.));
#7340=DIRECTION('ref_axis',(0.,0.,-1.));
#7341=DIRECTION('',(-1.,0.,0.));
#7342=DIRECTION('center_axis',(-1.,0.,0.));
#7343=DIRECTION('ref_axis',(0.,0.,-1.));
#7344=DIRECTION('center_axis',(-1.,0.,0.));
#7345=DIRECTION('ref_axis',(0.,0.,-1.));
#7346=DIRECTION('',(1.,0.,0.));
#7347=DIRECTION('center_axis',(1.,0.,0.));
#7348=DIRECTION('ref_axis',(0.,0.,-1.));
#7349=DIRECTION('center_axis',(0.,1.,0.));
#7350=DIRECTION('ref_axis',(0.,0.,1.));
#7351=DIRECTION('',(0.,0.,-1.));
#7352=DIRECTION('',(0.,0.,1.));
#7353=DIRECTION('center_axis',(1.,0.,0.));
#7354=DIRECTION('ref_axis',(0.,0.,-1.));
#7355=DIRECTION('',(0.,0.,-1.));
#7356=DIRECTION('center_axis',(0.,-1.,0.));
#7357=DIRECTION('ref_axis',(0.,0.,-1.));
#7358=DIRECTION('',(0.,0.,-1.));
#7359=DIRECTION('center_axis',(1.,0.,0.));
#7360=DIRECTION('ref_axis',(0.,0.,-1.));
#7361=DIRECTION('center_axis',(-1.,0.,0.));
#7362=DIRECTION('ref_axis',(0.,0.,1.));
#7363=DIRECTION('center_axis',(1.,0.,0.));
#7364=DIRECTION('ref_axis',(0.,0.,-1.));
#7365=DIRECTION('center_axis',(1.,0.,0.));
#7366=DIRECTION('ref_axis',(0.,0.,-1.));
#7367=DIRECTION('center_axis',(1.,0.,0.));
#7368=DIRECTION('ref_axis',(0.,0.,-1.));
#7369=DIRECTION('',(-1.,0.,0.));
#7370=DIRECTION('center_axis',(-1.,0.,0.));
#7371=DIRECTION('ref_axis',(0.,0.,-1.));
#7372=DIRECTION('center_axis',(-1.,0.,0.));
#7373=DIRECTION('ref_axis',(0.,0.,1.));
#7374=DIRECTION('center_axis',(0.,-1.,0.));
#7375=DIRECTION('ref_axis',(0.,0.,-1.));
#7376=DIRECTION('',(-1.,0.,0.));
#7377=DIRECTION('',(0.,0.,-1.));
#7378=DIRECTION('',(-1.,0.,0.));
#7379=DIRECTION('',(0.,0.,-1.));
#7380=DIRECTION('center_axis',(-1.,0.,0.));
#7381=DIRECTION('ref_axis',(0.,0.,1.));
#7382=DIRECTION('',(0.,0.,1.));
#7383=DIRECTION('',(0.,1.,0.));
#7384=DIRECTION('',(0.,0.,-1.));
#7385=DIRECTION('',(0.,1.,0.));
#7386=DIRECTION('center_axis',(1.,0.,0.));
#7387=DIRECTION('ref_axis',(0.,0.,-1.));
#7388=DIRECTION('',(0.,0.,-1.));
#7389=DIRECTION('',(0.,-1.,0.));
#7390=DIRECTION('',(0.,0.,-1.));
#7391=DIRECTION('',(0.,-1.,0.));
#7392=DIRECTION('center_axis',(1.,0.,0.));
#7393=DIRECTION('ref_axis',(0.,0.,-1.));
#7394=DIRECTION('',(0.,-1.,0.));
#7395=DIRECTION('',(0.,-1.,0.));
#7396=DIRECTION('',(0.,0.,1.));
#7397=DIRECTION('center_axis',(0.,1.,0.));
#7398=DIRECTION('ref_axis',(0.,0.,1.));
#7399=DIRECTION('',(1.,0.,0.));
#7400=DIRECTION('',(1.,0.,0.));
#7401=DIRECTION('center_axis',(-1.,0.,0.));
#7402=DIRECTION('ref_axis',(0.,0.,1.));
#7403=DIRECTION('',(0.,1.,0.));
#7404=DIRECTION('',(0.,0.,-1.));
#7405=DIRECTION('',(0.,1.,0.));
#7406=DIRECTION('center_axis',(0.,-1.,0.));
#7407=DIRECTION('ref_axis',(0.,0.,-1.));
#7408=DIRECTION('',(-1.,0.,0.));
#7409=DIRECTION('',(0.,0.,-1.));
#7410=DIRECTION('',(-1.,0.,0.));
#7411=DIRECTION('center_axis',(0.,1.,0.));
#7412=DIRECTION('ref_axis',(0.,0.,1.));
#7413=DIRECTION('',(1.,0.,0.));
#7414=DIRECTION('',(0.,0.,-1.));
#7415=DIRECTION('',(1.,0.,0.));
#7416=DIRECTION('center_axis',(0.,0.,-1.));
#7417=DIRECTION('ref_axis',(-1.,0.,0.));
#7418=DIRECTION('center_axis',(0.,0.,-1.));
#7419=DIRECTION('ref_axis',(1.,0.,0.));
#7420=DIRECTION('',(0.,-1.,0.));
#7421=DIRECTION('',(1.,0.,0.));
#7422=DIRECTION('',(0.,1.,0.));
#7423=DIRECTION('',(-1.,0.,0.));
#7424=DIRECTION('center_axis',(0.,-1.,0.));
#7425=DIRECTION('ref_axis',(0.,0.,-1.));
#7426=DIRECTION('',(0.,0.,-1.));
#7427=DIRECTION('',(-1.,0.,0.));
#7428=DIRECTION('center_axis',(1.,0.,0.));
#7429=DIRECTION('ref_axis',(0.,0.,-1.));
#7430=DIRECTION('',(0.,-1.,0.));
#7431=DIRECTION('center_axis',(0.,0.,1.));
#7432=DIRECTION('ref_axis',(1.,0.,0.));
#7433=DIRECTION('',(0.,1.,0.));
#7434=DIRECTION('',(1.,0.,0.));
#7435=DIRECTION('center_axis',(0.,1.,0.));
#7436=DIRECTION('ref_axis',(0.,0.,1.));
#7437=DIRECTION('',(0.,0.,-1.));
#7438=DIRECTION('center_axis',(-1.,0.,0.));
#7439=DIRECTION('ref_axis',(0.,0.,1.));
#7440=DIRECTION('center_axis',(0.,0.,1.));
#7441=DIRECTION('ref_axis',(1.,0.,0.));
#7442=DIRECTION('center_axis',(0.,0.,1.));
#7443=DIRECTION('ref_axis',(1.,0.,0.));
#7444=DIRECTION('center_axis',(0.,0.,1.));
#7445=DIRECTION('ref_axis',(1.,0.,0.));
#7446=DIRECTION('center_axis',(0.,0.,1.));
#7447=DIRECTION('ref_axis',(1.,0.,0.));
#7448=DIRECTION('',(0.,0.,-1.));
#7449=DIRECTION('center_axis',(0.,0.,1.));
#7450=DIRECTION('ref_axis',(1.,0.,0.));
#7451=DIRECTION('center_axis',(0.,0.,1.));
#7452=DIRECTION('ref_axis',(1.,0.,0.));
#7453=DIRECTION('center_axis',(0.,0.,1.));
#7454=DIRECTION('ref_axis',(1.,0.,0.));
#7455=DIRECTION('center_axis',(0.,0.,-1.));
#7456=DIRECTION('ref_axis',(1.,0.,0.));
#7457=DIRECTION('',(-0.620702944365561,-7.60141874038622E-17,-0.784045824461761));
#7458=DIRECTION('center_axis',(0.,0.,1.));
#7459=DIRECTION('ref_axis',(1.,0.,0.));
#7460=DIRECTION('center_axis',(0.,0.,1.));
#7461=DIRECTION('ref_axis',(1.,0.,0.));
#7462=DIRECTION('',(0.,0.,-1.));
#7463=DIRECTION('center_axis',(0.,0.,1.));
#7464=DIRECTION('ref_axis',(1.,0.,0.));
#7465=DIRECTION('center_axis',(0.,-1.,0.));
#7466=DIRECTION('ref_axis',(0.,0.,-1.));
#7467=DIRECTION('',(-1.,0.,0.));
#7468=DIRECTION('',(0.,0.,-1.));
#7469=DIRECTION('',(-1.,0.,0.));
#7470=DIRECTION('',(0.,0.,-1.));
#7471=DIRECTION('center_axis',(-1.,0.,0.));
#7472=DIRECTION('ref_axis',(0.,0.,1.));
#7473=DIRECTION('',(0.,0.,1.));
#7474=DIRECTION('',(0.,1.,0.));
#7475=DIRECTION('',(0.,0.,-1.));
#7476=DIRECTION('',(0.,1.,0.));
#7477=DIRECTION('center_axis',(1.,0.,0.));
#7478=DIRECTION('ref_axis',(0.,0.,-1.));
#7479=DIRECTION('',(0.,0.,-1.));
#7480=DIRECTION('',(0.,-1.,0.));
#7481=DIRECTION('',(0.,0.,-1.));
#7482=DIRECTION('',(0.,-1.,0.));
#7483=DIRECTION('center_axis',(1.,0.,0.));
#7484=DIRECTION('ref_axis',(0.,0.,-1.));
#7485=DIRECTION('',(0.,-1.,0.));
#7486=DIRECTION('',(0.,-1.,0.));
#7487=DIRECTION('',(0.,0.,1.));
#7488=DIRECTION('center_axis',(0.,1.,0.));
#7489=DIRECTION('ref_axis',(0.,0.,1.));
#7490=DIRECTION('',(1.,0.,0.));
#7491=DIRECTION('',(1.,0.,0.));
#7492=DIRECTION('center_axis',(-1.,0.,0.));
#7493=DIRECTION('ref_axis',(0.,0.,1.));
#7494=DIRECTION('',(0.,1.,0.));
#7495=DIRECTION('',(0.,0.,-1.));
#7496=DIRECTION('',(0.,1.,0.));
#7497=DIRECTION('center_axis',(0.,-1.,0.));
#7498=DIRECTION('ref_axis',(0.,0.,-1.));
#7499=DIRECTION('',(-1.,0.,0.));
#7500=DIRECTION('',(0.,0.,-1.));
#7501=DIRECTION('',(-1.,0.,0.));
#7502=DIRECTION('center_axis',(0.,1.,0.));
#7503=DIRECTION('ref_axis',(0.,0.,1.));
#7504=DIRECTION('',(1.,0.,0.));
#7505=DIRECTION('',(0.,0.,-1.));
#7506=DIRECTION('',(1.,0.,0.));
#7507=DIRECTION('center_axis',(0.,0.,-1.));
#7508=DIRECTION('ref_axis',(-1.,0.,0.));
#7509=DIRECTION('center_axis',(0.,0.,-1.));
#7510=DIRECTION('ref_axis',(1.,0.,0.));
#7511=DIRECTION('',(0.,-1.,0.));
#7512=DIRECTION('',(1.,0.,0.));
#7513=DIRECTION('',(0.,1.,0.));
#7514=DIRECTION('',(-1.,0.,0.));
#7515=DIRECTION('center_axis',(0.,-1.,0.));
#7516=DIRECTION('ref_axis',(0.,0.,-1.));
#7517=DIRECTION('',(0.,0.,-1.));
#7518=DIRECTION('',(-1.,0.,0.));
#7519=DIRECTION('center_axis',(1.,0.,0.));
#7520=DIRECTION('ref_axis',(0.,0.,-1.));
#7521=DIRECTION('',(0.,-1.,0.));
#7522=DIRECTION('center_axis',(0.,0.,1.));
#7523=DIRECTION('ref_axis',(1.,0.,0.));
#7524=DIRECTION('',(0.,1.,0.));
#7525=DIRECTION('',(1.,0.,0.));
#7526=DIRECTION('center_axis',(0.,1.,0.));
#7527=DIRECTION('ref_axis',(0.,0.,1.));
#7528=DIRECTION('',(0.,0.,-1.));
#7529=DIRECTION('center_axis',(-1.,0.,0.));
#7530=DIRECTION('ref_axis',(0.,0.,1.));
#7531=DIRECTION('center_axis',(0.,0.,1.));
#7532=DIRECTION('ref_axis',(1.,0.,0.));
#7533=DIRECTION('center_axis',(0.,0.,1.));
#7534=DIRECTION('ref_axis',(1.,0.,0.));
#7535=DIRECTION('center_axis',(0.,0.,1.));
#7536=DIRECTION('ref_axis',(1.,0.,0.));
#7537=DIRECTION('center_axis',(0.,0.,1.));
#7538=DIRECTION('ref_axis',(1.,0.,0.));
#7539=DIRECTION('',(0.,0.,-1.));
#7540=DIRECTION('center_axis',(0.,0.,1.));
#7541=DIRECTION('ref_axis',(1.,0.,0.));
#7542=DIRECTION('center_axis',(0.,0.,1.));
#7543=DIRECTION('ref_axis',(1.,0.,0.));
#7544=DIRECTION('center_axis',(0.,0.,1.));
#7545=DIRECTION('ref_axis',(1.,0.,0.));
#7546=DIRECTION('center_axis',(0.,0.,-1.));
#7547=DIRECTION('ref_axis',(1.,0.,0.));
#7548=DIRECTION('',(-0.620702944365561,-7.60141874038622E-17,-0.784045824461761));
#7549=DIRECTION('center_axis',(0.,0.,1.));
#7550=DIRECTION('ref_axis',(1.,0.,0.));
#7551=DIRECTION('center_axis',(0.,0.,1.));
#7552=DIRECTION('ref_axis',(1.,0.,0.));
#7553=DIRECTION('',(0.,0.,-1.));
#7554=DIRECTION('center_axis',(0.,0.,1.));
#7555=DIRECTION('ref_axis',(1.,0.,0.));
#7556=CARTESIAN_POINT('',(0.,0.,0.));
#7557=CARTESIAN_POINT('Origin',(-0.958144397969752,1.77635683940025E-16,
0.884744901332707));
#7558=CARTESIAN_POINT('',(-1.07914439796975,0.7,0.884744901336208));
#7559=CARTESIAN_POINT('Origin',(-0.958144397969752,0.7,0.884744901332707));
#7560=CARTESIAN_POINT('',(-1.07914439796975,0.769999999,0.884744901336208));
#7561=CARTESIAN_POINT('',(-1.07914439796975,1.77635683940025E-16,0.884744901336208));
#7562=CARTESIAN_POINT('Origin',(-0.958144397969752,0.769999999,0.884744901332707));
#7563=CARTESIAN_POINT('Origin',(-0.958144397969752,1.77635683940025E-16,
0.884744901332707));
#7564=CARTESIAN_POINT('',(-1.07914439796975,-0.770000001,0.884744901336208));
#7565=CARTESIAN_POINT('Origin',(-0.958144397969752,-0.770000001,0.884744901332707));
#7566=CARTESIAN_POINT('',(-1.07914439796975,-0.7,0.884744901336208));
#7567=CARTESIAN_POINT('',(-1.07914439796975,1.77635683940025E-16,0.884744901336208));
#7568=CARTESIAN_POINT('Origin',(-0.958144397969752,-0.7,0.884744901332707));
#7569=CARTESIAN_POINT('Origin',(-1.34514439797051,1.77635683940025E-16,
0.479744901338652));
#7570=CARTESIAN_POINT('',(-1.46614439797051,0.7,0.479744901342155));
#7571=CARTESIAN_POINT('Origin',(-1.34514439797051,0.7,0.479744901338652));
#7572=CARTESIAN_POINT('',(-1.46614439797051,0.769999999,0.479744901342155));
#7573=CARTESIAN_POINT('',(-1.46614439797051,1.77635683940025E-16,0.479744901342154));
#7574=CARTESIAN_POINT('Origin',(-1.34514439797051,0.769999999,0.479744901338652));
#7575=CARTESIAN_POINT('Origin',(-1.34514439797051,1.77635683940025E-16,
0.479744901338652));
#7576=CARTESIAN_POINT('',(-1.46614439797051,-0.770000001,0.479744901342155));
#7577=CARTESIAN_POINT('Origin',(-1.34514439797051,-0.770000001,0.479744901338652));
#7578=CARTESIAN_POINT('',(-1.46614439797051,-0.7,0.479744901342155));
#7579=CARTESIAN_POINT('',(-1.46614439797051,1.77635683940025E-16,0.479744901342154));
#7580=CARTESIAN_POINT('Origin',(-1.34514439797051,-0.7,0.479744901338652));
#7581=CARTESIAN_POINT('Origin',(0.589855601970037,2.4,-1.77025509865938));
#7582=CARTESIAN_POINT('',(0.154055602021256,2.4,-0.000255098611173121));
#7583=CARTESIAN_POINT('Origin',(0.589855602021253,2.4,-0.000255098623784367));
#7584=CARTESIAN_POINT('',(0.15405560202123,2.4,-0.00109845226551997));
#7585=CARTESIAN_POINT('',(0.154055601970036,2.4,-1.77025509864677));
#7586=CARTESIAN_POINT('Origin',(0.589855602021228,2.4,-0.00109845227813099));
#7587=CARTESIAN_POINT('Origin',(0.589855601970037,-2.4,-1.77025509865938));
#7588=CARTESIAN_POINT('',(0.154055602021256,-2.4,-0.000255098611173121));
#7589=CARTESIAN_POINT('Origin',(0.589855602021253,-2.4,-0.000255098623784367));
#7590=CARTESIAN_POINT('',(0.15405560202123,-2.4,-0.00109845226551997));
#7591=CARTESIAN_POINT('',(0.154055601970036,-2.4,-1.77025509864677));
#7592=CARTESIAN_POINT('Origin',(0.589855602021228,-2.4,-0.00109845227813099));
#7593=CARTESIAN_POINT('Origin',(0.589855602026153,2.4,0.168882395490479));
#7594=CARTESIAN_POINT('',(0.341106394325287,2.4,0.138932697647677));
#7595=CARTESIAN_POINT('Origin',(0.589855602025284,2.4,0.13893269764048));
#7596=CARTESIAN_POINT('',(0.297984999727021,2.4,0.198832093348925));
#7597=CARTESIAN_POINT('',(0.319545697026153,2.4,0.168882395498301));
#7598=CARTESIAN_POINT('Origin',(0.589855602027023,2.4,0.198832093340477));
#7599=CARTESIAN_POINT('Origin',(0.589855602022671,2.4,0.0484336571854773));
#7600=CARTESIAN_POINT('',(0.210806420800045,2.4,-0.0420653832585505));
#7601=CARTESIAN_POINT('',(0.275956407562671,2.4,0.0484336571945616));
#7602=CARTESIAN_POINT('Origin',(0.589855602020048,2.4,-0.0420653832695219));
#7603=CARTESIAN_POINT('Origin',(0.58985560202123,2.4,-0.00116790657640031));
#7604=CARTESIAN_POINT('',(0.153996242179203,2.4,-0.0711679066569069));
#7605=CARTESIAN_POINT('Origin',(0.153996242019848,2.4,-0.00116790656378663));
#7606=CARTESIAN_POINT('Origin',(0.589855602019202,2.4,-0.0711679066695199));
#7607=CARTESIAN_POINT('Origin',(0.589855602020221,2.4,-0.0361679066645217));
#7608=CARTESIAN_POINT('',(0.153996364232609,2.4,-0.0702550986701351));
#7609=CARTESIAN_POINT('',(0.154000922100221,2.4,-0.0361679066519082));
#7610=CARTESIAN_POINT('Origin',(0.589855602019228,2.4,-0.0702550986827488));
#7611=CARTESIAN_POINT('Origin',(0.589855602024122,2.4,0.0988320933404798));
#7612=CARTESIAN_POINT('',(0.225995300874122,2.4,0.0988320933510099));
#7613=CARTESIAN_POINT('Origin',(0.589855602026153,-2.4,0.168882395490479));
#7614=CARTESIAN_POINT('',(0.341106394325287,-2.4,0.138932697647677));
#7615=CARTESIAN_POINT('Origin',(0.589855602025284,-2.4,0.13893269764048));
#7616=CARTESIAN_POINT('',(0.297984999727021,-2.4,0.198832093348925));
#7617=CARTESIAN_POINT('',(0.319545697026153,-2.4,0.168882395498301));
#7618=CARTESIAN_POINT('Origin',(0.589855602027023,-2.4,0.198832093340477));
#7619=CARTESIAN_POINT('Origin',(0.589855602022671,-2.4,0.0484336571854773));
#7620=CARTESIAN_POINT('',(0.210806420800045,-2.4,-0.0420653832585505));
#7621=CARTESIAN_POINT('',(0.275956407562671,-2.4,0.0484336571945616));
#7622=CARTESIAN_POINT('Origin',(0.589855602020048,-2.4,-0.0420653832695219));
#7623=CARTESIAN_POINT('Origin',(0.58985560202123,-2.4,-0.00116790657640031));
#7624=CARTESIAN_POINT('',(0.153996242179203,-2.4,-0.0711679066569069));
#7625=CARTESIAN_POINT('Origin',(0.153996242019848,-2.4,-0.00116790656378663));
#7626=CARTESIAN_POINT('Origin',(0.589855602019202,-2.4,-0.0711679066695199));
#7627=CARTESIAN_POINT('Origin',(0.589855602020221,-2.4,-0.0361679066645217));
#7628=CARTESIAN_POINT('',(0.153996364232609,-2.4,-0.0702550986701351));
#7629=CARTESIAN_POINT('',(0.154000922100221,-2.4,-0.0361679066519082));
#7630=CARTESIAN_POINT('Origin',(0.589855602019228,-2.4,-0.0702550986827488));
#7631=CARTESIAN_POINT('Origin',(0.589855602024122,-2.4,0.0988320933404798));
#7632=CARTESIAN_POINT('',(0.225995300874122,-2.4,0.0988320933510099));
#7633=CARTESIAN_POINT('Origin',(-0.865144397943976,0.59,1.42974490136587));
#7634=CARTESIAN_POINT('',(-0.765144397948314,0.59,1.27974490140465));
#7635=CARTESIAN_POINT('',(-0.865144397948313,0.69,1.27974490140755));
#7636=CARTESIAN_POINT('Origin',(-0.865144397948314,0.59,1.27974490140754));
#7637=CARTESIAN_POINT('',(-0.765144397946288,0.59,1.34974490140555));
#7638=CARTESIAN_POINT('',(-0.765144397943977,0.59,1.42974490136297));
#7639=CARTESIAN_POINT('',(-0.865144397946287,0.69,1.34974490140844));
#7640=CARTESIAN_POINT('Origin',(-0.865144397946288,0.59,1.34974490140844));
#7641=CARTESIAN_POINT('',(-0.865144397943976,0.69,1.42974490136587));
#7642=CARTESIAN_POINT('Origin',(-1.11514439794397,0.69,1.4297449013731));
#7643=CARTESIAN_POINT('',(-1.36514439794831,0.69,1.27974490142202));
#7644=CARTESIAN_POINT('',(-0.545628767636906,0.69,1.2797449013983));
#7645=CARTESIAN_POINT('',(-1.36514439794629,0.69,1.34974490142291));
#7646=CARTESIAN_POINT('',(-0.547495648511602,0.69,1.34974490139925));
#7647=CARTESIAN_POINT('',(-1.36514439794397,0.69,1.42974490138034));
#7648=CARTESIAN_POINT('Origin',(-1.36514439794397,0.59,1.42974490138034));
#7649=CARTESIAN_POINT('',(-1.46514439794831,0.59,1.27974490142491));
#7650=CARTESIAN_POINT('Origin',(-1.36514439794831,0.59,1.27974490142201));
#7651=CARTESIAN_POINT('',(-1.46514439794629,0.59,1.34974490142581));
#7652=CARTESIAN_POINT('Origin',(-1.36514439794629,0.59,1.34974490142291));
#7653=CARTESIAN_POINT('',(-1.46514439794397,0.59,1.42974490138323));
#7654=CARTESIAN_POINT('Origin',(-1.46514439794397,0.,1.42974490138323));
#7655=CARTESIAN_POINT('',(-1.46514439794831,-0.59,1.27974490142491));
#7656=CARTESIAN_POINT('',(-1.46514439794831,3.9577563448745E-11,1.27974490142491));
#7657=CARTESIAN_POINT('',(-1.46514439794629,-0.59,1.34974490142581));
#7658=CARTESIAN_POINT('',(-1.46514439794629,-4.48222846963831E-10,1.34974490142581));
#7659=CARTESIAN_POINT('',(-1.46514439794397,-0.59,1.42974490138323));
#7660=CARTESIAN_POINT('Origin',(-1.36514439794397,-0.59,1.42974490138034));
#7661=CARTESIAN_POINT('',(-1.36514439794831,-0.69,1.27974490142202));
#7662=CARTESIAN_POINT('Origin',(-1.36514439794831,-0.59,1.27974490142201));
#7663=CARTESIAN_POINT('',(-1.36514439794629,-0.69,1.34974490142291));
#7664=CARTESIAN_POINT('Origin',(-1.36514439794629,-0.59,1.34974490142291));
#7665=CARTESIAN_POINT('',(-1.36514439794397,-0.69,1.42974490138034));
#7666=CARTESIAN_POINT('Origin',(-1.11514439794397,-0.69,1.4297449013731));
#7667=CARTESIAN_POINT('',(-0.865144397948313,-0.69,1.27974490140755));
#7668=CARTESIAN_POINT('',(-0.545628767636906,-0.69,1.2797449013983));
#7669=CARTESIAN_POINT('',(-0.865144397946287,-0.69,1.34974490140844));
#7670=CARTESIAN_POINT('',(-0.547495648511602,-0.69,1.34974490139925));
#7671=CARTESIAN_POINT('',(-0.865144397943976,-0.69,1.42974490136587));
#7672=CARTESIAN_POINT('Origin',(-0.865144397943976,-0.59,1.42974490136587));
#7673=CARTESIAN_POINT('',(-0.765144397948314,-0.59,1.27974490140465));
#7674=CARTESIAN_POINT('Origin',(-0.865144397948314,-0.59,1.27974490140754));
#7675=CARTESIAN_POINT('',(-0.765144397946288,-0.59,1.34974490140555));
#7676=CARTESIAN_POINT('Origin',(-0.865144397946288,-0.59,1.34974490140844));
#7677=CARTESIAN_POINT('',(-0.765144397943977,-0.59,1.42974490136297));
#7678=CARTESIAN_POINT('Origin',(-0.765144397943977,0.,1.42974490136297));
#7679=CARTESIAN_POINT('',(-0.765144397948314,3.9577563448745E-11,1.27974490140465));
#7680=CARTESIAN_POINT('',(-0.765144397946288,-4.48222846963831E-10,1.34974490140555));
#7681=CARTESIAN_POINT('Origin',(1.57485560202554,3.09653744156415,-0.0927925402226053));
#7682=CARTESIAN_POINT('',(1.57485560202233,3.075,-0.000255098635402184));
#7683=CARTESIAN_POINT('',(1.5748556020262,3.005,-0.0702550987112578));
#7684=CARTESIAN_POINT('Origin',(1.57485560202822,3.005,-0.000255098635399742));
#7685=CARTESIAN_POINT('',(1.57485560202822,3.074,-0.000255098658458408));
#7686=CARTESIAN_POINT('',(1.57485560202822,3.174,-0.000255098658458408));
#7687=CARTESIAN_POINT('',(1.5748556020262,3.004,-0.0702550986584574));
#7688=CARTESIAN_POINT('Origin',(1.57485560202822,3.004,-0.000255098658458408));
#7689=CARTESIAN_POINT('',(1.5748556020262,1.54826872078207,-0.0702550987112562));
#7690=CARTESIAN_POINT('Origin',(1.57485560202822,2.674,-0.000255098658458408));
#7691=CARTESIAN_POINT('',(1.9048556020262,2.674,-0.0702550986680086));
#7692=CARTESIAN_POINT('',(1.97485560202822,2.674,-0.000255098670034259));
#7693=CARTESIAN_POINT('Origin',(1.90485560203343,2.674,-0.000255098658923147));
#7694=CARTESIAN_POINT('Origin',(1.5748556020262,2.674,-0.070255098711256));
#7695=CARTESIAN_POINT('Origin',(1.57485560202822,2.674,-0.000255098658458408));
#7696=CARTESIAN_POINT('Origin',(1.57485560202822,3.124,-0.000255098658458408));
#7697=CARTESIAN_POINT('',(1.97485560202233,2.675,-0.000255098660950637));
#7698=CARTESIAN_POINT('Origin',(1.57485560202233,2.675,-0.000255098658457742));
#7699=CARTESIAN_POINT('',(1.97485560202233,-1.75,-0.000255098660950637));
#7700=CARTESIAN_POINT('Origin',(2.48985560202805,3.005,-0.000255098661885));
#7701=CARTESIAN_POINT('',(0.274855602025515,3.005,-0.0702550986736341));
#7702=CARTESIAN_POINT('',(0.924855602029789,3.005,-0.0702550986924457));
#7703=CARTESIAN_POINT('',(0.274855602022335,3.075,-0.000255098597776282));
#7704=CARTESIAN_POINT('Origin',(0.274855602027539,3.005,-0.00025509859777606));
#7705=CARTESIAN_POINT('',(1.70735560202518,3.075,-0.00025509863923423));
#7706=CARTESIAN_POINT('Origin',(0.924855602020306,3.5527136788005E-16,-0.0702550986924457));
#7707=CARTESIAN_POINT('',(1.9048556020262,-2.676,-0.0702550986680086));
#7708=CARTESIAN_POINT('',(1.90485560203141,-1.4210854715202E-15,-0.0702550987208064));
#7709=CARTESIAN_POINT('',(1.60052659733218,-3.005,-0.0702550987119985));
#7710=CARTESIAN_POINT('Origin',(1.5748556020262,-2.676,-0.070255098711256));
#7711=CARTESIAN_POINT('',(0.249184606719528,-3.005,-0.07025509867289));
#7712=CARTESIAN_POINT('',(0.924855602029789,-3.005,-0.0702550986924448));
#7713=CARTESIAN_POINT('',(-0.0551443979744866,-2.676,-0.0702550986557151));
#7714=CARTESIAN_POINT('Origin',(0.274855602025514,-2.676,-0.0702550986736359));
#7715=CARTESIAN_POINT('',(-0.0551443979702944,-1.09528378183723,-0.0702550986688448));
#7716=CARTESIAN_POINT('',(-0.0551443979702966,-1.75,-0.0702550986640849));
#7717=CARTESIAN_POINT('',(0.0211254009873612,-1.11,-0.07025509866629));
#7718=CARTESIAN_POINT('Origin',(0.0211254030025314,-0.904999994199869,-0.0702550986662898));
#7719=CARTESIAN_POINT('',(1.18099429498737,-1.11,-0.0702550986998596));
#7720=CARTESIAN_POINT('',(0.76295772500384,-1.11,-0.0702550986877619));
#7721=CARTESIAN_POINT('',(1.26928293598737,-1.06868932,-0.0702550987024142));
#7722=CARTESIAN_POINT('Origin',(1.18099429245087,-0.99499999443755,-0.0702550986998585));
#7723=CARTESIAN_POINT('',(1.47114018698736,-0.764067733,-0.0702550987082533));
#7724=CARTESIAN_POINT('Origin',(-0.00514448607251072,-0.00499994154547245,
-0.0702550986655308));
#7725=CARTESIAN_POINT('',(1.51485560198736,-0.583446194,-0.0702550987095198));
#7726=CARTESIAN_POINT('Origin',(1.11985560512728,-0.58344619478583,-0.0702550986980901));
#7727=CARTESIAN_POINT('',(1.51485560198736,0.583446195,-0.0702550987095198));
#7728=CARTESIAN_POINT('',(1.51485560198736,2.50000198320777E-10,-0.0702550987095198));
#7729=CARTESIAN_POINT('',(1.47114018698736,0.764067733000002,-0.070255098708254));
#7730=CARTESIAN_POINT('Origin',(1.11985560512728,0.583446194785829,-0.070255098698091));
#7731=CARTESIAN_POINT('',(1.26928293598737,1.06868932,-0.070255098702414));
#7732=CARTESIAN_POINT('Origin',(-0.00514441029104784,0.00499999176200081,
-0.0702550986655284));
#7733=CARTESIAN_POINT('',(1.18099429498737,1.11,-0.0702550986998596));
#7734=CARTESIAN_POINT('Origin',(1.18099429652382,0.995000003142204,-0.0702550986998582));
#7735=CARTESIAN_POINT('',(0.0211254009873612,1.11,-0.07025509866629));
#7736=CARTESIAN_POINT('',(0.76295772500384,1.11,-0.0702550986877619));
#7737=CARTESIAN_POINT('',(-0.0551443979702944,1.09528378220865,-0.0702550986688448));
#7738=CARTESIAN_POINT('Origin',(0.0211254010645892,0.904999999441013,-0.0702550986662887));
#7739=CARTESIAN_POINT('',(-0.0551443979744866,2.674,-0.0702550986557151));
#7740=CARTESIAN_POINT('',(-0.0551443979702966,-1.75,-0.0702550986640849));
#7741=CARTESIAN_POINT('',(0.274855602025508,3.004,-0.0702550986652628));
#7742=CARTESIAN_POINT('Origin',(0.274855602025514,2.674,-0.0702550986736359));
#7743=CARTESIAN_POINT('',(0.274855602025514,1.54826872078207,-0.0702550986736359));
#7744=CARTESIAN_POINT('Origin',(0.274855602027537,-2.676,-0.000255098665264297));
#7745=CARTESIAN_POINT('',(-0.125143147962897,-2.67599999958968,-0.000673427970545593));
#7746=CARTESIAN_POINT('',(0.246624117813383,-3.07400257180616,-0.0120298354957067));
#7747=CARTESIAN_POINT('Ctrl Pts',(-0.125143147975077,-2.67600000026174,
-0.000673426364072007));
#7748=CARTESIAN_POINT('Ctrl Pts',(-0.125142346701307,-2.67632050868572,
-0.000807503420151339));
#7749=CARTESIAN_POINT('Ctrl Pts',(-0.125140829592236,-2.67678349642725,
-0.000936716498352623));
#7750=CARTESIAN_POINT('Ctrl Pts',(-0.12512329256472,-2.67976264660116,-0.00158379120999008));
#7751=CARTESIAN_POINT('Ctrl Pts',(-0.125047105299478,-2.68394337348201,
-0.00197958780766783));
#7752=CARTESIAN_POINT('Ctrl Pts',(-0.124480260114082,-2.70571194661042,
-0.0040243901336483));
#7753=CARTESIAN_POINT('Ctrl Pts',(-0.122270489275484,-2.76101247680901,
-0.00594884054172873));
#7754=CARTESIAN_POINT('Ctrl Pts',(-0.0754302916446572,-2.87493434368151,
-0.00867648472478466));
#7755=CARTESIAN_POINT('Ctrl Pts',(-0.0465648171017405,-2.91876337611057,
-0.00948928262877402));
#7756=CARTESIAN_POINT('Ctrl Pts',(0.0265167886722342,-2.99281890102414,
-0.0107891827014277));
#7757=CARTESIAN_POINT('Ctrl Pts',(0.0699005055465607,-3.02246421762931,
-0.011251286719637));
#7758=CARTESIAN_POINT('Ctrl Pts',(0.15874571587227,-3.06032666531802,-0.011830760757207));
#7759=CARTESIAN_POINT('Ctrl Pts',(0.202194927025767,-3.07085889150999,-0.0119841152708639));
#7760=CARTESIAN_POINT('Ctrl Pts',(0.246624123437799,-3.07400248572779,-0.0120302840066592));
#7761=CARTESIAN_POINT('Origin',(-0.0551443979682751,-2.676,-0.000255098668842102));
#7762=CARTESIAN_POINT('Ctrl Pts',(0.246624287523466,-3.07400257661306,-0.0120298352903571));
#7763=CARTESIAN_POINT('Ctrl Pts',(0.246654541322136,-3.07314831435226,-0.0170360022531372));
#7764=CARTESIAN_POINT('Ctrl Pts',(0.246704150940206,-3.07174975913055,-0.0219460942034513));
#7765=CARTESIAN_POINT('Ctrl Pts',(0.246772708733557,-3.06982446050793,-0.0266708008888713));
#7766=CARTESIAN_POINT('Ctrl Pts',(0.246895121169281,-3.06638676973099,-0.0351069366682044));
#7767=CARTESIAN_POINT('Ctrl Pts',(0.247075669118904,-3.06133554143745,-0.0427904477226928));
#7768=CARTESIAN_POINT('Ctrl Pts',(0.247307258904582,-3.05495563369184,-0.0492901337940174));
#7769=CARTESIAN_POINT('Ctrl Pts',(0.24753896912931,-3.04857240805371,-0.0557932000489962));
#7770=CARTESIAN_POINT('Ctrl Pts',(0.247817470448399,-3.04098126122139,-0.0609868179246621));
#7771=CARTESIAN_POINT('Ctrl Pts',(0.248130717608584,-3.0326097890547,-0.0645800515091596));
#7772=CARTESIAN_POINT('Ctrl Pts',(0.248450807601567,-3.0240554434526,-0.068251778691525));
#7773=CARTESIAN_POINT('Ctrl Pts',(0.248798845711485,-3.01486343876844,-0.0701763758353854));
#7774=CARTESIAN_POINT('Ctrl Pts',(0.249162322871938,-3.00557545814376,-0.0702527333312033));
#7775=CARTESIAN_POINT('Ctrl Pts',(0.249169796576104,-3.00538448157895,-0.0702543033702504));
#7776=CARTESIAN_POINT('Ctrl Pts',(0.249177167024416,-3.00519098434649,-0.0702550987431351));
#7777=CARTESIAN_POINT('Ctrl Pts',(0.249184606719658,-3.00500000000001,-0.0702550987431354));
#7778=CARTESIAN_POINT('Origin',(0.274855602028985,-2.675,0.229744901326367));
#7779=CARTESIAN_POINT('',(0.274855602022333,-3.075,-0.000255098743882964));
#7780=CARTESIAN_POINT('Ctrl Pts',(0.246623942459794,-3.07400265308395,-0.012029387145166));
#7781=CARTESIAN_POINT('Ctrl Pts',(0.256073696384418,-3.07467121477934,-0.0081113133598823));
#7782=CARTESIAN_POINT('Ctrl Pts',(0.265403498984817,-3.0749927627587,-0.00420919298749607));
#7783=CARTESIAN_POINT('Ctrl Pts',(0.274544202487851,-3.07499987878789,-0.000385366468794894));
#7784=CARTESIAN_POINT('Ctrl Pts',(0.27464151483784,-3.07499995454547,-0.000344657835770977));
#7785=CARTESIAN_POINT('Ctrl Pts',(0.274758289662781,-3.075,-0.000295807424541167));
#7786=CARTESIAN_POINT('Ctrl Pts',(0.274855602022334,-3.075,-0.00025509874388307));
#7787=CARTESIAN_POINT('',(0.274855602028985,-3.075,0.229744901326367));
#7788=CARTESIAN_POINT('',(0.274855602028985,-3.075,0.229744901326367));
#7789=CARTESIAN_POINT('',(-0.125144397971013,-2.675,0.229744901337941));
#7790=CARTESIAN_POINT('Origin',(0.274855602028985,-2.675,0.229744901326367));
#7791=CARTESIAN_POINT('',(-0.125144397977666,-2.675,-0.000255098666819276));
#7792=CARTESIAN_POINT('',(-0.125144397971013,-2.675,0.229744901337941));
#7793=CARTESIAN_POINT('',(-0.125144397968275,-2.675,-0.000255098666819276));
#7794=CARTESIAN_POINT('Origin',(-2.51014439797295,-3.005,-0.000255098663279885));
#7795=CARTESIAN_POINT('',(1.60308703641162,-3.0740025748525,-0.012029829304371));
#7796=CARTESIAN_POINT('Ctrl Pts',(1.6005265973323,-3.005,-0.0702550986592013));
#7797=CARTESIAN_POINT('Ctrl Pts',(1.60053209382302,-3.00514110034659,-0.0702550986592014));
#7798=CARTESIAN_POINT('Ctrl Pts',(1.60053808925262,-3.0053034906679,-0.0702545830795695));
#7799=CARTESIAN_POINT('Ctrl Pts',(1.60054366085805,-3.0054445852226,-0.0702536869392951));
#7800=CARTESIAN_POINT('Ctrl Pts',(1.60065409851123,-3.00824129286537,-0.0702359240826086));
#7801=CARTESIAN_POINT('Ctrl Pts',(1.60077874892652,-3.01146911492668,-0.0700487030214204));
#7802=CARTESIAN_POINT('Ctrl Pts',(1.60091530954431,-3.01503711591052,-0.0695317563220284));
#7803=CARTESIAN_POINT('Ctrl Pts',(1.60102845207775,-3.01799325859035,-0.0691034581774391));
#7804=CARTESIAN_POINT('Ctrl Pts',(1.60114971645752,-3.02118239558391,-0.0684478344845417));
#7805=CARTESIAN_POINT('Ctrl Pts',(1.60127625039389,-3.02452547814859,-0.0674767895008838));
#7806=CARTESIAN_POINT('Ctrl Pts',(1.60151101292777,-3.03072800812877,-0.0656751781117786));
#7807=CARTESIAN_POINT('Ctrl Pts',(1.60173207235701,-3.03665196406954,-0.0630235962350608));
#7808=CARTESIAN_POINT('Ctrl Pts',(1.60193431275431,-3.04212835954131,-0.059597199501519));
#7809=CARTESIAN_POINT('Ctrl Pts',(1.60221953331116,-3.04985174511038,-0.054764936524499));
#7810=CARTESIAN_POINT('Ctrl Pts',(1.60246274640403,-3.05655898862023,-0.0484703976119777));
#7811=CARTESIAN_POINT('Ctrl Pts',(1.60265387354207,-3.06187198377182,-0.0410665856684524));
#7812=CARTESIAN_POINT('Ctrl Pts',(1.60284490805203,-3.06718240402754,-0.0336663619165683));
#7813=CARTESIAN_POINT('Ctrl Pts',(1.60298035963889,-3.07099822523064,-0.025299613169089));
#7814=CARTESIAN_POINT('Ctrl Pts',(1.60305503803363,-3.0731041071634,-0.0164362788219858));
#7815=CARTESIAN_POINT('Ctrl Pts',(1.60306734523946,-3.07345116232565,-0.0149755768272235));
#7816=CARTESIAN_POINT('Ctrl Pts',(1.60307794292081,-3.0737506865101,-0.0135059748755751));
#7817=CARTESIAN_POINT('Ctrl Pts',(1.60308684683342,-3.07400258013886,-0.0120298290629401));
#7818=CARTESIAN_POINT('',(1.57485560202233,-3.075,-0.000255098781506202));
#7819=CARTESIAN_POINT('Ctrl Pts',(1.57485560202233,-3.075,-0.000255098781506308));
#7820=CARTESIAN_POINT('Ctrl Pts',(1.57495291438188,-3.075,-0.000295807462169219));
#7821=CARTESIAN_POINT('Ctrl Pts',(1.57506968920682,-3.07499995454547,-0.000344657873405817));
#7822=CARTESIAN_POINT('Ctrl Pts',(1.5751670015568,-3.07499987878789,-0.000385366506435926));
#7823=CARTESIAN_POINT('Ctrl Pts',(1.58430769510782,-3.07499276276645,-0.00420918886261604));
#7824=CARTESIAN_POINT('Ctrl Pts',(1.59363748734447,-3.07467121548172,-0.00811130489986381));
#7825=CARTESIAN_POINT('Ctrl Pts',(1.60308723071944,-3.07400265526759,-0.0120293743872885));
#7826=CARTESIAN_POINT('',(-0.792644397975311,-3.075,-0.000255098712988566));
#7827=CARTESIAN_POINT('Origin',(-0.175144397972461,2.674,-0.000255098652242047));
#7828=CARTESIAN_POINT('',(-0.125144397977666,2.675,-0.000255098666819276));
#7829=CARTESIAN_POINT('Origin',(0.274855602022333,2.675,-0.000255098665264519));
#7830=CARTESIAN_POINT('',(0.274855602027537,3.074,-0.000255098665264297));
#7831=CARTESIAN_POINT('',(0.274855602027537,3.174,-0.000255098665264297));
#7832=CARTESIAN_POINT('',(-0.125144397972461,2.674,-0.000255098653689334));
#7833=CARTESIAN_POINT('Origin',(0.274855602027537,2.674,-0.000255098665264297));
#7834=CARTESIAN_POINT('',(-0.125144397977666,1.86231673627057,-0.000255098666819276));
#7835=CARTESIAN_POINT('Origin',(0.274855602027537,2.674,-0.000255098665264297));
#7836=CARTESIAN_POINT('Origin',(0.274855602027537,3.004,-0.000255098665264297));
#7837=CARTESIAN_POINT('Origin',(-0.0551443979682751,2.674,-0.000255098668842102));
#7838=CARTESIAN_POINT('Origin',(0.274855602024854,3.09653744156415,-0.0927925402294107));
#7839=CARTESIAN_POINT('Origin',(0.274855602028985,2.675,0.229744901326367));
#7840=CARTESIAN_POINT('',(-0.125144397971013,2.675,0.229744901337941));
#7841=CARTESIAN_POINT('',(-0.125144397971013,2.675,0.229744901337941));
#7842=CARTESIAN_POINT('',(0.274855602028985,3.075,0.229744901326367));
#7843=CARTESIAN_POINT('Origin',(0.274855602028985,2.675,0.229744901326367));
#7844=CARTESIAN_POINT('',(0.274855602028985,3.075,0.229744901326367));
#7845=CARTESIAN_POINT('Origin',(-0.0551443979682751,-3.5,-0.000255098668842102));
#7846=CARTESIAN_POINT('',(-0.112240552011778,1.060687259,-0.0407523725701817));
#7847=CARTESIAN_POINT('Ctrl Pts',(-0.11224055201178,1.060687259,-0.0407523725701847));
#7848=CARTESIAN_POINT('Ctrl Pts',(-0.11033645531538,1.0623183601665,-0.043436913721182));
#7849=CARTESIAN_POINT('Ctrl Pts',(-0.108288374813105,1.06401060845552,-0.0459200427149201));
#7850=CARTESIAN_POINT('Ctrl Pts',(-0.0999823171640961,1.07059060996857,
-0.0547645389188824));
#7851=CARTESIAN_POINT('Ctrl Pts',(-0.0921351565560862,1.07617848955433,
-0.0604587718164038));
#7852=CARTESIAN_POINT('Ctrl Pts',(-0.0744979662777028,1.08662103711743,
-0.0682127177529723));
#7853=CARTESIAN_POINT('Ctrl Pts',(-0.0646897338349675,1.09145780798463,
-0.0702550986685659));
#7854=CARTESIAN_POINT('Ctrl Pts',(-0.0551443979703009,1.09528378220865,
-0.0702550986688423));
#7855=CARTESIAN_POINT('',(-0.125144397968269,1.04963347254919,-0.000255098666819276));
#7856=CARTESIAN_POINT('Origin',(-0.0551443979682751,1.10959738207627,-0.000255098668842102));
#7857=CARTESIAN_POINT('',(-0.125144397977666,1.86231673627057,-0.000255098666819276));
#7858=CARTESIAN_POINT('Origin',(1.57485560202822,-2.676,-0.000255098658458408));
#7859=CARTESIAN_POINT('',(1.9748543520522,-2.67600000058588,-0.000673423306412957));
#7860=CARTESIAN_POINT('Ctrl Pts',(1.60308703082736,-3.07400248924989,-0.0120302840578158));
#7861=CARTESIAN_POINT('Ctrl Pts',(1.65260915386573,-3.07049855048129,-0.0119788230940734));
#7862=CARTESIAN_POINT('Ctrl Pts',(1.70132446632301,-3.05778430075123,-0.0117944847419693));
#7863=CARTESIAN_POINT('Ctrl Pts',(1.79348054945787,-3.01395879298152,-0.0111174027928709));
#7864=CARTESIAN_POINT('Ctrl Pts',(1.83579572272759,-2.98266316237833,-0.0106239249012008));
#7865=CARTESIAN_POINT('Ctrl Pts',(1.90596442841071,-2.90536863845121,-0.00923653637536015));
#7866=CARTESIAN_POINT('Ctrl Pts',(1.93325602771303,-2.86022232058878,-0.00838268306810641));
#7867=CARTESIAN_POINT('Ctrl Pts',(1.96948929188011,-2.75985620170869,-0.00583820071912267));
#7868=CARTESIAN_POINT('Ctrl Pts',(1.97293894050537,-2.71805587391811,-0.00425943174776355));
#7869=CARTESIAN_POINT('Ctrl Pts',(1.97465647157869,-2.69072467607812,-0.00262986152783351));
#7870=CARTESIAN_POINT('Ctrl Pts',(1.97479187077882,-2.68327113724643,-0.00202813599213281));
#7871=CARTESIAN_POINT('Ctrl Pts',(1.97484674470714,-2.6779130781111,-0.00119244325425671));
#7872=CARTESIAN_POINT('Ctrl Pts',(1.97485206685804,-2.67680893272647,-0.000975237653227268));
#7873=CARTESIAN_POINT('Ctrl Pts',(1.97485410599176,-2.67609502394803,-0.000711787303873582));
#7874=CARTESIAN_POINT('Ctrl Pts',(1.97485423423096,-2.67604711567277,-0.000693137788456304));
#7875=CARTESIAN_POINT('Ctrl Pts',(1.97485435202341,-2.67599999878173,-0.000673427619037976));
#7876=CARTESIAN_POINT('Origin',(1.90485560203343,-2.676,-0.000255098658923147));
#7877=CARTESIAN_POINT('Origin',(1.57485560202899,-2.675,0.229744901288744));
#7878=CARTESIAN_POINT('',(1.97485560203343,-2.675,-0.000255098660950859));
#7879=CARTESIAN_POINT('',(1.97485435207913,-2.67600000375271,-0.000673419157606325));
#7880=CARTESIAN_POINT('',(1.97485560202898,-2.675,0.229744901277169));
#7881=CARTESIAN_POINT('',(1.97485560202898,-2.675,0.229744901277169));
#7882=CARTESIAN_POINT('',(1.57485560202899,-3.075,0.229744901288744));
#7883=CARTESIAN_POINT('Origin',(1.57485560202899,-2.675,0.229744901288744));
#7884=CARTESIAN_POINT('',(1.57485560202899,-3.075,0.229744901288744));
#7885=CARTESIAN_POINT('Origin',(1.90485560203343,-3.5,-0.000255098658923147));
#7886=CARTESIAN_POINT('',(1.97485560202233,-1.75,-0.000255098660950637));
#7887=CARTESIAN_POINT('Origin',(1.57485560202899,2.675,0.229744901288744));
#7888=CARTESIAN_POINT('',(1.57485560202899,3.075,0.229744901288744));
#7889=CARTESIAN_POINT('',(1.57485560202899,3.075,0.229744901288744));
#7890=CARTESIAN_POINT('',(1.97485560202898,2.675,0.229744901277169));
#7891=CARTESIAN_POINT('Origin',(1.57485560202899,2.675,0.229744901288744));
#7892=CARTESIAN_POINT('',(1.97485560202898,2.675,0.229744901277169));
#7893=CARTESIAN_POINT('Origin',(0.92485560202899,-3.075,0.229744901307554));
#7894=CARTESIAN_POINT('',(0.274855602028985,-3.075,0.229744901326367));
#7895=CARTESIAN_POINT('Origin',(1.97485560202898,0.,0.229744901277169));
#7896=CARTESIAN_POINT('',(1.97485560202898,-2.675,0.229744901277169));
#7897=CARTESIAN_POINT('Origin',(-0.0551443979682751,-3.5,-0.000255098668842102));
#7898=CARTESIAN_POINT('',(-0.125144397968269,-1.04963347254919,-0.000255098666819276));
#7899=CARTESIAN_POINT('',(-0.125144397977666,-1.86231673627057,-0.000255098666819276));
#7900=CARTESIAN_POINT('',(-0.112240552011778,-1.060687259,-0.0407523725701817));
#7901=CARTESIAN_POINT('Origin',(-0.0551443979682751,-1.10959738207627,-0.000255098668842102));
#7902=CARTESIAN_POINT('Ctrl Pts',(-0.0551443979703002,-1.09528378183723,
-0.0702550986688424));
#7903=CARTESIAN_POINT('Ctrl Pts',(-0.0646897338087725,-1.0914578076244,
-0.0702550986685671));
#7904=CARTESIAN_POINT('Ctrl Pts',(-0.0744979662383178,-1.08662103679086,
-0.0682127177634686));
#7905=CARTESIAN_POINT('Ctrl Pts',(-0.0921351565124255,-1.07617848933478,
-0.0604587718424174));
#7906=CARTESIAN_POINT('Ctrl Pts',(-0.0999823171289513,-1.07059060982239,
-0.0547645389492928));
#7907=CARTESIAN_POINT('Ctrl Pts',(-0.108288374797023,-1.06401060840714,
-0.0459200427344439));
#7908=CARTESIAN_POINT('Ctrl Pts',(-0.110336455308035,-1.06231836014159,
-0.043436913731538));
#7909=CARTESIAN_POINT('Ctrl Pts',(-0.112240552011781,-1.060687259,-0.0407523725701827));
#7910=CARTESIAN_POINT('Origin',(-0.282752587473566,0.914621998,1.27974490139069));
#7911=CARTESIAN_POINT('',(-0.112240551973559,1.060687259,1.27974490138575));
#7912=CARTESIAN_POINT('',(-0.112240551973559,1.060687259,1.27974490138575));
#7913=CARTESIAN_POINT('',(-0.453264622973563,0.768556737,1.27974490139563));
#7914=CARTESIAN_POINT('',(-0.453264622973563,0.768556737,1.27974490139563));
#7915=CARTESIAN_POINT('',(-0.453264623003956,0.768556737,0.229744901351423));
#7916=CARTESIAN_POINT('',(-0.453264622973563,0.768556737,1.27974490139563));
#7917=CARTESIAN_POINT('',(-0.125144397971013,1.04963347254114,0.229744901337941));
#7918=CARTESIAN_POINT('',(-0.430081844155762,0.788415737763413,0.22974490135075));
#7919=CARTESIAN_POINT('',(-0.12514439795582,1.04963347254114,0.754744901362036));
#7920=CARTESIAN_POINT('Origin',(0.0211254011036681,0.904999999441013,1.27974490138189));
#7921=CARTESIAN_POINT('',(0.0211254010264406,1.11,1.27974490138189));
#7922=CARTESIAN_POINT('',(0.0211254010264406,1.11,1.27974490138189));
#7923=CARTESIAN_POINT('Origin',(0.0211254011036681,0.904999999441013,1.27974490138189));
#7924=CARTESIAN_POINT('Origin',(0.0211254030416006,-0.904999994199869,1.2797449013819));
#7925=CARTESIAN_POINT('',(-0.112240551973559,-1.060687259,1.27974490138575));
#7926=CARTESIAN_POINT('',(-0.112240551973559,-1.060687259,1.27974490138575));
#7927=CARTESIAN_POINT('',(0.0211254010264406,-1.11,1.27974490138189));
#7928=CARTESIAN_POINT('Origin',(0.0211254030416006,-0.904999994199869,1.2797449013819));
#7929=CARTESIAN_POINT('',(0.0211254010264406,-1.11,1.27974490138189));
#7930=CARTESIAN_POINT('Origin',(-3.01014439798151,0.6,0.179744901337453));
#7931=CARTESIAN_POINT('',(-1.56934801863388,0.6,0.579744901295752));
#7932=CARTESIAN_POINT('',(-1.56934801864401,0.6,0.229744901383722));
#7933=CARTESIAN_POINT('',(-1.56934801863536,0.6,0.528802726972598));
#7934=CARTESIAN_POINT('',(-1.64407261964989,0.6,0.579744901297916));
#7935=CARTESIAN_POINT('',(-3.01014439796994,0.6,0.57974490133745));
#7936=CARTESIAN_POINT('',(-1.64407261966002,0.6,0.229744901383051));
#7937=CARTESIAN_POINT('',(-1.64407261965114,0.6,0.536502696998319));
#7938=CARTESIAN_POINT('',(-1.51014439797674,0.6,0.229744901382009));
#7939=CARTESIAN_POINT('Origin',(-3.01014439798151,-0.6,0.179744901337453));
#7940=CARTESIAN_POINT('',(-1.56934801864401,-0.6,0.229744901383722));
#7941=CARTESIAN_POINT('',(-1.56934801863388,-0.6,0.579744901295753));
#7942=CARTESIAN_POINT('',(-1.56934801863536,-0.6,0.528802726972599));
#7943=CARTESIAN_POINT('',(-1.64407262038998,-0.6,0.229744901383051));
#7944=CARTESIAN_POINT('',(-1.51014439797674,-0.6,0.229744901382009));
#7945=CARTESIAN_POINT('',(-1.64407262037985,-0.6,0.579744901297915));
#7946=CARTESIAN_POINT('',(-1.6440726203811,-0.6,0.536502696998318));
#7947=CARTESIAN_POINT('',(-3.01014439796994,-0.6,0.57974490133745));
#7948=CARTESIAN_POINT('Origin',(-3.01014439796994,-0.5,0.57974490133745));
#7949=CARTESIAN_POINT('',(-1.60401471791494,-0.5,0.679744901296756));
#7950=CARTESIAN_POINT('Ctrl Pts',(-1.56934801863388,-0.6,0.579744901295753));
#7951=CARTESIAN_POINT('Ctrl Pts',(-1.56934801863352,-0.6,0.592478194744317));
#7952=CARTESIAN_POINT('Ctrl Pts',(-1.57034295478406,-0.597416686942865,
0.605975231512702));
#7953=CARTESIAN_POINT('Ctrl Pts',(-1.57421788669149,-0.587131039450513,
0.630599827017027));
#7954=CARTESIAN_POINT('Ctrl Pts',(-1.5770850285852,-0.579434451153391,0.641731806379896));
#7955=CARTESIAN_POINT('Ctrl Pts',(-1.58347779103267,-0.561735202934424,
0.659431054599047));
#7956=CARTESIAN_POINT('Ctrl Pts',(-1.58746018756997,-0.550451953434338,
0.667105298853441));
#7957=CARTESIAN_POINT('Ctrl Pts',(-1.59578285676402,-0.525839022689173,
0.677261995506529));
#7958=CARTESIAN_POINT('Ctrl Pts',(-1.60011570599402,-0.512507018982381,
0.679744901296644));
#7959=CARTESIAN_POINT('Ctrl Pts',(-1.60401471791495,-0.5,0.679744901296756));
#7960=CARTESIAN_POINT('',(-1.67719538123998,-0.5,0.679744901298874));
#7961=CARTESIAN_POINT('Ctrl Pts',(-1.67719538123999,-0.5,0.679744901298874));
#7962=CARTESIAN_POINT('Ctrl Pts',(-1.67346552000251,-0.512510334907205,
0.679744901298766));
#7963=CARTESIAN_POINT('Ctrl Pts',(-1.66932151405627,-0.525846985785609,
0.677260121130225));
#7964=CARTESIAN_POINT('Ctrl Pts',(-1.66136646518394,-0.550462115613993,
0.667099692673591));
#7965=CARTESIAN_POINT('Ctrl Pts',(-1.65756260807118,-0.561742710847309,
0.659423546688306));
#7966=CARTESIAN_POINT('Ctrl Pts',(-1.65145484632947,-0.579447337462367,
0.641718920073072));
#7967=CARTESIAN_POINT('Ctrl Pts',(-1.64871698351101,-0.587144157602757,
0.630577190599901));
#7968=CARTESIAN_POINT('Ctrl Pts',(-1.64501991315183,-0.597423109207908,
0.605951070067634));
#7969=CARTESIAN_POINT('Ctrl Pts',(-1.64407262037949,-0.6,0.592462704689796));
#7970=CARTESIAN_POINT('Ctrl Pts',(-1.64407262037986,-0.6,0.579744901297915));
#7971=CARTESIAN_POINT('',(-3.01014439796705,-0.5,0.67974490133745));
#7972=CARTESIAN_POINT('Origin',(-3.01014439796705,0.,0.67974490133745));
#7973=CARTESIAN_POINT('',(-1.60401471791494,0.5,0.679744901296756));
#7974=CARTESIAN_POINT('Origin',(-0.000144399480741075,8.88178419700125E-16,
0.679744901250336));
#7975=CARTESIAN_POINT('',(-1.67719538064369,0.5,0.679744901298874));
#7976=CARTESIAN_POINT('Origin',(-0.000144401905566305,-1.00000008274037E-9,
0.679744901250334));
#7977=CARTESIAN_POINT('',(-3.01014439796705,0.5,0.67974490133745));
#7978=CARTESIAN_POINT('Origin',(-3.01014439796994,0.5,0.57974490133745));
#7979=CARTESIAN_POINT('Ctrl Pts',(-1.60401471791495,0.5,0.679744901296756));
#7980=CARTESIAN_POINT('Ctrl Pts',(-1.60005907053811,0.512688690835803,0.679744901296642));
#7981=CARTESIAN_POINT('Ctrl Pts',(-1.59566433742069,0.526202231955024,0.677190061873337));
#7982=CARTESIAN_POINT('Ctrl Pts',(-1.58723825234871,0.551095058480223,0.666758757553457));
#7983=CARTESIAN_POINT('Ctrl Pts',(-1.58321470969369,0.562476839865266,0.658881942459641));
#7984=CARTESIAN_POINT('Ctrl Pts',(-1.57687961363296,0.579989497843681,0.640978331435528));
#7985=CARTESIAN_POINT('Ctrl Pts',(-1.57408544731579,0.587484615696831,0.629940843331587));
#7986=CARTESIAN_POINT('Ctrl Pts',(-1.57031350603275,0.597492738736443,0.605597485523696));
#7987=CARTESIAN_POINT('Ctrl Pts',(-1.56934801863352,0.6,0.592287352507768));
#7988=CARTESIAN_POINT('Ctrl Pts',(-1.56934801863388,0.6,0.579744901295753));
#7989=CARTESIAN_POINT('Ctrl Pts',(-1.6440726196499,0.6,0.579744901297915));
#7990=CARTESIAN_POINT('Ctrl Pts',(-1.64407261964953,0.6,0.592288116035833));
#7991=CARTESIAN_POINT('Ctrl Pts',(-1.64499420817714,0.597492656795663,0.605605197261192));
#7992=CARTESIAN_POINT('Ctrl Pts',(-1.64860109957164,0.587468191313632,0.629973268529063));
#7993=CARTESIAN_POINT('Ctrl Pts',(-1.65127497580422,0.57995630799323,0.641028103322981));
#7994=CARTESIAN_POINT('Ctrl Pts',(-1.65733189501106,0.562423555061132,0.658919587856538));
#7995=CARTESIAN_POINT('Ctrl Pts',(-1.66117173283403,0.551052655421499,0.666781593103391));
#7996=CARTESIAN_POINT('Ctrl Pts',(-1.66921743369812,0.526180613209534,0.677194041514896));
#7997=CARTESIAN_POINT('Ctrl Pts',(-1.67341576688297,0.512677209888018,0.679744901298765));
#7998=CARTESIAN_POINT('Ctrl Pts',(-1.6771953806437,0.5,0.679744901298874));
#7999=CARTESIAN_POINT('Origin',(-0.000144401887919976,-1.00000008274037E-9,
1.28974490138341));
#8000=CARTESIAN_POINT('',(-1.57164050000045,-0.770000001,0.229744901380957));
#8001=CARTESIAN_POINT('Origin',(-0.000144401918593218,-1.00000008274037E-9,
0.229744901335475));
#8002=CARTESIAN_POINT('',(-1.57164049996977,-0.770000001,1.28974490142889));
#8003=CARTESIAN_POINT('',(-1.57164049996977,-0.770000001,1.28974490142889));
#8004=CARTESIAN_POINT('',(-1.57164049996977,0.769999999,1.28974490142889));
#8005=CARTESIAN_POINT('Origin',(-0.000144401887919976,-1.00000008274037E-9,
1.28974490138341));
#8006=CARTESIAN_POINT('',(-1.57164050000045,0.769999999,0.229744901380957));
#8007=CARTESIAN_POINT('',(-1.57164049996977,0.769999999,1.28974490142889));
#8008=CARTESIAN_POINT('Origin',(-0.000144401918593218,-1.00000008274037E-9,
0.229744901335475));
#8009=CARTESIAN_POINT('Origin',(-0.0101443979734013,0.,0.229744901338598));
#8010=CARTESIAN_POINT('',(-1.52736409500395,-0.7,0.229744901382506));
#8011=CARTESIAN_POINT('Origin',(-0.000144399493758218,8.88178419700125E-16,
0.229744901338308));
#8012=CARTESIAN_POINT('',(-0.638675826003953,-0.7,0.229744901356788));
#8013=CARTESIAN_POINT('',(-0.546582179238673,-0.7,0.229744901354121));
#8014=CARTESIAN_POINT('',(-0.453264623003956,-0.768556737,0.229744901351423));
#8015=CARTESIAN_POINT('Origin',(-0.638675823123712,-0.984999994369159,0.22974490135679));
#8016=CARTESIAN_POINT('',(-0.125144397971013,-1.04963347254114,0.229744901337941));
#8017=CARTESIAN_POINT('',(-0.430081844155762,-0.788415737763413,0.22974490135075));
#8018=CARTESIAN_POINT('',(-0.125144397971013,-1.73619555350212,0.229744901337941));
#8019=CARTESIAN_POINT('',(-0.125144397971013,2.675,0.229744901337941));
#8020=CARTESIAN_POINT('',(-1.57049692175128,-0.770000001,0.229744901383754));
#8021=CARTESIAN_POINT('Origin',(-0.0101443979734013,0.,0.229744901338598));
#8022=CARTESIAN_POINT('',(-1.11515128023633,-0.770000001,0.229744901370576));
#8023=CARTESIAN_POINT('Origin',(-0.0101443979734013,0.,0.229744901338598));
#8024=CARTESIAN_POINT('',(-1.57049692273824,0.769999999,0.229744901383755));
#8025=CARTESIAN_POINT('',(-1.11515128023633,0.769999999,0.229744901370576));
#8026=CARTESIAN_POINT('',(-0.125144397971013,1.73619555350212,0.229744901337941));
#8027=CARTESIAN_POINT('Origin',(-0.0101443979734013,0.,0.229744901338598));
#8028=CARTESIAN_POINT('',(-0.125144397971013,2.675,0.229744901337941));
#8029=CARTESIAN_POINT('',(-0.638675826003953,0.7,0.229744901356788));
#8030=CARTESIAN_POINT('Origin',(-0.638675828364842,0.985000008543775,0.229744901356788));
#8031=CARTESIAN_POINT('',(-1.52736409500395,0.699999999999999,0.229744901382506));
#8032=CARTESIAN_POINT('',(-0.546582179238673,0.7,0.229744901354121));
#8033=CARTESIAN_POINT('Origin',(-0.000144399493758218,8.88178419700125E-16,
0.229744901338308));
#8034=CARTESIAN_POINT('Origin',(1.18099429248994,-0.99499999443755,1.27974490134833));
#8035=CARTESIAN_POINT('',(1.18099429502644,-1.11,1.27974490134833));
#8036=CARTESIAN_POINT('',(1.18099429502644,-1.11,1.27974490134833));
#8037=CARTESIAN_POINT('',(1.26928293602644,-1.06868932,1.27974490134577));
#8038=CARTESIAN_POINT('Origin',(1.18099429248994,-0.99499999443755,1.27974490134833));
#8039=CARTESIAN_POINT('',(1.26928293602644,-1.06868932,1.27974490134577));
#8040=CARTESIAN_POINT('Origin',(-0.00514448603344064,-0.00499994154547245,
1.27974490138266));
#8041=CARTESIAN_POINT('',(1.47114018702644,-0.764067733,1.27974490133992));
#8042=CARTESIAN_POINT('Origin',(-0.00514448603344064,-0.00499994154547245,
1.27974490138266));
#8043=CARTESIAN_POINT('',(1.47114018702644,-0.764067733,1.27974490133992));
#8044=CARTESIAN_POINT('Origin',(1.11985560516635,-0.58344619478583,1.27974490135009));
#8045=CARTESIAN_POINT('',(1.51485560202643,-0.583446194,1.27974490133867));
#8046=CARTESIAN_POINT('Origin',(1.11985560516635,-0.58344619478583,1.27974490135009));
#8047=CARTESIAN_POINT('',(1.51485560202643,-0.583446194,1.27974490133867));
#8048=CARTESIAN_POINT('Origin',(1.51485560202643,5.00000041370185E-10,1.27974490133867));
#8049=CARTESIAN_POINT('',(1.51485560202643,0.583446195,1.27974490133867));
#8050=CARTESIAN_POINT('',(1.51485560202643,0.583446195,1.27974490133867));
#8051=CARTESIAN_POINT('',(1.51485560202643,0.583446195,1.27974490133867));
#8052=CARTESIAN_POINT('Origin',(1.11985560516635,0.583446194785829,1.27974490135009));
#8053=CARTESIAN_POINT('',(1.47114018702644,0.764067733000002,1.27974490133992));
#8054=CARTESIAN_POINT('Origin',(1.11985560516635,0.583446194785829,1.27974490135009));
#8055=CARTESIAN_POINT('',(1.47114018702644,0.764067733000002,1.27974490133992));
#8056=CARTESIAN_POINT('Origin',(-0.00514441025197865,0.00499999176200081,
1.27974490138266));
#8057=CARTESIAN_POINT('',(1.26928293602644,1.06868932,1.27974490134577));
#8058=CARTESIAN_POINT('Origin',(-0.00514441025197865,0.00499999176200081,
1.27974490138266));
#8059=CARTESIAN_POINT('',(1.26928293602644,1.06868932,1.27974490134577));
#8060=CARTESIAN_POINT('Origin',(1.18099429656289,0.995000003142204,1.27974490134833));
#8061=CARTESIAN_POINT('',(1.18099429502644,1.11,1.27974490134833));
#8062=CARTESIAN_POINT('Origin',(1.18099429656289,0.995000003142204,1.27974490134833));
#8063=CARTESIAN_POINT('',(1.18099429502644,1.11,1.27974490134833));
#8064=CARTESIAN_POINT('Origin',(0.601059848026434,1.11,1.27974490136511));
#8065=CARTESIAN_POINT('',(0.0211254010264406,1.11,1.27974490138189));
#8066=CARTESIAN_POINT('Origin',(-1.08301996047356,-0.7,1.27974490141385));
#8067=CARTESIAN_POINT('',(-1.52736409497356,-0.7,1.27974490142671));
#8068=CARTESIAN_POINT('',(-1.52736409497356,-0.7,1.27974490142671));
#8069=CARTESIAN_POINT('',(-0.63867582597356,-0.7,1.27974490140099));
#8070=CARTESIAN_POINT('',(-0.63867582597356,-0.7,1.27974490140099));
#8071=CARTESIAN_POINT('',(-0.63867582597356,-0.7,1.27974490140099));
#8072=CARTESIAN_POINT('Origin',(-0.63867582309332,-0.984999994369159,1.27974490140099));
#8073=CARTESIAN_POINT('',(-0.453264622973563,-0.768556737,1.27974490139563));
#8074=CARTESIAN_POINT('Origin',(-0.63867582309332,-0.984999994369159,1.27974490140099));
#8075=CARTESIAN_POINT('',(-0.453264622973563,-0.768556737,1.27974490139563));
#8076=CARTESIAN_POINT('Origin',(-0.282752587473566,-0.914621998,1.27974490139069));
#8077=CARTESIAN_POINT('',(-0.12514439795582,-1.04963347254114,0.754744901362036));
#8078=CARTESIAN_POINT('',(-0.112240551973559,-1.060687259,1.27974490138575));
#8079=CARTESIAN_POINT('Origin',(0.601059848026434,-1.11,1.27974490136511));
#8080=CARTESIAN_POINT('',(1.18099429502644,-1.11,1.27974490134833));
#8081=CARTESIAN_POINT('Origin',(-0.638675828334459,0.985000008543775,1.27974490140099));
#8082=CARTESIAN_POINT('',(-0.63867582597356,0.7,1.27974490140099));
#8083=CARTESIAN_POINT('Origin',(-0.638675828334459,0.985000008543775,1.27974490140099));
#8084=CARTESIAN_POINT('',(-0.63867582597356,0.7,1.27974490140099));
#8085=CARTESIAN_POINT('Origin',(-1.08301996047356,0.7,1.27974490141385));
#8086=CARTESIAN_POINT('',(-1.52736409497356,0.699999999999999,1.27974490142671));
#8087=CARTESIAN_POINT('',(-1.52736409497356,0.7,1.27974490142671));
#8088=CARTESIAN_POINT('',(-1.52736409497356,0.699999999999999,1.27974490142671));
#8089=CARTESIAN_POINT('Origin',(-0.000144399463375855,8.88178419700125E-16,
1.27974490138251));
#8090=CARTESIAN_POINT('Origin',(-0.000144399463375855,8.88178419700125E-16,
1.27974490138251));
#8091=CARTESIAN_POINT('Origin',(0.0238868626744986,7.91551268974899E-11,
1.27974490138182));
#8092=CARTESIAN_POINT('Origin',(-0.125144397971013,0.,0.229744901337941));
#8093=CARTESIAN_POINT('',(-0.125144397971013,2.675,0.229744901337941));
#8094=CARTESIAN_POINT('Origin',(-0.000144401887919976,-1.00000008274037E-9,
1.28974490138341));
#8095=CARTESIAN_POINT('',(-1.53376755858298,-0.710000001,1.34974490142779));
#8096=CARTESIAN_POINT('',(-1.53376755858298,0.709999999,1.34974490142779));
#8097=CARTESIAN_POINT('Origin',(-0.000144401886175149,-1.00000008274037E-9,
1.34974490138341));
#8098=CARTESIAN_POINT('Ctrl Pts',(-1.57164049996978,0.769999998999996,1.2897449014289));
#8099=CARTESIAN_POINT('Ctrl Pts',(-1.55270402927637,0.739634090914565,1.32011080951378));
#8100=CARTESIAN_POINT('Ctrl Pts',(-1.53376755858299,0.709999998999996,1.3497449014278));
#8101=CARTESIAN_POINT('Ctrl Pts',(-1.57164049996978,-0.770000000999996,
1.2897449014289));
#8102=CARTESIAN_POINT('Ctrl Pts',(-1.55270402927637,-0.739634092914565,
1.32011080951378));
#8103=CARTESIAN_POINT('Ctrl Pts',(-1.53376755858299,-0.710000000999996,
1.3497449014278));
#8104=CARTESIAN_POINT('Origin',(-1.57164049996977,0.769999999,1.28974490142889));
#8105=CARTESIAN_POINT('',(-0.638675825315489,0.709999999,1.34974490140189));
#8106=CARTESIAN_POINT('',(-0.638675824968035,0.709999999,1.34974490140189));
#8107=CARTESIAN_POINT('',(-0.63867582496977,0.769999999,1.28974490140189));
#8108=CARTESIAN_POINT('',(-0.63867582496977,0.769999999,1.28974490140189));
#8109=CARTESIAN_POINT('',(-0.63867582496977,0.769999999,1.28974490140189));
#8110=CARTESIAN_POINT('Origin',(-0.638675823724714,0.984999993954267,1.28974490140189));
#8111=CARTESIAN_POINT('',(-0.459770278512955,0.776151237391174,1.34974490139671));
#8112=CARTESIAN_POINT('Origin',(-0.638675823722979,0.984999993954267,1.34974490140189));
#8113=CARTESIAN_POINT('',(-0.498804215969767,0.82171824,1.28974490139784));
#8114=CARTESIAN_POINT('',(-0.498804215969767,0.82171824,1.28974490139784));
#8115=CARTESIAN_POINT('Origin',(-0.638675823724714,0.984999993954267,1.28974490140189));
#8116=CARTESIAN_POINT('Origin',(-0.498804215969767,0.82171824,1.28974490139784));
#8117=CARTESIAN_POINT('',(-0.118746207147416,1.0682817597043,1.34974490138684));
#8118=CARTESIAN_POINT('',(-0.118746207512951,1.06828175939117,1.34974490138684));
#8119=CARTESIAN_POINT('',(-0.157780144969772,1.113848762,1.28974490138797));
#8120=CARTESIAN_POINT('',(-0.157780144969772,1.113848762,1.28974490138797));
#8121=CARTESIAN_POINT('',(-0.157780144969772,1.113848762,1.28974490138797));
#8122=CARTESIAN_POINT('Origin',(0.021125399377353,0.90500000614445,1.28974490138279));
#8123=CARTESIAN_POINT('',(0.0211254010319681,1.12,1.34974490138279));
#8124=CARTESIAN_POINT('Origin',(0.0211253993790881,0.90500000614445,1.3497449013828));
#8125=CARTESIAN_POINT('',(0.0211254010302331,1.18,1.28974490138279));
#8126=CARTESIAN_POINT('',(0.0211254010302331,1.18,1.28974490138279));
#8127=CARTESIAN_POINT('Origin',(0.021125399377353,0.90500000614445,1.28974490138279));
#8128=CARTESIAN_POINT('Origin',(0.0211254010302331,1.18,1.28974490138279));
#8129=CARTESIAN_POINT('',(1.18099429512301,1.12,1.34974490134923));
#8130=CARTESIAN_POINT('',(1.18099429503196,1.12,1.34974490134923));
#8131=CARTESIAN_POINT('',(1.18099429503023,1.18,1.28974490134922));
#8132=CARTESIAN_POINT('',(1.18099429503023,1.18,1.28974490134922));
#8133=CARTESIAN_POINT('',(1.18099429503023,1.18,1.28974490134922));
#8134=CARTESIAN_POINT('Origin',(1.18099429531094,0.995000001780775,1.28974490134922));
#8135=CARTESIAN_POINT('',(1.27696020874683,1.07509708670621,1.34974490134645));
#8136=CARTESIAN_POINT('Origin',(1.18099429531267,0.995000001780775,1.34974490134923));
#8137=CARTESIAN_POINT('',(1.32302384703023,1.113543689,1.28974490134512));
#8138=CARTESIAN_POINT('',(1.32302384703023,1.113543689,1.28974490134512));
#8139=CARTESIAN_POINT('Origin',(1.18099429531094,0.995000001780775,1.28974490134922));
#8140=CARTESIAN_POINT('Origin',(-0.00514431264256787,0.00500005425433017,
1.28974490138355));
#8141=CARTESIAN_POINT('',(1.48003346747368,0.768640430399496,1.34974490134057));
#8142=CARTESIAN_POINT('Origin',(-0.00514431264083282,0.00500005425433017,
1.34974490138355));
#8143=CARTESIAN_POINT('',(1.53339315103023,0.796076614,1.28974490133903));
#8144=CARTESIAN_POINT('',(1.53339315103023,0.796076614,1.28974490133903));
#8145=CARTESIAN_POINT('Origin',(-0.00514431264256787,0.00500005425433017,
1.28974490138355));
#8146=CARTESIAN_POINT('Origin',(1.11985561489124,0.58344619697705,1.289744901351));
#8147=CARTESIAN_POINT('',(1.52485560203196,0.583446195,1.34974490133927));
#8148=CARTESIAN_POINT('Origin',(1.11985561489299,0.58344619697705,1.349744901351));
#8149=CARTESIAN_POINT('',(1.58485560203023,0.583446195,1.28974490133754));
#8150=CARTESIAN_POINT('',(1.58485560203023,0.583446195,1.28974490133754));
#8151=CARTESIAN_POINT('Origin',(1.11985561489124,0.58344619697705,1.289744901351));
#8152=CARTESIAN_POINT('Origin',(1.58485560203023,0.583446195,1.28974490133754));
#8153=CARTESIAN_POINT('',(1.52485560203196,-0.58344619700066,1.34974490133927));
#8154=CARTESIAN_POINT('',(1.52485560203196,-0.583446197,1.34974490133927));
#8155=CARTESIAN_POINT('',(1.58485560203023,-0.583446197,1.28974490133754));
#8156=CARTESIAN_POINT('',(1.58485560203023,-0.583446197,1.28974490133754));
#8157=CARTESIAN_POINT('',(1.58485560203023,-0.583446197,1.28974490133754));
#8158=CARTESIAN_POINT('Origin',(1.11985560674367,-0.583446197005112,1.28974490135099));
#8159=CARTESIAN_POINT('',(1.48003346749358,-0.768640432360819,1.34974490134057));
#8160=CARTESIAN_POINT('Origin',(1.11985560674541,-0.583446197005112,1.34974490135099));
#8161=CARTESIAN_POINT('',(1.53339315103023,-0.796076616,1.28974490133903));
#8162=CARTESIAN_POINT('',(1.53339315103023,-0.796076616,1.28974490133903));
#8163=CARTESIAN_POINT('Origin',(1.11985560674367,-0.583446197005112,1.28974490135099));
#8164=CARTESIAN_POINT('Origin',(-0.00514450278534007,-0.00499993025637231,
1.28974490138355));
#8165=CARTESIAN_POINT('',(1.27696020819312,-1.07509708936963,1.34974490134645));
#8166=CARTESIAN_POINT('Origin',(-0.00514450278360545,-0.00499993025637231,
1.34974490138355));
#8167=CARTESIAN_POINT('',(1.32302384703023,-1.113543691,1.28974490134512));
#8168=CARTESIAN_POINT('',(1.32302384703023,-1.113543691,1.28974490134512));
#8169=CARTESIAN_POINT('Origin',(-0.00514450278534007,-0.00499993025637231,
1.28974490138355));
#8170=CARTESIAN_POINT('Origin',(1.18099429531094,-0.995000003780777,1.28974490134922));
#8171=CARTESIAN_POINT('',(1.18099429503196,-1.120000002,1.34974490134923));
#8172=CARTESIAN_POINT('Origin',(1.18099429531267,-0.995000003780777,1.34974490134923));
#8173=CARTESIAN_POINT('',(1.18099429503023,-1.180000002,1.28974490134922));
#8174=CARTESIAN_POINT('',(1.18099429503023,-1.180000002,1.28974490134922));
#8175=CARTESIAN_POINT('Origin',(1.18099429531094,-0.995000003780777,1.28974490134922));
#8176=CARTESIAN_POINT('Origin',(1.18099429503023,-1.180000002,1.28974490134922));
#8177=CARTESIAN_POINT('',(0.0211254018148623,-1.120000002,1.34974490138279));
#8178=CARTESIAN_POINT('',(0.0211254010319681,-1.120000002,1.34974490138279));
#8179=CARTESIAN_POINT('',(0.0211254010302331,-1.180000002,1.28974490138279));
#8180=CARTESIAN_POINT('',(0.0211254010302331,-1.180000002,1.28974490138279));
#8181=CARTESIAN_POINT('',(0.0211254010302331,-1.180000002,1.28974490138279));
#8182=CARTESIAN_POINT('Origin',(0.0211254046184921,-0.90499999396984,1.28974490138279));
#8183=CARTESIAN_POINT('',(-0.118746207512951,-1.06828176139117,1.34974490138684));
#8184=CARTESIAN_POINT('Origin',(0.0211254046202267,-0.90499999396984,1.34974490138279));
#8185=CARTESIAN_POINT('',(-0.157780144969772,-1.113848764,1.28974490138797));
#8186=CARTESIAN_POINT('',(-0.157780144969772,-1.113848764,1.28974490138797));
#8187=CARTESIAN_POINT('Origin',(0.0211254046184921,-0.90499999396984,1.28974490138279));
#8188=CARTESIAN_POINT('Origin',(-0.157780144969772,-1.113848764,1.28974490138797));
#8189=CARTESIAN_POINT('',(-0.459770278004076,-0.776151239827093,1.34974490139671));
#8190=CARTESIAN_POINT('',(-0.459770278512955,-0.776151239391174,1.34974490139671));
#8191=CARTESIAN_POINT('',(-0.498804215969767,-0.821718242,1.28974490139784));
#8192=CARTESIAN_POINT('',(-0.498804215969767,-0.821718242,1.28974490139784));
#8193=CARTESIAN_POINT('',(-0.498804215969767,-0.821718242,1.28974490139784));
#8194=CARTESIAN_POINT('Origin',(-0.638675823724714,-0.984999995954268,1.28974490140189));
#8195=CARTESIAN_POINT('',(-0.638675824968035,-0.710000001,1.34974490140189));
#8196=CARTESIAN_POINT('Origin',(-0.638675823722979,-0.984999995954268,1.34974490140189));
#8197=CARTESIAN_POINT('',(-0.63867582496977,-0.770000001,1.28974490140189));
#8198=CARTESIAN_POINT('',(-0.63867582496977,-0.770000001,1.28974490140189));
#8199=CARTESIAN_POINT('Origin',(-0.638675823724714,-0.984999995954268,1.28974490140189));
#8200=CARTESIAN_POINT('Origin',(-0.63867582496977,-0.770000001,1.28974490140189));
#8201=CARTESIAN_POINT('',(-1.57164049996803,-0.710000001,1.34974490142889));
#8202=CARTESIAN_POINT('',(-1.57164049996977,-0.770000001,1.28974490142889));
#8203=CARTESIAN_POINT('Origin',(0.0201531009230815,-8.96445693927663E-10,
1.34974490138282));
#8204=CARTESIAN_POINT('Origin',(-1.10515816246977,0.769999999,1.28974490141539));
#8205=CARTESIAN_POINT('',(-0.63867582499871,0.769999999,0.289744901356787));
#8206=CARTESIAN_POINT('',(-0.63867582496977,0.769999999,1.28974490140189));
#8207=CARTESIAN_POINT('',(-1.5704969227365,0.769999999,0.289744901383755));
#8208=CARTESIAN_POINT('',(-0.557651280235189,0.769999999,0.289744901354443));
#8209=CARTESIAN_POINT('',(-1.57049692273505,0.769999999,0.340064149675428));
#8210=CARTESIAN_POINT('Origin',(0.0211254046184921,-0.90499999396984,1.28974490138279));
#8211=CARTESIAN_POINT('',(-0.0551443979665209,-1.16921188173162,0.289744901394881));
#8212=CARTESIAN_POINT('',(-0.157780144998712,-1.113848764,0.289744901342871));
#8213=CARTESIAN_POINT('Origin',(0.0211254045895433,-0.90499999396984,0.289744901337696));
#8214=CARTESIAN_POINT('',(-0.05514439797492,-1.16921188173163,-0.000255098614998062));
#8215=CARTESIAN_POINT('',(-0.0551443979707158,-1.16921188173163,0.14474490139488));
#8216=CARTESIAN_POINT('',(0.0211254009928989,-1.180000002,-0.000255098617208516));
#8217=CARTESIAN_POINT('Origin',(0.0211254045811575,-0.90499999396984,-0.000255098607326421));
#8218=CARTESIAN_POINT('',(0.0211254010302331,-1.180000002,1.28974490138279));
#8219=CARTESIAN_POINT('',(-0.157780144969772,-1.113848764,1.28974490138797));
#8220=CARTESIAN_POINT('Origin',(-0.638675823724714,0.984999993954267,1.28974490140189));
#8221=CARTESIAN_POINT('',(-0.498804215998716,0.82171824,0.289744901352741));
#8222=CARTESIAN_POINT('Origin',(-0.638675823753653,0.984999993954267,0.289744901356788));
#8223=CARTESIAN_POINT('',(-0.498804215969767,0.82171824,1.28974490139784));
#8224=CARTESIAN_POINT('Origin',(-0.328292180469769,0.967783501,1.28974490139291));
#8225=CARTESIAN_POINT('',(-0.157780144998712,1.113848762,0.289744901342871));
#8226=CARTESIAN_POINT('',(-0.475621437341935,0.841577240599449,0.28974490135207));
#8227=CARTESIAN_POINT('',(-0.157780144969772,1.113848762,1.28974490138797));
#8228=CARTESIAN_POINT('Origin',(0.021125399377353,0.90500000614445,1.28974490138279));
#8229=CARTESIAN_POINT('',(-0.0551443979665209,1.16921188066581,0.289744901394881));
#8230=CARTESIAN_POINT('',(-0.05514439797492,1.16921188066581,-0.000255098614997173));
#8231=CARTESIAN_POINT('',(-0.0551443979707158,1.16921188066581,0.14474490139488));
#8232=CARTESIAN_POINT('Origin',(0.0211253993484135,0.90500000614445,0.289744901337693));
#8233=CARTESIAN_POINT('',(0.0211254009928896,1.18,-0.000255098617205185));
#8234=CARTESIAN_POINT('',(0.0211254010302331,1.18,1.28974490138279));
#8235=CARTESIAN_POINT('Origin',(0.0211253993400184,0.90500000614445,-0.00025509860732531));
#8236=CARTESIAN_POINT('Origin',(-0.638675823724714,-0.984999995954268,1.28974490140189));
#8237=CARTESIAN_POINT('',(-0.498804215998716,-0.821718242,0.289744901352741));
#8238=CARTESIAN_POINT('',(-0.63867582499871,-0.770000001,0.289744901356787));
#8239=CARTESIAN_POINT('Origin',(-0.638675823753653,-0.984999995954268,0.289744901356788));
#8240=CARTESIAN_POINT('',(-0.498804215969767,-0.821718242,1.28974490139784));
#8241=CARTESIAN_POINT('',(-0.63867582496977,-0.770000001,1.28974490140189));
#8242=CARTESIAN_POINT('Origin',(-0.328292180469769,-0.967783503,1.28974490139291));
#8243=CARTESIAN_POINT('',(-0.475621437836002,-0.841577242176214,0.289744901352067));
#8244=CARTESIAN_POINT('Origin',(0.601059848030227,-1.180000002,1.28974490136601));
#8245=CARTESIAN_POINT('',(1.1809942949929,-1.180000002,-0.000255098650776109));
#8246=CARTESIAN_POINT('',(0.762957725008995,-1.180000002,-0.000255098628797468));
#8247=CARTESIAN_POINT('',(1.18099429503023,-1.180000002,1.28974490134922));
#8248=CARTESIAN_POINT('Origin',(1.18099429531094,-0.995000003780777,1.28974490134922));
#8249=CARTESIAN_POINT('',(1.32302384699289,-1.113543691,-0.000255098654884822));
#8250=CARTESIAN_POINT('Origin',(1.1809942952736,-0.995000003780777,-0.000255098640895124));
#8251=CARTESIAN_POINT('',(1.32302384703023,-1.113543691,1.28974490134512));
#8252=CARTESIAN_POINT('Origin',(-0.00514450278534007,-0.00499993025637231,
1.28974490138355));
#8253=CARTESIAN_POINT('',(1.53339315099289,-0.796076616,-0.000255098660973285));
#8254=CARTESIAN_POINT('Origin',(-0.00514450282268442,-0.00499993025637231,
-0.000255098606563475));
#8255=CARTESIAN_POINT('',(1.53339315103023,-0.796076616,1.28974490133903));
#8256=CARTESIAN_POINT('Origin',(1.11985560674367,-0.583446197005112,1.28974490135099));
#8257=CARTESIAN_POINT('',(1.5848556019929,-0.583446197,-0.000255098662464315));
#8258=CARTESIAN_POINT('Origin',(1.11985560670634,-0.583446197005112,-0.000255098639124318));
#8259=CARTESIAN_POINT('',(1.58485560203023,-0.583446197,1.28974490133754));
#8260=CARTESIAN_POINT('Origin',(1.58485560203023,-9.99999993922529E-10,
1.28974490133754));
#8261=CARTESIAN_POINT('',(1.5848556019929,0.583446195,-0.000255098662464315));
#8262=CARTESIAN_POINT('',(1.5848556019929,-5.00000307823711E-10,-0.000255098662464315));
#8263=CARTESIAN_POINT('',(1.58485560203023,0.583446195,1.28974490133754));
#8264=CARTESIAN_POINT('Origin',(1.11985561489124,0.58344619697705,1.289744901351));
#8265=CARTESIAN_POINT('',(1.53339315099289,0.796076614,-0.000255098660973507));
#8266=CARTESIAN_POINT('Origin',(1.11985561485391,0.58344619697705,-0.000255098639124096));
#8267=CARTESIAN_POINT('',(1.53339315103023,0.796076614,1.28974490133903));
#8268=CARTESIAN_POINT('Origin',(-0.00514431264256787,0.00500005425433017,
1.28974490138355));
#8269=CARTESIAN_POINT('',(1.32302384699289,1.113543689,-0.000255098654884822));
#8270=CARTESIAN_POINT('Origin',(-0.00514431267990201,0.00500005425433017,
-0.000255098606565252));
#8271=CARTESIAN_POINT('',(1.32302384703023,1.113543689,1.28974490134512));
#8272=CARTESIAN_POINT('Origin',(1.18099429531094,0.995000001780775,1.28974490134922));
#8273=CARTESIAN_POINT('',(1.1809942949929,1.18,-0.000255098650776331));
#8274=CARTESIAN_POINT('Origin',(1.1809942952736,0.995000001780775,-0.000255098640895568));
#8275=CARTESIAN_POINT('',(1.18099429503023,1.18,1.28974490134922));
#8276=CARTESIAN_POINT('Origin',(0.601059848030227,1.18,1.28974490136601));
#8277=CARTESIAN_POINT('',(0.762957725008985,1.18,-0.000255098628794137));
#8278=CARTESIAN_POINT('Origin',(-1.10515816246977,-0.770000001,1.28974490141539));
#8279=CARTESIAN_POINT('',(-1.57049692174955,-0.770000001,0.289744901383755));
#8280=CARTESIAN_POINT('',(-1.57049692174809,-0.770000001,0.340064149675428));
#8281=CARTESIAN_POINT('',(-0.557651280235189,-0.770000001,0.289744901354443));
#8282=CARTESIAN_POINT('Origin',(-0.0551443979665209,0.,0.289744901394881));
#8283=CARTESIAN_POINT('',(-0.0551443979749111,2.675,-0.000255098605120185));
#8284=CARTESIAN_POINT('',(-0.0551443979749111,2.675,-0.000255098605120185));
#8285=CARTESIAN_POINT('',(-0.0551443979682626,2.675,0.229744901335917));
#8286=CARTESIAN_POINT('',(-0.0551443979665209,2.675,0.289744901394881));
#8287=CARTESIAN_POINT('',(-0.0551443979682626,1.73941800611597,0.229744901335917));
#8288=CARTESIAN_POINT('',(-0.0551443979682626,3.5527136788005E-16,0.229744901335917));
#8289=CARTESIAN_POINT('',(-0.0551443979665209,1.73941800611597,0.289744901394881));
#8290=CARTESIAN_POINT('',(-0.0551443979673873,1.73941800611597,0.2597449013399));
#8291=CARTESIAN_POINT('',(-0.0551443979665209,0.,0.289744901394881));
#8292=CARTESIAN_POINT('Origin',(-0.0101443979716667,0.,0.289744901338598));
#8293=CARTESIAN_POINT('Origin',(-0.0101443979716667,0.,0.289744901338598));
#8294=CARTESIAN_POINT('Origin',(-0.0101443979716667,0.,0.289744901338598));
#8295=CARTESIAN_POINT('',(-0.0551443979665209,-1.73941800611597,0.289744901394881));
#8296=CARTESIAN_POINT('Origin',(-0.0101443979716667,0.,0.289744901338598));
#8297=CARTESIAN_POINT('',(-0.0551443979665209,0.,0.289744901394881));
#8298=CARTESIAN_POINT('Origin',(-0.125144397971013,0.,0.229744901337941));
#8299=CARTESIAN_POINT('',(-0.125144397971013,2.675,0.229744901337941));
#8300=CARTESIAN_POINT('Origin',(-0.0101443979725389,0.,0.2597449013386));
#8301=CARTESIAN_POINT('Origin',(-0.0101443979734044,0.,0.229744901334614));
#8302=CARTESIAN_POINT('Origin',(-0.0101443979725389,0.,0.2597449013386));
#8303=CARTESIAN_POINT('',(-0.0551443979682626,-1.73941800611597,0.229744901335917));
#8304=CARTESIAN_POINT('Origin',(-0.0101443979734044,0.,0.229744901334614));
#8305=CARTESIAN_POINT('',(-0.0551443979673873,-1.73941800611597,0.2597449013399));
#8306=CARTESIAN_POINT('Origin',(1.57485560203347,-2.675,0.289744901347708));
#8307=CARTESIAN_POINT('',(1.90485560203174,-2.675,0.229744901279195));
#8308=CARTESIAN_POINT('',(1.57485560203174,-3.005,0.229744901288743));
#8309=CARTESIAN_POINT('Origin',(1.57485560203174,-2.675,0.229744901288742));
#8310=CARTESIAN_POINT('',(1.90485560202509,-2.675,-0.000255098661844588));
#8311=CARTESIAN_POINT('',(1.90485560203348,-2.675,0.289744901338157));
#8312=CARTESIAN_POINT('',(1.57485560202508,-3.005,-0.000255098652292673));
#8313=CARTESIAN_POINT('Origin',(1.57485560202508,-2.675,-0.000255098652292896));
#8314=CARTESIAN_POINT('',(1.57485560203347,-3.005,0.289744901347708));
#8315=CARTESIAN_POINT('Origin',(0.924855602033479,-3.005,0.289744901366518));
#8316=CARTESIAN_POINT('',(0.274855602031741,-3.005,0.229744901326365));
#8317=CARTESIAN_POINT('',(0.924855602030364,-3.005,0.229744901307555));
#8318=CARTESIAN_POINT('',(0.274855602025083,-3.005,-0.000255098614668992));
#8319=CARTESIAN_POINT('',(0.274855602025083,-3.005,-0.000255098614668992));
#8320=CARTESIAN_POINT('',(0.274855602033474,-3.005,0.289744901385332));
#8321=CARTESIAN_POINT('Origin',(0.274855602033473,-2.675,0.289744901385331));
#8322=CARTESIAN_POINT('',(-0.0551443979682626,-2.675,0.229744901335917));
#8323=CARTESIAN_POINT('Origin',(0.274855602031741,-2.675,0.229744901326365));
#8324=CARTESIAN_POINT('',(-0.0551443979749111,-2.675,-0.000255098605120185));
#8325=CARTESIAN_POINT('Origin',(0.274855602025083,-2.675,-0.00025509861466988));
#8326=CARTESIAN_POINT('',(-0.0551443979665209,-2.675,0.289744901394881));
#8327=CARTESIAN_POINT('Origin',(-0.0551443979665209,0.,0.289744901394881));
#8328=CARTESIAN_POINT('',(-0.0551443979682626,3.5527136788005E-16,0.229744901335917));
#8329=CARTESIAN_POINT('',(-0.0551443979749111,2.675,-0.000255098605120185));
#8330=CARTESIAN_POINT('Origin',(0.274855602033474,2.675,0.289744901385332));
#8331=CARTESIAN_POINT('',(0.274855602031741,3.005,0.229744901326365));
#8332=CARTESIAN_POINT('Origin',(0.274855602031741,2.675,0.229744901326366));
#8333=CARTESIAN_POINT('',(0.274855602025083,3.005,-0.000255098614668992));
#8334=CARTESIAN_POINT('Origin',(0.274855602025083,2.675,-0.000255098614668992));
#8335=CARTESIAN_POINT('',(0.274855602033474,3.005,0.289744901385332));
#8336=CARTESIAN_POINT('Origin',(1.90485560203348,3.5527136788005E-16,0.289744901338157));
#8337=CARTESIAN_POINT('',(1.90485560203174,2.675,0.229744901279195));
#8338=CARTESIAN_POINT('',(1.90485560203175,5.32907051820075E-16,0.229744901279191));
#8339=CARTESIAN_POINT('',(1.90485560202509,2.675,-0.000255098661844588));
#8340=CARTESIAN_POINT('',(1.90485560203348,2.675,0.289744901338157));
#8341=CARTESIAN_POINT('',(1.90485560202509,-2.675,-0.000255098661844588));
#8342=CARTESIAN_POINT('Origin',(1.57485560203347,2.675,0.289744901347708));
#8343=CARTESIAN_POINT('',(1.57485560203174,3.005,0.229744901288743));
#8344=CARTESIAN_POINT('Origin',(1.57485560203174,2.675,0.229744901288742));
#8345=CARTESIAN_POINT('',(1.57485560202508,3.005,-0.000255098652292673));
#8346=CARTESIAN_POINT('',(1.57485560203347,3.005,0.289744901347708));
#8347=CARTESIAN_POINT('Origin',(1.57485560202508,2.675,-0.000255098652292673));
#8348=CARTESIAN_POINT('Origin',(0.924855602033479,3.005,0.289744901366518));
#8349=CARTESIAN_POINT('',(0.924855602030364,3.005,0.229744901307555));
#8350=CARTESIAN_POINT('',(1.57485560202508,3.005,-0.000255098652292673));
#8351=CARTESIAN_POINT('Origin',(0.924855602025088,-7.105427357601E-16,-0.000255098633482831));
#8352=CARTESIAN_POINT('Origin',(0.92485560202899,3.075,0.229744901307554));
#8353=CARTESIAN_POINT('',(1.57485560202899,3.075,0.229744901288744));
#8354=CARTESIAN_POINT('Origin',(0.92485560202899,7.105427357601E-16,0.229744901307553));
#8355=CARTESIAN_POINT('Origin',(-1.04276137977098,0.825,0.796407897763247));
#8356=CARTESIAN_POINT('',(-1.04276137976282,0.83,0.796407897758426));
#8357=CARTESIAN_POINT('Origin',(-1.04276137976282,0.95,0.796407897758426));
#8358=CARTESIAN_POINT('',(-1.03930696772147,0.825,0.800022733500539));
#8359=CARTESIAN_POINT('Origin',(-1.04276137977098,0.825,0.796407897763247));
#8360=CARTESIAN_POINT('Origin',(-0.956401078387371,0.825,0.886778791005026));
#8361=CARTESIAN_POINT('Origin',(-1.25693492720925,0.825,0.572288082538503));
#8362=CARTESIAN_POINT('',(-1.25693492720925,0.83,0.572288082538503));
#8363=CARTESIAN_POINT('Origin',(-1.25693492720925,0.95,0.572288082538503));
#8364=CARTESIAN_POINT('',(-1.26038933925876,0.825,0.568673246801211));
#8365=CARTESIAN_POINT('Origin',(-1.25693492720925,0.825,0.572288082538503));
#8366=CARTESIAN_POINT('',(-1.42620111792696,0.825,0.395161131792237));
#8367=CARTESIAN_POINT('Origin',(-1.34329522859286,0.825,0.481917189296724));
#8368=CARTESIAN_POINT('Origin',(-1.34329522859286,0.825,0.481917189296724));
#8369=CARTESIAN_POINT('Origin',(-0.956401078387371,-0.907,0.886778791005026));
#8370=CARTESIAN_POINT('',(-1.03930696772147,-0.864000000000001,0.800022733500539));
#8371=CARTESIAN_POINT('Origin',(-0.956401078387371,-0.864,0.886778791005026));
#8372=CARTESIAN_POINT('',(-0.979891080365363,-0.95,0.862197908045421));
#8373=CARTESIAN_POINT('',(-1.00959902404342,-0.907,0.831110320772981));
#8374=CARTESIAN_POINT('Origin',(-0.956401078387371,-0.95,0.886778791005026));
#8375=CARTESIAN_POINT('Origin',(-0.956401078387371,-0.0195000000000002,
0.886778791005026));
#8376=CARTESIAN_POINT('',(-1.03930696772147,-0.0195000000000002,0.80002273350054));
#8377=CARTESIAN_POINT('Origin',(-1.14984815348604,0.95,0.684347990148466));
#8378=CARTESIAN_POINT('',(-1.14984815348604,0.83,0.684347990148466));
#8379=CARTESIAN_POINT('Origin',(-1.34329522859286,-0.907,0.481917189296724));
#8380=CARTESIAN_POINT('',(-1.42620111792696,-0.864000000000001,0.395161131792237));
#8381=CARTESIAN_POINT('Origin',(-1.34329522859286,-0.864,0.481917189296724));
#8382=CARTESIAN_POINT('',(-1.36678523057085,-0.95,0.457336306337118));
#8383=CARTESIAN_POINT('',(-1.39649317424891,-0.907,0.426248719064678));
#8384=CARTESIAN_POINT('Origin',(-1.34329522859286,-0.95,0.481917189296724));
#8385=CARTESIAN_POINT('Origin',(-1.34329522859286,-0.0195000000000002,0.481917189296724));
#8386=CARTESIAN_POINT('',(-1.42620111792696,-0.0195000000000002,0.395161131792237));
#8387=CARTESIAN_POINT('Origin',(-1.33155022760386,-0.95,0.494207630776524));
#8388=CARTESIAN_POINT('Origin',(-0.94465607739837,-0.95,0.899069232484828));
#8389=CARTESIAN_POINT('Origin',(-0.4,0.,-0.65));
#8390=CARTESIAN_POINT('',(-0.55,0.6,-0.65));
#8391=CARTESIAN_POINT('Origin',(-0.4,0.6,-0.65));
#8392=CARTESIAN_POINT('',(-0.55,-0.6,-0.65));
#8393=CARTESIAN_POINT('',(-0.55,0.,-0.65));
#8394=CARTESIAN_POINT('Origin',(-0.4,-0.6,-0.65));
#8395=CARTESIAN_POINT('Origin',(-0.4,0.,-0.65));
#8396=CARTESIAN_POINT('',(-0.55,1.05,-0.65));
#8397=CARTESIAN_POINT('Origin',(-0.4,1.05,-0.65));
#8398=CARTESIAN_POINT('',(-0.55,0.95,-0.65));
#8399=CARTESIAN_POINT('',(-0.55,0.,-0.65));
#8400=CARTESIAN_POINT('Origin',(-0.4,0.95,-0.65));
#8401=CARTESIAN_POINT('Origin',(-0.4,0.,-0.65));
#8402=CARTESIAN_POINT('',(-0.55,-0.95,-0.65));
#8403=CARTESIAN_POINT('Origin',(-0.4,-0.95,-0.65));
#8404=CARTESIAN_POINT('',(-0.55,-1.05,-0.65));
#8405=CARTESIAN_POINT('',(-0.55,0.,-0.65));
#8406=CARTESIAN_POINT('Origin',(-0.4,-1.05,-0.65));
#8407=CARTESIAN_POINT('Origin',(-0.4,-1.05,-0.65));
#8408=CARTESIAN_POINT('Origin',(-0.4,1.05,-0.65));
#8409=CARTESIAN_POINT('Origin',(-0.4,0.95,-0.65));
#8410=CARTESIAN_POINT('',(-0.9,0.95,-0.65));
#8411=CARTESIAN_POINT('Origin',(-0.4,0.95,-0.65));
#8412=CARTESIAN_POINT('Origin',(-0.4,0.,-0.65));
#8413=CARTESIAN_POINT('',(-0.9,0.6,-0.65));
#8414=CARTESIAN_POINT('',(-0.9,0.,-0.65));
#8415=CARTESIAN_POINT('Origin',(-0.4,0.6,-0.65));
#8416=CARTESIAN_POINT('Origin',(-0.4,0.6,-0.65));
#8417=CARTESIAN_POINT('Origin',(-0.4,-0.6,-0.65));
#8418=CARTESIAN_POINT('',(-0.9,-0.6,-0.65));
#8419=CARTESIAN_POINT('Origin',(-0.4,-0.6,-0.65));
#8420=CARTESIAN_POINT('Origin',(-0.4,0.,-0.65));
#8421=CARTESIAN_POINT('',(-0.9,-0.95,-0.65));
#8422=CARTESIAN_POINT('',(-0.9,0.,-0.65));
#8423=CARTESIAN_POINT('Origin',(-0.4,-0.95,-0.65));
#8424=CARTESIAN_POINT('Origin',(-0.4,-0.95,-0.65));
#8425=CARTESIAN_POINT('Origin',(-0.5,0.,-0.5));
#8426=CARTESIAN_POINT('',(-0.1,0.65,-0.5));
#8427=CARTESIAN_POINT('',(-0.86,0.65,-0.5));
#8428=CARTESIAN_POINT('',(-0.49,0.65,-0.5));
#8429=CARTESIAN_POINT('',(-0.1,0.95,-0.5));
#8430=CARTESIAN_POINT('',(-0.1,0.,-0.5));
#8431=CARTESIAN_POINT('',(-0.9,0.95,-0.5));
#8432=CARTESIAN_POINT('',(-0.5,0.95,-0.5));
#8433=CARTESIAN_POINT('',(-0.9,-0.95,-0.5));
#8434=CARTESIAN_POINT('',(-0.9,0.,-0.5));
#8435=CARTESIAN_POINT('',(-0.1,-0.95,-0.5));
#8436=CARTESIAN_POINT('',(-0.5,-0.95,-0.5));
#8437=CARTESIAN_POINT('',(-0.1,-0.65,-0.5));
#8438=CARTESIAN_POINT('',(-0.1,0.,-0.5));
#8439=CARTESIAN_POINT('',(-0.86,-0.65,-0.5));
#8440=CARTESIAN_POINT('',(-0.49,-0.65,-0.5));
#8441=CARTESIAN_POINT('',(-0.86,0.,-0.5));
#8442=CARTESIAN_POINT('Origin',(-0.5,0.,-1.2));
#8443=CARTESIAN_POINT('',(-0.1,0.95,-1.2));
#8444=CARTESIAN_POINT('',(-0.1,-0.95,-1.2));
#8445=CARTESIAN_POINT('',(-0.1,0.,-1.2));
#8446=CARTESIAN_POINT('',(-0.9,-0.95,-1.2));
#8447=CARTESIAN_POINT('',(-0.5,-0.95,-1.2));
#8448=CARTESIAN_POINT('',(-0.9,0.95,-1.2));
#8449=CARTESIAN_POINT('',(-0.9,0.,-1.2));
#8450=CARTESIAN_POINT('',(-0.5,0.95,-1.2));
#8451=CARTESIAN_POINT('Origin',(-0.5,-0.95,-0.85));
#8452=CARTESIAN_POINT('',(-0.9,-0.95,-0.85));
#8453=CARTESIAN_POINT('',(-0.1,-0.95,-0.85));
#8454=CARTESIAN_POINT('Origin',(-0.9,0.,-0.85));
#8455=CARTESIAN_POINT('',(-0.9,0.95,-0.85));
#8456=CARTESIAN_POINT('Origin',(-0.5,0.95,-0.85));
#8457=CARTESIAN_POINT('',(-0.1,0.95,-0.85));
#8458=CARTESIAN_POINT('Origin',(-0.86,0.,-0.305));
#8459=CARTESIAN_POINT('',(-0.86,-0.65,0.04));
#8460=CARTESIAN_POINT('',(-0.86,-0.65,-0.305));
#8461=CARTESIAN_POINT('',(-0.86,0.65,0.04));
#8462=CARTESIAN_POINT('',(-0.86,0.,0.04));
#8463=CARTESIAN_POINT('',(-0.86,0.65,-0.305));
#8464=CARTESIAN_POINT('Origin',(-0.48,-0.65,-0.305));
#8465=CARTESIAN_POINT('',(-0.1,-0.65,0.04));
#8466=CARTESIAN_POINT('',(-0.1,-0.65,-0.305));
#8467=CARTESIAN_POINT('',(-0.48,-0.65,0.04));
#8468=CARTESIAN_POINT('Origin',(-0.48,0.,0.04));
#8469=CARTESIAN_POINT('',(-0.1,0.65,0.04));
#8470=CARTESIAN_POINT('',(-0.1,0.,0.04));
#8471=CARTESIAN_POINT('',(-0.48,0.65,0.04));
#8472=CARTESIAN_POINT('Origin',(-0.48,0.65,-0.305));
#8473=CARTESIAN_POINT('',(-0.1,0.65,-0.305));
#8474=CARTESIAN_POINT('Origin',(-0.1,0.,-0.305));
#8475=CARTESIAN_POINT('Origin',(-0.175,0.,-1.4));
#8476=CARTESIAN_POINT('',(-0.26,0.34,-1.4));
#8477=CARTESIAN_POINT('',(-0.26,-0.34,-1.4));
#8478=CARTESIAN_POINT('',(-0.26,0.,-1.4));
#8479=CARTESIAN_POINT('',(-0.1,0.34,-1.4));
#8480=CARTESIAN_POINT('',(-0.175,0.34,-1.4));
#8481=CARTESIAN_POINT('',(-0.1,-0.34,-1.4));
#8482=CARTESIAN_POINT('',(-0.1,0.,-1.4));
#8483=CARTESIAN_POINT('',(-0.175,-0.34,-1.4));
#8484=CARTESIAN_POINT('Origin',(-0.175,-0.34,-2.2));
#8485=CARTESIAN_POINT('',(-0.26,-0.34,-3.));
#8486=CARTESIAN_POINT('',(-0.26,-0.34,-2.475));
#8487=CARTESIAN_POINT('',(-0.1,-0.34,-3.));
#8488=CARTESIAN_POINT('',(-0.1,-0.34,-2.45));
#8489=CARTESIAN_POINT('',(-0.175,-0.34,-3.));
#8490=CARTESIAN_POINT('Origin',(-0.175,0.,-3.));
#8491=CARTESIAN_POINT('',(-0.26,0.34,-3.));
#8492=CARTESIAN_POINT('',(-0.26,0.,-3.));
#8493=CARTESIAN_POINT('',(-0.1,0.34,-3.));
#8494=CARTESIAN_POINT('',(-0.1,0.,-3.));
#8495=CARTESIAN_POINT('',(-0.175,0.34,-3.));
#8496=CARTESIAN_POINT('Origin',(-0.175,0.34,-2.2));
#8497=CARTESIAN_POINT('',(-0.26,0.34,-2.475));
#8498=CARTESIAN_POINT('',(-0.1,0.34,-2.45));
#8499=CARTESIAN_POINT('Origin',(-1.13,-0.77,-2.75));
#8500=CARTESIAN_POINT('',(-0.26,-0.77,-1.));
#8501=CARTESIAN_POINT('',(-0.9,-0.77,-1.));
#8502=CARTESIAN_POINT('',(-0.815,-0.77,-1.));
#8503=CARTESIAN_POINT('',(-0.26,-0.77,-4.4));
#8504=CARTESIAN_POINT('',(-0.26,-0.77,-2.75));
#8505=CARTESIAN_POINT('',(-0.9,-0.77,-4.4));
#8506=CARTESIAN_POINT('',(-0.815,-0.77,-4.4));
#8507=CARTESIAN_POINT('',(-0.9,-0.77,-2.725));
#8508=CARTESIAN_POINT('Origin',(-1.13,0.77,-2.75));
#8509=CARTESIAN_POINT('',(-0.9,0.77,-1.));
#8510=CARTESIAN_POINT('',(-0.26,0.77,-1.));
#8511=CARTESIAN_POINT('',(-0.815,0.77,-1.));
#8512=CARTESIAN_POINT('',(-0.9,0.77,-4.4));
#8513=CARTESIAN_POINT('',(-0.9,0.77,-2.725));
#8514=CARTESIAN_POINT('',(-0.26,0.77,-4.4));
#8515=CARTESIAN_POINT('',(-0.815,0.77,-4.4));
#8516=CARTESIAN_POINT('',(-0.26,0.77,-2.75));
#8517=CARTESIAN_POINT('Origin',(-0.26,0.,-2.75));
#8518=CARTESIAN_POINT('',(-0.26,0.,-1.));
#8519=CARTESIAN_POINT('',(-0.26,0.,-4.4));
#8520=CARTESIAN_POINT('Origin',(-0.5,0.,-4.4));
#8521=CARTESIAN_POINT('',(-0.9,0.95,-4.4));
#8522=CARTESIAN_POINT('',(-0.9,0.,-4.4));
#8523=CARTESIAN_POINT('',(-0.1,0.95,-4.4));
#8524=CARTESIAN_POINT('',(-0.5,0.95,-4.4));
#8525=CARTESIAN_POINT('',(-0.1,-0.95,-4.4));
#8526=CARTESIAN_POINT('',(-0.1,0.,-4.4));
#8527=CARTESIAN_POINT('',(-0.9,-0.95,-4.4));
#8528=CARTESIAN_POINT('',(-0.5,-0.95,-4.4));
#8529=CARTESIAN_POINT('',(-0.9,0.,-4.4));
#8530=CARTESIAN_POINT('Origin',(-0.9,0.,-2.7));
#8531=CARTESIAN_POINT('',(-0.9,0.95,-1.));
#8532=CARTESIAN_POINT('',(-0.9,0.,-1.));
#8533=CARTESIAN_POINT('',(-0.9,0.95,-2.7));
#8534=CARTESIAN_POINT('Origin',(-0.9,0.,-2.7));
#8535=CARTESIAN_POINT('',(-0.9,-0.95,-1.));
#8536=CARTESIAN_POINT('',(-0.9,-0.95,-2.7));
#8537=CARTESIAN_POINT('',(-0.9,0.,-1.));
#8538=CARTESIAN_POINT('Origin',(-0.5,0.,-1.));
#8539=CARTESIAN_POINT('',(-0.1,-0.95,-1.));
#8540=CARTESIAN_POINT('',(-0.5,-0.95,-1.));
#8541=CARTESIAN_POINT('',(-0.1,0.95,-1.));
#8542=CARTESIAN_POINT('',(-0.1,0.,-1.));
#8543=CARTESIAN_POINT('',(-0.5,0.95,-1.));
#8544=CARTESIAN_POINT('Origin',(-0.5,-0.95,-2.7));
#8545=CARTESIAN_POINT('',(-0.1,-0.95,-2.7));
#8546=CARTESIAN_POINT('Origin',(-0.5,0.95,-2.7));
#8547=CARTESIAN_POINT('',(-0.1,0.95,-2.7));
#8548=CARTESIAN_POINT('Origin',(-0.1,0.,-2.7));
#8549=CARTESIAN_POINT('Origin',(-0.135,0.,-1.855));
#8550=CARTESIAN_POINT('',(-0.12,-0.045,-1.855));
#8551=CARTESIAN_POINT('',(-0.17,-0.045,-1.855));
#8552=CARTESIAN_POINT('',(-0.135,-0.045,-1.855));
#8553=CARTESIAN_POINT('',(-0.12,-0.347095087836172,-1.855));
#8554=CARTESIAN_POINT('',(-0.12,0.,-1.855));
#8555=CARTESIAN_POINT('',(-0.17,-0.347095087836172,-1.855));
#8556=CARTESIAN_POINT('',(-0.19,-0.347095087836172,-1.855));
#8557=CARTESIAN_POINT('',(-0.17,0.,-1.855));
#8558=CARTESIAN_POINT('Origin',(-0.135,0.,-1.945));
#8559=CARTESIAN_POINT('',(-0.17,-0.045,-1.945));
#8560=CARTESIAN_POINT('',(-0.12,-0.045,-1.945));
#8561=CARTESIAN_POINT('',(-0.135,-0.045,-1.945));
#8562=CARTESIAN_POINT('',(-0.17,-0.347095087836172,-1.945));
#8563=CARTESIAN_POINT('',(-0.17,0.,-1.945));
#8564=CARTESIAN_POINT('',(-0.12,-0.347095087836172,-1.945));
#8565=CARTESIAN_POINT('',(-0.19,-0.347095087836172,-1.945));
#8566=CARTESIAN_POINT('',(-0.12,0.,-1.945));
#8567=CARTESIAN_POINT('Origin',(-0.135,0.,-1.945));
#8568=CARTESIAN_POINT('',(-0.17,0.347095087836172,-1.945));
#8569=CARTESIAN_POINT('',(-0.12,0.347095087836172,-1.945));
#8570=CARTESIAN_POINT('',(-0.19,0.347095087836172,-1.945));
#8571=CARTESIAN_POINT('',(-0.17,0.045,-1.945));
#8572=CARTESIAN_POINT('',(-0.17,0.,-1.945));
#8573=CARTESIAN_POINT('',(-0.12,0.045,-1.945));
#8574=CARTESIAN_POINT('',(-0.135,0.045,-1.945));
#8575=CARTESIAN_POINT('',(-0.12,0.,-1.945));
#8576=CARTESIAN_POINT('Origin',(-0.135,0.,-1.855));
#8577=CARTESIAN_POINT('',(-0.12,0.347095087836172,-1.855));
#8578=CARTESIAN_POINT('',(-0.17,0.347095087836172,-1.855));
#8579=CARTESIAN_POINT('',(-0.19,0.347095087836172,-1.855));
#8580=CARTESIAN_POINT('',(-0.12,0.045,-1.855));
#8581=CARTESIAN_POINT('',(-0.12,0.,-1.855));
#8582=CARTESIAN_POINT('',(-0.17,0.045,-1.855));
#8583=CARTESIAN_POINT('',(-0.135,0.045,-1.855));
#8584=CARTESIAN_POINT('',(-0.17,0.,-1.855));
#8585=CARTESIAN_POINT('Origin',(-0.12,0.,-1.9));
#8586=CARTESIAN_POINT('',(-0.12,0.045,-2.24709508783617));
#8587=CARTESIAN_POINT('',(-0.12,0.045,-1.9));
#8588=CARTESIAN_POINT('Origin',(-0.12,0.,-1.9));
#8589=CARTESIAN_POINT('Origin',(-0.135,0.045,-1.9));
#8590=CARTESIAN_POINT('',(-0.17,0.045,-2.24709508783617));
#8591=CARTESIAN_POINT('',(-0.17,0.045,-1.9));
#8592=CARTESIAN_POINT('',(-0.19,0.045,-2.24709508783617));
#8593=CARTESIAN_POINT('Origin',(-0.135,-0.045,-1.9));
#8594=CARTESIAN_POINT('',(-0.12,-0.045,-2.24709508783617));
#8595=CARTESIAN_POINT('',(-0.12,-0.045,-1.9));
#8596=CARTESIAN_POINT('',(-0.17,-0.045,-2.24709508783617));
#8597=CARTESIAN_POINT('',(-0.19,-0.045,-2.24709508783617));
#8598=CARTESIAN_POINT('',(-0.17,-0.045,-1.9));
#8599=CARTESIAN_POINT('Origin',(-0.12,0.,-1.9));
#8600=CARTESIAN_POINT('Origin',(-0.12,0.,-1.9));
#8601=CARTESIAN_POINT('Origin',(-0.19,0.,-1.9));
#8602=CARTESIAN_POINT('Origin',(-0.17,0.,-1.9));
#8603=CARTESIAN_POINT('Origin',(-0.17,0.,-1.9));
#8604=CARTESIAN_POINT('Origin',(-0.17,0.,-1.9));
#8605=CARTESIAN_POINT('',(-0.12,-0.045,-1.55290491216383));
#8606=CARTESIAN_POINT('Origin',(-0.12,0.,-1.9));
#8607=CARTESIAN_POINT('',(-0.17,-0.045,-1.55290491216383));
#8608=CARTESIAN_POINT('',(-0.19,-0.045,-1.55290491216383));
#8609=CARTESIAN_POINT('',(-0.17,-4.28626379701574E-17,-1.55));
#8610=CARTESIAN_POINT('Origin',(-0.17,0.,-1.9));
#8611=CARTESIAN_POINT('',(-0.26,-4.28626379701574E-17,-1.55));
#8612=CARTESIAN_POINT('',(-0.19,-4.28626379701574E-17,-1.55));
#8613=CARTESIAN_POINT('Origin',(-0.26,0.,-1.9));
#8614=CARTESIAN_POINT('',(-0.17,0.045,-1.55290491216383));
#8615=CARTESIAN_POINT('Origin',(-0.17,0.,-1.9));
#8616=CARTESIAN_POINT('',(-0.12,0.045,-1.55290491216383));
#8617=CARTESIAN_POINT('',(-0.19,0.045,-1.55290491216383));
#8618=CARTESIAN_POINT('Origin',(-0.12,0.,-1.9));
#8619=CARTESIAN_POINT('Origin',(-0.135,-0.045,-1.9));
#8620=CARTESIAN_POINT('',(-0.17,-0.045,-1.9));
#8621=CARTESIAN_POINT('',(-0.12,-0.045,-1.9));
#8622=CARTESIAN_POINT('Origin',(-0.17,0.,-1.9));
#8623=CARTESIAN_POINT('',(-0.17,0.045,-1.9));
#8624=CARTESIAN_POINT('Origin',(-0.135,0.045,-1.9));
#8625=CARTESIAN_POINT('',(-0.12,0.045,-1.9));
#8626=CARTESIAN_POINT('Origin',(-0.12,0.,-1.9));
#8627=CARTESIAN_POINT('Origin',(-0.26,0.,-1.9));
#8628=CARTESIAN_POINT('',(-0.26,-2.44929359829471E-17,-1.7));
#8629=CARTESIAN_POINT('Origin',(-0.26,0.,-1.9));
#8630=CARTESIAN_POINT('Origin',(-0.12,0.,-1.9));
#8631=CARTESIAN_POINT('Origin',(-0.505,0.,-1.9));
#8632=CARTESIAN_POINT('',(-0.75,-2.44929359829471E-17,-1.7));
#8633=CARTESIAN_POINT('',(-0.505,-2.44929359829471E-17,-1.7));
#8634=CARTESIAN_POINT('Origin',(-0.75,0.,-1.9));
#8635=CARTESIAN_POINT('Origin',(-0.75,0.,-1.9));
#8636=CARTESIAN_POINT('Origin',(-0.135,0.,-3.455));
#8637=CARTESIAN_POINT('',(-0.12,-0.045,-3.455));
#8638=CARTESIAN_POINT('',(-0.17,-0.045,-3.455));
#8639=CARTESIAN_POINT('',(-0.135,-0.045,-3.455));
#8640=CARTESIAN_POINT('',(-0.12,-0.347095087836172,-3.455));
#8641=CARTESIAN_POINT('',(-0.12,0.,-3.455));
#8642=CARTESIAN_POINT('',(-0.17,-0.347095087836172,-3.455));
#8643=CARTESIAN_POINT('',(-0.19,-0.347095087836172,-3.455));
#8644=CARTESIAN_POINT('',(-0.17,0.,-3.455));
#8645=CARTESIAN_POINT('Origin',(-0.135,0.,-3.545));
#8646=CARTESIAN_POINT('',(-0.17,-0.045,-3.545));
#8647=CARTESIAN_POINT('',(-0.12,-0.045,-3.545));
#8648=CARTESIAN_POINT('',(-0.135,-0.045,-3.545));
#8649=CARTESIAN_POINT('',(-0.17,-0.347095087836172,-3.545));
#8650=CARTESIAN_POINT('',(-0.17,0.,-3.545));
#8651=CARTESIAN_POINT('',(-0.12,-0.347095087836172,-3.545));
#8652=CARTESIAN_POINT('',(-0.19,-0.347095087836172,-3.545));
#8653=CARTESIAN_POINT('',(-0.12,0.,-3.545));
#8654=CARTESIAN_POINT('Origin',(-0.135,0.,-3.545));
#8655=CARTESIAN_POINT('',(-0.17,0.347095087836172,-3.545));
#8656=CARTESIAN_POINT('',(-0.12,0.347095087836172,-3.545));
#8657=CARTESIAN_POINT('',(-0.19,0.347095087836172,-3.545));
#8658=CARTESIAN_POINT('',(-0.17,0.045,-3.545));
#8659=CARTESIAN_POINT('',(-0.17,0.,-3.545));
#8660=CARTESIAN_POINT('',(-0.12,0.045,-3.545));
#8661=CARTESIAN_POINT('',(-0.135,0.045,-3.545));
#8662=CARTESIAN_POINT('',(-0.12,0.,-3.545));
#8663=CARTESIAN_POINT('Origin',(-0.135,0.,-3.455));
#8664=CARTESIAN_POINT('',(-0.12,0.347095087836172,-3.455));
#8665=CARTESIAN_POINT('',(-0.17,0.347095087836172,-3.455));
#8666=CARTESIAN_POINT('',(-0.19,0.347095087836172,-3.455));
#8667=CARTESIAN_POINT('',(-0.12,0.045,-3.455));
#8668=CARTESIAN_POINT('',(-0.12,0.,-3.455));
#8669=CARTESIAN_POINT('',(-0.17,0.045,-3.455));
#8670=CARTESIAN_POINT('',(-0.135,0.045,-3.455));
#8671=CARTESIAN_POINT('',(-0.17,0.,-3.455));
#8672=CARTESIAN_POINT('Origin',(-0.12,0.,-3.5));
#8673=CARTESIAN_POINT('',(-0.12,0.045,-3.84709508783617));
#8674=CARTESIAN_POINT('',(-0.12,0.045,-3.5));
#8675=CARTESIAN_POINT('Origin',(-0.12,0.,-3.5));
#8676=CARTESIAN_POINT('Origin',(-0.135,0.045,-3.5));
#8677=CARTESIAN_POINT('',(-0.17,0.045,-3.84709508783617));
#8678=CARTESIAN_POINT('',(-0.17,0.045,-3.5));
#8679=CARTESIAN_POINT('',(-0.19,0.045,-3.84709508783617));
#8680=CARTESIAN_POINT('Origin',(-0.135,-0.045,-3.5));
#8681=CARTESIAN_POINT('',(-0.12,-0.045,-3.84709508783617));
#8682=CARTESIAN_POINT('',(-0.12,-0.045,-3.5));
#8683=CARTESIAN_POINT('',(-0.17,-0.045,-3.84709508783617));
#8684=CARTESIAN_POINT('',(-0.19,-0.045,-3.84709508783617));
#8685=CARTESIAN_POINT('',(-0.17,-0.045,-3.5));
#8686=CARTESIAN_POINT('Origin',(-0.12,0.,-3.5));
#8687=CARTESIAN_POINT('Origin',(-0.12,0.,-3.5));
#8688=CARTESIAN_POINT('Origin',(-0.19,0.,-3.5));
#8689=CARTESIAN_POINT('Origin',(-0.17,0.,-3.5));
#8690=CARTESIAN_POINT('Origin',(-0.17,0.,-3.5));
#8691=CARTESIAN_POINT('Origin',(-0.17,0.,-3.5));
#8692=CARTESIAN_POINT('',(-0.12,-0.045,-3.15290491216383));
#8693=CARTESIAN_POINT('Origin',(-0.12,0.,-3.5));
#8694=CARTESIAN_POINT('',(-0.17,-0.045,-3.15290491216383));
#8695=CARTESIAN_POINT('',(-0.19,-0.045,-3.15290491216383));
#8696=CARTESIAN_POINT('',(-0.17,-4.28626379701574E-17,-3.15));
#8697=CARTESIAN_POINT('Origin',(-0.17,0.,-3.5));
#8698=CARTESIAN_POINT('',(-0.26,-4.28626379701574E-17,-3.15));
#8699=CARTESIAN_POINT('',(-0.19,-4.28626379701574E-17,-3.15));
#8700=CARTESIAN_POINT('Origin',(-0.26,0.,-3.5));
#8701=CARTESIAN_POINT('',(-0.17,0.045,-3.15290491216383));
#8702=CARTESIAN_POINT('Origin',(-0.17,0.,-3.5));
#8703=CARTESIAN_POINT('',(-0.12,0.045,-3.15290491216383));
#8704=CARTESIAN_POINT('',(-0.19,0.045,-3.15290491216383));
#8705=CARTESIAN_POINT('Origin',(-0.12,0.,-3.5));
#8706=CARTESIAN_POINT('Origin',(-0.135,-0.045,-3.5));
#8707=CARTESIAN_POINT('',(-0.17,-0.045,-3.5));
#8708=CARTESIAN_POINT('',(-0.12,-0.045,-3.5));
#8709=CARTESIAN_POINT('Origin',(-0.17,0.,-3.5));
#8710=CARTESIAN_POINT('',(-0.17,0.045,-3.5));
#8711=CARTESIAN_POINT('Origin',(-0.135,0.045,-3.5));
#8712=CARTESIAN_POINT('',(-0.12,0.045,-3.5));
#8713=CARTESIAN_POINT('Origin',(-0.12,0.,-3.5));
#8714=CARTESIAN_POINT('Origin',(-0.26,0.,-3.5));
#8715=CARTESIAN_POINT('',(-0.26,-2.44929359829471E-17,-3.3));
#8716=CARTESIAN_POINT('Origin',(-0.26,0.,-3.5));
#8717=CARTESIAN_POINT('Origin',(-0.12,0.,-3.5));
#8718=CARTESIAN_POINT('Origin',(-0.505,0.,-3.5));
#8719=CARTESIAN_POINT('',(-0.75,-2.44929359829471E-17,-3.3));
#8720=CARTESIAN_POINT('',(-0.505,-2.44929359829471E-17,-3.3));
#8721=CARTESIAN_POINT('Origin',(-0.75,0.,-3.5));
#8722=CARTESIAN_POINT('Origin',(-0.75,0.,-3.5));
#8723=CARTESIAN_POINT('Origin',(-0.5,0.,-3.7));
#8724=CARTESIAN_POINT('',(-0.35,-0.31,-3.7));
#8725=CARTESIAN_POINT('',(-0.35,0.31,-3.7));
#8726=CARTESIAN_POINT('',(-0.35,0.,-3.7));
#8727=CARTESIAN_POINT('',(-0.65,-0.31,-3.7));
#8728=CARTESIAN_POINT('',(-0.5,-0.31,-3.7));
#8729=CARTESIAN_POINT('',(-0.65,0.31,-3.7));
#8730=CARTESIAN_POINT('',(-0.65,0.,-3.7));
#8731=CARTESIAN_POINT('',(-0.5,0.31,-3.7));
#8732=CARTESIAN_POINT('Origin',(-0.5,0.31,-4.));
#8733=CARTESIAN_POINT('',(-0.35,0.31,-4.3));
#8734=CARTESIAN_POINT('',(-0.35,0.31,-3.55));
#8735=CARTESIAN_POINT('',(-0.65,0.31,-4.3));
#8736=CARTESIAN_POINT('',(-0.65,0.31,-3.55));
#8737=CARTESIAN_POINT('',(-0.5,0.31,-4.3));
#8738=CARTESIAN_POINT('Origin',(-0.5,0.,-4.3));
#8739=CARTESIAN_POINT('',(-0.35,-0.31,-4.3));
#8740=CARTESIAN_POINT('',(-0.35,0.,-4.3));
#8741=CARTESIAN_POINT('',(-0.65,-0.31,-4.3));
#8742=CARTESIAN_POINT('',(-0.65,0.,-4.3));
#8743=CARTESIAN_POINT('',(-0.5,-0.31,-4.3));
#8744=CARTESIAN_POINT('Origin',(-0.5,-0.31,-4.));
#8745=CARTESIAN_POINT('',(-0.35,-0.31,-3.55));
#8746=CARTESIAN_POINT('',(-0.65,-0.31,-3.55));
#8747=CARTESIAN_POINT('Origin',(-0.5,0.,-1.9));
#8748=CARTESIAN_POINT('',(-0.35,-0.31,-1.9));
#8749=CARTESIAN_POINT('',(-0.35,0.31,-1.9));
#8750=CARTESIAN_POINT('',(-0.35,0.,-1.9));
#8751=CARTESIAN_POINT('',(-0.65,-0.31,-1.9));
#8752=CARTESIAN_POINT('',(-0.5,-0.31,-1.9));
#8753=CARTESIAN_POINT('',(-0.65,0.31,-1.9));
#8754=CARTESIAN_POINT('',(-0.65,0.,-1.9));
#8755=CARTESIAN_POINT('',(-0.5,0.31,-1.9));
#8756=CARTESIAN_POINT('Origin',(-0.5,0.31,-2.2));
#8757=CARTESIAN_POINT('',(-0.35,0.31,-2.5));
#8758=CARTESIAN_POINT('',(-0.35,0.31,-2.65));
#8759=CARTESIAN_POINT('',(-0.65,0.31,-2.5));
#8760=CARTESIAN_POINT('',(-0.65,0.31,-2.65));
#8761=CARTESIAN_POINT('',(-0.5,0.31,-2.5));
#8762=CARTESIAN_POINT('Origin',(-0.5,0.,-2.5));
#8763=CARTESIAN_POINT('',(-0.35,-0.31,-2.5));
#8764=CARTESIAN_POINT('',(-0.35,0.,-2.5));
#8765=CARTESIAN_POINT('',(-0.65,-0.31,-2.5));
#8766=CARTESIAN_POINT('',(-0.65,0.,-2.5));
#8767=CARTESIAN_POINT('',(-0.5,-0.31,-2.5));
#8768=CARTESIAN_POINT('Origin',(-0.5,-0.31,-2.2));
#8769=CARTESIAN_POINT('',(-0.35,-0.31,-2.65));
#8770=CARTESIAN_POINT('',(-0.65,-0.31,-2.65));
#8771=CARTESIAN_POINT('Origin',(-0.5,0.,-3.6));
#8772=CARTESIAN_POINT('',(-0.35,0.7,-3.6));
#8773=CARTESIAN_POINT('',(-0.65,0.7,-3.6));
#8774=CARTESIAN_POINT('',(-0.5,0.7,-3.6));
#8775=CARTESIAN_POINT('',(-0.35,1.1,-3.6));
#8776=CARTESIAN_POINT('',(-0.35,0.,-3.6));
#8777=CARTESIAN_POINT('',(-0.65,1.1,-3.6));
#8778=CARTESIAN_POINT('',(-0.5,1.1,-3.6));
#8779=CARTESIAN_POINT('',(-0.65,0.,-3.6));
#8780=CARTESIAN_POINT('Origin',(-0.5,0.,-3.6));
#8781=CARTESIAN_POINT('',(-0.65,-0.7,-3.6));
#8782=CARTESIAN_POINT('',(-0.35,-0.7,-3.6));
#8783=CARTESIAN_POINT('',(-0.5,-0.7,-3.6));
#8784=CARTESIAN_POINT('',(-0.65,-1.1,-3.6));
#8785=CARTESIAN_POINT('',(-0.65,0.,-3.6));
#8786=CARTESIAN_POINT('',(-0.35,-1.1,-3.6));
#8787=CARTESIAN_POINT('',(-0.5,-1.1,-3.6));
#8788=CARTESIAN_POINT('',(-0.35,0.,-3.6));
#8789=CARTESIAN_POINT('Origin',(-0.5,0.,-4.4));
#8790=CARTESIAN_POINT('',(-0.65,0.7,-4.4));
#8791=CARTESIAN_POINT('',(-0.35,0.7,-4.4));
#8792=CARTESIAN_POINT('',(-0.5,0.7,-4.4));
#8793=CARTESIAN_POINT('',(-0.65,1.1,-4.4));
#8794=CARTESIAN_POINT('',(-0.65,0.,-4.4));
#8795=CARTESIAN_POINT('',(-0.35,1.1,-4.4));
#8796=CARTESIAN_POINT('',(-0.5,1.1,-4.4));
#8797=CARTESIAN_POINT('',(-0.35,0.,-4.4));
#8798=CARTESIAN_POINT('Origin',(-0.5,0.,-4.4));
#8799=CARTESIAN_POINT('',(-0.35,-0.7,-4.4));
#8800=CARTESIAN_POINT('',(-0.65,-0.7,-4.4));
#8801=CARTESIAN_POINT('',(-0.5,-0.7,-4.4));
#8802=CARTESIAN_POINT('',(-0.35,-1.1,-4.4));
#8803=CARTESIAN_POINT('',(-0.35,0.,-4.4));
#8804=CARTESIAN_POINT('',(-0.65,-1.1,-4.4));
#8805=CARTESIAN_POINT('',(-0.5,-1.1,-4.4));
#8806=CARTESIAN_POINT('',(-0.65,0.,-4.4));
#8807=CARTESIAN_POINT('Origin',(-0.5,-1.1,-4.));
#8808=CARTESIAN_POINT('',(-0.65,-1.1,-4.));
#8809=CARTESIAN_POINT('',(-0.35,-1.1,-4.));
#8810=CARTESIAN_POINT('Origin',(-0.5,1.1,-4.));
#8811=CARTESIAN_POINT('',(-0.35,1.1,-4.));
#8812=CARTESIAN_POINT('',(-0.65,1.1,-4.));
#8813=CARTESIAN_POINT('Origin',(-0.35,0.,-3.1));
#8814=CARTESIAN_POINT('',(-0.35,0.7,-2.6));
#8815=CARTESIAN_POINT('',(-0.35,0.7,-3.1));
#8816=CARTESIAN_POINT('',(-0.35,1.1,-2.6));
#8817=CARTESIAN_POINT('',(-0.35,0.,-2.6));
#8818=CARTESIAN_POINT('',(-0.35,1.1,-1.8));
#8819=CARTESIAN_POINT('',(-0.35,1.1,-2.2));
#8820=CARTESIAN_POINT('',(-0.35,0.7,-1.8));
#8821=CARTESIAN_POINT('',(-0.35,0.,-1.8));
#8822=CARTESIAN_POINT('',(-0.35,0.7,-1.4));
#8823=CARTESIAN_POINT('',(-0.35,0.7,-3.1));
#8824=CARTESIAN_POINT('',(-0.35,-0.7,-1.4));
#8825=CARTESIAN_POINT('',(-0.35,0.,-1.4));
#8826=CARTESIAN_POINT('',(-0.35,-0.7,-1.8));
#8827=CARTESIAN_POINT('',(-0.35,-0.7,-3.1));
#8828=CARTESIAN_POINT('',(-0.35,-1.1,-1.8));
#8829=CARTESIAN_POINT('',(-0.35,0.,-1.8));
#8830=CARTESIAN_POINT('',(-0.35,-1.1,-2.6));
#8831=CARTESIAN_POINT('',(-0.35,-1.1,-2.2));
#8832=CARTESIAN_POINT('',(-0.35,-0.7,-2.6));
#8833=CARTESIAN_POINT('',(-0.35,0.,-2.6));
#8834=CARTESIAN_POINT('',(-0.35,-0.7,-3.1));
#8835=CARTESIAN_POINT('',(-0.35,-0.7,-4.8));
#8836=CARTESIAN_POINT('',(-0.35,-0.7,-3.1));
#8837=CARTESIAN_POINT('',(-0.35,0.7,-4.8));
#8838=CARTESIAN_POINT('',(-0.35,0.,-4.8));
#8839=CARTESIAN_POINT('',(-0.35,0.7,-3.1));
#8840=CARTESIAN_POINT('Origin',(-0.5,-0.7,-3.1));
#8841=CARTESIAN_POINT('',(-0.65,-0.7,-4.8));
#8842=CARTESIAN_POINT('',(-0.65,-0.7,-3.1));
#8843=CARTESIAN_POINT('',(-0.5,-0.7,-4.8));
#8844=CARTESIAN_POINT('Origin',(-0.5,0.7,-3.1));
#8845=CARTESIAN_POINT('',(-0.65,0.7,-4.8));
#8846=CARTESIAN_POINT('',(-0.5,0.7,-4.8));
#8847=CARTESIAN_POINT('',(-0.65,0.7,-3.1));
#8848=CARTESIAN_POINT('Origin',(-0.5,0.,-1.8));
#8849=CARTESIAN_POINT('',(-0.65,-0.7,-1.8));
#8850=CARTESIAN_POINT('',(-0.5,-0.7,-1.8));
#8851=CARTESIAN_POINT('',(-0.65,-1.1,-1.8));
#8852=CARTESIAN_POINT('',(-0.65,0.,-1.8));
#8853=CARTESIAN_POINT('',(-0.5,-1.1,-1.8));
#8854=CARTESIAN_POINT('Origin',(-0.5,0.,-1.8));
#8855=CARTESIAN_POINT('',(-0.65,0.7,-1.8));
#8856=CARTESIAN_POINT('',(-0.5,0.7,-1.8));
#8857=CARTESIAN_POINT('',(-0.65,1.1,-1.8));
#8858=CARTESIAN_POINT('',(-0.5,1.1,-1.8));
#8859=CARTESIAN_POINT('',(-0.65,0.,-1.8));
#8860=CARTESIAN_POINT('Origin',(-0.5,0.,-2.6));
#8861=CARTESIAN_POINT('',(-0.65,-0.7,-2.6));
#8862=CARTESIAN_POINT('',(-0.5,-0.7,-2.6));
#8863=CARTESIAN_POINT('',(-0.65,-1.1,-2.6));
#8864=CARTESIAN_POINT('',(-0.5,-1.1,-2.6));
#8865=CARTESIAN_POINT('',(-0.65,0.,-2.6));
#8866=CARTESIAN_POINT('Origin',(-0.5,0.,-2.6));
#8867=CARTESIAN_POINT('',(-0.65,0.7,-2.6));
#8868=CARTESIAN_POINT('',(-0.5,0.7,-2.6));
#8869=CARTESIAN_POINT('',(-0.65,1.1,-2.6));
#8870=CARTESIAN_POINT('',(-0.65,0.,-2.6));
#8871=CARTESIAN_POINT('',(-0.5,1.1,-2.6));
#8872=CARTESIAN_POINT('Origin',(-0.5,-1.1,-2.2));
#8873=CARTESIAN_POINT('',(-0.65,-1.1,-2.2));
#8874=CARTESIAN_POINT('Origin',(-0.5,1.1,-2.2));
#8875=CARTESIAN_POINT('',(-0.65,1.1,-2.2));
#8876=CARTESIAN_POINT('Origin',(-0.5,0.7,-3.1));
#8877=CARTESIAN_POINT('',(-0.65,0.7,-3.1));
#8878=CARTESIAN_POINT('Origin',(-0.65,0.,-3.1));
#8879=CARTESIAN_POINT('',(-0.65,-0.7,-3.1));
#8880=CARTESIAN_POINT('',(-0.65,-0.7,-1.4));
#8881=CARTESIAN_POINT('',(-0.65,-0.7,-3.1));
#8882=CARTESIAN_POINT('',(-0.65,0.7,-1.4));
#8883=CARTESIAN_POINT('',(-0.65,0.,-1.4));
#8884=CARTESIAN_POINT('',(-0.65,0.7,-3.1));
#8885=CARTESIAN_POINT('',(-0.65,0.,-4.8));
#8886=CARTESIAN_POINT('Origin',(-0.5,-0.7,-3.1));
#8887=CARTESIAN_POINT('Origin',(-0.5,0.,-1.4));
#8888=CARTESIAN_POINT('',(-0.5,0.7,-1.4));
#8889=CARTESIAN_POINT('',(-0.5,-0.7,-1.4));
#8890=CARTESIAN_POINT('Origin',(-0.5,0.,-4.8));
#8891=CARTESIAN_POINT('Origin',(-0.5,-0.7,-3.1));
#8892=CARTESIAN_POINT('Origin',(-0.5,0.7,-3.1));
#8893=CARTESIAN_POINT('Origin',(-0.52,0.,-2.15));
#8894=CARTESIAN_POINT('',(-0.5,-0.05,-2.15));
#8895=CARTESIAN_POINT('',(-0.56,-0.05,-2.15));
#8896=CARTESIAN_POINT('',(-0.52,-0.05,-2.15));
#8897=CARTESIAN_POINT('',(-0.5,-0.396862696659689,-2.15));
#8898=CARTESIAN_POINT('',(-0.5,0.,-2.15));
#8899=CARTESIAN_POINT('',(-0.56,-0.396862696659689,-2.15));
#8900=CARTESIAN_POINT('',(-0.575,-0.396862696659689,-2.15));
#8901=CARTESIAN_POINT('',(-0.56,0.,-2.15));
#8902=CARTESIAN_POINT('Origin',(-0.52,0.,-2.25));
#8903=CARTESIAN_POINT('',(-0.56,-0.05,-2.25));
#8904=CARTESIAN_POINT('',(-0.5,-0.05,-2.25));
#8905=CARTESIAN_POINT('',(-0.52,-0.05,-2.25));
#8906=CARTESIAN_POINT('',(-0.56,-0.396862696659689,-2.25));
#8907=CARTESIAN_POINT('',(-0.56,0.,-2.25));
#8908=CARTESIAN_POINT('',(-0.5,-0.396862696659689,-2.25));
#8909=CARTESIAN_POINT('',(-0.575,-0.396862696659689,-2.25));
#8910=CARTESIAN_POINT('',(-0.5,0.,-2.25));
#8911=CARTESIAN_POINT('Origin',(-0.52,0.,-2.25));
#8912=CARTESIAN_POINT('',(-0.56,0.396862696659689,-2.25));
#8913=CARTESIAN_POINT('',(-0.5,0.396862696659689,-2.25));
#8914=CARTESIAN_POINT('',(-0.575,0.396862696659689,-2.25));
#8915=CARTESIAN_POINT('',(-0.56,0.05,-2.25));
#8916=CARTESIAN_POINT('',(-0.56,0.,-2.25));
#8917=CARTESIAN_POINT('',(-0.5,0.05,-2.25));
#8918=CARTESIAN_POINT('',(-0.52,0.05,-2.25));
#8919=CARTESIAN_POINT('',(-0.5,0.,-2.25));
#8920=CARTESIAN_POINT('Origin',(-0.52,0.,-2.15));
#8921=CARTESIAN_POINT('',(-0.5,0.396862696659689,-2.15));
#8922=CARTESIAN_POINT('',(-0.56,0.396862696659689,-2.15));
#8923=CARTESIAN_POINT('',(-0.575,0.396862696659689,-2.15));
#8924=CARTESIAN_POINT('',(-0.5,0.05,-2.15));
#8925=CARTESIAN_POINT('',(-0.5,0.,-2.15));
#8926=CARTESIAN_POINT('',(-0.56,0.05,-2.15));
#8927=CARTESIAN_POINT('',(-0.52,0.05,-2.15));
#8928=CARTESIAN_POINT('',(-0.56,0.,-2.15));
#8929=CARTESIAN_POINT('Origin',(-0.5,0.,-2.2));
#8930=CARTESIAN_POINT('',(-0.5,0.05,-2.59686269665969));
#8931=CARTESIAN_POINT('',(-0.5,0.05,-2.2));
#8932=CARTESIAN_POINT('Origin',(-0.5,0.,-2.2));
#8933=CARTESIAN_POINT('Origin',(-0.52,0.05,-2.2));
#8934=CARTESIAN_POINT('',(-0.56,0.05,-2.59686269665969));
#8935=CARTESIAN_POINT('',(-0.56,0.05,-2.2));
#8936=CARTESIAN_POINT('',(-0.575,0.05,-2.59686269665969));
#8937=CARTESIAN_POINT('Origin',(-0.52,-0.05,-2.2));
#8938=CARTESIAN_POINT('',(-0.5,-0.05,-2.59686269665969));
#8939=CARTESIAN_POINT('',(-0.5,-0.05,-2.2));
#8940=CARTESIAN_POINT('',(-0.56,-0.05,-2.59686269665969));
#8941=CARTESIAN_POINT('',(-0.575,-0.05,-2.59686269665969));
#8942=CARTESIAN_POINT('',(-0.56,-0.05,-2.2));
#8943=CARTESIAN_POINT('Origin',(-0.5,0.,-2.2));
#8944=CARTESIAN_POINT('Origin',(-0.5,0.,-2.2));
#8945=CARTESIAN_POINT('Origin',(-0.575,0.,-2.2));
#8946=CARTESIAN_POINT('Origin',(-0.56,0.,-2.2));
#8947=CARTESIAN_POINT('Origin',(-0.56,0.,-2.2));
#8948=CARTESIAN_POINT('Origin',(-0.56,0.,-2.2));
#8949=CARTESIAN_POINT('',(-0.5,-0.05,-1.80313730334031));
#8950=CARTESIAN_POINT('Origin',(-0.5,0.,-2.2));
#8951=CARTESIAN_POINT('',(-0.56,-0.05,-1.80313730334031));
#8952=CARTESIAN_POINT('',(-0.575,-0.05,-1.80313730334031));
#8953=CARTESIAN_POINT('',(-0.56,-4.89858719658941E-17,-1.8));
#8954=CARTESIAN_POINT('Origin',(-0.56,0.,-2.2));
#8955=CARTESIAN_POINT('',(-0.65,-4.89858719658941E-17,-1.8));
#8956=CARTESIAN_POINT('',(-0.575,-4.89858719658941E-17,-1.8));
#8957=CARTESIAN_POINT('Origin',(-0.65,0.,-2.2));
#8958=CARTESIAN_POINT('',(-0.56,0.05,-1.80313730334031));
#8959=CARTESIAN_POINT('Origin',(-0.56,0.,-2.2));
#8960=CARTESIAN_POINT('',(-0.5,0.05,-1.80313730334031));
#8961=CARTESIAN_POINT('',(-0.575,0.05,-1.80313730334031));
#8962=CARTESIAN_POINT('Origin',(-0.5,0.,-2.2));
#8963=CARTESIAN_POINT('Origin',(-0.52,-0.05,-2.2));
#8964=CARTESIAN_POINT('',(-0.56,-0.05,-2.2));
#8965=CARTESIAN_POINT('',(-0.5,-0.05,-2.2));
#8966=CARTESIAN_POINT('Origin',(-0.56,0.,-2.2));
#8967=CARTESIAN_POINT('',(-0.56,0.05,-2.2));
#8968=CARTESIAN_POINT('Origin',(-0.52,0.05,-2.2));
#8969=CARTESIAN_POINT('',(-0.5,0.05,-2.2));
#8970=CARTESIAN_POINT('Origin',(-0.5,0.,-2.2));
#8971=CARTESIAN_POINT('Origin',(-0.65,0.,-2.2));
#8972=CARTESIAN_POINT('',(-0.65,-2.69422295812418E-17,-1.98));
#8973=CARTESIAN_POINT('Origin',(-0.65,0.,-2.2));
#8974=CARTESIAN_POINT('Origin',(-0.5,0.,-2.2));
#8975=CARTESIAN_POINT('Origin',(-1.025,0.,-2.2));
#8976=CARTESIAN_POINT('',(-1.4,-2.69422295812418E-17,-1.98));
#8977=CARTESIAN_POINT('',(-1.025,-2.69422295812418E-17,-1.98));
#8978=CARTESIAN_POINT('Origin',(-1.4,0.,-2.2));
#8979=CARTESIAN_POINT('Origin',(-1.4,0.,-2.2));
#8980=CARTESIAN_POINT('Origin',(-0.52,0.,-3.95));
#8981=CARTESIAN_POINT('',(-0.5,-0.05,-3.95));
#8982=CARTESIAN_POINT('',(-0.56,-0.05,-3.95));
#8983=CARTESIAN_POINT('',(-0.52,-0.05,-3.95));
#8984=CARTESIAN_POINT('',(-0.5,-0.396862696659689,-3.95));
#8985=CARTESIAN_POINT('',(-0.5,0.,-3.95));
#8986=CARTESIAN_POINT('',(-0.56,-0.396862696659689,-3.95));
#8987=CARTESIAN_POINT('',(-0.575,-0.396862696659689,-3.95));
#8988=CARTESIAN_POINT('',(-0.56,0.,-3.95));
#8989=CARTESIAN_POINT('Origin',(-0.52,0.,-4.05));
#8990=CARTESIAN_POINT('',(-0.56,-0.05,-4.05));
#8991=CARTESIAN_POINT('',(-0.5,-0.05,-4.05));
#8992=CARTESIAN_POINT('',(-0.52,-0.05,-4.05));
#8993=CARTESIAN_POINT('',(-0.56,-0.396862696659689,-4.05));
#8994=CARTESIAN_POINT('',(-0.56,0.,-4.05));
#8995=CARTESIAN_POINT('',(-0.5,-0.396862696659689,-4.05));
#8996=CARTESIAN_POINT('',(-0.575,-0.396862696659689,-4.05));
#8997=CARTESIAN_POINT('',(-0.5,0.,-4.05));
#8998=CARTESIAN_POINT('Origin',(-0.52,0.,-4.05));
#8999=CARTESIAN_POINT('',(-0.56,0.396862696659689,-4.05));
#9000=CARTESIAN_POINT('',(-0.5,0.396862696659689,-4.05));
#9001=CARTESIAN_POINT('',(-0.575,0.396862696659689,-4.05));
#9002=CARTESIAN_POINT('',(-0.56,0.05,-4.05));
#9003=CARTESIAN_POINT('',(-0.56,0.,-4.05));
#9004=CARTESIAN_POINT('',(-0.5,0.05,-4.05));
#9005=CARTESIAN_POINT('',(-0.52,0.05,-4.05));
#9006=CARTESIAN_POINT('',(-0.5,0.,-4.05));
#9007=CARTESIAN_POINT('Origin',(-0.52,0.,-3.95));
#9008=CARTESIAN_POINT('',(-0.5,0.396862696659689,-3.95));
#9009=CARTESIAN_POINT('',(-0.56,0.396862696659689,-3.95));
#9010=CARTESIAN_POINT('',(-0.575,0.396862696659689,-3.95));
#9011=CARTESIAN_POINT('',(-0.5,0.05,-3.95));
#9012=CARTESIAN_POINT('',(-0.5,0.,-3.95));
#9013=CARTESIAN_POINT('',(-0.56,0.05,-3.95));
#9014=CARTESIAN_POINT('',(-0.52,0.05,-3.95));
#9015=CARTESIAN_POINT('',(-0.56,0.,-3.95));
#9016=CARTESIAN_POINT('Origin',(-0.5,0.,-4.));
#9017=CARTESIAN_POINT('',(-0.5,0.05,-4.39686269665969));
#9018=CARTESIAN_POINT('',(-0.5,0.05,-4.));
#9019=CARTESIAN_POINT('Origin',(-0.5,0.,-4.));
#9020=CARTESIAN_POINT('Origin',(-0.52,0.05,-4.));
#9021=CARTESIAN_POINT('',(-0.56,0.05,-4.39686269665969));
#9022=CARTESIAN_POINT('',(-0.56,0.05,-4.));
#9023=CARTESIAN_POINT('',(-0.575,0.05,-4.39686269665969));
#9024=CARTESIAN_POINT('Origin',(-0.52,-0.05,-4.));
#9025=CARTESIAN_POINT('',(-0.5,-0.05,-4.39686269665969));
#9026=CARTESIAN_POINT('',(-0.5,-0.05,-4.));
#9027=CARTESIAN_POINT('',(-0.56,-0.05,-4.39686269665969));
#9028=CARTESIAN_POINT('',(-0.575,-0.05,-4.39686269665969));
#9029=CARTESIAN_POINT('',(-0.56,-0.05,-4.));
#9030=CARTESIAN_POINT('Origin',(-0.5,0.,-4.));
#9031=CARTESIAN_POINT('Origin',(-0.5,0.,-4.));
#9032=CARTESIAN_POINT('Origin',(-0.575,0.,-4.));
#9033=CARTESIAN_POINT('Origin',(-0.56,0.,-4.));
#9034=CARTESIAN_POINT('Origin',(-0.56,0.,-4.));
#9035=CARTESIAN_POINT('Origin',(-0.56,0.,-4.));
#9036=CARTESIAN_POINT('',(-0.5,-0.05,-3.60313730334031));
#9037=CARTESIAN_POINT('Origin',(-0.5,0.,-4.));
#9038=CARTESIAN_POINT('',(-0.56,-0.05,-3.60313730334031));
#9039=CARTESIAN_POINT('',(-0.575,-0.05,-3.60313730334031));
#9040=CARTESIAN_POINT('',(-0.56,-4.89858719658941E-17,-3.6));
#9041=CARTESIAN_POINT('Origin',(-0.56,0.,-4.));
#9042=CARTESIAN_POINT('',(-0.65,-4.89858719658941E-17,-3.6));
#9043=CARTESIAN_POINT('',(-0.575,-4.89858719658941E-17,-3.6));
#9044=CARTESIAN_POINT('Origin',(-0.65,0.,-4.));
#9045=CARTESIAN_POINT('',(-0.56,0.05,-3.60313730334031));
#9046=CARTESIAN_POINT('Origin',(-0.56,0.,-4.));
#9047=CARTESIAN_POINT('',(-0.5,0.05,-3.60313730334031));
#9048=CARTESIAN_POINT('',(-0.575,0.05,-3.60313730334031));
#9049=CARTESIAN_POINT('Origin',(-0.5,0.,-4.));
#9050=CARTESIAN_POINT('Origin',(-0.52,-0.05,-4.));
#9051=CARTESIAN_POINT('',(-0.56,-0.05,-4.));
#9052=CARTESIAN_POINT('',(-0.5,-0.05,-4.));
#9053=CARTESIAN_POINT('Origin',(-0.56,0.,-4.));
#9054=CARTESIAN_POINT('',(-0.56,0.05,-4.));
#9055=CARTESIAN_POINT('Origin',(-0.52,0.05,-4.));
#9056=CARTESIAN_POINT('',(-0.5,0.05,-4.));
#9057=CARTESIAN_POINT('Origin',(-0.5,0.,-4.));
#9058=CARTESIAN_POINT('Origin',(-0.65,0.,-4.));
#9059=CARTESIAN_POINT('',(-0.65,-2.69422295812418E-17,-3.78));
#9060=CARTESIAN_POINT('Origin',(-0.65,0.,-4.));
#9061=CARTESIAN_POINT('Origin',(-0.5,0.,-4.));
#9062=CARTESIAN_POINT('Origin',(-1.025,0.,-4.));
#9063=CARTESIAN_POINT('',(-1.4,-2.69422295812418E-17,-3.78));
#9064=CARTESIAN_POINT('',(-1.025,-2.69422295812418E-17,-3.78));
#9065=CARTESIAN_POINT('Origin',(-1.4,0.,-4.));
#9066=CARTESIAN_POINT('Origin',(-1.4,0.,-4.));
#9067=CARTESIAN_POINT('Origin',(1.45,-2.04,-0.225));
#9068=CARTESIAN_POINT('',(1.5,-2.04,-0.26));
#9069=CARTESIAN_POINT('',(1.4,-2.04,-0.26));
#9070=CARTESIAN_POINT('',(1.45,-2.04,-0.26));
#9071=CARTESIAN_POINT('',(1.5,-2.04,-0.17));
#9072=CARTESIAN_POINT('',(1.5,-2.04,-0.225));
#9073=CARTESIAN_POINT('',(1.4,-2.04,-0.17));
#9074=CARTESIAN_POINT('',(1.45,-2.04,-0.17));
#9075=CARTESIAN_POINT('',(1.4,-2.04,-0.225));
#9076=CARTESIAN_POINT('Origin',(1.5,-2.4,-0.225));
#9077=CARTESIAN_POINT('',(1.5,-2.45,-0.26));
#9078=CARTESIAN_POINT('',(1.5,-2.45,-0.17));
#9079=CARTESIAN_POINT('',(1.5,-2.45,-0.225));
#9080=CARTESIAN_POINT('',(1.5,-2.76,-0.26));
#9081=CARTESIAN_POINT('',(1.5,-2.4,-0.26));
#9082=CARTESIAN_POINT('',(1.5,-2.76,-0.17));
#9083=CARTESIAN_POINT('',(1.5,-2.76,-0.225));
#9084=CARTESIAN_POINT('',(1.5,-2.4,-0.17));
#9085=CARTESIAN_POINT('Origin',(1.4,-2.4,-0.225));
#9086=CARTESIAN_POINT('',(1.4,-2.45,-0.17));
#9087=CARTESIAN_POINT('',(1.4,-2.45,-0.26));
#9088=CARTESIAN_POINT('',(1.4,-2.45,-0.225));
#9089=CARTESIAN_POINT('',(1.4,-2.76,-0.17));
#9090=CARTESIAN_POINT('',(1.4,-2.4,-0.17));
#9091=CARTESIAN_POINT('',(1.4,-2.76,-0.26));
#9092=CARTESIAN_POINT('',(1.4,-2.76,-0.225));
#9093=CARTESIAN_POINT('',(1.4,-2.4,-0.26));
#9094=CARTESIAN_POINT('Origin',(1.4,-2.4,-0.225));
#9095=CARTESIAN_POINT('',(1.4,-2.35,-0.26));
#9096=CARTESIAN_POINT('',(1.4,-2.4,-0.26));
#9097=CARTESIAN_POINT('',(1.4,-2.35,-0.17));
#9098=CARTESIAN_POINT('',(1.4,-2.4,-0.17));
#9099=CARTESIAN_POINT('',(1.4,-2.35,-0.225));
#9100=CARTESIAN_POINT('Origin',(1.45,-2.76,-0.225));
#9101=CARTESIAN_POINT('',(1.45,-2.76,-0.26));
#9102=CARTESIAN_POINT('',(1.45,-2.76,-0.17));
#9103=CARTESIAN_POINT('Origin',(1.5,-2.4,-0.225));
#9104=CARTESIAN_POINT('',(1.5,-2.35,-0.26));
#9105=CARTESIAN_POINT('',(1.5,-2.4,-0.26));
#9106=CARTESIAN_POINT('',(1.5,-2.35,-0.17));
#9107=CARTESIAN_POINT('',(1.5,-2.35,-0.225));
#9108=CARTESIAN_POINT('',(1.5,-2.4,-0.17));
#9109=CARTESIAN_POINT('Origin',(1.45,-2.35,-0.225));
#9110=CARTESIAN_POINT('',(1.09,-2.35,-0.17));
#9111=CARTESIAN_POINT('',(1.45,-2.35,-0.17));
#9112=CARTESIAN_POINT('',(1.09,-2.35,-0.26));
#9113=CARTESIAN_POINT('',(1.09,-2.35,-0.225));
#9114=CARTESIAN_POINT('',(1.45,-2.35,-0.26));
#9115=CARTESIAN_POINT('Origin',(1.45,-2.45,-0.225));
#9116=CARTESIAN_POINT('',(1.09,-2.45,-0.26));
#9117=CARTESIAN_POINT('',(1.45,-2.45,-0.26));
#9118=CARTESIAN_POINT('',(1.09,-2.45,-0.17));
#9119=CARTESIAN_POINT('',(1.09,-2.45,-0.225));
#9120=CARTESIAN_POINT('',(1.45,-2.45,-0.17));
#9121=CARTESIAN_POINT('Origin',(1.45,-2.4,-0.26));
#9122=CARTESIAN_POINT('',(1.05,-2.4,-0.26));
#9123=CARTESIAN_POINT('Origin',(1.45,-2.4,-0.26));
#9124=CARTESIAN_POINT('',(1.09,-2.4,-0.26));
#9125=CARTESIAN_POINT('',(1.81,-2.45,-0.26));
#9126=CARTESIAN_POINT('',(1.45,-2.45,-0.26));
#9127=CARTESIAN_POINT('',(1.81,-2.35,-0.26));
#9128=CARTESIAN_POINT('',(1.81,-2.4,-0.26));
#9129=CARTESIAN_POINT('',(1.45,-2.35,-0.26));
#9130=CARTESIAN_POINT('Origin',(1.45,-2.35,-0.225));
#9131=CARTESIAN_POINT('',(1.81,-2.35,-0.17));
#9132=CARTESIAN_POINT('',(1.81,-2.35,-0.225));
#9133=CARTESIAN_POINT('',(1.45,-2.35,-0.17));
#9134=CARTESIAN_POINT('Origin',(1.09,-2.4,-0.225));
#9135=CARTESIAN_POINT('',(1.09,-2.4,-0.17));
#9136=CARTESIAN_POINT('Origin',(1.45,-2.4,-0.17));
#9137=CARTESIAN_POINT('',(1.81,-2.45,-0.17));
#9138=CARTESIAN_POINT('',(1.81,-2.4,-0.17));
#9139=CARTESIAN_POINT('',(1.45,-2.45,-0.17));
#9140=CARTESIAN_POINT('Origin',(1.45,-2.45,-0.225));
#9141=CARTESIAN_POINT('',(1.81,-2.45,-0.225));
#9142=CARTESIAN_POINT('Origin',(1.81,-2.4,-0.225));
#9143=CARTESIAN_POINT('Origin',(1.45,-2.4,-0.19));
#9144=CARTESIAN_POINT('',(1.05,-2.4,-0.19));
#9145=CARTESIAN_POINT('Origin',(1.45,-2.4,-0.19));
#9146=CARTESIAN_POINT('',(1.05791666666667,-2.4,-0.19));
#9147=CARTESIAN_POINT('Origin',(1.45,-2.4,-0.19));
#9148=CARTESIAN_POINT('Origin',(1.45,-2.4,-0.225));
#9149=CARTESIAN_POINT('',(1.05,-2.4,-0.225));
#9150=CARTESIAN_POINT('Origin',(1.45,-2.4,0.04));
#9151=CARTESIAN_POINT('',(1.24,-2.4,0.0400000000000001));
#9152=CARTESIAN_POINT('Origin',(1.45,-2.4,0.04));
#9153=CARTESIAN_POINT('',(1.25,-2.4,0.04));
#9154=CARTESIAN_POINT('Origin',(1.45,-2.4,0.04));
#9155=CARTESIAN_POINT('Origin',(1.45,-2.4,-0.08));
#9156=CARTESIAN_POINT('',(1.145,-2.4,-0.08));
#9157=CARTESIAN_POINT('Origin',(1.45,-2.4,0.6));
#9158=CARTESIAN_POINT('',(1.25,-2.4,1.2));
#9159=CARTESIAN_POINT('Origin',(1.45,-2.4,1.2));
#9160=CARTESIAN_POINT('',(1.25,-2.4,0.6));
#9161=CARTESIAN_POINT('Origin',(1.45,-2.4,1.2));
#9162=CARTESIAN_POINT('Origin',(1.45,2.76,-0.225));
#9163=CARTESIAN_POINT('',(1.5,2.76,-0.26));
#9164=CARTESIAN_POINT('',(1.4,2.76,-0.26));
#9165=CARTESIAN_POINT('',(1.45,2.76,-0.26));
#9166=CARTESIAN_POINT('',(1.5,2.76,-0.17));
#9167=CARTESIAN_POINT('',(1.5,2.76,-0.225));
#9168=CARTESIAN_POINT('',(1.4,2.76,-0.17));
#9169=CARTESIAN_POINT('',(1.45,2.76,-0.17));
#9170=CARTESIAN_POINT('',(1.4,2.76,-0.225));
#9171=CARTESIAN_POINT('Origin',(1.5,2.4,-0.225));
#9172=CARTESIAN_POINT('',(1.5,2.35,-0.26));
#9173=CARTESIAN_POINT('',(1.5,2.35,-0.17));
#9174=CARTESIAN_POINT('',(1.5,2.35,-0.225));
#9175=CARTESIAN_POINT('',(1.5,2.04,-0.26));
#9176=CARTESIAN_POINT('',(1.5,2.4,-0.26));
#9177=CARTESIAN_POINT('',(1.5,2.04,-0.17));
#9178=CARTESIAN_POINT('',(1.5,2.04,-0.225));
#9179=CARTESIAN_POINT('',(1.5,2.4,-0.17));
#9180=CARTESIAN_POINT('Origin',(1.4,2.4,-0.225));
#9181=CARTESIAN_POINT('',(1.4,2.35,-0.17));
#9182=CARTESIAN_POINT('',(1.4,2.35,-0.26));
#9183=CARTESIAN_POINT('',(1.4,2.35,-0.225));
#9184=CARTESIAN_POINT('',(1.4,2.04,-0.17));
#9185=CARTESIAN_POINT('',(1.4,2.4,-0.17));
#9186=CARTESIAN_POINT('',(1.4,2.04,-0.26));
#9187=CARTESIAN_POINT('',(1.4,2.04,-0.225));
#9188=CARTESIAN_POINT('',(1.4,2.4,-0.26));
#9189=CARTESIAN_POINT('Origin',(1.4,2.4,-0.225));
#9190=CARTESIAN_POINT('',(1.4,2.45,-0.26));
#9191=CARTESIAN_POINT('',(1.4,2.4,-0.26));
#9192=CARTESIAN_POINT('',(1.4,2.45,-0.17));
#9193=CARTESIAN_POINT('',(1.4,2.4,-0.17));
#9194=CARTESIAN_POINT('',(1.4,2.45,-0.225));
#9195=CARTESIAN_POINT('Origin',(1.45,2.04,-0.225));
#9196=CARTESIAN_POINT('',(1.45,2.04,-0.26));
#9197=CARTESIAN_POINT('',(1.45,2.04,-0.17));
#9198=CARTESIAN_POINT('Origin',(1.5,2.4,-0.225));
#9199=CARTESIAN_POINT('',(1.5,2.45,-0.26));
#9200=CARTESIAN_POINT('',(1.5,2.4,-0.26));
#9201=CARTESIAN_POINT('',(1.5,2.45,-0.17));
#9202=CARTESIAN_POINT('',(1.5,2.45,-0.225));
#9203=CARTESIAN_POINT('',(1.5,2.4,-0.17));
#9204=CARTESIAN_POINT('Origin',(1.45,2.45,-0.225));
#9205=CARTESIAN_POINT('',(1.09,2.45,-0.17));
#9206=CARTESIAN_POINT('',(1.45,2.45,-0.17));
#9207=CARTESIAN_POINT('',(1.09,2.45,-0.26));
#9208=CARTESIAN_POINT('',(1.09,2.45,-0.225));
#9209=CARTESIAN_POINT('',(1.45,2.45,-0.26));
#9210=CARTESIAN_POINT('Origin',(1.45,2.35,-0.225));
#9211=CARTESIAN_POINT('',(1.09,2.35,-0.26));
#9212=CARTESIAN_POINT('',(1.45,2.35,-0.26));
#9213=CARTESIAN_POINT('',(1.09,2.35,-0.17));
#9214=CARTESIAN_POINT('',(1.09,2.35,-0.225));
#9215=CARTESIAN_POINT('',(1.45,2.35,-0.17));
#9216=CARTESIAN_POINT('Origin',(1.45,2.4,-0.26));
#9217=CARTESIAN_POINT('',(1.05,2.4,-0.26));
#9218=CARTESIAN_POINT('Origin',(1.45,2.4,-0.26));
#9219=CARTESIAN_POINT('',(1.09,2.4,-0.26));
#9220=CARTESIAN_POINT('',(1.81,2.35,-0.26));
#9221=CARTESIAN_POINT('',(1.45,2.35,-0.26));
#9222=CARTESIAN_POINT('',(1.81,2.45,-0.26));
#9223=CARTESIAN_POINT('',(1.81,2.4,-0.26));
#9224=CARTESIAN_POINT('',(1.45,2.45,-0.26));
#9225=CARTESIAN_POINT('Origin',(1.45,2.45,-0.225));
#9226=CARTESIAN_POINT('',(1.81,2.45,-0.17));
#9227=CARTESIAN_POINT('',(1.81,2.45,-0.225));
#9228=CARTESIAN_POINT('',(1.45,2.45,-0.17));
#9229=CARTESIAN_POINT('Origin',(1.09,2.4,-0.225));
#9230=CARTESIAN_POINT('',(1.09,2.4,-0.17));
#9231=CARTESIAN_POINT('Origin',(1.45,2.4,-0.17));
#9232=CARTESIAN_POINT('',(1.81,2.35,-0.17));
#9233=CARTESIAN_POINT('',(1.81,2.4,-0.17));
#9234=CARTESIAN_POINT('',(1.45,2.35,-0.17));
#9235=CARTESIAN_POINT('Origin',(1.45,2.35,-0.225));
#9236=CARTESIAN_POINT('',(1.81,2.35,-0.225));
#9237=CARTESIAN_POINT('Origin',(1.81,2.4,-0.225));
#9238=CARTESIAN_POINT('Origin',(1.45,2.4,-0.19));
#9239=CARTESIAN_POINT('',(1.05,2.4,-0.19));
#9240=CARTESIAN_POINT('Origin',(1.45,2.4,-0.19));
#9241=CARTESIAN_POINT('',(1.05791666666667,2.4,-0.19));
#9242=CARTESIAN_POINT('Origin',(1.45,2.4,-0.19));
#9243=CARTESIAN_POINT('Origin',(1.45,2.4,-0.225));
#9244=CARTESIAN_POINT('',(1.05,2.4,-0.225));
#9245=CARTESIAN_POINT('Origin',(1.45,2.4,0.04));
#9246=CARTESIAN_POINT('',(1.24,2.4,0.0400000000000001));
#9247=CARTESIAN_POINT('Origin',(1.45,2.4,0.04));
#9248=CARTESIAN_POINT('',(1.25,2.4,0.04));
#9249=CARTESIAN_POINT('Origin',(1.45,2.4,0.04));
#9250=CARTESIAN_POINT('Origin',(1.45,2.4,-0.08));
#9251=CARTESIAN_POINT('',(1.145,2.4,-0.08));
#9252=CARTESIAN_POINT('Origin',(1.45,2.4,0.6));
#9253=CARTESIAN_POINT('',(1.25,2.4,1.2));
#9254=CARTESIAN_POINT('Origin',(1.45,2.4,1.2));
#9255=CARTESIAN_POINT('',(1.25,2.4,0.6));
#9256=CARTESIAN_POINT('Origin',(1.45,2.4,1.2));
#9257=UNCERTAINTY_MEASURE_WITH_UNIT(LENGTH_MEASURE(0.001),#9261,
'DISTANCE_ACCURACY_VALUE',
'Maximum model space distance between geometric entities at asserted c
onnectivities');
#9258=UNCERTAINTY_MEASURE_WITH_UNIT(LENGTH_MEASURE(0.001),#9261,
'DISTANCE_ACCURACY_VALUE',
'Maximum model space distance between geometric entities at asserted c
onnectivities');
#9259=(
GEOMETRIC_REPRESENTATION_CONTEXT(3)
GLOBAL_UNCERTAINTY_ASSIGNED_CONTEXT((#9257))
GLOBAL_UNIT_ASSIGNED_CONTEXT((#9261,#9263,#9264))
REPRESENTATION_CONTEXT('','3D')
);
#9260=(
GEOMETRIC_REPRESENTATION_CONTEXT(3)
GLOBAL_UNCERTAINTY_ASSIGNED_CONTEXT((#9258))
GLOBAL_UNIT_ASSIGNED_CONTEXT((#9261,#9263,#9264))
REPRESENTATION_CONTEXT('','3D')
);
#9261=(
LENGTH_UNIT()
NAMED_UNIT(*)
SI_UNIT(.CENTI.,.METRE.)
);
#9262=(
LENGTH_UNIT()
NAMED_UNIT(*)
SI_UNIT($,.METRE.)
);
#9263=(
NAMED_UNIT(*)
PLANE_ANGLE_UNIT()
SI_UNIT($,.RADIAN.)
);
#9264=(
NAMED_UNIT(*)
SI_UNIT($,.STERADIAN.)
SOLID_ANGLE_UNIT()
);
#9265=SHAPE_DEFINITION_REPRESENTATION(#9266,#9267);
#9266=PRODUCT_DEFINITION_SHAPE('',$,#9269);
#9267=SHAPE_REPRESENTATION('',(#5460),#9259);
#9268=PRODUCT_DEFINITION_CONTEXT('part definition',#9273,'design');
#9269=PRODUCT_DEFINITION('2026-09-29-16-30-07-089',
'Bisagra O35 base -6',#9270,#9268);
#9270=PRODUCT_DEFINITION_FORMATION('',$,#9275);
#9271=PRODUCT_RELATED_PRODUCT_CATEGORY('Bisagra O35 base -6',
'Bisagra O35 base -6',(#9275));
#9272=APPLICATION_PROTOCOL_DEFINITION('international standard',
'automotive_design',2009,#9273);
#9273=APPLICATION_CONTEXT(
'Core Data for Automotive Mechanical Design Process');
#9274=PRODUCT_CONTEXT('part definition',#9273,'mechanical');
#9275=PRODUCT('2026-09-29-16-30-07-089','Bisagra O35 base -6',$,(#9274));
#9276=PRESENTATION_STYLE_ASSIGNMENT((#9278));
#9277=PRESENTATION_STYLE_ASSIGNMENT((#9279));
#9278=SURFACE_STYLE_USAGE(.BOTH.,#9280);
#9279=SURFACE_STYLE_USAGE(.BOTH.,#9281);
#9280=SURFACE_SIDE_STYLE('',(#9282));
#9281=SURFACE_SIDE_STYLE('',(#9283));
#9282=SURFACE_STYLE_FILL_AREA(#9284);
#9283=SURFACE_STYLE_FILL_AREA(#9285);
#9284=FILL_AREA_STYLE('Steel - Satin',(#9286));
#9285=FILL_AREA_STYLE('Aluminum - Satin',(#9287));
#9286=FILL_AREA_STYLE_COLOUR('Steel - Satin',#9288);
#9287=FILL_AREA_STYLE_COLOUR('Aluminum - Satin',#9289);
#9288=COLOUR_RGB('Steel - Satin',0.627450980392157,0.627450980392157,0.627450980392157);
#9289=COLOUR_RGB('Aluminum - Satin',0.96078431372549,0.96078431372549,0.964705882352941);
ENDSEC;
END-ISO-10303-21;
