ISO-10303-21;
HEADER;
FILE_DESCRIPTION(('STEP AP214'),'1');
FILE_NAME('cctmp_D8499AD6-B179-4E53-BEB7-F2F0F8368602_2026_09_29_16_56_07_0329_221320..stp','2026-09-29T14:56:07',('Häfele SE & Co KG'),('CADClick - www.CADClick.com'),'Spatial InterOp 3D',' ','unknown authorization');
FILE_SCHEMA(('AUTOMOTIVE_DESIGN'));
ENDSEC;
DATA;
#1=MECHANICAL_DESIGN_GEOMETRIC_PRESENTATION_REPRESENTATION(' ',(#14,#15,#16,#17,#18,#19,#20,#21,#22,#23,#24,#25,#26,#27,#28,#29,#30,#31,#32,#33,#34,#35,#36,#37,#38,#39,#40,#41,#42,#43,#44,#45,#46,#47,#48,#49,#50,#51,#52,#53,#54,#55,#56,#57,#58,#59,#60,#61,#62,#63,#64,#65,#66,#67,#68,#69,#70,#71,#72,#73,#74,#75,#76,#77,#78,#79,#80,#81,#82,#83,#84,#85,#86,#87,#88,#89,#90,#91,#92,#93,#94,#95,#96,#97,#98,#99,#100,#101,#102,#103,#104,#105,#106,#107,#108,#109,#110,#111,#112,#113,#114,#115,#116,#117,#118,#119,#120,#121,#122,#123,#124,#125,#126,#127,#128,#129,#130,#131,#132,#133,#134,#135,#136,#137,#138,#139,#140,#141,#142,#143,#144,#145,#146,#147,#148,#149,#150,#151,#152,#153,#154,#155,#156,#157,#158,#159,#160,#161,#162,#163,#164,#165,#166,#167,#168,#169,#170,#171,#172,#173,#174,#175,#176,#177,#178,#179,#180,#181,#182,#183,#184,#185,#186,#187,#188,#189,#190,#191,#192,#193,#194,#195,#196,#197,#198,#199,#200,#201,#202),#10);
#2=PRODUCT_DEFINITION_CONTEXT('',#203,'design');
#3=APPLICATION_PROTOCOL_DEFINITION('INTERNATIONAL STANDARD','automotive_design',1994,#203);
#4=PRODUCT_CATEGORY_RELATIONSHIP('NONE','NONE',#204,#205);
#5=SHAPE_DEFINITION_REPRESENTATION(#206,#207);
#6=PRODUCT_DEFINITION_CONTEXT('',#208,'design');
#7=APPLICATION_PROTOCOL_DEFINITION('INTERNATIONAL STANDARD','automotive_design',1994,#208);
#8=PRODUCT_CATEGORY_RELATIONSHIP('NONE','NONE',#209,#210);
#9=SHAPE_DEFINITION_REPRESENTATION(#211,#212);
#10= (GEOMETRIC_REPRESENTATION_CONTEXT(3)GLOBAL_UNCERTAINTY_ASSIGNED_CONTEXT((#215))GLOBAL_UNIT_ASSIGNED_CONTEXT((#217,#218,#219))REPRESENTATION_CONTEXT('NONE','WORKSPACE'));
#14=STYLED_ITEM('',(#221),#222);
#15=STYLED_ITEM('',(#223),#224);
#16=STYLED_ITEM('',(#225),#226);
#17=STYLED_ITEM('',(#227),#228);
#18=STYLED_ITEM('',(#229),#230);
#19=STYLED_ITEM('',(#231),#232);
#20=STYLED_ITEM('',(#233),#234);
#21=STYLED_ITEM('',(#235),#236);
#22=STYLED_ITEM('',(#237),#238);
#23=STYLED_ITEM('',(#239),#240);
#24=STYLED_ITEM('',(#241),#242);
#25=STYLED_ITEM('',(#243),#244);
#26=STYLED_ITEM('',(#245),#246);
#27=STYLED_ITEM('',(#247),#248);
#28=STYLED_ITEM('',(#249),#250);
#29=STYLED_ITEM('',(#251),#252);
#30=STYLED_ITEM('',(#253),#254);
#31=STYLED_ITEM('',(#255),#256);
#32=STYLED_ITEM('',(#257),#258);
#33=STYLED_ITEM('',(#259),#260);
#34=STYLED_ITEM('',(#261),#262);
#35=STYLED_ITEM('',(#263),#264);
#36=STYLED_ITEM('',(#265),#266);
#37=STYLED_ITEM('',(#267),#268);
#38=STYLED_ITEM('',(#269),#270);
#39=STYLED_ITEM('',(#271),#272);
#40=STYLED_ITEM('',(#273),#274);
#41=STYLED_ITEM('',(#275),#276);
#42=STYLED_ITEM('',(#277),#278);
#43=STYLED_ITEM('',(#279),#280);
#44=STYLED_ITEM('',(#281),#282);
#45=STYLED_ITEM('',(#283),#284);
#46=STYLED_ITEM('',(#285),#286);
#47=STYLED_ITEM('',(#287),#288);
#48=STYLED_ITEM('',(#289),#290);
#49=STYLED_ITEM('',(#291),#292);
#50=STYLED_ITEM('',(#293),#294);
#51=STYLED_ITEM('',(#295),#296);
#52=STYLED_ITEM('',(#297),#298);
#53=STYLED_ITEM('',(#299),#300);
#54=STYLED_ITEM('',(#301),#302);
#55=STYLED_ITEM('',(#303),#304);
#56=STYLED_ITEM('',(#305),#306);
#57=STYLED_ITEM('',(#307),#308);
#58=STYLED_ITEM('',(#309),#310);
#59=STYLED_ITEM('',(#311),#312);
#60=STYLED_ITEM('',(#313),#314);
#61=STYLED_ITEM('',(#315),#316);
#62=STYLED_ITEM('',(#317),#318);
#63=STYLED_ITEM('',(#319),#320);
#64=STYLED_ITEM('',(#321),#322);
#65=STYLED_ITEM('',(#323),#324);
#66=STYLED_ITEM('',(#325),#326);
#67=STYLED_ITEM('',(#327),#328);
#68=STYLED_ITEM('',(#329),#330);
#69=STYLED_ITEM('',(#331),#332);
#70=STYLED_ITEM('',(#333),#334);
#71=STYLED_ITEM('',(#335),#336);
#72=STYLED_ITEM('',(#337),#338);
#73=STYLED_ITEM('',(#339),#340);
#74=STYLED_ITEM('',(#341),#342);
#75=STYLED_ITEM('',(#343),#344);
#76=STYLED_ITEM('',(#345),#346);
#77=STYLED_ITEM('',(#347),#348);
#78=STYLED_ITEM('',(#349),#350);
#79=STYLED_ITEM('',(#351),#352);
#80=STYLED_ITEM('',(#353),#354);
#81=STYLED_ITEM('',(#355),#356);
#82=STYLED_ITEM('',(#357),#358);
#83=STYLED_ITEM('',(#359),#360);
#84=STYLED_ITEM('',(#361),#362);
#85=STYLED_ITEM('',(#363),#364);
#86=STYLED_ITEM('',(#365),#366);
#87=STYLED_ITEM('',(#367),#368);
#88=STYLED_ITEM('',(#369),#370);
#89=STYLED_ITEM('',(#371),#372);
#90=STYLED_ITEM('',(#373),#374);
#91=STYLED_ITEM('',(#375),#376);
#92=STYLED_ITEM('',(#377),#378);
#93=STYLED_ITEM('',(#379),#380);
#94=STYLED_ITEM('',(#381),#382);
#95=STYLED_ITEM('',(#383),#384);
#96=STYLED_ITEM('',(#385),#386);
#97=STYLED_ITEM('',(#387),#388);
#98=STYLED_ITEM('',(#389),#390);
#99=STYLED_ITEM('',(#391),#392);
#100=STYLED_ITEM('',(#393),#394);
#101=STYLED_ITEM('',(#395),#396);
#102=STYLED_ITEM('',(#397),#398);
#103=STYLED_ITEM('',(#399),#400);
#104=STYLED_ITEM('',(#401),#402);
#105=STYLED_ITEM('',(#403),#404);
#106=STYLED_ITEM('',(#405),#406);
#107=STYLED_ITEM('',(#407),#408);
#108=STYLED_ITEM('',(#409),#410);
#109=STYLED_ITEM('',(#411),#412);
#110=STYLED_ITEM('',(#413),#414);
#111=STYLED_ITEM('',(#415),#416);
#112=STYLED_ITEM('',(#417),#418);
#113=STYLED_ITEM('',(#419),#420);
#114=STYLED_ITEM('',(#421),#422);
#115=STYLED_ITEM('',(#423),#424);
#116=STYLED_ITEM('',(#425),#426);
#117=STYLED_ITEM('',(#427),#428);
#118=STYLED_ITEM('',(#429),#430);
#119=STYLED_ITEM('',(#431),#432);
#120=STYLED_ITEM('',(#433),#434);
#121=STYLED_ITEM('',(#435),#436);
#122=STYLED_ITEM('',(#437),#438);
#123=STYLED_ITEM('',(#439),#440);
#124=STYLED_ITEM('',(#441),#442);
#125=STYLED_ITEM('',(#443),#444);
#126=STYLED_ITEM('',(#445),#446);
#127=STYLED_ITEM('',(#447),#448);
#128=STYLED_ITEM('',(#449),#450);
#129=STYLED_ITEM('',(#451),#452);
#130=STYLED_ITEM('',(#453),#454);
#131=STYLED_ITEM('',(#455),#456);
#132=STYLED_ITEM('',(#457),#458);
#133=STYLED_ITEM('',(#459),#460);
#134=STYLED_ITEM('',(#461),#462);
#135=STYLED_ITEM('',(#463),#464);
#136=STYLED_ITEM('',(#465),#466);
#137=STYLED_ITEM('',(#467),#468);
#138=STYLED_ITEM('',(#469),#470);
#139=STYLED_ITEM('',(#471),#472);
#140=STYLED_ITEM('',(#473),#474);
#141=STYLED_ITEM('',(#475),#476);
#142=STYLED_ITEM('',(#477),#478);
#143=STYLED_ITEM('',(#479),#480);
#144=STYLED_ITEM('',(#481),#482);
#145=STYLED_ITEM('',(#483),#484);
#146=STYLED_ITEM('',(#485),#486);
#147=STYLED_ITEM('',(#487),#488);
#148=STYLED_ITEM('',(#489),#490);
#149=STYLED_ITEM('',(#491),#492);
#150=STYLED_ITEM('',(#493),#494);
#151=STYLED_ITEM('',(#495),#496);
#152=STYLED_ITEM('',(#497),#498);
#153=STYLED_ITEM('',(#499),#500);
#154=STYLED_ITEM('',(#501),#502);
#155=STYLED_ITEM('',(#503),#504);
#156=STYLED_ITEM('',(#505),#506);
#157=STYLED_ITEM('',(#507),#508);
#158=STYLED_ITEM('',(#509),#510);
#159=STYLED_ITEM('',(#511),#512);
#160=STYLED_ITEM('',(#513),#514);
#161=STYLED_ITEM('',(#515),#516);
#162=STYLED_ITEM('',(#517),#518);
#163=STYLED_ITEM('',(#519),#520);
#164=STYLED_ITEM('',(#521),#522);
#165=STYLED_ITEM('',(#523),#524);
#166=STYLED_ITEM('',(#525),#526);
#167=STYLED_ITEM('',(#527),#528);
#168=STYLED_ITEM('',(#529),#530);
#169=STYLED_ITEM('',(#531),#532);
#170=STYLED_ITEM('',(#533),#534);
#171=STYLED_ITEM('',(#535),#536);
#172=STYLED_ITEM('',(#537),#538);
#173=STYLED_ITEM('',(#539),#540);
#174=STYLED_ITEM('',(#541),#542);
#175=STYLED_ITEM('',(#543),#544);
#176=STYLED_ITEM('',(#545),#546);
#177=STYLED_ITEM('',(#547),#548);
#178=STYLED_ITEM('',(#549),#550);
#179=STYLED_ITEM('',(#551),#552);
#180=STYLED_ITEM('',(#553),#554);
#181=STYLED_ITEM('',(#555),#556);
#182=STYLED_ITEM('',(#557),#558);
#183=STYLED_ITEM('',(#559),#560);
#184=STYLED_ITEM('',(#561),#562);
#185=STYLED_ITEM('',(#563),#564);
#186=STYLED_ITEM('',(#565),#566);
#187=STYLED_ITEM('',(#567),#568);
#188=STYLED_ITEM('',(#569),#570);
#189=STYLED_ITEM('',(#571),#572);
#190=STYLED_ITEM('',(#573),#574);
#191=STYLED_ITEM('',(#575),#576);
#192=STYLED_ITEM('',(#577),#578);
#193=STYLED_ITEM('',(#579),#580);
#194=STYLED_ITEM('',(#581),#582);
#195=STYLED_ITEM('',(#583),#584);
#196=STYLED_ITEM('',(#585),#586);
#197=STYLED_ITEM('',(#587),#588);
#198=STYLED_ITEM('',(#589),#590);
#199=STYLED_ITEM('',(#591),#592);
#200=STYLED_ITEM('',(#593),#594);
#201=STYLED_ITEM('',(#595),#596);
#202=STYLED_ITEM('',(#597),#598);
#203=APPLICATION_CONTEXT(' ');
#204=PRODUCT_CATEGORY('part','NONE');
#205=PRODUCT_RELATED_PRODUCT_CATEGORY('detail',' ',(#599));
#206=PRODUCT_DEFINITION_SHAPE('NONE','NONE',#600);
#207=ADVANCED_BREP_SHAPE_REPRESENTATION('311.71.500_1',(#276,#601),#10);
#208=APPLICATION_CONTEXT(' ');
#209=PRODUCT_CATEGORY('part','NONE');
#210=PRODUCT_RELATED_PRODUCT_CATEGORY('detail',' ',(#602));
#211=PRODUCT_DEFINITION_SHAPE('NONE','NONE',#603);
#212=ADVANCED_BREP_SHAPE_REPRESENTATION('311.71.500_2',(#598,#604),#10);
#215=UNCERTAINTY_MEASURE_WITH_UNIT(LENGTH_MEASURE(1.0E-06),#217,'','');
#217= (CONVERSION_BASED_UNIT('MILLIMETRE',#607)LENGTH_UNIT()NAMED_UNIT(#610));
#218= (NAMED_UNIT(#612)PLANE_ANGLE_UNIT()SI_UNIT($,.RADIAN.));
#219= (NAMED_UNIT(#612)SOLID_ANGLE_UNIT()SI_UNIT($,.STERADIAN.));
#221=PRESENTATION_STYLE_ASSIGNMENT((#618));
#222=ADVANCED_FACE('',(#619),#620,.T.);
#223=PRESENTATION_STYLE_ASSIGNMENT((#621));
#224=ADVANCED_FACE('',(#622),#623,.T.);
#225=PRESENTATION_STYLE_ASSIGNMENT((#624));
#226=ADVANCED_FACE('',(#625),#626,.T.);
#227=PRESENTATION_STYLE_ASSIGNMENT((#627));
#228=ADVANCED_FACE('',(#628),#629,.T.);
#229=PRESENTATION_STYLE_ASSIGNMENT((#630));
#230=ADVANCED_FACE('',(#631),#632,.T.);
#231=PRESENTATION_STYLE_ASSIGNMENT((#633));
#232=ADVANCED_FACE('',(#634),#635,.T.);
#233=PRESENTATION_STYLE_ASSIGNMENT((#636));
#234=ADVANCED_FACE('',(#637),#638,.T.);
#235=PRESENTATION_STYLE_ASSIGNMENT((#639));
#236=ADVANCED_FACE('',(#640),#641,.F.);
#237=PRESENTATION_STYLE_ASSIGNMENT((#642));
#238=ADVANCED_FACE('',(#643),#644,.F.);
#239=PRESENTATION_STYLE_ASSIGNMENT((#645));
#240=ADVANCED_FACE('',(#646),#647,.F.);
#241=PRESENTATION_STYLE_ASSIGNMENT((#648));
#242=ADVANCED_FACE('',(#649),#650,.F.);
#243=PRESENTATION_STYLE_ASSIGNMENT((#651));
#244=ADVANCED_FACE('',(#652),#653,.T.);
#245=PRESENTATION_STYLE_ASSIGNMENT((#654));
#246=ADVANCED_FACE('',(#655),#656,.T.);
#247=PRESENTATION_STYLE_ASSIGNMENT((#657));
#248=ADVANCED_FACE('',(#658),#659,.F.);
#249=PRESENTATION_STYLE_ASSIGNMENT((#660));
#250=ADVANCED_FACE('',(#661),#662,.F.);
#251=PRESENTATION_STYLE_ASSIGNMENT((#663));
#252=ADVANCED_FACE('',(#664),#665,.F.);
#253=PRESENTATION_STYLE_ASSIGNMENT((#666));
#254=ADVANCED_FACE('',(#667),#668,.F.);
#255=PRESENTATION_STYLE_ASSIGNMENT((#669));
#256=ADVANCED_FACE('',(#670,#671),#672,.T.);
#257=PRESENTATION_STYLE_ASSIGNMENT((#673));
#258=ADVANCED_FACE('',(#674),#675,.T.);
#259=PRESENTATION_STYLE_ASSIGNMENT((#676));
#260=ADVANCED_FACE('',(#677),#678,.T.);
#261=PRESENTATION_STYLE_ASSIGNMENT((#679));
#262=ADVANCED_FACE('',(#680),#681,.T.);
#263=PRESENTATION_STYLE_ASSIGNMENT((#682));
#264=ADVANCED_FACE('',(#683),#684,.T.);
#265=PRESENTATION_STYLE_ASSIGNMENT((#685));
#266=ADVANCED_FACE('',(#686),#687,.T.);
#267=PRESENTATION_STYLE_ASSIGNMENT((#688));
#268=ADVANCED_FACE('',(#689,#690,#691,#692),#693,.T.);
#269=PRESENTATION_STYLE_ASSIGNMENT((#694));
#270=ADVANCED_FACE('',(#695),#696,.T.);
#271=PRESENTATION_STYLE_ASSIGNMENT((#697));
#272=ADVANCED_FACE('',(#698),#699,.T.);
#273=PRESENTATION_STYLE_ASSIGNMENT((#700));
#274=ADVANCED_FACE('',(#701),#702,.T.);
#275=PRESENTATION_STYLE_ASSIGNMENT((#703));
#276=MANIFOLD_SOLID_BREP('311.71.500_1',#704);
#277=PRESENTATION_STYLE_ASSIGNMENT((#705));
#278=ADVANCED_FACE('',(#706),#707,.F.);
#279=PRESENTATION_STYLE_ASSIGNMENT((#708));
#280=ADVANCED_FACE('',(#709),#710,.T.);
#281=PRESENTATION_STYLE_ASSIGNMENT((#711));
#282=ADVANCED_FACE('',(#712,#713),#714,.T.);
#283=PRESENTATION_STYLE_ASSIGNMENT((#715));
#284=ADVANCED_FACE('',(#716),#717,.T.);
#285=PRESENTATION_STYLE_ASSIGNMENT((#718));
#286=ADVANCED_FACE('',(#719,#720),#721,.T.);
#287=PRESENTATION_STYLE_ASSIGNMENT((#722));
#288=ADVANCED_FACE('',(#723),#724,.T.);
#289=PRESENTATION_STYLE_ASSIGNMENT((#725));
#290=ADVANCED_FACE('',(#726),#727,.T.);
#291=PRESENTATION_STYLE_ASSIGNMENT((#728));
#292=ADVANCED_FACE('',(#729),#730,.T.);
#293=PRESENTATION_STYLE_ASSIGNMENT((#731));
#294=ADVANCED_FACE('',(#732),#733,.F.);
#295=PRESENTATION_STYLE_ASSIGNMENT((#734));
#296=ADVANCED_FACE('',(#735),#736,.T.);
#297=PRESENTATION_STYLE_ASSIGNMENT((#737));
#298=ADVANCED_FACE('',(#738),#739,.F.);
#299=PRESENTATION_STYLE_ASSIGNMENT((#740));
#300=ADVANCED_FACE('',(#741),#742,.T.);
#301=PRESENTATION_STYLE_ASSIGNMENT((#743));
#302=ADVANCED_FACE('',(#744),#745,.F.);
#303=PRESENTATION_STYLE_ASSIGNMENT((#746));
#304=ADVANCED_FACE('',(#747),#748,.T.);
#305=PRESENTATION_STYLE_ASSIGNMENT((#749));
#306=ADVANCED_FACE('',(#750),#751,.F.);
#307=PRESENTATION_STYLE_ASSIGNMENT((#752));
#308=ADVANCED_FACE('',(#753),#754,.F.);
#309=PRESENTATION_STYLE_ASSIGNMENT((#755));
#310=ADVANCED_FACE('',(#756),#757,.T.);
#311=PRESENTATION_STYLE_ASSIGNMENT((#758));
#312=ADVANCED_FACE('',(#759),#760,.T.);
#313=PRESENTATION_STYLE_ASSIGNMENT((#761));
#314=ADVANCED_FACE('',(#762),#763,.T.);
#315=PRESENTATION_STYLE_ASSIGNMENT((#764));
#316=ADVANCED_FACE('',(#765),#766,.T.);
#317=PRESENTATION_STYLE_ASSIGNMENT((#767));
#318=ADVANCED_FACE('',(#768),#769,.F.);
#319=PRESENTATION_STYLE_ASSIGNMENT((#770));
#320=ADVANCED_FACE('',(#771),#772,.T.);
#321=PRESENTATION_STYLE_ASSIGNMENT((#773));
#322=ADVANCED_FACE('',(#774,#775,#776),#777,.T.);
#323=PRESENTATION_STYLE_ASSIGNMENT((#778));
#324=ADVANCED_FACE('',(#779),#780,.T.);
#325=PRESENTATION_STYLE_ASSIGNMENT((#781));
#326=ADVANCED_FACE('',(#782),#783,.T.);
#327=PRESENTATION_STYLE_ASSIGNMENT((#784));
#328=ADVANCED_FACE('',(#785),#786,.T.);
#329=PRESENTATION_STYLE_ASSIGNMENT((#787));
#330=ADVANCED_FACE('',(#788),#789,.F.);
#331=PRESENTATION_STYLE_ASSIGNMENT((#790));
#332=ADVANCED_FACE('',(#791),#792,.T.);
#333=PRESENTATION_STYLE_ASSIGNMENT((#793));
#334=ADVANCED_FACE('',(#794),#795,.T.);
#335=PRESENTATION_STYLE_ASSIGNMENT((#796));
#336=ADVANCED_FACE('',(#797),#798,.T.);
#337=PRESENTATION_STYLE_ASSIGNMENT((#799));
#338=ADVANCED_FACE('',(#800),#801,.F.);
#339=PRESENTATION_STYLE_ASSIGNMENT((#802));
#340=ADVANCED_FACE('',(#803),#804,.T.);
#341=PRESENTATION_STYLE_ASSIGNMENT((#805));
#342=ADVANCED_FACE('',(#806),#807,.T.);
#343=PRESENTATION_STYLE_ASSIGNMENT((#808));
#344=ADVANCED_FACE('',(#809),#810,.T.);
#345=PRESENTATION_STYLE_ASSIGNMENT((#811));
#346=ADVANCED_FACE('',(#812),#813,.T.);
#347=PRESENTATION_STYLE_ASSIGNMENT((#814));
#348=ADVANCED_FACE('',(#815),#816,.T.);
#349=PRESENTATION_STYLE_ASSIGNMENT((#817));
#350=ADVANCED_FACE('',(#818),#819,.T.);
#351=PRESENTATION_STYLE_ASSIGNMENT((#820));
#352=ADVANCED_FACE('',(#821),#822,.T.);
#353=PRESENTATION_STYLE_ASSIGNMENT((#823));
#354=ADVANCED_FACE('',(#824),#825,.T.);
#355=PRESENTATION_STYLE_ASSIGNMENT((#826));
#356=ADVANCED_FACE('',(#827),#828,.F.);
#357=PRESENTATION_STYLE_ASSIGNMENT((#829));
#358=ADVANCED_FACE('',(#830),#831,.F.);
#359=PRESENTATION_STYLE_ASSIGNMENT((#832));
#360=ADVANCED_FACE('',(#833),#834,.F.);
#361=PRESENTATION_STYLE_ASSIGNMENT((#835));
#362=ADVANCED_FACE('',(#836),#837,.F.);
#363=PRESENTATION_STYLE_ASSIGNMENT((#838));
#364=ADVANCED_FACE('',(#839),#840,.T.);
#365=PRESENTATION_STYLE_ASSIGNMENT((#841));
#366=ADVANCED_FACE('',(#842),#843,.T.);
#367=PRESENTATION_STYLE_ASSIGNMENT((#844));
#368=ADVANCED_FACE('',(#845),#846,.T.);
#369=PRESENTATION_STYLE_ASSIGNMENT((#847));
#370=ADVANCED_FACE('',(#848),#849,.T.);
#371=PRESENTATION_STYLE_ASSIGNMENT((#850));
#372=ADVANCED_FACE('',(#851,#852),#853,.F.);
#373=PRESENTATION_STYLE_ASSIGNMENT((#854));
#374=ADVANCED_FACE('',(#855),#856,.T.);
#375=PRESENTATION_STYLE_ASSIGNMENT((#857));
#376=ADVANCED_FACE('',(#858),#859,.T.);
#377=PRESENTATION_STYLE_ASSIGNMENT((#860));
#378=ADVANCED_FACE('',(#861),#862,.T.);
#379=PRESENTATION_STYLE_ASSIGNMENT((#863));
#380=ADVANCED_FACE('',(#864),#865,.T.);
#381=PRESENTATION_STYLE_ASSIGNMENT((#866));
#382=ADVANCED_FACE('',(#867,#868),#869,.F.);
#383=PRESENTATION_STYLE_ASSIGNMENT((#870));
#384=ADVANCED_FACE('',(#871),#872,.F.);
#385=PRESENTATION_STYLE_ASSIGNMENT((#873));
#386=ADVANCED_FACE('',(#874),#875,.F.);
#387=PRESENTATION_STYLE_ASSIGNMENT((#876));
#388=ADVANCED_FACE('',(#877),#878,.F.);
#389=PRESENTATION_STYLE_ASSIGNMENT((#879));
#390=ADVANCED_FACE('',(#880),#881,.T.);
#391=PRESENTATION_STYLE_ASSIGNMENT((#882));
#392=ADVANCED_FACE('',(#883),#884,.T.);
#393=PRESENTATION_STYLE_ASSIGNMENT((#885));
#394=ADVANCED_FACE('',(#886),#887,.F.);
#395=PRESENTATION_STYLE_ASSIGNMENT((#888));
#396=ADVANCED_FACE('',(#889),#890,.F.);
#397=PRESENTATION_STYLE_ASSIGNMENT((#891));
#398=ADVANCED_FACE('',(#892),#893,.F.);
#399=PRESENTATION_STYLE_ASSIGNMENT((#894));
#400=ADVANCED_FACE('',(#895),#896,.F.);
#401=PRESENTATION_STYLE_ASSIGNMENT((#897));
#402=ADVANCED_FACE('',(#898),#899,.F.);
#403=PRESENTATION_STYLE_ASSIGNMENT((#900));
#404=ADVANCED_FACE('',(#901),#902,.T.);
#405=PRESENTATION_STYLE_ASSIGNMENT((#903));
#406=ADVANCED_FACE('',(#904),#905,.T.);
#407=PRESENTATION_STYLE_ASSIGNMENT((#906));
#408=ADVANCED_FACE('',(#907),#908,.F.);
#409=PRESENTATION_STYLE_ASSIGNMENT((#909));
#410=ADVANCED_FACE('',(#910),#911,.F.);
#411=PRESENTATION_STYLE_ASSIGNMENT((#912));
#412=ADVANCED_FACE('',(#913),#914,.T.);
#413=PRESENTATION_STYLE_ASSIGNMENT((#915));
#414=ADVANCED_FACE('',(#916),#917,.T.);
#415=PRESENTATION_STYLE_ASSIGNMENT((#918));
#416=ADVANCED_FACE('',(#919),#920,.T.);
#417=PRESENTATION_STYLE_ASSIGNMENT((#921));
#418=ADVANCED_FACE('',(#922),#923,.F.);
#419=PRESENTATION_STYLE_ASSIGNMENT((#924));
#420=ADVANCED_FACE('',(#925),#926,.F.);
#421=PRESENTATION_STYLE_ASSIGNMENT((#927));
#422=ADVANCED_FACE('',(#928),#929,.F.);
#423=PRESENTATION_STYLE_ASSIGNMENT((#930));
#424=ADVANCED_FACE('',(#931),#932,.F.);
#425=PRESENTATION_STYLE_ASSIGNMENT((#933));
#426=ADVANCED_FACE('',(#934),#935,.F.);
#427=PRESENTATION_STYLE_ASSIGNMENT((#936));
#428=ADVANCED_FACE('',(#937),#938,.F.);
#429=PRESENTATION_STYLE_ASSIGNMENT((#939));
#430=ADVANCED_FACE('',(#940,#941),#942,.F.);
#431=PRESENTATION_STYLE_ASSIGNMENT((#943));
#432=ADVANCED_FACE('',(#944),#945,.F.);
#433=PRESENTATION_STYLE_ASSIGNMENT((#946));
#434=ADVANCED_FACE('',(#947,#948),#949,.T.);
#435=PRESENTATION_STYLE_ASSIGNMENT((#950));
#436=ADVANCED_FACE('',(#951),#952,.T.);
#437=PRESENTATION_STYLE_ASSIGNMENT((#953));
#438=ADVANCED_FACE('',(#954),#955,.T.);
#439=PRESENTATION_STYLE_ASSIGNMENT((#956));
#440=ADVANCED_FACE('',(#957),#958,.T.);
#441=PRESENTATION_STYLE_ASSIGNMENT((#959));
#442=ADVANCED_FACE('',(#960),#961,.T.);
#443=PRESENTATION_STYLE_ASSIGNMENT((#962));
#444=ADVANCED_FACE('',(#963),#964,.T.);
#445=PRESENTATION_STYLE_ASSIGNMENT((#965));
#446=ADVANCED_FACE('',(#966),#967,.T.);
#447=PRESENTATION_STYLE_ASSIGNMENT((#968));
#448=ADVANCED_FACE('',(#969),#970,.T.);
#449=PRESENTATION_STYLE_ASSIGNMENT((#971));
#450=ADVANCED_FACE('',(#972),#973,.T.);
#451=PRESENTATION_STYLE_ASSIGNMENT((#974));
#452=ADVANCED_FACE('',(#975),#976,.T.);
#453=PRESENTATION_STYLE_ASSIGNMENT((#977));
#454=ADVANCED_FACE('',(#978),#979,.F.);
#455=PRESENTATION_STYLE_ASSIGNMENT((#980));
#456=ADVANCED_FACE('',(#981),#982,.T.);
#457=PRESENTATION_STYLE_ASSIGNMENT((#983));
#458=ADVANCED_FACE('',(#984),#985,.T.);
#459=PRESENTATION_STYLE_ASSIGNMENT((#986));
#460=ADVANCED_FACE('',(#987),#988,.F.);
#461=PRESENTATION_STYLE_ASSIGNMENT((#989));
#462=ADVANCED_FACE('',(#990),#991,.T.);
#463=PRESENTATION_STYLE_ASSIGNMENT((#992));
#464=ADVANCED_FACE('',(#993,#994,#995),#996,.T.);
#465=PRESENTATION_STYLE_ASSIGNMENT((#997));
#466=ADVANCED_FACE('',(#998),#999,.T.);
#467=PRESENTATION_STYLE_ASSIGNMENT((#1000));
#468=ADVANCED_FACE('',(#1001),#1002,.T.);
#469=PRESENTATION_STYLE_ASSIGNMENT((#1003));
#470=ADVANCED_FACE('',(#1004),#1005,.F.);
#471=PRESENTATION_STYLE_ASSIGNMENT((#1006));
#472=ADVANCED_FACE('',(#1007),#1008,.T.);
#473=PRESENTATION_STYLE_ASSIGNMENT((#1009));
#474=ADVANCED_FACE('',(#1010),#1011,.T.);
#475=PRESENTATION_STYLE_ASSIGNMENT((#1012));
#476=ADVANCED_FACE('',(#1013,#1014),#1015,.T.);
#477=PRESENTATION_STYLE_ASSIGNMENT((#1016));
#478=ADVANCED_FACE('',(#1017),#1018,.F.);
#479=PRESENTATION_STYLE_ASSIGNMENT((#1019));
#480=ADVANCED_FACE('',(#1020),#1021,.T.);
#481=PRESENTATION_STYLE_ASSIGNMENT((#1022));
#482=ADVANCED_FACE('',(#1023),#1024,.T.);
#483=PRESENTATION_STYLE_ASSIGNMENT((#1025));
#484=ADVANCED_FACE('',(#1026),#1027,.T.);
#485=PRESENTATION_STYLE_ASSIGNMENT((#1028));
#486=ADVANCED_FACE('',(#1029),#1030,.F.);
#487=PRESENTATION_STYLE_ASSIGNMENT((#1031));
#488=ADVANCED_FACE('',(#1032),#1033,.F.);
#489=PRESENTATION_STYLE_ASSIGNMENT((#1034));
#490=ADVANCED_FACE('',(#1035),#1036,.F.);
#491=PRESENTATION_STYLE_ASSIGNMENT((#1037));
#492=ADVANCED_FACE('',(#1038),#1039,.T.);
#493=PRESENTATION_STYLE_ASSIGNMENT((#1040));
#494=ADVANCED_FACE('',(#1041),#1042,.T.);
#495=PRESENTATION_STYLE_ASSIGNMENT((#1043));
#496=ADVANCED_FACE('',(#1044),#1045,.T.);
#497=PRESENTATION_STYLE_ASSIGNMENT((#1046));
#498=ADVANCED_FACE('',(#1047),#1048,.F.);
#499=PRESENTATION_STYLE_ASSIGNMENT((#1049));
#500=ADVANCED_FACE('',(#1050),#1051,.T.);
#501=PRESENTATION_STYLE_ASSIGNMENT((#1052));
#502=ADVANCED_FACE('',(#1053,#1054),#1055,.T.);
#503=PRESENTATION_STYLE_ASSIGNMENT((#1056));
#504=ADVANCED_FACE('',(#1057),#1058,.T.);
#505=PRESENTATION_STYLE_ASSIGNMENT((#1059));
#506=ADVANCED_FACE('',(#1060),#1061,.F.);
#507=PRESENTATION_STYLE_ASSIGNMENT((#1062));
#508=ADVANCED_FACE('',(#1063),#1064,.T.);
#509=PRESENTATION_STYLE_ASSIGNMENT((#1065));
#510=ADVANCED_FACE('',(#1066),#1067,.T.);
#511=PRESENTATION_STYLE_ASSIGNMENT((#1068));
#512=ADVANCED_FACE('',(#1069),#1070,.T.);
#513=PRESENTATION_STYLE_ASSIGNMENT((#1071));
#514=ADVANCED_FACE('',(#1072),#1073,.T.);
#515=PRESENTATION_STYLE_ASSIGNMENT((#1074));
#516=ADVANCED_FACE('',(#1075),#1076,.T.);
#517=PRESENTATION_STYLE_ASSIGNMENT((#1077));
#518=ADVANCED_FACE('',(#1078),#1079,.T.);
#519=PRESENTATION_STYLE_ASSIGNMENT((#1080));
#520=ADVANCED_FACE('',(#1081),#1082,.T.);
#521=PRESENTATION_STYLE_ASSIGNMENT((#1083));
#522=ADVANCED_FACE('',(#1084),#1085,.T.);
#523=PRESENTATION_STYLE_ASSIGNMENT((#1086));
#524=ADVANCED_FACE('',(#1087),#1088,.T.);
#525=PRESENTATION_STYLE_ASSIGNMENT((#1089));
#526=ADVANCED_FACE('',(#1090),#1091,.T.);
#527=PRESENTATION_STYLE_ASSIGNMENT((#1092));
#528=ADVANCED_FACE('',(#1093),#1094,.T.);
#529=PRESENTATION_STYLE_ASSIGNMENT((#1095));
#530=ADVANCED_FACE('',(#1096),#1097,.T.);
#531=PRESENTATION_STYLE_ASSIGNMENT((#1098));
#532=ADVANCED_FACE('',(#1099),#1100,.T.);
#533=PRESENTATION_STYLE_ASSIGNMENT((#1101));
#534=ADVANCED_FACE('',(#1102),#1103,.T.);
#535=PRESENTATION_STYLE_ASSIGNMENT((#1104));
#536=ADVANCED_FACE('',(#1105),#1106,.T.);
#537=PRESENTATION_STYLE_ASSIGNMENT((#1107));
#538=ADVANCED_FACE('',(#1108),#1109,.T.);
#539=PRESENTATION_STYLE_ASSIGNMENT((#1110));
#540=ADVANCED_FACE('',(#1111),#1112,.T.);
#541=PRESENTATION_STYLE_ASSIGNMENT((#1113));
#542=ADVANCED_FACE('',(#1114),#1115,.F.);
#543=PRESENTATION_STYLE_ASSIGNMENT((#1116));
#544=ADVANCED_FACE('',(#1117),#1118,.T.);
#545=PRESENTATION_STYLE_ASSIGNMENT((#1119));
#546=ADVANCED_FACE('',(#1120),#1121,.T.);
#547=PRESENTATION_STYLE_ASSIGNMENT((#1122));
#548=ADVANCED_FACE('',(#1123),#1124,.F.);
#549=PRESENTATION_STYLE_ASSIGNMENT((#1125));
#550=ADVANCED_FACE('',(#1126),#1127,.T.);
#551=PRESENTATION_STYLE_ASSIGNMENT((#1128));
#552=ADVANCED_FACE('',(#1129),#1130,.T.);
#553=PRESENTATION_STYLE_ASSIGNMENT((#1131));
#554=ADVANCED_FACE('',(#1132),#1133,.T.);
#555=PRESENTATION_STYLE_ASSIGNMENT((#1134));
#556=ADVANCED_FACE('',(#1135),#1136,.T.);
#557=PRESENTATION_STYLE_ASSIGNMENT((#1137));
#558=ADVANCED_FACE('',(#1138),#1139,.T.);
#559=PRESENTATION_STYLE_ASSIGNMENT((#1140));
#560=ADVANCED_FACE('',(#1141),#1142,.T.);
#561=PRESENTATION_STYLE_ASSIGNMENT((#1143));
#562=ADVANCED_FACE('',(#1144),#1145,.T.);
#563=PRESENTATION_STYLE_ASSIGNMENT((#1146));
#564=ADVANCED_FACE('',(#1147),#1148,.F.);
#565=PRESENTATION_STYLE_ASSIGNMENT((#1149));
#566=ADVANCED_FACE('',(#1150),#1151,.T.);
#567=PRESENTATION_STYLE_ASSIGNMENT((#1152));
#568=ADVANCED_FACE('',(#1153),#1154,.T.);
#569=PRESENTATION_STYLE_ASSIGNMENT((#1155));
#570=ADVANCED_FACE('',(#1156),#1157,.T.);
#571=PRESENTATION_STYLE_ASSIGNMENT((#1158));
#572=ADVANCED_FACE('',(#1159),#1160,.T.);
#573=PRESENTATION_STYLE_ASSIGNMENT((#1161));
#574=ADVANCED_FACE('',(#1162),#1163,.F.);
#575=PRESENTATION_STYLE_ASSIGNMENT((#1164));
#576=ADVANCED_FACE('',(#1165),#1166,.T.);
#577=PRESENTATION_STYLE_ASSIGNMENT((#1167));
#578=ADVANCED_FACE('',(#1168),#1169,.T.);
#579=PRESENTATION_STYLE_ASSIGNMENT((#1170));
#580=ADVANCED_FACE('',(#1171),#1172,.F.);
#581=PRESENTATION_STYLE_ASSIGNMENT((#1173));
#582=ADVANCED_FACE('',(#1174),#1175,.F.);
#583=PRESENTATION_STYLE_ASSIGNMENT((#1176));
#584=ADVANCED_FACE('',(#1177),#1178,.T.);
#585=PRESENTATION_STYLE_ASSIGNMENT((#1179));
#586=ADVANCED_FACE('',(#1180),#1181,.T.);
#587=PRESENTATION_STYLE_ASSIGNMENT((#1182));
#588=ADVANCED_FACE('',(#1183),#1184,.T.);
#589=PRESENTATION_STYLE_ASSIGNMENT((#1185));
#590=ADVANCED_FACE('',(#1186),#1187,.T.);
#591=PRESENTATION_STYLE_ASSIGNMENT((#1188));
#592=ADVANCED_FACE('',(#1189),#1190,.T.);
#593=PRESENTATION_STYLE_ASSIGNMENT((#1191));
#594=ADVANCED_FACE('',(#1192),#1193,.T.);
#595=PRESENTATION_STYLE_ASSIGNMENT((#1194));
#596=ADVANCED_FACE('',(#1195),#1196,.T.);
#597=PRESENTATION_STYLE_ASSIGNMENT((#1197));
#598=MANIFOLD_SOLID_BREP('311.71.500_2',#1198);
#599=PRODUCT('311.71.500_1','311.71.500_1','PART-311.71.500_1-DESC',(#1199));
#600=PRODUCT_DEFINITION('','NONE',#1200,#2);
#601=AXIS2_PLACEMENT_3D('',#1201,#1202,#1203);
#602=PRODUCT('311.71.500_2','311.71.500_2','PART-311.71.500_2-DESC',(#1204));
#603=PRODUCT_DEFINITION('','NONE',#1205,#6);
#604=AXIS2_PLACEMENT_3D('',#1206,#1207,#1208);
#607=LENGTH_MEASURE_WITH_UNIT(LENGTH_MEASURE(1.0),#1209);
#610=DIMENSIONAL_EXPONENTS(1.0,0.0,0.0,0.0,0.0,0.0,0.0);
#612=DIMENSIONAL_EXPONENTS(0.0,0.0,0.0,0.0,0.0,0.0,0.0);
#618=SURFACE_STYLE_USAGE(.BOTH.,#1210);
#619=FACE_OUTER_BOUND('',#1211,.T.);
#620=CYLINDRICAL_SURFACE('',#1212,0.0002);
#621=SURFACE_STYLE_USAGE(.BOTH.,#1213);
#622=FACE_OUTER_BOUND('',#1214,.T.);
#623=PLANE('',#1215);
#624=SURFACE_STYLE_USAGE(.BOTH.,#1216);
#625=FACE_OUTER_BOUND('',#1217,.T.);
#626=PLANE('',#1218);
#627=SURFACE_STYLE_USAGE(.BOTH.,#1219);
#628=FACE_OUTER_BOUND('',#1220,.T.);
#629=PLANE('',#1221);
#630=SURFACE_STYLE_USAGE(.BOTH.,#1222);
#631=FACE_OUTER_BOUND('',#1223,.T.);
#632=PLANE('',#1224);
#633=SURFACE_STYLE_USAGE(.BOTH.,#1225);
#634=FACE_OUTER_BOUND('',#1226,.T.);
#635=PLANE('',#1227);
#636=SURFACE_STYLE_USAGE(.BOTH.,#1228);
#637=FACE_OUTER_BOUND('',#1229,.T.);
#638=PLANE('',#1230);
#639=SURFACE_STYLE_USAGE(.BOTH.,#1231);
#640=FACE_OUTER_BOUND('',#1232,.T.);
#641=PLANE('',#1233);
#642=SURFACE_STYLE_USAGE(.BOTH.,#1234);
#643=FACE_OUTER_BOUND('',#1235,.T.);
#644=PLANE('',#1236);
#645=SURFACE_STYLE_USAGE(.BOTH.,#1237);
#646=FACE_OUTER_BOUND('',#1238,.T.);
#647=PLANE('',#1239);
#648=SURFACE_STYLE_USAGE(.BOTH.,#1240);
#649=FACE_OUTER_BOUND('',#1241,.T.);
#650=PLANE('',#1242);
#651=SURFACE_STYLE_USAGE(.BOTH.,#1243);
#652=FACE_OUTER_BOUND('',#1244,.T.);
#653=PLANE('',#1245);
#654=SURFACE_STYLE_USAGE(.BOTH.,#1246);
#655=FACE_OUTER_BOUND('',#1247,.T.);
#656=PLANE('',#1248);
#657=SURFACE_STYLE_USAGE(.BOTH.,#1249);
#658=FACE_OUTER_BOUND('',#1250,.T.);
#659=PLANE('',#1251);
#660=SURFACE_STYLE_USAGE(.BOTH.,#1252);
#661=FACE_OUTER_BOUND('',#1253,.T.);
#662=PLANE('',#1254);
#663=SURFACE_STYLE_USAGE(.BOTH.,#1255);
#664=FACE_OUTER_BOUND('',#1256,.T.);
#665=PLANE('',#1257);
#666=SURFACE_STYLE_USAGE(.BOTH.,#1258);
#667=FACE_OUTER_BOUND('',#1259,.T.);
#668=PLANE('',#1260);
#669=SURFACE_STYLE_USAGE(.BOTH.,#1261);
#670=FACE_BOUND('',#1262,.T.);
#671=FACE_OUTER_BOUND('',#1263,.T.);
#672=PLANE('',#1264);
#673=SURFACE_STYLE_USAGE(.BOTH.,#1265);
#674=FACE_OUTER_BOUND('',#1266,.T.);
#675=PLANE('',#1267);
#676=SURFACE_STYLE_USAGE(.BOTH.,#1268);
#677=FACE_OUTER_BOUND('',#1269,.T.);
#678=PLANE('',#1270);
#679=SURFACE_STYLE_USAGE(.BOTH.,#1271);
#680=FACE_OUTER_BOUND('',#1272,.T.);
#681=PLANE('',#1273);
#682=SURFACE_STYLE_USAGE(.BOTH.,#1274);
#683=FACE_OUTER_BOUND('',#1275,.T.);
#684=PLANE('',#1276);
#685=SURFACE_STYLE_USAGE(.BOTH.,#1277);
#686=FACE_OUTER_BOUND('',#1278,.T.);
#687=PLANE('',#1279);
#688=SURFACE_STYLE_USAGE(.BOTH.,#1280);
#689=FACE_BOUND('',#1281,.T.);
#690=FACE_BOUND('',#1282,.T.);
#691=FACE_BOUND('',#1283,.T.);
#692=FACE_OUTER_BOUND('',#1284,.T.);
#693=PLANE('',#1285);
#694=SURFACE_STYLE_USAGE(.BOTH.,#1286);
#695=FACE_OUTER_BOUND('',#1287,.T.);
#696=PLANE('',#1288);
#697=SURFACE_STYLE_USAGE(.BOTH.,#1289);
#698=FACE_OUTER_BOUND('',#1290,.T.);
#699=CYLINDRICAL_SURFACE('',#1291,0.0002);
#700=SURFACE_STYLE_USAGE(.BOTH.,#1292);
#701=FACE_OUTER_BOUND('',#1293,.T.);
#702=PLANE('',#1294);
#703=SURFACE_STYLE_USAGE(.BOTH.,#1295);
#704=CLOSED_SHELL('',(#222,#224,#226,#228,#230,#232,#234,#236,#238,#240,#242,#244,#246,#248,#250,#252,#254,#256,#258,#260,#262,#264,#266,#268,#270,#272,#274));
#705=SURFACE_STYLE_USAGE(.BOTH.,#1296);
#706=FACE_OUTER_BOUND('',#1297,.T.);
#707=CYLINDRICAL_SURFACE('',#1298,2.1);
#708=SURFACE_STYLE_USAGE(.BOTH.,#1299);
#709=FACE_OUTER_BOUND('',#1300,.T.);
#710=TOROIDAL_SURFACE('',#1301,3.6,0.999999999999999);
#711=SURFACE_STYLE_USAGE(.BOTH.,#1302);
#712=FACE_BOUND('',#1303,.T.);
#713=FACE_OUTER_BOUND('',#1304,.T.);
#714=PLANE('',#1305);
#715=SURFACE_STYLE_USAGE(.BOTH.,#1306);
#716=FACE_OUTER_BOUND('',#1307,.T.);
#717=TOROIDAL_SURFACE('',#1308,3.6,0.999999999999999);
#718=SURFACE_STYLE_USAGE(.BOTH.,#1309);
#719=FACE_BOUND('',#1310,.T.);
#720=FACE_OUTER_BOUND('',#1311,.T.);
#721=PLANE('',#1312);
#722=SURFACE_STYLE_USAGE(.BOTH.,#1313);
#723=FACE_OUTER_BOUND('',#1314,.T.);
#724=TOROIDAL_SURFACE('',#1315,3.6,0.999999999999999);
#725=SURFACE_STYLE_USAGE(.BOTH.,#1316);
#726=FACE_OUTER_BOUND('',#1317,.T.);
#727=TOROIDAL_SURFACE('',#1318,3.6,0.999999999999999);
#728=SURFACE_STYLE_USAGE(.BOTH.,#1319);
#729=FACE_OUTER_BOUND('',#1320,.T.);
#730=CYLINDRICAL_SURFACE('',#1321,1.0);
#731=SURFACE_STYLE_USAGE(.BOTH.,#1322);
#732=FACE_OUTER_BOUND('',#1323,.T.);
#733=PLANE('',#1324);
#734=SURFACE_STYLE_USAGE(.BOTH.,#1325);
#735=FACE_OUTER_BOUND('',#1326,.T.);
#736=CYLINDRICAL_SURFACE('',#1327,1.0);
#737=SURFACE_STYLE_USAGE(.BOTH.,#1328);
#738=FACE_OUTER_BOUND('',#1329,.T.);
#739=PLANE('',#1330);
#740=SURFACE_STYLE_USAGE(.BOTH.,#1331);
#741=FACE_OUTER_BOUND('',#1332,.T.);
#742=CYLINDRICAL_SURFACE('',#1333,1.0);
#743=SURFACE_STYLE_USAGE(.BOTH.,#1334);
#744=FACE_OUTER_BOUND('',#1335,.T.);
#745=PLANE('',#1336);
#746=SURFACE_STYLE_USAGE(.BOTH.,#1337);
#747=FACE_OUTER_BOUND('',#1338,.T.);
#748=CYLINDRICAL_SURFACE('',#1339,1.0);
#749=SURFACE_STYLE_USAGE(.BOTH.,#1340);
#750=FACE_OUTER_BOUND('',#1341,.T.);
#751=PLANE('',#1342);
#752=SURFACE_STYLE_USAGE(.BOTH.,#1343);
#753=FACE_OUTER_BOUND('',#1344,.T.);
#754=PLANE('',#1345);
#755=SURFACE_STYLE_USAGE(.BOTH.,#1346);
#756=FACE_OUTER_BOUND('',#1347,.T.);
#757=PLANE('',#1348);
#758=SURFACE_STYLE_USAGE(.BOTH.,#1349);
#759=FACE_OUTER_BOUND('',#1350,.T.);
#760=PLANE('',#1351);
#761=SURFACE_STYLE_USAGE(.BOTH.,#1352);
#762=FACE_OUTER_BOUND('',#1353,.T.);
#763=PLANE('',#1354);
#764=SURFACE_STYLE_USAGE(.BOTH.,#1355);
#765=FACE_OUTER_BOUND('',#1356,.T.);
#766=PLANE('',#1357);
#767=SURFACE_STYLE_USAGE(.BOTH.,#1358);
#768=FACE_OUTER_BOUND('',#1359,.T.);
#769=PLANE('',#1360);
#770=SURFACE_STYLE_USAGE(.BOTH.,#1361);
#771=FACE_OUTER_BOUND('',#1362,.T.);
#772=PLANE('',#1363);
#773=SURFACE_STYLE_USAGE(.BOTH.,#1364);
#774=FACE_OUTER_BOUND('',#1365,.T.);
#775=FACE_BOUND('',#1366,.T.);
#776=FACE_BOUND('',#1367,.T.);
#777=PLANE('',#1368);
#778=SURFACE_STYLE_USAGE(.BOTH.,#1369);
#779=FACE_OUTER_BOUND('',#1370,.T.);
#780=PLANE('',#1371);
#781=SURFACE_STYLE_USAGE(.BOTH.,#1372);
#782=FACE_OUTER_BOUND('',#1373,.T.);
#783=CONICAL_SURFACE('',#1374,1.2203173372,0.349065850398806);
#784=SURFACE_STYLE_USAGE(.BOTH.,#1375);
#785=FACE_OUTER_BOUND('',#1376,.T.);
#786=SPHERICAL_SURFACE('',#1377,0.999999999901191);
#787=SURFACE_STYLE_USAGE(.BOTH.,#1378);
#788=FACE_OUTER_BOUND('',#1379,.T.);
#789=PLANE('',#1380);
#790=SURFACE_STYLE_USAGE(.BOTH.,#1381);
#791=FACE_OUTER_BOUND('',#1382,.T.);
#792=CYLINDRICAL_SURFACE('',#1383,2.0);
#793=SURFACE_STYLE_USAGE(.BOTH.,#1384);
#794=FACE_OUTER_BOUND('',#1385,.T.);
#795=CONICAL_SURFACE('',#1386,1.2203173372,0.349065850398806);
#796=SURFACE_STYLE_USAGE(.BOTH.,#1387);
#797=FACE_OUTER_BOUND('',#1388,.T.);
#798=SPHERICAL_SURFACE('',#1389,0.999999999901191);
#799=SURFACE_STYLE_USAGE(.BOTH.,#1390);
#800=FACE_OUTER_BOUND('',#1391,.T.);
#801=PLANE('',#1392);
#802=SURFACE_STYLE_USAGE(.BOTH.,#1393);
#803=FACE_OUTER_BOUND('',#1394,.T.);
#804=CYLINDRICAL_SURFACE('',#1395,2.0);
#805=SURFACE_STYLE_USAGE(.BOTH.,#1396);
#806=FACE_OUTER_BOUND('',#1397,.T.);
#807=CONICAL_SURFACE('',#1398,1.2203173372,0.349065850398806);
#808=SURFACE_STYLE_USAGE(.BOTH.,#1399);
#809=FACE_OUTER_BOUND('',#1400,.T.);
#810=SPHERICAL_SURFACE('',#1401,0.999999999901191);
#811=SURFACE_STYLE_USAGE(.BOTH.,#1402);
#812=FACE_OUTER_BOUND('',#1403,.T.);
#813=CYLINDRICAL_SURFACE('',#1404,2.0);
#814=SURFACE_STYLE_USAGE(.BOTH.,#1405);
#815=FACE_OUTER_BOUND('',#1406,.T.);
#816=CYLINDRICAL_SURFACE('',#1407,0.999999999844309);
#817=SURFACE_STYLE_USAGE(.BOTH.,#1408);
#818=FACE_OUTER_BOUND('',#1409,.T.);
#819=SPHERICAL_SURFACE('',#1410,0.999999999901191);
#820=SURFACE_STYLE_USAGE(.BOTH.,#1411);
#821=FACE_OUTER_BOUND('',#1412,.T.);
#822=CONICAL_SURFACE('',#1413,1.2203173372,0.349065850398806);
#823=SURFACE_STYLE_USAGE(.BOTH.,#1414);
#824=FACE_OUTER_BOUND('',#1415,.T.);
#825=CYLINDRICAL_SURFACE('',#1416,0.999999999844309);
#826=SURFACE_STYLE_USAGE(.BOTH.,#1417);
#827=FACE_OUTER_BOUND('',#1418,.T.);
#828=CYLINDRICAL_SURFACE('',#1419,2.6);
#829=SURFACE_STYLE_USAGE(.BOTH.,#1420);
#830=FACE_OUTER_BOUND('',#1421,.T.);
#831=CYLINDRICAL_SURFACE('',#1422,2.6);
#832=SURFACE_STYLE_USAGE(.BOTH.,#1423);
#833=FACE_OUTER_BOUND('',#1424,.T.);
#834=CYLINDRICAL_SURFACE('',#1425,2.6);
#835=SURFACE_STYLE_USAGE(.BOTH.,#1426);
#836=FACE_OUTER_BOUND('',#1427,.T.);
#837=CYLINDRICAL_SURFACE('',#1428,2.6);
#838=SURFACE_STYLE_USAGE(.BOTH.,#1429);
#839=FACE_OUTER_BOUND('',#1430,.T.);
#840=CYLINDRICAL_SURFACE('',#1431,3.6);
#841=SURFACE_STYLE_USAGE(.BOTH.,#1432);
#842=FACE_OUTER_BOUND('',#1433,.T.);
#843=PLANE('',#1434);
#844=SURFACE_STYLE_USAGE(.BOTH.,#1435);
#845=FACE_OUTER_BOUND('',#1436,.T.);
#846=CYLINDRICAL_SURFACE('',#1437,3.6);
#847=SURFACE_STYLE_USAGE(.BOTH.,#1438);
#848=FACE_OUTER_BOUND('',#1439,.T.);
#849=PLANE('',#1440);
#850=SURFACE_STYLE_USAGE(.BOTH.,#1441);
#851=FACE_BOUND('',#1442,.T.);
#852=FACE_OUTER_BOUND('',#1443,.T.);
#853=PLANE('',#1444);
#854=SURFACE_STYLE_USAGE(.BOTH.,#1445);
#855=FACE_OUTER_BOUND('',#1446,.T.);
#856=CYLINDRICAL_SURFACE('',#1447,3.6);
#857=SURFACE_STYLE_USAGE(.BOTH.,#1448);
#858=FACE_OUTER_BOUND('',#1449,.T.);
#859=PLANE('',#1450);
#860=SURFACE_STYLE_USAGE(.BOTH.,#1451);
#861=FACE_OUTER_BOUND('',#1452,.T.);
#862=CYLINDRICAL_SURFACE('',#1453,3.6);
#863=SURFACE_STYLE_USAGE(.BOTH.,#1454);
#864=FACE_OUTER_BOUND('',#1455,.T.);
#865=PLANE('',#1456);
#866=SURFACE_STYLE_USAGE(.BOTH.,#1457);
#867=FACE_BOUND('',#1458,.T.);
#868=FACE_OUTER_BOUND('',#1459,.T.);
#869=PLANE('',#1460);
#870=SURFACE_STYLE_USAGE(.BOTH.,#1461);
#871=FACE_OUTER_BOUND('',#1462,.T.);
#872=PLANE('',#1463);
#873=SURFACE_STYLE_USAGE(.BOTH.,#1464);
#874=FACE_OUTER_BOUND('',#1465,.T.);
#875=CONICAL_SURFACE('',#1466,1.29979246171101,0.349065850398866);
#876=SURFACE_STYLE_USAGE(.BOTH.,#1467);
#877=FACE_OUTER_BOUND('',#1468,.T.);
#878=PLANE('',#1469);
#879=SURFACE_STYLE_USAGE(.BOTH.,#1470);
#880=FACE_OUTER_BOUND('',#1471,.T.);
#881=CONICAL_SURFACE('',#1472,2.70020753810527,0.349065850398866);
#882=SURFACE_STYLE_USAGE(.BOTH.,#1473);
#883=FACE_OUTER_BOUND('',#1474,.T.);
#884=CONICAL_SURFACE('',#1475,2.70020753810527,0.349065850398866);
#885=SURFACE_STYLE_USAGE(.BOTH.,#1476);
#886=FACE_OUTER_BOUND('',#1477,.T.);
#887=PLANE('',#1478);
#888=SURFACE_STYLE_USAGE(.BOTH.,#1479);
#889=FACE_OUTER_BOUND('',#1480,.T.);
#890=CONICAL_SURFACE('',#1481,1.29979246171101,0.349065850398866);
#891=SURFACE_STYLE_USAGE(.BOTH.,#1482);
#892=FACE_OUTER_BOUND('',#1483,.T.);
#893=PLANE('',#1484);
#894=SURFACE_STYLE_USAGE(.BOTH.,#1485);
#895=FACE_OUTER_BOUND('',#1486,.T.);
#896=CONICAL_SURFACE('',#1487,1.29979246171101,0.349065850398866);
#897=SURFACE_STYLE_USAGE(.BOTH.,#1488);
#898=FACE_OUTER_BOUND('',#1489,.T.);
#899=PLANE('',#1490);
#900=SURFACE_STYLE_USAGE(.BOTH.,#1491);
#901=FACE_OUTER_BOUND('',#1492,.T.);
#902=CONICAL_SURFACE('',#1493,2.70020753810527,0.349065850398866);
#903=SURFACE_STYLE_USAGE(.BOTH.,#1494);
#904=FACE_OUTER_BOUND('',#1495,.T.);
#905=CONICAL_SURFACE('',#1496,2.70020753810527,0.349065850398866);
#906=SURFACE_STYLE_USAGE(.BOTH.,#1497);
#907=FACE_OUTER_BOUND('',#1498,.T.);
#908=PLANE('',#1499);
#909=SURFACE_STYLE_USAGE(.BOTH.,#1500);
#910=FACE_OUTER_BOUND('',#1501,.T.);
#911=CONICAL_SURFACE('',#1502,1.29979246171101,0.349065850398866);
#912=SURFACE_STYLE_USAGE(.BOTH.,#1503);
#913=FACE_OUTER_BOUND('',#1504,.T.);
#914=PLANE('',#1505);
#915=SURFACE_STYLE_USAGE(.BOTH.,#1506);
#916=FACE_OUTER_BOUND('',#1507,.T.);
#917=PLANE('',#1508);
#918=SURFACE_STYLE_USAGE(.BOTH.,#1509);
#919=FACE_OUTER_BOUND('',#1510,.T.);
#920=PLANE('',#1511);
#921=SURFACE_STYLE_USAGE(.BOTH.,#1512);
#922=FACE_OUTER_BOUND('',#1513,.T.);
#923=CYLINDRICAL_SURFACE('',#1514,2.1);
#924=SURFACE_STYLE_USAGE(.BOTH.,#1515);
#925=FACE_OUTER_BOUND('',#1516,.T.);
#926=PLANE('',#1517);
#927=SURFACE_STYLE_USAGE(.BOTH.,#1518);
#928=FACE_OUTER_BOUND('',#1519,.T.);
#929=CYLINDRICAL_SURFACE('',#1520,4.31296296296296);
#930=SURFACE_STYLE_USAGE(.BOTH.,#1521);
#931=FACE_OUTER_BOUND('',#1522,.T.);
#932=PLANE('',#1523);
#933=SURFACE_STYLE_USAGE(.BOTH.,#1524);
#934=FACE_OUTER_BOUND('',#1525,.T.);
#935=PLANE('',#1526);
#936=SURFACE_STYLE_USAGE(.BOTH.,#1527);
#937=FACE_OUTER_BOUND('',#1528,.T.);
#938=PLANE('',#1529);
#939=SURFACE_STYLE_USAGE(.BOTH.,#1530);
#940=FACE_BOUND('',#1531,.T.);
#941=FACE_OUTER_BOUND('',#1532,.T.);
#942=PLANE('',#1533);
#943=SURFACE_STYLE_USAGE(.BOTH.,#1534);
#944=FACE_OUTER_BOUND('',#1535,.T.);
#945=PLANE('',#1536);
#946=SURFACE_STYLE_USAGE(.BOTH.,#1537);
#947=FACE_BOUND('',#1538,.T.);
#948=FACE_OUTER_BOUND('',#1539,.T.);
#949=PLANE('',#1540);
#950=SURFACE_STYLE_USAGE(.BOTH.,#1541);
#951=FACE_OUTER_BOUND('',#1542,.T.);
#952=PLANE('',#1543);
#953=SURFACE_STYLE_USAGE(.BOTH.,#1544);
#954=FACE_OUTER_BOUND('',#1545,.T.);
#955=PLANE('',#1546);
#956=SURFACE_STYLE_USAGE(.BOTH.,#1547);
#957=FACE_OUTER_BOUND('',#1548,.T.);
#958=PLANE('',#1549);
#959=SURFACE_STYLE_USAGE(.BOTH.,#1550);
#960=FACE_OUTER_BOUND('',#1551,.T.);
#961=PLANE('',#1552);
#962=SURFACE_STYLE_USAGE(.BOTH.,#1553);
#963=FACE_OUTER_BOUND('',#1554,.T.);
#964=PLANE('',#1555);
#965=SURFACE_STYLE_USAGE(.BOTH.,#1556);
#966=FACE_OUTER_BOUND('',#1557,.T.);
#967=CYLINDRICAL_SURFACE('',#1558,1.2);
#968=SURFACE_STYLE_USAGE(.BOTH.,#1559);
#969=FACE_OUTER_BOUND('',#1560,.T.);
#970=PLANE('',#1561);
#971=SURFACE_STYLE_USAGE(.BOTH.,#1562);
#972=FACE_OUTER_BOUND('',#1563,.T.);
#973=CYLINDRICAL_SURFACE('',#1564,1.2);
#974=SURFACE_STYLE_USAGE(.BOTH.,#1565);
#975=FACE_OUTER_BOUND('',#1566,.T.);
#976=PLANE('',#1567);
#977=SURFACE_STYLE_USAGE(.BOTH.,#1568);
#978=FACE_OUTER_BOUND('',#1569,.T.);
#979=PLANE('',#1570);
#980=SURFACE_STYLE_USAGE(.BOTH.,#1571);
#981=FACE_OUTER_BOUND('',#1572,.T.);
#982=CYLINDRICAL_SURFACE('',#1573,1.2);
#983=SURFACE_STYLE_USAGE(.BOTH.,#1574);
#984=FACE_OUTER_BOUND('',#1575,.T.);
#985=PLANE('',#1576);
#986=SURFACE_STYLE_USAGE(.BOTH.,#1577);
#987=FACE_OUTER_BOUND('',#1578,.T.);
#988=PLANE('',#1579);
#989=SURFACE_STYLE_USAGE(.BOTH.,#1580);
#990=FACE_OUTER_BOUND('',#1581,.T.);
#991=PLANE('',#1582);
#992=SURFACE_STYLE_USAGE(.BOTH.,#1583);
#993=FACE_OUTER_BOUND('',#1584,.T.);
#994=FACE_BOUND('',#1585,.T.);
#995=FACE_BOUND('',#1586,.T.);
#996=PLANE('',#1587);
#997=SURFACE_STYLE_USAGE(.BOTH.,#1588);
#998=FACE_OUTER_BOUND('',#1589,.T.);
#999=PLANE('',#1590);
#1000=SURFACE_STYLE_USAGE(.BOTH.,#1591);
#1001=FACE_OUTER_BOUND('',#1592,.T.);
#1002=PLANE('',#1593);
#1003=SURFACE_STYLE_USAGE(.BOTH.,#1594);
#1004=FACE_OUTER_BOUND('',#1595,.T.);
#1005=PLANE('',#1596);
#1006=SURFACE_STYLE_USAGE(.BOTH.,#1597);
#1007=FACE_OUTER_BOUND('',#1598,.T.);
#1008=CYLINDRICAL_SURFACE('',#1599,0.999999999999998);
#1009=SURFACE_STYLE_USAGE(.BOTH.,#1600);
#1010=FACE_OUTER_BOUND('',#1601,.T.);
#1011=CYLINDRICAL_SURFACE('',#1602,1.0);
#1012=SURFACE_STYLE_USAGE(.BOTH.,#1603);
#1013=FACE_BOUND('',#1604,.T.);
#1014=FACE_OUTER_BOUND('',#1605,.T.);
#1015=PLANE('',#1606);
#1016=SURFACE_STYLE_USAGE(.BOTH.,#1607);
#1017=FACE_OUTER_BOUND('',#1608,.T.);
#1018=PLANE('',#1609);
#1019=SURFACE_STYLE_USAGE(.BOTH.,#1610);
#1020=FACE_OUTER_BOUND('',#1611,.T.);
#1021=CYLINDRICAL_SURFACE('',#1612,1.0);
#1022=SURFACE_STYLE_USAGE(.BOTH.,#1613);
#1023=FACE_OUTER_BOUND('',#1614,.T.);
#1024=PLANE('',#1615);
#1025=SURFACE_STYLE_USAGE(.BOTH.,#1616);
#1026=FACE_OUTER_BOUND('',#1617,.T.);
#1027=CYLINDRICAL_SURFACE('',#1618,1.0);
#1028=SURFACE_STYLE_USAGE(.BOTH.,#1619);
#1029=FACE_OUTER_BOUND('',#1620,.T.);
#1030=PLANE('',#1621);
#1031=SURFACE_STYLE_USAGE(.BOTH.,#1622);
#1032=FACE_OUTER_BOUND('',#1623,.T.);
#1033=PLANE('',#1624);
#1034=SURFACE_STYLE_USAGE(.BOTH.,#1625);
#1035=FACE_OUTER_BOUND('',#1626,.T.);
#1036=PLANE('',#1627);
#1037=SURFACE_STYLE_USAGE(.BOTH.,#1628);
#1038=FACE_OUTER_BOUND('',#1629,.T.);
#1039=CYLINDRICAL_SURFACE('',#1630,1.0);
#1040=SURFACE_STYLE_USAGE(.BOTH.,#1631);
#1041=FACE_OUTER_BOUND('',#1632,.T.);
#1042=CYLINDRICAL_SURFACE('',#1633,1.0);
#1043=SURFACE_STYLE_USAGE(.BOTH.,#1634);
#1044=FACE_OUTER_BOUND('',#1635,.T.);
#1045=PLANE('',#1636);
#1046=SURFACE_STYLE_USAGE(.BOTH.,#1637);
#1047=FACE_OUTER_BOUND('',#1638,.T.);
#1048=PLANE('',#1639);
#1049=SURFACE_STYLE_USAGE(.BOTH.,#1640);
#1050=FACE_OUTER_BOUND('',#1641,.T.);
#1051=CYLINDRICAL_SURFACE('',#1642,0.999999999954071);
#1052=SURFACE_STYLE_USAGE(.BOTH.,#1643);
#1053=FACE_BOUND('',#1644,.T.);
#1054=FACE_OUTER_BOUND('',#1645,.T.);
#1055=PLANE('',#1646);
#1056=SURFACE_STYLE_USAGE(.BOTH.,#1647);
#1057=FACE_OUTER_BOUND('',#1648,.T.);
#1058=CYLINDRICAL_SURFACE('',#1649,0.999999999954072);
#1059=SURFACE_STYLE_USAGE(.BOTH.,#1650);
#1060=FACE_OUTER_BOUND('',#1651,.T.);
#1061=PLANE('',#1652);
#1062=SURFACE_STYLE_USAGE(.BOTH.,#1653);
#1063=FACE_OUTER_BOUND('',#1654,.T.);
#1064=PLANE('',#1655);
#1065=SURFACE_STYLE_USAGE(.BOTH.,#1656);
#1066=FACE_OUTER_BOUND('',#1657,.T.);
#1067=PLANE('',#1658);
#1068=SURFACE_STYLE_USAGE(.BOTH.,#1659);
#1069=FACE_OUTER_BOUND('',#1660,.T.);
#1070=PLANE('',#1661);
#1071=SURFACE_STYLE_USAGE(.BOTH.,#1662);
#1072=FACE_OUTER_BOUND('',#1663,.T.);
#1073=PLANE('',#1664);
#1074=SURFACE_STYLE_USAGE(.BOTH.,#1665);
#1075=FACE_OUTER_BOUND('',#1666,.T.);
#1076=PLANE('',#1667);
#1077=SURFACE_STYLE_USAGE(.BOTH.,#1668);
#1078=FACE_OUTER_BOUND('',#1669,.T.);
#1079=PLANE('',#1670);
#1080=SURFACE_STYLE_USAGE(.BOTH.,#1671);
#1081=FACE_OUTER_BOUND('',#1672,.T.);
#1082=PLANE('',#1673);
#1083=SURFACE_STYLE_USAGE(.BOTH.,#1674);
#1084=FACE_OUTER_BOUND('',#1675,.T.);
#1085=PLANE('',#1676);
#1086=SURFACE_STYLE_USAGE(.BOTH.,#1677);
#1087=FACE_OUTER_BOUND('',#1678,.T.);
#1088=PLANE('',#1679);
#1089=SURFACE_STYLE_USAGE(.BOTH.,#1680);
#1090=FACE_OUTER_BOUND('',#1681,.T.);
#1091=PLANE('',#1682);
#1092=SURFACE_STYLE_USAGE(.BOTH.,#1683);
#1093=FACE_OUTER_BOUND('',#1684,.T.);
#1094=PLANE('',#1685);
#1095=SURFACE_STYLE_USAGE(.BOTH.,#1686);
#1096=FACE_OUTER_BOUND('',#1687,.T.);
#1097=CYLINDRICAL_SURFACE('',#1688,0.999999999954071);
#1098=SURFACE_STYLE_USAGE(.BOTH.,#1689);
#1099=FACE_OUTER_BOUND('',#1690,.T.);
#1100=PLANE('',#1691);
#1101=SURFACE_STYLE_USAGE(.BOTH.,#1692);
#1102=FACE_OUTER_BOUND('',#1693,.T.);
#1103=CYLINDRICAL_SURFACE('',#1694,0.999999999954072);
#1104=SURFACE_STYLE_USAGE(.BOTH.,#1695);
#1105=FACE_OUTER_BOUND('',#1696,.T.);
#1106=PLANE('',#1697);
#1107=SURFACE_STYLE_USAGE(.BOTH.,#1698);
#1108=FACE_OUTER_BOUND('',#1699,.T.);
#1109=PLANE('',#1700);
#1110=SURFACE_STYLE_USAGE(.BOTH.,#1701);
#1111=FACE_OUTER_BOUND('',#1702,.T.);
#1112=CYLINDRICAL_SURFACE('',#1703,0.999999999844309);
#1113=SURFACE_STYLE_USAGE(.BOTH.,#1704);
#1114=FACE_OUTER_BOUND('',#1705,.T.);
#1115=PLANE('',#1706);
#1116=SURFACE_STYLE_USAGE(.BOTH.,#1707);
#1117=FACE_OUTER_BOUND('',#1708,.T.);
#1118=PLANE('',#1709);
#1119=SURFACE_STYLE_USAGE(.BOTH.,#1710);
#1120=FACE_OUTER_BOUND('',#1711,.T.);
#1121=PLANE('',#1712);
#1122=SURFACE_STYLE_USAGE(.BOTH.,#1713);
#1123=FACE_OUTER_BOUND('',#1714,.T.);
#1124=PLANE('',#1715);
#1125=SURFACE_STYLE_USAGE(.BOTH.,#1716);
#1126=FACE_OUTER_BOUND('',#1717,.T.);
#1127=CYLINDRICAL_SURFACE('',#1718,3.0);
#1128=SURFACE_STYLE_USAGE(.BOTH.,#1719);
#1129=FACE_OUTER_BOUND('',#1720,.T.);
#1130=PLANE('',#1721);
#1131=SURFACE_STYLE_USAGE(.BOTH.,#1722);
#1132=FACE_OUTER_BOUND('',#1723,.T.);
#1133=CYLINDRICAL_SURFACE('',#1724,3.0);
#1134=SURFACE_STYLE_USAGE(.BOTH.,#1725);
#1135=FACE_OUTER_BOUND('',#1726,.T.);
#1136=PLANE('',#1727);
#1137=SURFACE_STYLE_USAGE(.BOTH.,#1728);
#1138=FACE_OUTER_BOUND('',#1729,.T.);
#1139=PLANE('',#1730);
#1140=SURFACE_STYLE_USAGE(.BOTH.,#1731);
#1141=FACE_OUTER_BOUND('',#1732,.T.);
#1142=PLANE('',#1733);
#1143=SURFACE_STYLE_USAGE(.BOTH.,#1734);
#1144=FACE_OUTER_BOUND('',#1735,.T.);
#1145=PLANE('',#1736);
#1146=SURFACE_STYLE_USAGE(.BOTH.,#1737);
#1147=FACE_OUTER_BOUND('',#1738,.T.);
#1148=PLANE('',#1739);
#1149=SURFACE_STYLE_USAGE(.BOTH.,#1740);
#1150=FACE_OUTER_BOUND('',#1741,.T.);
#1151=CYLINDRICAL_SURFACE('',#1742,0.999999999844309);
#1152=SURFACE_STYLE_USAGE(.BOTH.,#1743);
#1153=FACE_OUTER_BOUND('',#1744,.T.);
#1154=PLANE('',#1745);
#1155=SURFACE_STYLE_USAGE(.BOTH.,#1746);
#1156=FACE_OUTER_BOUND('',#1747,.T.);
#1157=PLANE('',#1748);
#1158=SURFACE_STYLE_USAGE(.BOTH.,#1749);
#1159=FACE_OUTER_BOUND('',#1750,.T.);
#1160=PLANE('',#1751);
#1161=SURFACE_STYLE_USAGE(.BOTH.,#1752);
#1162=FACE_OUTER_BOUND('',#1753,.T.);
#1163=PLANE('',#1754);
#1164=SURFACE_STYLE_USAGE(.BOTH.,#1755);
#1165=FACE_OUTER_BOUND('',#1756,.T.);
#1166=CYLINDRICAL_SURFACE('',#1757,0.999999999844309);
#1167=SURFACE_STYLE_USAGE(.BOTH.,#1758);
#1168=FACE_OUTER_BOUND('',#1759,.T.);
#1169=CYLINDRICAL_SURFACE('',#1760,0.999999999844309);
#1170=SURFACE_STYLE_USAGE(.BOTH.,#1761);
#1171=FACE_OUTER_BOUND('',#1762,.T.);
#1172=PLANE('',#1763);
#1173=SURFACE_STYLE_USAGE(.BOTH.,#1764);
#1174=FACE_OUTER_BOUND('',#1765,.T.);
#1175=PLANE('',#1766);
#1176=SURFACE_STYLE_USAGE(.BOTH.,#1767);
#1177=FACE_OUTER_BOUND('',#1768,.T.);
#1178=PLANE('',#1769);
#1179=SURFACE_STYLE_USAGE(.BOTH.,#1770);
#1180=FACE_OUTER_BOUND('',#1771,.T.);
#1181=CYLINDRICAL_SURFACE('',#1772,3.0);
#1182=SURFACE_STYLE_USAGE(.BOTH.,#1773);
#1183=FACE_OUTER_BOUND('',#1774,.T.);
#1184=PLANE('',#1775);
#1185=SURFACE_STYLE_USAGE(.BOTH.,#1776);
#1186=FACE_OUTER_BOUND('',#1777,.T.);
#1187=CYLINDRICAL_SURFACE('',#1778,3.0);
#1188=SURFACE_STYLE_USAGE(.BOTH.,#1779);
#1189=FACE_OUTER_BOUND('',#1780,.T.);
#1190=PLANE('',#1781);
#1191=SURFACE_STYLE_USAGE(.BOTH.,#1782);
#1192=FACE_OUTER_BOUND('',#1783,.T.);
#1193=PLANE('',#1784);
#1194=SURFACE_STYLE_USAGE(.BOTH.,#1785);
#1195=FACE_OUTER_BOUND('',#1786,.T.);
#1196=CYLINDRICAL_SURFACE('',#1787,2.0);
#1197=SURFACE_STYLE_USAGE(.BOTH.,#1788);
#1198=CLOSED_SHELL('',(#278,#280,#282,#284,#286,#288,#290,#292,#294,#296,#298,#300,#302,#304,#306,#308,#310,#312,#314,#316,#318,#320,#322,#324,#326,#328,#330,#332,#334,#336,#338,#340,#342,#344,#346,#348,#350,#352,#354,#356,#358,#360,#362,#364,#366,#368,#370,#372,#374,#376,#378,#380,#382,#384,#386,#388,#390,#392,#394,#396,#398,#400,#402,#404,#406,#408,#410,#412,#414,#416,#418,#420,#422,#424,#426,#428,#430,#432,#434,#436,#438,#440,#442,#444,#446,#448,#450,#452,#454,#456,#458,#460,#462,#464,#466,#468,#470,#472,#474,#476,#478,#480,#482,#484,#486,#488,#490,#492,#494,#496,#498,#500,#502,#504,#506,#508,#510,#512,#514,#516,#518,#520,#522,#524,#526,#528,#530,#532,#534,#536,#538,#540,#542,#544,#546,#548,#550,#552,#554,#556,#558,#560,#562,#564,#566,#568,#570,#572,#574,#576,#578,#580,#582,#584,#586,#588,#590,#592,#594,#596));
#1199=PRODUCT_CONTEXT('',#203,'mechanical');
#1200=PRODUCT_DEFINITION_FORMATION_WITH_SPECIFIED_SOURCE(' ','NONE',#599,.NOT_KNOWN.);
#1201=CARTESIAN_POINT('',(0.0,0.0,0.0));
#1202=DIRECTION('',(0.0,0.0,1.0));
#1203=DIRECTION('',(1.0,0.0,0.0));
#1204=PRODUCT_CONTEXT('',#208,'mechanical');
#1205=PRODUCT_DEFINITION_FORMATION_WITH_SPECIFIED_SOURCE(' ','NONE',#602,.NOT_KNOWN.);
#1206=CARTESIAN_POINT('',(0.0,0.0,0.0));
#1207=DIRECTION('',(0.0,0.0,1.0));
#1208=DIRECTION('',(1.0,0.0,0.0));
#1209= (NAMED_UNIT(#610)LENGTH_UNIT()SI_UNIT(.MILLI.,.METRE.));
#1210=SURFACE_SIDE_STYLE('',(#1790));
#1211=EDGE_LOOP('',(#1791,#1792,#1793,#1794));
#1212=AXIS2_PLACEMENT_3D('',#1795,#1796,#1797);
#1213=SURFACE_SIDE_STYLE('',(#1798));
#1214=EDGE_LOOP('',(#1799,#1800,#1801,#1802));
#1215=AXIS2_PLACEMENT_3D('',#1803,#1804,#1805);
#1216=SURFACE_SIDE_STYLE('',(#1806));
#1217=EDGE_LOOP('',(#1807,#1808,#1809,#1810));
#1218=AXIS2_PLACEMENT_3D('',#1811,#1812,#1813);
#1219=SURFACE_SIDE_STYLE('',(#1814));
#1220=EDGE_LOOP('',(#1815,#1816,#1817,#1818));
#1221=AXIS2_PLACEMENT_3D('',#1819,#1820,#1821);
#1222=SURFACE_SIDE_STYLE('',(#1822));
#1223=EDGE_LOOP('',(#1823,#1824,#1825,#1826));
#1224=AXIS2_PLACEMENT_3D('',#1827,#1828,#1829);
#1225=SURFACE_SIDE_STYLE('',(#1830));
#1226=EDGE_LOOP('',(#1831,#1832,#1833,#1834));
#1227=AXIS2_PLACEMENT_3D('',#1835,#1836,#1837);
#1228=SURFACE_SIDE_STYLE('',(#1838));
#1229=EDGE_LOOP('',(#1839,#1840,#1841,#1842));
#1230=AXIS2_PLACEMENT_3D('',#1843,#1844,#1845);
#1231=SURFACE_SIDE_STYLE('',(#1846));
#1232=EDGE_LOOP('',(#1847,#1848,#1849,#1850));
#1233=AXIS2_PLACEMENT_3D('',#1851,#1852,#1853);
#1234=SURFACE_SIDE_STYLE('',(#1854));
#1235=EDGE_LOOP('',(#1855,#1856,#1857,#1858));
#1236=AXIS2_PLACEMENT_3D('',#1859,#1860,#1861);
#1237=SURFACE_SIDE_STYLE('',(#1862));
#1238=EDGE_LOOP('',(#1863,#1864,#1865,#1866));
#1239=AXIS2_PLACEMENT_3D('',#1867,#1868,#1869);
#1240=SURFACE_SIDE_STYLE('',(#1870));
#1241=EDGE_LOOP('',(#1871,#1872,#1873,#1874));
#1242=AXIS2_PLACEMENT_3D('',#1875,#1876,#1877);
#1243=SURFACE_SIDE_STYLE('',(#1878));
#1244=EDGE_LOOP('',(#1879,#1880,#1881,#1882));
#1245=AXIS2_PLACEMENT_3D('',#1883,#1884,#1885);
#1246=SURFACE_SIDE_STYLE('',(#1886));
#1247=EDGE_LOOP('',(#1887,#1888,#1889,#1890));
#1248=AXIS2_PLACEMENT_3D('',#1891,#1892,#1893);
#1249=SURFACE_SIDE_STYLE('',(#1894));
#1250=EDGE_LOOP('',(#1895,#1896,#1897,#1898));
#1251=AXIS2_PLACEMENT_3D('',#1899,#1900,#1901);
#1252=SURFACE_SIDE_STYLE('',(#1902));
#1253=EDGE_LOOP('',(#1903,#1904,#1905,#1906));
#1254=AXIS2_PLACEMENT_3D('',#1907,#1908,#1909);
#1255=SURFACE_SIDE_STYLE('',(#1910));
#1256=EDGE_LOOP('',(#1911,#1912,#1913,#1914));
#1257=AXIS2_PLACEMENT_3D('',#1915,#1916,#1917);
#1258=SURFACE_SIDE_STYLE('',(#1918));
#1259=EDGE_LOOP('',(#1919,#1920,#1921,#1922));
#1260=AXIS2_PLACEMENT_3D('',#1923,#1924,#1925);
#1261=SURFACE_SIDE_STYLE('',(#1926));
#1262=EDGE_LOOP('',(#1927,#1928,#1929));
#1263=EDGE_LOOP('',(#1930,#1931,#1932,#1933,#1934,#1935,#1936,#1937));
#1264=AXIS2_PLACEMENT_3D('',#1938,#1939,#1940);
#1265=SURFACE_SIDE_STYLE('',(#1941));
#1266=EDGE_LOOP('',(#1942,#1943,#1944,#1945));
#1267=AXIS2_PLACEMENT_3D('',#1946,#1947,#1948);
#1268=SURFACE_SIDE_STYLE('',(#1949));
#1269=EDGE_LOOP('',(#1950,#1951,#1952,#1953));
#1270=AXIS2_PLACEMENT_3D('',#1954,#1955,#1956);
#1271=SURFACE_SIDE_STYLE('',(#1957));
#1272=EDGE_LOOP('',(#1958,#1959,#1960,#1961));
#1273=AXIS2_PLACEMENT_3D('',#1962,#1963,#1964);
#1274=SURFACE_SIDE_STYLE('',(#1965));
#1275=EDGE_LOOP('',(#1966,#1967,#1968,#1969));
#1276=AXIS2_PLACEMENT_3D('',#1970,#1971,#1972);
#1277=SURFACE_SIDE_STYLE('',(#1973));
#1278=EDGE_LOOP('',(#1974,#1975,#1976,#1977));
#1279=AXIS2_PLACEMENT_3D('',#1978,#1979,#1980);
#1280=SURFACE_SIDE_STYLE('',(#1981));
#1281=EDGE_LOOP('',(#1982,#1983,#1984,#1985));
#1282=EDGE_LOOP('',(#1986,#1987,#1988,#1989,#1990,#1991,#1992,#1993));
#1283=EDGE_LOOP('',(#1994,#1995,#1996,#1997));
#1284=EDGE_LOOP('',(#1998,#1999));
#1285=AXIS2_PLACEMENT_3D('',#2000,#2001,#2002);
#1286=SURFACE_SIDE_STYLE('',(#2003));
#1287=EDGE_LOOP('',(#2004,#2005,#2006));
#1288=AXIS2_PLACEMENT_3D('',#2007,#2008,#2009);
#1289=SURFACE_SIDE_STYLE('',(#2010));
#1290=EDGE_LOOP('',(#2011,#2012,#2013,#2014));
#1291=AXIS2_PLACEMENT_3D('',#2015,#2016,#2017);
#1292=SURFACE_SIDE_STYLE('',(#2018));
#1293=EDGE_LOOP('',(#2019,#2020));
#1294=AXIS2_PLACEMENT_3D('',#2021,#2022,#2023);
#1295=SURFACE_SIDE_STYLE('',(#2024));
#1296=SURFACE_SIDE_STYLE('',(#2025));
#1297=EDGE_LOOP('',(#2026,#2027,#2028,#2029));
#1298=AXIS2_PLACEMENT_3D('',#2030,#2031,#2032);
#1299=SURFACE_SIDE_STYLE('',(#2033));
#1300=EDGE_LOOP('',(#2034,#2035,#2036,#2037));
#1301=AXIS2_PLACEMENT_3D('',#2038,#2039,#2040);
#1302=SURFACE_SIDE_STYLE('',(#2041));
#1303=EDGE_LOOP('',(#2042,#2043,#2044,#2045));
#1304=EDGE_LOOP('',(#2046,#2047,#2048,#2049));
#1305=AXIS2_PLACEMENT_3D('',#2050,#2051,#2052);
#1306=SURFACE_SIDE_STYLE('',(#2053));
#1307=EDGE_LOOP('',(#2054,#2055,#2056,#2057));
#1308=AXIS2_PLACEMENT_3D('',#2058,#2059,#2060);
#1309=SURFACE_SIDE_STYLE('',(#2061));
#1310=EDGE_LOOP('',(#2062,#2063,#2064,#2065));
#1311=EDGE_LOOP('',(#2066,#2067,#2068,#2069,#2070,#2071,#2072,#2073,#2074,#2075,#2076,#2077));
#1312=AXIS2_PLACEMENT_3D('',#2078,#2079,#2080);
#1313=SURFACE_SIDE_STYLE('',(#2081));
#1314=EDGE_LOOP('',(#2082,#2083,#2084,#2085));
#1315=AXIS2_PLACEMENT_3D('',#2086,#2087,#2088);
#1316=SURFACE_SIDE_STYLE('',(#2089));
#1317=EDGE_LOOP('',(#2090,#2091,#2092,#2093));
#1318=AXIS2_PLACEMENT_3D('',#2094,#2095,#2096);
#1319=SURFACE_SIDE_STYLE('',(#2097));
#1320=EDGE_LOOP('',(#2098,#2099,#2100,#2101));
#1321=AXIS2_PLACEMENT_3D('',#2102,#2103,#2104);
#1322=SURFACE_SIDE_STYLE('',(#2105));
#1323=EDGE_LOOP('',(#2106,#2107,#2108,#2109));
#1324=AXIS2_PLACEMENT_3D('',#2110,#2111,#2112);
#1325=SURFACE_SIDE_STYLE('',(#2113));
#1326=EDGE_LOOP('',(#2114,#2115,#2116,#2117));
#1327=AXIS2_PLACEMENT_3D('',#2118,#2119,#2120);
#1328=SURFACE_SIDE_STYLE('',(#2121));
#1329=EDGE_LOOP('',(#2122,#2123,#2124,#2125));
#1330=AXIS2_PLACEMENT_3D('',#2126,#2127,#2128);
#1331=SURFACE_SIDE_STYLE('',(#2129));
#1332=EDGE_LOOP('',(#2130,#2131,#2132,#2133));
#1333=AXIS2_PLACEMENT_3D('',#2134,#2135,#2136);
#1334=SURFACE_SIDE_STYLE('',(#2137));
#1335=EDGE_LOOP('',(#2138,#2139,#2140,#2141));
#1336=AXIS2_PLACEMENT_3D('',#2142,#2143,#2144);
#1337=SURFACE_SIDE_STYLE('',(#2145));
#1338=EDGE_LOOP('',(#2146,#2147,#2148,#2149));
#1339=AXIS2_PLACEMENT_3D('',#2150,#2151,#2152);
#1340=SURFACE_SIDE_STYLE('',(#2153));
#1341=EDGE_LOOP('',(#2154,#2155,#2156,#2157));
#1342=AXIS2_PLACEMENT_3D('',#2158,#2159,#2160);
#1343=SURFACE_SIDE_STYLE('',(#2161));
#1344=EDGE_LOOP('',(#2162,#2163,#2164,#2165));
#1345=AXIS2_PLACEMENT_3D('',#2166,#2167,#2168);
#1346=SURFACE_SIDE_STYLE('',(#2169));
#1347=EDGE_LOOP('',(#2170,#2171,#2172,#2173));
#1348=AXIS2_PLACEMENT_3D('',#2174,#2175,#2176);
#1349=SURFACE_SIDE_STYLE('',(#2177));
#1350=EDGE_LOOP('',(#2178,#2179,#2180,#2181));
#1351=AXIS2_PLACEMENT_3D('',#2182,#2183,#2184);
#1352=SURFACE_SIDE_STYLE('',(#2185));
#1353=EDGE_LOOP('',(#2186,#2187,#2188,#2189,#2190,#2191,#2192,#2193,#2194,#2195));
#1354=AXIS2_PLACEMENT_3D('',#2196,#2197,#2198);
#1355=SURFACE_SIDE_STYLE('',(#2199));
#1356=EDGE_LOOP('',(#2200,#2201,#2202,#2203));
#1357=AXIS2_PLACEMENT_3D('',#2204,#2205,#2206);
#1358=SURFACE_SIDE_STYLE('',(#2207));
#1359=EDGE_LOOP('',(#2208,#2209,#2210,#2211));
#1360=AXIS2_PLACEMENT_3D('',#2212,#2213,#2214);
#1361=SURFACE_SIDE_STYLE('',(#2215));
#1362=EDGE_LOOP('',(#2216,#2217,#2218,#2219));
#1363=AXIS2_PLACEMENT_3D('',#2220,#2221,#2222);
#1364=SURFACE_SIDE_STYLE('',(#2223));
#1365=EDGE_LOOP('',(#2224,#2225,#2226,#2227,#2228,#2229,#2230,#2231,#2232,#2233,#2234,#2235,#2236,#2237));
#1366=EDGE_LOOP('',(#2238,#2239,#2240,#2241));
#1367=EDGE_LOOP('',(#2242,#2243,#2244,#2245));
#1368=AXIS2_PLACEMENT_3D('',#2246,#2247,#2248);
#1369=SURFACE_SIDE_STYLE('',(#2249));
#1370=EDGE_LOOP('',(#2250,#2251,#2252,#2253,#2254,#2255,#2256,#2257,#2258,#2259));
#1371=AXIS2_PLACEMENT_3D('',#2260,#2261,#2262);
#1372=SURFACE_SIDE_STYLE('',(#2263));
#1373=EDGE_LOOP('',(#2264,#2265,#2266,#2267));
#1374=AXIS2_PLACEMENT_3D('',#2268,#2269,#2270);
#1375=SURFACE_SIDE_STYLE('',(#2271));
#1376=EDGE_LOOP('',(#2272,#2273,#2274));
#1377=AXIS2_PLACEMENT_3D('',#2275,#2276,#2277);
#1378=SURFACE_SIDE_STYLE('',(#2278));
#1379=EDGE_LOOP('',(#2279,#2280,#2281,#2282,#2283,#2284));
#1380=AXIS2_PLACEMENT_3D('',#2285,#2286,#2287);
#1381=SURFACE_SIDE_STYLE('',(#2288));
#1382=EDGE_LOOP('',(#2289,#2290,#2291,#2292,#2293,#2294));
#1383=AXIS2_PLACEMENT_3D('',#2295,#2296,#2297);
#1384=SURFACE_SIDE_STYLE('',(#2298));
#1385=EDGE_LOOP('',(#2299,#2300,#2301,#2302));
#1386=AXIS2_PLACEMENT_3D('',#2303,#2304,#2305);
#1387=SURFACE_SIDE_STYLE('',(#2306));
#1388=EDGE_LOOP('',(#2307,#2308,#2309));
#1389=AXIS2_PLACEMENT_3D('',#2310,#2311,#2312);
#1390=SURFACE_SIDE_STYLE('',(#2313));
#1391=EDGE_LOOP('',(#2314,#2315,#2316,#2317,#2318,#2319));
#1392=AXIS2_PLACEMENT_3D('',#2320,#2321,#2322);
#1393=SURFACE_SIDE_STYLE('',(#2323));
#1394=EDGE_LOOP('',(#2324,#2325,#2326,#2327,#2328,#2329));
#1395=AXIS2_PLACEMENT_3D('',#2330,#2331,#2332);
#1396=SURFACE_SIDE_STYLE('',(#2333));
#1397=EDGE_LOOP('',(#2334,#2335,#2336,#2337));
#1398=AXIS2_PLACEMENT_3D('',#2338,#2339,#2340);
#1399=SURFACE_SIDE_STYLE('',(#2341));
#1400=EDGE_LOOP('',(#2342,#2343,#2344));
#1401=AXIS2_PLACEMENT_3D('',#2345,#2346,#2347);
#1402=SURFACE_SIDE_STYLE('',(#2348));
#1403=EDGE_LOOP('',(#2349,#2350,#2351,#2352,#2353,#2354));
#1404=AXIS2_PLACEMENT_3D('',#2355,#2356,#2357);
#1405=SURFACE_SIDE_STYLE('',(#2358));
#1406=EDGE_LOOP('',(#2359,#2360,#2361,#2362));
#1407=AXIS2_PLACEMENT_3D('',#2363,#2364,#2365);
#1408=SURFACE_SIDE_STYLE('',(#2366));
#1409=EDGE_LOOP('',(#2367,#2368,#2369));
#1410=AXIS2_PLACEMENT_3D('',#2370,#2371,#2372);
#1411=SURFACE_SIDE_STYLE('',(#2373));
#1412=EDGE_LOOP('',(#2374,#2375,#2376,#2377));
#1413=AXIS2_PLACEMENT_3D('',#2378,#2379,#2380);
#1414=SURFACE_SIDE_STYLE('',(#2381));
#1415=EDGE_LOOP('',(#2382,#2383,#2384,#2385));
#1416=AXIS2_PLACEMENT_3D('',#2386,#2387,#2388);
#1417=SURFACE_SIDE_STYLE('',(#2389));
#1418=EDGE_LOOP('',(#2390,#2391,#2392,#2393));
#1419=AXIS2_PLACEMENT_3D('',#2394,#2395,#2396);
#1420=SURFACE_SIDE_STYLE('',(#2397));
#1421=EDGE_LOOP('',(#2398,#2399,#2400,#2401));
#1422=AXIS2_PLACEMENT_3D('',#2402,#2403,#2404);
#1423=SURFACE_SIDE_STYLE('',(#2405));
#1424=EDGE_LOOP('',(#2406,#2407,#2408,#2409));
#1425=AXIS2_PLACEMENT_3D('',#2410,#2411,#2412);
#1426=SURFACE_SIDE_STYLE('',(#2413));
#1427=EDGE_LOOP('',(#2414,#2415,#2416,#2417));
#1428=AXIS2_PLACEMENT_3D('',#2418,#2419,#2420);
#1429=SURFACE_SIDE_STYLE('',(#2421));
#1430=EDGE_LOOP('',(#2422,#2423,#2424,#2425));
#1431=AXIS2_PLACEMENT_3D('',#2426,#2427,#2428);
#1432=SURFACE_SIDE_STYLE('',(#2429));
#1433=EDGE_LOOP('',(#2430,#2431,#2432,#2433));
#1434=AXIS2_PLACEMENT_3D('',#2434,#2435,#2436);
#1435=SURFACE_SIDE_STYLE('',(#2437));
#1436=EDGE_LOOP('',(#2438,#2439,#2440,#2441));
#1437=AXIS2_PLACEMENT_3D('',#2442,#2443,#2444);
#1438=SURFACE_SIDE_STYLE('',(#2445));
#1439=EDGE_LOOP('',(#2446,#2447,#2448,#2449));
#1440=AXIS2_PLACEMENT_3D('',#2450,#2451,#2452);
#1441=SURFACE_SIDE_STYLE('',(#2453));
#1442=EDGE_LOOP('',(#2454,#2455,#2456,#2457));
#1443=EDGE_LOOP('',(#2458,#2459,#2460,#2461));
#1444=AXIS2_PLACEMENT_3D('',#2462,#2463,#2464);
#1445=SURFACE_SIDE_STYLE('',(#2465));
#1446=EDGE_LOOP('',(#2466,#2467,#2468,#2469));
#1447=AXIS2_PLACEMENT_3D('',#2470,#2471,#2472);
#1448=SURFACE_SIDE_STYLE('',(#2473));
#1449=EDGE_LOOP('',(#2474,#2475,#2476,#2477));
#1450=AXIS2_PLACEMENT_3D('',#2478,#2479,#2480);
#1451=SURFACE_SIDE_STYLE('',(#2481));
#1452=EDGE_LOOP('',(#2482,#2483,#2484,#2485));
#1453=AXIS2_PLACEMENT_3D('',#2486,#2487,#2488);
#1454=SURFACE_SIDE_STYLE('',(#2489));
#1455=EDGE_LOOP('',(#2490,#2491,#2492,#2493));
#1456=AXIS2_PLACEMENT_3D('',#2494,#2495,#2496);
#1457=SURFACE_SIDE_STYLE('',(#2497));
#1458=EDGE_LOOP('',(#2498,#2499,#2500,#2501));
#1459=EDGE_LOOP('',(#2502,#2503,#2504,#2505));
#1460=AXIS2_PLACEMENT_3D('',#2506,#2507,#2508);
#1461=SURFACE_SIDE_STYLE('',(#2509));
#1462=EDGE_LOOP('',(#2510,#2511,#2512,#2513));
#1463=AXIS2_PLACEMENT_3D('',#2514,#2515,#2516);
#1464=SURFACE_SIDE_STYLE('',(#2517));
#1465=EDGE_LOOP('',(#2518,#2519,#2520,#2521));
#1466=AXIS2_PLACEMENT_3D('',#2522,#2523,#2524);
#1467=SURFACE_SIDE_STYLE('',(#2525));
#1468=EDGE_LOOP('',(#2526,#2527,#2528,#2529));
#1469=AXIS2_PLACEMENT_3D('',#2530,#2531,#2532);
#1470=SURFACE_SIDE_STYLE('',(#2533));
#1471=EDGE_LOOP('',(#2534,#2535,#2536,#2537));
#1472=AXIS2_PLACEMENT_3D('',#2538,#2539,#2540);
#1473=SURFACE_SIDE_STYLE('',(#2541));
#1474=EDGE_LOOP('',(#2542,#2543,#2544,#2545));
#1475=AXIS2_PLACEMENT_3D('',#2546,#2547,#2548);
#1476=SURFACE_SIDE_STYLE('',(#2549));
#1477=EDGE_LOOP('',(#2550,#2551,#2552,#2553));
#1478=AXIS2_PLACEMENT_3D('',#2554,#2555,#2556);
#1479=SURFACE_SIDE_STYLE('',(#2557));
#1480=EDGE_LOOP('',(#2558,#2559,#2560,#2561));
#1481=AXIS2_PLACEMENT_3D('',#2562,#2563,#2564);
#1482=SURFACE_SIDE_STYLE('',(#2565));
#1483=EDGE_LOOP('',(#2566,#2567,#2568,#2569));
#1484=AXIS2_PLACEMENT_3D('',#2570,#2571,#2572);
#1485=SURFACE_SIDE_STYLE('',(#2573));
#1486=EDGE_LOOP('',(#2574,#2575,#2576,#2577));
#1487=AXIS2_PLACEMENT_3D('',#2578,#2579,#2580);
#1488=SURFACE_SIDE_STYLE('',(#2581));
#1489=EDGE_LOOP('',(#2582,#2583,#2584,#2585));
#1490=AXIS2_PLACEMENT_3D('',#2586,#2587,#2588);
#1491=SURFACE_SIDE_STYLE('',(#2589));
#1492=EDGE_LOOP('',(#2590,#2591,#2592,#2593));
#1493=AXIS2_PLACEMENT_3D('',#2594,#2595,#2596);
#1494=SURFACE_SIDE_STYLE('',(#2597));
#1495=EDGE_LOOP('',(#2598,#2599,#2600,#2601));
#1496=AXIS2_PLACEMENT_3D('',#2602,#2603,#2604);
#1497=SURFACE_SIDE_STYLE('',(#2605));
#1498=EDGE_LOOP('',(#2606,#2607,#2608,#2609));
#1499=AXIS2_PLACEMENT_3D('',#2610,#2611,#2612);
#1500=SURFACE_SIDE_STYLE('',(#2613));
#1501=EDGE_LOOP('',(#2614,#2615,#2616,#2617));
#1502=AXIS2_PLACEMENT_3D('',#2618,#2619,#2620);
#1503=SURFACE_SIDE_STYLE('',(#2621));
#1504=EDGE_LOOP('',(#2622,#2623,#2624,#2625));
#1505=AXIS2_PLACEMENT_3D('',#2626,#2627,#2628);
#1506=SURFACE_SIDE_STYLE('',(#2629));
#1507=EDGE_LOOP('',(#2630,#2631,#2632,#2633));
#1508=AXIS2_PLACEMENT_3D('',#2634,#2635,#2636);
#1509=SURFACE_SIDE_STYLE('',(#2637));
#1510=EDGE_LOOP('',(#2638,#2639,#2640,#2641));
#1511=AXIS2_PLACEMENT_3D('',#2642,#2643,#2644);
#1512=SURFACE_SIDE_STYLE('',(#2645));
#1513=EDGE_LOOP('',(#2646,#2647,#2648,#2649));
#1514=AXIS2_PLACEMENT_3D('',#2650,#2651,#2652);
#1515=SURFACE_SIDE_STYLE('',(#2653));
#1516=EDGE_LOOP('',(#2654,#2655,#2656,#2657));
#1517=AXIS2_PLACEMENT_3D('',#2658,#2659,#2660);
#1518=SURFACE_SIDE_STYLE('',(#2661));
#1519=EDGE_LOOP('',(#2662,#2663,#2664,#2665));
#1520=AXIS2_PLACEMENT_3D('',#2666,#2667,#2668);
#1521=SURFACE_SIDE_STYLE('',(#2669));
#1522=EDGE_LOOP('',(#2670,#2671,#2672,#2673));
#1523=AXIS2_PLACEMENT_3D('',#2674,#2675,#2676);
#1524=SURFACE_SIDE_STYLE('',(#2677));
#1525=EDGE_LOOP('',(#2678,#2679,#2680,#2681));
#1526=AXIS2_PLACEMENT_3D('',#2682,#2683,#2684);
#1527=SURFACE_SIDE_STYLE('',(#2685));
#1528=EDGE_LOOP('',(#2686,#2687,#2688,#2689));
#1529=AXIS2_PLACEMENT_3D('',#2690,#2691,#2692);
#1530=SURFACE_SIDE_STYLE('',(#2693));
#1531=EDGE_LOOP('',(#2694,#2695));
#1532=EDGE_LOOP('',(#2696,#2697,#2698,#2699));
#1533=AXIS2_PLACEMENT_3D('',#2700,#2701,#2702);
#1534=SURFACE_SIDE_STYLE('',(#2703));
#1535=EDGE_LOOP('',(#2704,#2705,#2706,#2707));
#1536=AXIS2_PLACEMENT_3D('',#2708,#2709,#2710);
#1537=SURFACE_SIDE_STYLE('',(#2711));
#1538=EDGE_LOOP('',(#2712,#2713,#2714,#2715));
#1539=EDGE_LOOP('',(#2716,#2717,#2718,#2719));
#1540=AXIS2_PLACEMENT_3D('',#2720,#2721,#2722);
#1541=SURFACE_SIDE_STYLE('',(#2723));
#1542=EDGE_LOOP('',(#2724,#2725,#2726,#2727));
#1543=AXIS2_PLACEMENT_3D('',#2728,#2729,#2730);
#1544=SURFACE_SIDE_STYLE('',(#2731));
#1545=EDGE_LOOP('',(#2732,#2733,#2734,#2735));
#1546=AXIS2_PLACEMENT_3D('',#2736,#2737,#2738);
#1547=SURFACE_SIDE_STYLE('',(#2739));
#1548=EDGE_LOOP('',(#2740,#2741,#2742,#2743));
#1549=AXIS2_PLACEMENT_3D('',#2744,#2745,#2746);
#1550=SURFACE_SIDE_STYLE('',(#2747));
#1551=EDGE_LOOP('',(#2748,#2749,#2750,#2751));
#1552=AXIS2_PLACEMENT_3D('',#2752,#2753,#2754);
#1553=SURFACE_SIDE_STYLE('',(#2755));
#1554=EDGE_LOOP('',(#2756,#2757,#2758,#2759));
#1555=AXIS2_PLACEMENT_3D('',#2760,#2761,#2762);
#1556=SURFACE_SIDE_STYLE('',(#2763));
#1557=EDGE_LOOP('',(#2764,#2765,#2766,#2767));
#1558=AXIS2_PLACEMENT_3D('',#2768,#2769,#2770);
#1559=SURFACE_SIDE_STYLE('',(#2771));
#1560=EDGE_LOOP('',(#2772,#2773,#2774,#2775,#2776,#2777,#2778,#2779,#2780,#2781,#2782,#2783,#2784,#2785,#2786,#2787,#2788,#2789,#2790));
#1561=AXIS2_PLACEMENT_3D('',#2791,#2792,#2793);
#1562=SURFACE_SIDE_STYLE('',(#2794));
#1563=EDGE_LOOP('',(#2795,#2796,#2797,#2798));
#1564=AXIS2_PLACEMENT_3D('',#2799,#2800,#2801);
#1565=SURFACE_SIDE_STYLE('',(#2802));
#1566=EDGE_LOOP('',(#2803,#2804,#2805,#2806,#2807,#2808,#2809,#2810,#2811,#2812));
#1567=AXIS2_PLACEMENT_3D('',#2813,#2814,#2815);
#1568=SURFACE_SIDE_STYLE('',(#2816));
#1569=EDGE_LOOP('',(#2817,#2818,#2819,#2820,#2821,#2822,#2823));
#1570=AXIS2_PLACEMENT_3D('',#2824,#2825,#2826);
#1571=SURFACE_SIDE_STYLE('',(#2827));
#1572=EDGE_LOOP('',(#2828,#2829,#2830,#2831));
#1573=AXIS2_PLACEMENT_3D('',#2832,#2833,#2834);
#1574=SURFACE_SIDE_STYLE('',(#2835));
#1575=EDGE_LOOP('',(#2836,#2837,#2838,#2839,#2840,#2841));
#1576=AXIS2_PLACEMENT_3D('',#2842,#2843,#2844);
#1577=SURFACE_SIDE_STYLE('',(#2845));
#1578=EDGE_LOOP('',(#2846,#2847,#2848,#2849,#2850,#2851,#2852,#2853,#2854,#2855,#2856,#2857,#2858,#2859,#2860,#2861,#2862,#2863,#2864,#2865,#2866,#2867,#2868,#2869,#2870,#2871,#2872,#2873,#2874,#2875));
#1579=AXIS2_PLACEMENT_3D('',#2876,#2877,#2878);
#1580=SURFACE_SIDE_STYLE('',(#2879));
#1581=EDGE_LOOP('',(#2880,#2881,#2882,#2883));
#1582=AXIS2_PLACEMENT_3D('',#2884,#2885,#2886);
#1583=SURFACE_SIDE_STYLE('',(#2887));
#1584=EDGE_LOOP('',(#2888,#2889,#2890,#2891,#2892,#2893,#2894,#2895,#2896,#2897,#2898,#2899,#2900,#2901));
#1585=EDGE_LOOP('',(#2902,#2903,#2904,#2905));
#1586=EDGE_LOOP('',(#2906,#2907,#2908,#2909));
#1587=AXIS2_PLACEMENT_3D('',#2910,#2911,#2912);
#1588=SURFACE_SIDE_STYLE('',(#2913));
#1589=EDGE_LOOP('',(#2914,#2915,#2916,#2917,#2918,#2919));
#1590=AXIS2_PLACEMENT_3D('',#2920,#2921,#2922);
#1591=SURFACE_SIDE_STYLE('',(#2923));
#1592=EDGE_LOOP('',(#2924,#2925,#2926,#2927));
#1593=AXIS2_PLACEMENT_3D('',#2928,#2929,#2930);
#1594=SURFACE_SIDE_STYLE('',(#2931));
#1595=EDGE_LOOP('',(#2932,#2933,#2934,#2935));
#1596=AXIS2_PLACEMENT_3D('',#2936,#2937,#2938);
#1597=SURFACE_SIDE_STYLE('',(#2939));
#1598=EDGE_LOOP('',(#2940,#2941,#2942,#2943,#2944,#2945));
#1599=AXIS2_PLACEMENT_3D('',#2946,#2947,#2948);
#1600=SURFACE_SIDE_STYLE('',(#2949));
#1601=EDGE_LOOP('',(#2950,#2951,#2952,#2953,#2954,#2955));
#1602=AXIS2_PLACEMENT_3D('',#2956,#2957,#2958);
#1603=SURFACE_SIDE_STYLE('',(#2959));
#1604=EDGE_LOOP('',(#2960,#2961));
#1605=EDGE_LOOP('',(#2962,#2963,#2964,#2965));
#1606=AXIS2_PLACEMENT_3D('',#2966,#2967,#2968);
#1607=SURFACE_SIDE_STYLE('',(#2969));
#1608=EDGE_LOOP('',(#2970,#2971,#2972));
#1609=AXIS2_PLACEMENT_3D('',#2973,#2974,#2975);
#1610=SURFACE_SIDE_STYLE('',(#2976));
#1611=EDGE_LOOP('',(#2977,#2978,#2979,#2980,#2981));
#1612=AXIS2_PLACEMENT_3D('',#2982,#2983,#2984);
#1613=SURFACE_SIDE_STYLE('',(#2985));
#1614=EDGE_LOOP('',(#2986,#2987,#2988,#2989));
#1615=AXIS2_PLACEMENT_3D('',#2990,#2991,#2992);
#1616=SURFACE_SIDE_STYLE('',(#2993));
#1617=EDGE_LOOP('',(#2994,#2995,#2996,#2997,#2998));
#1618=AXIS2_PLACEMENT_3D('',#2999,#3000,#3001);
#1619=SURFACE_SIDE_STYLE('',(#3002));
#1620=EDGE_LOOP('',(#3003,#3004,#3005));
#1621=AXIS2_PLACEMENT_3D('',#3006,#3007,#3008);
#1622=SURFACE_SIDE_STYLE('',(#3009));
#1623=EDGE_LOOP('',(#3010,#3011,#3012));
#1624=AXIS2_PLACEMENT_3D('',#3013,#3014,#3015);
#1625=SURFACE_SIDE_STYLE('',(#3016));
#1626=EDGE_LOOP('',(#3017,#3018,#3019));
#1627=AXIS2_PLACEMENT_3D('',#3020,#3021,#3022);
#1628=SURFACE_SIDE_STYLE('',(#3023));
#1629=EDGE_LOOP('',(#3024,#3025,#3026,#3027,#3028));
#1630=AXIS2_PLACEMENT_3D('',#3029,#3030,#3031);
#1631=SURFACE_SIDE_STYLE('',(#3032));
#1632=EDGE_LOOP('',(#3033,#3034,#3035,#3036,#3037));
#1633=AXIS2_PLACEMENT_3D('',#3038,#3039,#3040);
#1634=SURFACE_SIDE_STYLE('',(#3041));
#1635=EDGE_LOOP('',(#3042,#3043,#3044,#3045,#3046,#3047,#3048,#3049,#3050,#3051,#3052,#3053,#3054,#3055,#3056,#3057));
#1636=AXIS2_PLACEMENT_3D('',#3058,#3059,#3060);
#1637=SURFACE_SIDE_STYLE('',(#3061));
#1638=EDGE_LOOP('',(#3062,#3063,#3064,#3065,#3066,#3067,#3068,#3069));
#1639=AXIS2_PLACEMENT_3D('',#3070,#3071,#3072);
#1640=SURFACE_SIDE_STYLE('',(#3073));
#1641=EDGE_LOOP('',(#3074,#3075,#3076,#3077));
#1642=AXIS2_PLACEMENT_3D('',#3078,#3079,#3080);
#1643=SURFACE_SIDE_STYLE('',(#3081));
#1644=EDGE_LOOP('',(#3082,#3083,#3084,#3085));
#1645=EDGE_LOOP('',(#3086,#3087,#3088,#3089));
#1646=AXIS2_PLACEMENT_3D('',#3090,#3091,#3092);
#1647=SURFACE_SIDE_STYLE('',(#3093));
#1648=EDGE_LOOP('',(#3094,#3095,#3096,#3097));
#1649=AXIS2_PLACEMENT_3D('',#3098,#3099,#3100);
#1650=SURFACE_SIDE_STYLE('',(#3101));
#1651=EDGE_LOOP('',(#3102,#3103,#3104,#3105,#3106,#3107,#3108,#3109));
#1652=AXIS2_PLACEMENT_3D('',#3110,#3111,#3112);
#1653=SURFACE_SIDE_STYLE('',(#3113));
#1654=EDGE_LOOP('',(#3114,#3115,#3116,#3117));
#1655=AXIS2_PLACEMENT_3D('',#3118,#3119,#3120);
#1656=SURFACE_SIDE_STYLE('',(#3121));
#1657=EDGE_LOOP('',(#3122,#3123,#3124,#3125));
#1658=AXIS2_PLACEMENT_3D('',#3126,#3127,#3128);
#1659=SURFACE_SIDE_STYLE('',(#3129));
#1660=EDGE_LOOP('',(#3130,#3131,#3132,#3133));
#1661=AXIS2_PLACEMENT_3D('',#3134,#3135,#3136);
#1662=SURFACE_SIDE_STYLE('',(#3137));
#1663=EDGE_LOOP('',(#3138,#3139,#3140,#3141,#3142,#3143));
#1664=AXIS2_PLACEMENT_3D('',#3144,#3145,#3146);
#1665=SURFACE_SIDE_STYLE('',(#3147));
#1666=EDGE_LOOP('',(#3148,#3149,#3150,#3151));
#1667=AXIS2_PLACEMENT_3D('',#3152,#3153,#3154);
#1668=SURFACE_SIDE_STYLE('',(#3155));
#1669=EDGE_LOOP('',(#3156,#3157,#3158,#3159,#3160,#3161));
#1670=AXIS2_PLACEMENT_3D('',#3162,#3163,#3164);
#1671=SURFACE_SIDE_STYLE('',(#3165));
#1672=EDGE_LOOP('',(#3166,#3167,#3168,#3169,#3170,#3171));
#1673=AXIS2_PLACEMENT_3D('',#3172,#3173,#3174);
#1674=SURFACE_SIDE_STYLE('',(#3175));
#1675=EDGE_LOOP('',(#3176,#3177,#3178,#3179));
#1676=AXIS2_PLACEMENT_3D('',#3180,#3181,#3182);
#1677=SURFACE_SIDE_STYLE('',(#3183));
#1678=EDGE_LOOP('',(#3184,#3185,#3186,#3187));
#1679=AXIS2_PLACEMENT_3D('',#3188,#3189,#3190);
#1680=SURFACE_SIDE_STYLE('',(#3191));
#1681=EDGE_LOOP('',(#3192,#3193,#3194,#3195));
#1682=AXIS2_PLACEMENT_3D('',#3196,#3197,#3198);
#1683=SURFACE_SIDE_STYLE('',(#3199));
#1684=EDGE_LOOP('',(#3200,#3201,#3202,#3203,#3204,#3205));
#1685=AXIS2_PLACEMENT_3D('',#3206,#3207,#3208);
#1686=SURFACE_SIDE_STYLE('',(#3209));
#1687=EDGE_LOOP('',(#3210,#3211,#3212,#3213));
#1688=AXIS2_PLACEMENT_3D('',#3214,#3215,#3216);
#1689=SURFACE_SIDE_STYLE('',(#3217));
#1690=EDGE_LOOP('',(#3218,#3219,#3220,#3221));
#1691=AXIS2_PLACEMENT_3D('',#3222,#3223,#3224);
#1692=SURFACE_SIDE_STYLE('',(#3225));
#1693=EDGE_LOOP('',(#3226,#3227,#3228,#3229));
#1694=AXIS2_PLACEMENT_3D('',#3230,#3231,#3232);
#1695=SURFACE_SIDE_STYLE('',(#3233));
#1696=EDGE_LOOP('',(#3234,#3235,#3236,#3237));
#1697=AXIS2_PLACEMENT_3D('',#3238,#3239,#3240);
#1698=SURFACE_SIDE_STYLE('',(#3241));
#1699=EDGE_LOOP('',(#3242,#3243,#3244,#3245,#3246,#3247,#3248,#3249,#3250,#3251,#3252,#3253,#3254,#3255,#3256,#3257,#3258,#3259,#3260,#3261,#3262,#3263,#3264,#3265));
#1700=AXIS2_PLACEMENT_3D('',#3266,#3267,#3268);
#1701=SURFACE_SIDE_STYLE('',(#3269));
#1702=EDGE_LOOP('',(#3270,#3271,#3272,#3273,#3274));
#1703=AXIS2_PLACEMENT_3D('',#3275,#3276,#3277);
#1704=SURFACE_SIDE_STYLE('',(#3278));
#1705=EDGE_LOOP('',(#3279,#3280,#3281,#3282,#3283));
#1706=AXIS2_PLACEMENT_3D('',#3284,#3285,#3286);
#1707=SURFACE_SIDE_STYLE('',(#3287));
#1708=EDGE_LOOP('',(#3288,#3289,#3290,#3291));
#1709=AXIS2_PLACEMENT_3D('',#3292,#3293,#3294);
#1710=SURFACE_SIDE_STYLE('',(#3295));
#1711=EDGE_LOOP('',(#3296,#3297,#3298,#3299));
#1712=AXIS2_PLACEMENT_3D('',#3300,#3301,#3302);
#1713=SURFACE_SIDE_STYLE('',(#3303));
#1714=EDGE_LOOP('',(#3304,#3305,#3306,#3307,#3308,#3309,#3310,#3311,#3312,#3313,#3314,#3315,#3316,#3317,#3318,#3319,#3320,#3321));
#1715=AXIS2_PLACEMENT_3D('',#3322,#3323,#3324);
#1716=SURFACE_SIDE_STYLE('',(#3325));
#1717=EDGE_LOOP('',(#3326,#3327,#3328,#3329));
#1718=AXIS2_PLACEMENT_3D('',#3330,#3331,#3332);
#1719=SURFACE_SIDE_STYLE('',(#3333));
#1720=EDGE_LOOP('',(#3334,#3335,#3336,#3337));
#1721=AXIS2_PLACEMENT_3D('',#3338,#3339,#3340);
#1722=SURFACE_SIDE_STYLE('',(#3341));
#1723=EDGE_LOOP('',(#3342,#3343,#3344,#3345));
#1724=AXIS2_PLACEMENT_3D('',#3346,#3347,#3348);
#1725=SURFACE_SIDE_STYLE('',(#3349));
#1726=EDGE_LOOP('',(#3350,#3351,#3352,#3353));
#1727=AXIS2_PLACEMENT_3D('',#3354,#3355,#3356);
#1728=SURFACE_SIDE_STYLE('',(#3357));
#1729=EDGE_LOOP('',(#3358,#3359,#3360,#3361));
#1730=AXIS2_PLACEMENT_3D('',#3362,#3363,#3364);
#1731=SURFACE_SIDE_STYLE('',(#3365));
#1732=EDGE_LOOP('',(#3366,#3367,#3368,#3369));
#1733=AXIS2_PLACEMENT_3D('',#3370,#3371,#3372);
#1734=SURFACE_SIDE_STYLE('',(#3373));
#1735=EDGE_LOOP('',(#3374,#3375,#3376,#3377,#3378,#3379,#3380,#3381,#3382,#3383,#3384,#3385,#3386,#3387,#3388,#3389));
#1736=AXIS2_PLACEMENT_3D('',#3390,#3391,#3392);
#1737=SURFACE_SIDE_STYLE('',(#3393));
#1738=EDGE_LOOP('',(#3394,#3395,#3396,#3397,#3398));
#1739=AXIS2_PLACEMENT_3D('',#3399,#3400,#3401);
#1740=SURFACE_SIDE_STYLE('',(#3402));
#1741=EDGE_LOOP('',(#3403,#3404,#3405,#3406,#3407));
#1742=AXIS2_PLACEMENT_3D('',#3408,#3409,#3410);
#1743=SURFACE_SIDE_STYLE('',(#3411));
#1744=EDGE_LOOP('',(#3412,#3413,#3414,#3415));
#1745=AXIS2_PLACEMENT_3D('',#3416,#3417,#3418);
#1746=SURFACE_SIDE_STYLE('',(#3419));
#1747=EDGE_LOOP('',(#3420,#3421,#3422,#3423,#3424,#3425,#3426,#3427,#3428,#3429,#3430,#3431,#3432,#3433,#3434,#3435));
#1748=AXIS2_PLACEMENT_3D('',#3436,#3437,#3438);
#1749=SURFACE_SIDE_STYLE('',(#3439));
#1750=EDGE_LOOP('',(#3440,#3441,#3442,#3443));
#1751=AXIS2_PLACEMENT_3D('',#3444,#3445,#3446);
#1752=SURFACE_SIDE_STYLE('',(#3447));
#1753=EDGE_LOOP('',(#3448,#3449,#3450,#3451,#3452));
#1754=AXIS2_PLACEMENT_3D('',#3453,#3454,#3455);
#1755=SURFACE_SIDE_STYLE('',(#3456));
#1756=EDGE_LOOP('',(#3457,#3458,#3459,#3460,#3461));
#1757=AXIS2_PLACEMENT_3D('',#3462,#3463,#3464);
#1758=SURFACE_SIDE_STYLE('',(#3465));
#1759=EDGE_LOOP('',(#3466,#3467,#3468,#3469,#3470));
#1760=AXIS2_PLACEMENT_3D('',#3471,#3472,#3473);
#1761=SURFACE_SIDE_STYLE('',(#3474));
#1762=EDGE_LOOP('',(#3475,#3476,#3477,#3478,#3479));
#1763=AXIS2_PLACEMENT_3D('',#3480,#3481,#3482);
#1764=SURFACE_SIDE_STYLE('',(#3483));
#1765=EDGE_LOOP('',(#3484,#3485,#3486,#3487,#3488,#3489,#3490,#3491,#3492,#3493,#3494,#3495,#3496,#3497,#3498,#3499,#3500,#3501));
#1766=AXIS2_PLACEMENT_3D('',#3502,#3503,#3504);
#1767=SURFACE_SIDE_STYLE('',(#3505));
#1768=EDGE_LOOP('',(#3506,#3507,#3508,#3509));
#1769=AXIS2_PLACEMENT_3D('',#3510,#3511,#3512);
#1770=SURFACE_SIDE_STYLE('',(#3513));
#1771=EDGE_LOOP('',(#3514,#3515,#3516,#3517));
#1772=AXIS2_PLACEMENT_3D('',#3518,#3519,#3520);
#1773=SURFACE_SIDE_STYLE('',(#3521));
#1774=EDGE_LOOP('',(#3522,#3523,#3524,#3525));
#1775=AXIS2_PLACEMENT_3D('',#3526,#3527,#3528);
#1776=SURFACE_SIDE_STYLE('',(#3529));
#1777=EDGE_LOOP('',(#3530,#3531,#3532,#3533));
#1778=AXIS2_PLACEMENT_3D('',#3534,#3535,#3536);
#1779=SURFACE_SIDE_STYLE('',(#3537));
#1780=EDGE_LOOP('',(#3538,#3539,#3540,#3541));
#1781=AXIS2_PLACEMENT_3D('',#3542,#3543,#3544);
#1782=SURFACE_SIDE_STYLE('',(#3545));
#1783=EDGE_LOOP('',(#3546,#3547,#3548,#3549));
#1784=AXIS2_PLACEMENT_3D('',#3550,#3551,#3552);
#1785=SURFACE_SIDE_STYLE('',(#3553));
#1786=EDGE_LOOP('',(#3554,#3555,#3556,#3557,#3558,#3559));
#1787=AXIS2_PLACEMENT_3D('',#3560,#3561,#3562);
#1788=SURFACE_SIDE_STYLE('',(#3563));
#1790=SURFACE_STYLE_FILL_AREA(#3564);
#1791=ORIENTED_EDGE('',*,*,#3565,.F.);
#1792=ORIENTED_EDGE('',*,*,#3566,.F.);
#1793=ORIENTED_EDGE('',*,*,#3567,.F.);
#1794=ORIENTED_EDGE('',*,*,#3568,.F.);
#1795=CARTESIAN_POINT('',(0.0,5.0E-06,0.0));
#1796=DIRECTION('',(-0.0,1.0,0.0));
#1797=DIRECTION('',(1.0,0.0,0.0));
#1798=SURFACE_STYLE_FILL_AREA(#3569);
#1799=ORIENTED_EDGE('',*,*,#3570,.F.);
#1800=ORIENTED_EDGE('',*,*,#3571,.T.);
#1801=ORIENTED_EDGE('',*,*,#3572,.T.);
#1802=ORIENTED_EDGE('',*,*,#3573,.F.);
#1803=CARTESIAN_POINT('',(-9.734E-05,-2.5E-05,7.727E-05));
#1804=DIRECTION('',(0.0,-0.0,1.0));
#1805=DIRECTION('',(0.0,1.0,0.0));
#1806=SURFACE_STYLE_FILL_AREA(#3574);
#1807=ORIENTED_EDGE('',*,*,#3575,.F.);
#1808=ORIENTED_EDGE('',*,*,#3573,.T.);
#1809=ORIENTED_EDGE('',*,*,#3576,.T.);
#1810=ORIENTED_EDGE('',*,*,#3577,.F.);
#1811=CARTESIAN_POINT('',(-0.00012434,-2.5E-05,0.00010427));
#1812=DIRECTION('',(1.0,0.0,0.0));
#1813=DIRECTION('',(0.0,-1.0,0.0));
#1814=SURFACE_STYLE_FILL_AREA(#3578);
#1815=ORIENTED_EDGE('',*,*,#3576,.F.);
#1816=ORIENTED_EDGE('',*,*,#3572,.F.);
#1817=ORIENTED_EDGE('',*,*,#3579,.F.);
#1818=ORIENTED_EDGE('',*,*,#3580,.F.);
#1819=CARTESIAN_POINT('',(-9.734E-05,5.0E-06,0.00010427));
#1820=DIRECTION('',(0.0,-1.0,0.0));
#1821=DIRECTION('',(-1.0,0.0,0.0));
#1822=SURFACE_STYLE_FILL_AREA(#3581);
#1823=ORIENTED_EDGE('',*,*,#3582,.F.);
#1824=ORIENTED_EDGE('',*,*,#3577,.T.);
#1825=ORIENTED_EDGE('',*,*,#3580,.T.);
#1826=ORIENTED_EDGE('',*,*,#3583,.F.);
#1827=CARTESIAN_POINT('',(-9.734E-05,-2.5E-05,0.00013127));
#1828=DIRECTION('',(0.0,0.0,-1.0));
#1829=DIRECTION('',(0.0,-1.0,0.0));
#1830=SURFACE_STYLE_FILL_AREA(#3584);
#1831=ORIENTED_EDGE('',*,*,#3585,.F.);
#1832=ORIENTED_EDGE('',*,*,#3583,.T.);
#1833=ORIENTED_EDGE('',*,*,#3579,.T.);
#1834=ORIENTED_EDGE('',*,*,#3571,.F.);
#1835=CARTESIAN_POINT('',(-7.034E-05,-2.5E-05,0.00010427));
#1836=DIRECTION('',(-1.0,0.0,0.0));
#1837=DIRECTION('',(0.0,1.0,0.0));
#1838=SURFACE_STYLE_FILL_AREA(#3586);
#1839=ORIENTED_EDGE('',*,*,#3587,.F.);
#1840=ORIENTED_EDGE('',*,*,#3588,.F.);
#1841=ORIENTED_EDGE('',*,*,#3589,.T.);
#1842=ORIENTED_EDGE('',*,*,#3590,.T.);
#1843=CARTESIAN_POINT('',(4.32700599999969E-07,5.0E-06,-8.11901920000001E-06));
#1844=DIRECTION('',(0.0,0.0,-1.0));
#1845=DIRECTION('',(1.0,0.0,0.0));
#1846=SURFACE_STYLE_FILL_AREA(#3591);
#1847=ORIENTED_EDGE('',*,*,#3592,.F.);
#1848=ORIENTED_EDGE('',*,*,#3593,.F.);
#1849=ORIENTED_EDGE('',*,*,#3594,.F.);
#1850=ORIENTED_EDGE('',*,*,#3595,.T.);
#1851=CARTESIAN_POINT('',(7.62894031E-05,5.0E-06,-7.56489925E-05));
#1852=DIRECTION('',(-0.86705570548392,-0.0,-0.498211203795922));
#1853=DIRECTION('',(0.498211203795922,0.0,-0.86705570548392));
#1854=SURFACE_STYLE_FILL_AREA(#3596);
#1855=ORIENTED_EDGE('',*,*,#3597,.F.);
#1856=ORIENTED_EDGE('',*,*,#3595,.F.);
#1857=ORIENTED_EDGE('',*,*,#3598,.F.);
#1858=ORIENTED_EDGE('',*,*,#3599,.T.);
#1859=CARTESIAN_POINT('',(7.58219799999987E-07,5.0E-06,-5.12979832E-05));
#1860=DIRECTION('',(0.0,0.0,-1.0));
#1861=DIRECTION('',(1.0,0.0,0.0));
#1862=SURFACE_STYLE_FILL_AREA(#3600);
#1863=ORIENTED_EDGE('',*,*,#3601,.F.);
#1864=ORIENTED_EDGE('',*,*,#3599,.F.);
#1865=ORIENTED_EDGE('',*,*,#3602,.F.);
#1866=ORIENTED_EDGE('',*,*,#3603,.T.);
#1867=CARTESIAN_POINT('',(-7.45892012E-05,5.0E-06,-7.56489916E-05));
#1868=DIRECTION('',(0.869877337903045,0.0,-0.493268098504972));
#1869=DIRECTION('',(0.493268098504972,0.0,0.869877337903045));
#1870=SURFACE_STYLE_FILL_AREA(#3604);
#1871=ORIENTED_EDGE('',*,*,#3605,.F.);
#1872=ORIENTED_EDGE('',*,*,#3603,.F.);
#1873=ORIENTED_EDGE('',*,*,#3606,.F.);
#1874=ORIENTED_EDGE('',*,*,#3607,.T.);
#1875=CARTESIAN_POINT('',(-0.0001201987784,5.0E-06,-0.0001));
#1876=DIRECTION('',(0.0,0.0,-1.0));
#1877=DIRECTION('',(1.0,0.0,0.0));
#1878=SURFACE_STYLE_FILL_AREA(#3608);
#1879=ORIENTED_EDGE('',*,*,#3609,.F.);
#1880=ORIENTED_EDGE('',*,*,#3590,.F.);
#1881=ORIENTED_EDGE('',*,*,#3610,.T.);
#1882=ORIENTED_EDGE('',*,*,#3611,.T.);
#1883=CARTESIAN_POINT('',(2.27833363E-05,5.0E-06,3.03081134E-05));
#1884=DIRECTION('',(0.872640169608533,0.0,0.488363731644345));
#1885=DIRECTION('',(-0.488363731644345,0.0,0.872640169608533));
#1886=SURFACE_STYLE_FILL_AREA(#3612);
#1887=ORIENTED_EDGE('',*,*,#3613,.F.);
#1888=ORIENTED_EDGE('',*,*,#3611,.F.);
#1889=ORIENTED_EDGE('',*,*,#3614,.T.);
#1890=ORIENTED_EDGE('',*,*,#3588,.T.);
#1891=CARTESIAN_POINT('',(-2.10726329E-05,5.0E-06,3.03081134E-05));
#1892=DIRECTION('',(-0.864416469923153,0.0,0.502776457807637));
#1893=DIRECTION('',(-0.502776457807637,0.0,-0.864416469923153));
#1894=SURFACE_STYLE_FILL_AREA(#3615);
#1895=ORIENTED_EDGE('',*,*,#3616,.F.);
#1896=ORIENTED_EDGE('',*,*,#3607,.F.);
#1897=ORIENTED_EDGE('',*,*,#3617,.F.);
#1898=ORIENTED_EDGE('',*,*,#3618,.T.);
#1899=CARTESIAN_POINT('',(-8.58091466E-05,5.0E-06,1.56541691E-05));
#1900=DIRECTION('',(-0.867910771020241,0.0,0.496720136039451));
#1901=DIRECTION('',(-0.496720136039451,0.0,-0.867910771020241));
#1902=SURFACE_STYLE_FILL_AREA(#3619);
#1903=ORIENTED_EDGE('',*,*,#3620,.F.);
#1904=ORIENTED_EDGE('',*,*,#3618,.F.);
#1905=ORIENTED_EDGE('',*,*,#3621,.F.);
#1906=ORIENTED_EDGE('',*,*,#3622,.T.);
#1907=CARTESIAN_POINT('',(1.09424109999995E-06,5.0E-06,0.0001313083382));
#1908=DIRECTION('',(0.0,0.0,1.0));
#1909=DIRECTION('',(-1.0,0.0,0.0));
#1910=SURFACE_STYLE_FILL_AREA(#3623);
#1911=ORIENTED_EDGE('',*,*,#3624,.F.);
#1912=ORIENTED_EDGE('',*,*,#3622,.F.);
#1913=ORIENTED_EDGE('',*,*,#3625,.F.);
#1914=ORIENTED_EDGE('',*,*,#3626,.T.);
#1915=CARTESIAN_POINT('',(8.73413386E-05,5.0E-06,1.56541682E-05));
#1916=DIRECTION('',(0.87003121988529,0.0,0.49299662922267));
#1917=DIRECTION('',(-0.49299662922267,0.0,0.87003121988529));
#1918=SURFACE_STYLE_FILL_AREA(#3627);
#1919=ORIENTED_EDGE('',*,*,#3628,.F.);
#1920=ORIENTED_EDGE('',*,*,#3626,.F.);
#1921=ORIENTED_EDGE('',*,*,#3629,.F.);
#1922=ORIENTED_EDGE('',*,*,#3593,.T.);
#1923=CARTESIAN_POINT('',(0.0001215787114,5.0E-06,-0.0001000000018));
#1924=DIRECTION('',(0.0,0.0,-1.0));
#1925=DIRECTION('',(1.0,0.0,0.0));
#1926=SURFACE_STYLE_FILL_AREA(#3630);
#1927=ORIENTED_EDGE('',*,*,#3610,.F.);
#1928=ORIENTED_EDGE('',*,*,#3589,.F.);
#1929=ORIENTED_EDGE('',*,*,#3614,.F.);
#1930=ORIENTED_EDGE('',*,*,#3606,.T.);
#1931=ORIENTED_EDGE('',*,*,#3602,.T.);
#1932=ORIENTED_EDGE('',*,*,#3598,.T.);
#1933=ORIENTED_EDGE('',*,*,#3594,.T.);
#1934=ORIENTED_EDGE('',*,*,#3629,.T.);
#1935=ORIENTED_EDGE('',*,*,#3625,.T.);
#1936=ORIENTED_EDGE('',*,*,#3621,.T.);
#1937=ORIENTED_EDGE('',*,*,#3617,.T.);
#1938=CARTESIAN_POINT('',(6.03660888077832E-07,5.0E-06,-1.45895100211876E-05));
#1939=DIRECTION('',(0.0,-1.0,0.0));
#1940=DIRECTION('',(1.0,0.0,0.0));
#1941=SURFACE_STYLE_FILL_AREA(#3631);
#1942=ORIENTED_EDGE('',*,*,#3632,.F.);
#1943=ORIENTED_EDGE('',*,*,#3633,.T.);
#1944=ORIENTED_EDGE('',*,*,#3634,.T.);
#1945=ORIENTED_EDGE('',*,*,#3635,.F.);
#1946=CARTESIAN_POINT('',(9.9826E-05,-2.5E-05,7.727E-05));
#1947=DIRECTION('',(0.0,-0.0,1.0));
#1948=DIRECTION('',(0.0,1.0,0.0));
#1949=SURFACE_STYLE_FILL_AREA(#3636);
#1950=ORIENTED_EDGE('',*,*,#3637,.F.);
#1951=ORIENTED_EDGE('',*,*,#3635,.T.);
#1952=ORIENTED_EDGE('',*,*,#3638,.T.);
#1953=ORIENTED_EDGE('',*,*,#3639,.F.);
#1954=CARTESIAN_POINT('',(7.2826E-05,-2.5E-05,0.00010427));
#1955=DIRECTION('',(1.0,0.0,0.0));
#1956=DIRECTION('',(0.0,-1.0,0.0));
#1957=SURFACE_STYLE_FILL_AREA(#3640);
#1958=ORIENTED_EDGE('',*,*,#3638,.F.);
#1959=ORIENTED_EDGE('',*,*,#3634,.F.);
#1960=ORIENTED_EDGE('',*,*,#3641,.F.);
#1961=ORIENTED_EDGE('',*,*,#3642,.F.);
#1962=CARTESIAN_POINT('',(9.9826E-05,5.0E-06,0.00010427));
#1963=DIRECTION('',(0.0,-1.0,0.0));
#1964=DIRECTION('',(-1.0,0.0,0.0));
#1965=SURFACE_STYLE_FILL_AREA(#3643);
#1966=ORIENTED_EDGE('',*,*,#3644,.F.);
#1967=ORIENTED_EDGE('',*,*,#3639,.T.);
#1968=ORIENTED_EDGE('',*,*,#3642,.T.);
#1969=ORIENTED_EDGE('',*,*,#3645,.F.);
#1970=CARTESIAN_POINT('',(9.9826E-05,-2.5E-05,0.00013127));
#1971=DIRECTION('',(0.0,0.0,-1.0));
#1972=DIRECTION('',(0.0,-1.0,0.0));
#1973=SURFACE_STYLE_FILL_AREA(#3646);
#1974=ORIENTED_EDGE('',*,*,#3647,.F.);
#1975=ORIENTED_EDGE('',*,*,#3645,.T.);
#1976=ORIENTED_EDGE('',*,*,#3641,.T.);
#1977=ORIENTED_EDGE('',*,*,#3633,.F.);
#1978=CARTESIAN_POINT('',(0.000126826,-2.5E-05,0.00010427));
#1979=DIRECTION('',(-1.0,0.0,0.0));
#1980=DIRECTION('',(0.0,1.0,0.0));
#1981=SURFACE_STYLE_FILL_AREA(#3648);
#1982=ORIENTED_EDGE('',*,*,#3582,.T.);
#1983=ORIENTED_EDGE('',*,*,#3585,.T.);
#1984=ORIENTED_EDGE('',*,*,#3570,.T.);
#1985=ORIENTED_EDGE('',*,*,#3575,.T.);
#1986=ORIENTED_EDGE('',*,*,#3616,.T.);
#1987=ORIENTED_EDGE('',*,*,#3620,.T.);
#1988=ORIENTED_EDGE('',*,*,#3624,.T.);
#1989=ORIENTED_EDGE('',*,*,#3628,.T.);
#1990=ORIENTED_EDGE('',*,*,#3592,.T.);
#1991=ORIENTED_EDGE('',*,*,#3597,.T.);
#1992=ORIENTED_EDGE('',*,*,#3601,.T.);
#1993=ORIENTED_EDGE('',*,*,#3605,.T.);
#1994=ORIENTED_EDGE('',*,*,#3644,.T.);
#1995=ORIENTED_EDGE('',*,*,#3647,.T.);
#1996=ORIENTED_EDGE('',*,*,#3632,.T.);
#1997=ORIENTED_EDGE('',*,*,#3637,.T.);
#1998=ORIENTED_EDGE('',*,*,#3649,.T.);
#1999=ORIENTED_EDGE('',*,*,#3566,.T.);
#2000=CARTESIAN_POINT('',(0.0,0.0,0.0));
#2001=DIRECTION('',(0.0,-1.0,0.0));
#2002=DIRECTION('',(-1.0,0.0,0.0));
#2003=SURFACE_STYLE_FILL_AREA(#3650);
#2004=ORIENTED_EDGE('',*,*,#3609,.T.);
#2005=ORIENTED_EDGE('',*,*,#3613,.T.);
#2006=ORIENTED_EDGE('',*,*,#3587,.T.);
#2007=CARTESIAN_POINT('',(0.0,0.0,0.0));
#2008=DIRECTION('',(0.0,-1.0,0.0));
#2009=DIRECTION('',(-1.0,0.0,0.0));
#2010=SURFACE_STYLE_FILL_AREA(#3651);
#2011=ORIENTED_EDGE('',*,*,#3565,.T.);
#2012=ORIENTED_EDGE('',*,*,#3652,.F.);
#2013=ORIENTED_EDGE('',*,*,#3567,.T.);
#2014=ORIENTED_EDGE('',*,*,#3649,.F.);
#2015=CARTESIAN_POINT('',(0.0,5.0E-06,0.0));
#2016=DIRECTION('',(-0.0,1.0,0.0));
#2017=DIRECTION('',(1.0,0.0,0.0));
#2018=SURFACE_STYLE_FILL_AREA(#3653);
#2019=ORIENTED_EDGE('',*,*,#3568,.T.);
#2020=ORIENTED_EDGE('',*,*,#3652,.T.);
#2021=CARTESIAN_POINT('',(0.0,1.0E-05,0.0));
#2022=DIRECTION('',(-0.0,1.0,0.0));
#2023=DIRECTION('',(1.0,0.0,0.0));
#2024=SURFACE_STYLE_FILL_AREA(#3654);
#2025=SURFACE_STYLE_FILL_AREA(#3655);
#2026=ORIENTED_EDGE('',*,*,#3656,.F.);
#2027=ORIENTED_EDGE('',*,*,#3657,.F.);
#2028=ORIENTED_EDGE('',*,*,#3658,.F.);
#2029=ORIENTED_EDGE('',*,*,#3659,.F.);
#2030=CARTESIAN_POINT('',(20.0,-4.0,0.0));
#2031=DIRECTION('',(1.0,0.0,-0.0));
#2032=DIRECTION('',(0.0,0.0,1.0));
#2033=SURFACE_STYLE_FILL_AREA(#3660);
#2034=ORIENTED_EDGE('',*,*,#3661,.T.);
#2035=ORIENTED_EDGE('',*,*,#3662,.T.);
#2036=ORIENTED_EDGE('',*,*,#3663,.F.);
#2037=ORIENTED_EDGE('',*,*,#3664,.F.);
#2038=CARTESIAN_POINT('',(2.2,0.0,14.1));
#2039=DIRECTION('',(-1.0,0.0,0.0));
#2040=DIRECTION('',(0.0,1.0,0.0));
#2041=SURFACE_STYLE_FILL_AREA(#3665);
#2042=ORIENTED_EDGE('',*,*,#3662,.F.);
#2043=ORIENTED_EDGE('',*,*,#3666,.T.);
#2044=ORIENTED_EDGE('',*,*,#3667,.F.);
#2045=ORIENTED_EDGE('',*,*,#3668,.T.);
#2046=ORIENTED_EDGE('',*,*,#3669,.T.);
#2047=ORIENTED_EDGE('',*,*,#3670,.T.);
#2048=ORIENTED_EDGE('',*,*,#3671,.T.);
#2049=ORIENTED_EDGE('',*,*,#3672,.T.);
#2050=CARTESIAN_POINT('',(3.2,0.0,16.5208552749738));
#2051=DIRECTION('',(1.0,0.0,0.0));
#2052=DIRECTION('',(0.0,-1.0,0.0));
#2053=SURFACE_STYLE_FILL_AREA(#3673);
#2054=ORIENTED_EDGE('',*,*,#3674,.T.);
#2055=ORIENTED_EDGE('',*,*,#3675,.T.);
#2056=ORIENTED_EDGE('',*,*,#3676,.F.);
#2057=ORIENTED_EDGE('',*,*,#3677,.F.);
#2058=CARTESIAN_POINT('',(2.2,0.0,-14.1));
#2059=DIRECTION('',(-1.0,-0.0,0.0));
#2060=DIRECTION('',(0.0,-1.0,0.0));
#2061=SURFACE_STYLE_FILL_AREA(#3678);
#2062=ORIENTED_EDGE('',*,*,#3675,.F.);
#2063=ORIENTED_EDGE('',*,*,#3679,.T.);
#2064=ORIENTED_EDGE('',*,*,#3680,.F.);
#2065=ORIENTED_EDGE('',*,*,#3681,.T.);
#2066=ORIENTED_EDGE('',*,*,#3682,.T.);
#2067=ORIENTED_EDGE('',*,*,#3683,.T.);
#2068=ORIENTED_EDGE('',*,*,#3684,.T.);
#2069=ORIENTED_EDGE('',*,*,#3685,.F.);
#2070=ORIENTED_EDGE('',*,*,#3686,.T.);
#2071=ORIENTED_EDGE('',*,*,#3687,.T.);
#2072=ORIENTED_EDGE('',*,*,#3688,.T.);
#2073=ORIENTED_EDGE('',*,*,#3689,.T.);
#2074=ORIENTED_EDGE('',*,*,#3690,.T.);
#2075=ORIENTED_EDGE('',*,*,#3691,.T.);
#2076=ORIENTED_EDGE('',*,*,#3692,.T.);
#2077=ORIENTED_EDGE('',*,*,#3693,.F.);
#2078=CARTESIAN_POINT('',(3.2,0.0,-16.5208552749738));
#2079=DIRECTION('',(1.0,0.0,0.0));
#2080=DIRECTION('',(0.0,1.0,0.0));
#2081=SURFACE_STYLE_FILL_AREA(#3694);
#2082=ORIENTED_EDGE('',*,*,#3695,.F.);
#2083=ORIENTED_EDGE('',*,*,#3696,.F.);
#2084=ORIENTED_EDGE('',*,*,#3697,.T.);
#2085=ORIENTED_EDGE('',*,*,#3667,.T.);
#2086=CARTESIAN_POINT('',(2.2,0.0,17.9));
#2087=DIRECTION('',(1.0,0.0,0.0));
#2088=DIRECTION('',(0.0,-1.0,0.0));
#2089=SURFACE_STYLE_FILL_AREA(#3698);
#2090=ORIENTED_EDGE('',*,*,#3699,.F.);
#2091=ORIENTED_EDGE('',*,*,#3700,.F.);
#2092=ORIENTED_EDGE('',*,*,#3701,.T.);
#2093=ORIENTED_EDGE('',*,*,#3680,.T.);
#2094=CARTESIAN_POINT('',(2.2,0.0,-17.9));
#2095=DIRECTION('',(1.0,0.0,0.0));
#2096=DIRECTION('',(0.0,1.0,0.0));
#2097=SURFACE_STYLE_FILL_AREA(#3702);
#2098=ORIENTED_EDGE('',*,*,#3697,.F.);
#2099=ORIENTED_EDGE('',*,*,#3703,.F.);
#2100=ORIENTED_EDGE('',*,*,#3663,.T.);
#2101=ORIENTED_EDGE('',*,*,#3668,.F.);
#2102=CARTESIAN_POINT('',(2.2,3.6,14.1));
#2103=DIRECTION('',(0.0,0.0,1.0));
#2104=DIRECTION('',(0.0,-1.0,0.0));
#2105=SURFACE_STYLE_FILL_AREA(#3704);
#2106=ORIENTED_EDGE('',*,*,#3703,.T.);
#2107=ORIENTED_EDGE('',*,*,#3705,.F.);
#2108=ORIENTED_EDGE('',*,*,#3706,.F.);
#2109=ORIENTED_EDGE('',*,*,#3707,.T.);
#2110=CARTESIAN_POINT('',(0.0,2.6,16.0));
#2111=DIRECTION('',(0.0,1.0,0.0));
#2112=DIRECTION('',(-0.0,0.0,1.0));
#2113=SURFACE_STYLE_FILL_AREA(#3708);
#2114=ORIENTED_EDGE('',*,*,#3701,.F.);
#2115=ORIENTED_EDGE('',*,*,#3709,.F.);
#2116=ORIENTED_EDGE('',*,*,#3676,.T.);
#2117=ORIENTED_EDGE('',*,*,#3681,.F.);
#2118=CARTESIAN_POINT('',(2.2,-3.6,-14.1));
#2119=DIRECTION('',(0.0,0.0,-1.0));
#2120=DIRECTION('',(0.0,1.0,0.0));
#2121=SURFACE_STYLE_FILL_AREA(#3710);
#2122=ORIENTED_EDGE('',*,*,#3709,.T.);
#2123=ORIENTED_EDGE('',*,*,#3711,.F.);
#2124=ORIENTED_EDGE('',*,*,#3712,.F.);
#2125=ORIENTED_EDGE('',*,*,#3713,.T.);
#2126=CARTESIAN_POINT('',(0.0,-2.6,-16.0));
#2127=DIRECTION('',(0.0,-1.0,0.0));
#2128=DIRECTION('',(0.0,0.0,-1.0));
#2129=SURFACE_STYLE_FILL_AREA(#3714);
#2130=ORIENTED_EDGE('',*,*,#3661,.F.);
#2131=ORIENTED_EDGE('',*,*,#3715,.F.);
#2132=ORIENTED_EDGE('',*,*,#3695,.T.);
#2133=ORIENTED_EDGE('',*,*,#3666,.F.);
#2134=CARTESIAN_POINT('',(2.2,-3.6,17.9));
#2135=DIRECTION('',(0.0,0.0,-1.0));
#2136=DIRECTION('',(0.0,1.0,0.0));
#2137=SURFACE_STYLE_FILL_AREA(#3716);
#2138=ORIENTED_EDGE('',*,*,#3715,.T.);
#2139=ORIENTED_EDGE('',*,*,#3717,.F.);
#2140=ORIENTED_EDGE('',*,*,#3718,.F.);
#2141=ORIENTED_EDGE('',*,*,#3719,.T.);
#2142=CARTESIAN_POINT('',(0.0,-2.6,16.95));
#2143=DIRECTION('',(0.0,-1.0,0.0));
#2144=DIRECTION('',(0.0,0.0,-1.0));
#2145=SURFACE_STYLE_FILL_AREA(#3720);
#2146=ORIENTED_EDGE('',*,*,#3674,.F.);
#2147=ORIENTED_EDGE('',*,*,#3721,.F.);
#2148=ORIENTED_EDGE('',*,*,#3699,.T.);
#2149=ORIENTED_EDGE('',*,*,#3679,.F.);
#2150=CARTESIAN_POINT('',(2.2,3.6,-17.9));
#2151=DIRECTION('',(0.0,0.0,1.0));
#2152=DIRECTION('',(0.0,-1.0,0.0));
#2153=SURFACE_STYLE_FILL_AREA(#3722);
#2154=ORIENTED_EDGE('',*,*,#3721,.T.);
#2155=ORIENTED_EDGE('',*,*,#3723,.F.);
#2156=ORIENTED_EDGE('',*,*,#3724,.F.);
#2157=ORIENTED_EDGE('',*,*,#3725,.T.);
#2158=CARTESIAN_POINT('',(0.0,2.6,-16.95));
#2159=DIRECTION('',(0.0,1.0,0.0));
#2160=DIRECTION('',(0.0,0.0,1.0));
#2161=SURFACE_STYLE_FILL_AREA(#3726);
#2162=ORIENTED_EDGE('',*,*,#3727,.F.);
#2163=ORIENTED_EDGE('',*,*,#3728,.F.);
#2164=ORIENTED_EDGE('',*,*,#3729,.F.);
#2165=ORIENTED_EDGE('',*,*,#3730,.F.);
#2166=CARTESIAN_POINT('',(3.7,-6.0,6.25));
#2167=DIRECTION('',(1.0,0.0,-0.0));
#2168=DIRECTION('',(0.0,0.0,1.0));
#2169=SURFACE_STYLE_FILL_AREA(#3731);
#2170=ORIENTED_EDGE('',*,*,#3732,.F.);
#2171=ORIENTED_EDGE('',*,*,#3733,.F.);
#2172=ORIENTED_EDGE('',*,*,#3729,.T.);
#2173=ORIENTED_EDGE('',*,*,#3734,.T.);
#2174=CARTESIAN_POINT('',(1.85,9.0,6.25));
#2175=DIRECTION('',(0.0,-1.0,0.0));
#2176=DIRECTION('',(1.0,0.0,0.0));
#2177=SURFACE_STYLE_FILL_AREA(#3735);
#2178=ORIENTED_EDGE('',*,*,#3736,.F.);
#2179=ORIENTED_EDGE('',*,*,#3737,.F.);
#2180=ORIENTED_EDGE('',*,*,#3734,.F.);
#2181=ORIENTED_EDGE('',*,*,#3728,.T.);
#2182=CARTESIAN_POINT('',(1.85,-6.0,8.0));
#2183=DIRECTION('',(0.0,0.0,-1.0));
#2184=DIRECTION('',(1.0,0.0,0.0));
#2185=SURFACE_STYLE_FILL_AREA(#3738);
#2186=ORIENTED_EDGE('',*,*,#3730,.T.);
#2187=ORIENTED_EDGE('',*,*,#3733,.T.);
#2188=ORIENTED_EDGE('',*,*,#3739,.T.);
#2189=ORIENTED_EDGE('',*,*,#3740,.T.);
#2190=ORIENTED_EDGE('',*,*,#3741,.F.);
#2191=ORIENTED_EDGE('',*,*,#3742,.T.);
#2192=ORIENTED_EDGE('',*,*,#3743,.T.);
#2193=ORIENTED_EDGE('',*,*,#3744,.T.);
#2194=ORIENTED_EDGE('',*,*,#3745,.F.);
#2195=ORIENTED_EDGE('',*,*,#3746,.T.);
#2196=CARTESIAN_POINT('',(4.15,-19.0,4.5));
#2197=DIRECTION('',(0.0,0.0,-1.0));
#2198=DIRECTION('',(-1.0,0.0,0.0));
#2199=SURFACE_STYLE_FILL_AREA(#3747);
#2200=ORIENTED_EDGE('',*,*,#3748,.F.);
#2201=ORIENTED_EDGE('',*,*,#3749,.F.);
#2202=ORIENTED_EDGE('',*,*,#3750,.T.);
#2203=ORIENTED_EDGE('',*,*,#3751,.F.);
#2204=CARTESIAN_POINT('',(1.85,4.0,-6.25));
#2205=DIRECTION('',(0.0,-1.0,0.0));
#2206=DIRECTION('',(1.0,0.0,0.0));
#2207=SURFACE_STYLE_FILL_AREA(#3752);
#2208=ORIENTED_EDGE('',*,*,#3753,.F.);
#2209=ORIENTED_EDGE('',*,*,#3754,.F.);
#2210=ORIENTED_EDGE('',*,*,#3750,.F.);
#2211=ORIENTED_EDGE('',*,*,#3755,.F.);
#2212=CARTESIAN_POINT('',(3.7,-11.0,-6.25));
#2213=DIRECTION('',(1.0,0.0,-0.0));
#2214=DIRECTION('',(0.0,0.0,1.0));
#2215=SURFACE_STYLE_FILL_AREA(#3756);
#2216=ORIENTED_EDGE('',*,*,#3757,.F.);
#2217=ORIENTED_EDGE('',*,*,#3758,.F.);
#2218=ORIENTED_EDGE('',*,*,#3755,.T.);
#2219=ORIENTED_EDGE('',*,*,#3749,.T.);
#2220=CARTESIAN_POINT('',(1.85,-11.0,-8.0));
#2221=DIRECTION('',(0.0,0.0,1.0));
#2222=DIRECTION('',(-1.0,0.0,0.0));
#2223=SURFACE_STYLE_FILL_AREA(#3759);
#2224=ORIENTED_EDGE('',*,*,#3757,.T.);
#2225=ORIENTED_EDGE('',*,*,#3748,.T.);
#2226=ORIENTED_EDGE('',*,*,#3760,.T.);
#2227=ORIENTED_EDGE('',*,*,#3761,.T.);
#2228=ORIENTED_EDGE('',*,*,#3762,.F.);
#2229=ORIENTED_EDGE('',*,*,#3763,.T.);
#2230=ORIENTED_EDGE('',*,*,#3764,.T.);
#2231=ORIENTED_EDGE('',*,*,#3765,.T.);
#2232=ORIENTED_EDGE('',*,*,#3766,.T.);
#2233=ORIENTED_EDGE('',*,*,#3767,.T.);
#2234=ORIENTED_EDGE('',*,*,#3768,.T.);
#2235=ORIENTED_EDGE('',*,*,#3769,.T.);
#2236=ORIENTED_EDGE('',*,*,#3770,.F.);
#2237=ORIENTED_EDGE('',*,*,#3771,.T.);
#2238=ORIENTED_EDGE('',*,*,#3772,.T.);
#2239=ORIENTED_EDGE('',*,*,#3773,.T.);
#2240=ORIENTED_EDGE('',*,*,#3774,.T.);
#2241=ORIENTED_EDGE('',*,*,#3775,.T.);
#2242=ORIENTED_EDGE('',*,*,#3776,.T.);
#2243=ORIENTED_EDGE('',*,*,#3777,.T.);
#2244=ORIENTED_EDGE('',*,*,#3778,.T.);
#2245=ORIENTED_EDGE('',*,*,#3779,.T.);
#2246=CARTESIAN_POINT('',(2.2,-19.0,-6.3745289732));
#2247=DIRECTION('',(-1.0,0.0,0.0));
#2248=DIRECTION('',(0.0,0.0,1.0));
#2249=SURFACE_STYLE_FILL_AREA(#3780);
#2250=ORIENTED_EDGE('',*,*,#3751,.T.);
#2251=ORIENTED_EDGE('',*,*,#3754,.T.);
#2252=ORIENTED_EDGE('',*,*,#3781,.T.);
#2253=ORIENTED_EDGE('',*,*,#3782,.T.);
#2254=ORIENTED_EDGE('',*,*,#3783,.T.);
#2255=ORIENTED_EDGE('',*,*,#3784,.T.);
#2256=ORIENTED_EDGE('',*,*,#3785,.T.);
#2257=ORIENTED_EDGE('',*,*,#3786,.T.);
#2258=ORIENTED_EDGE('',*,*,#3787,.T.);
#2259=ORIENTED_EDGE('',*,*,#3760,.F.);
#2260=CARTESIAN_POINT('',(4.15,-19.0,-4.5));
#2261=DIRECTION('',(0.0,0.0,1.0));
#2262=DIRECTION('',(1.0,0.0,0.0));
#2263=SURFACE_STYLE_FILL_AREA(#3788);
#2264=ORIENTED_EDGE('',*,*,#3789,.F.);
#2265=ORIENTED_EDGE('',*,*,#3790,.T.);
#2266=ORIENTED_EDGE('',*,*,#3791,.T.);
#2267=ORIENTED_EDGE('',*,*,#3792,.F.);
#2268=CARTESIAN_POINT('',(1.77101007165,6.5,23.0));
#2269=DIRECTION('',(-1.0,0.0,-0.0));
#2270=DIRECTION('',(0.0,0.0,1.0));
#2271=SURFACE_STYLE_FILL_AREA(#3793);
#2272=ORIENTED_EDGE('',*,*,#3794,.T.);
#2273=ORIENTED_EDGE('',*,*,#3791,.F.);
#2274=ORIENTED_EDGE('',*,*,#3795,.F.);
#2275=CARTESIAN_POINT('',(2.20000000015569,6.5,23.0));
#2276=DIRECTION('',(1.0,0.0,0.0));
#2277=DIRECTION('',(0.0,0.0,-1.0));
#2278=SURFACE_STYLE_FILL_AREA(#3796);
#2279=ORIENTED_EDGE('',*,*,#3790,.F.);
#2280=ORIENTED_EDGE('',*,*,#3797,.F.);
#2281=ORIENTED_EDGE('',*,*,#3798,.F.);
#2282=ORIENTED_EDGE('',*,*,#3799,.F.);
#2283=ORIENTED_EDGE('',*,*,#3800,.F.);
#2284=ORIENTED_EDGE('',*,*,#3801,.F.);
#2285=CARTESIAN_POINT('',(1.77101007165,17.0,24.2203173372));
#2286=DIRECTION('',(-0.342020143325613,0.0,-0.939692620785929));
#2287=DIRECTION('',(0.939692620785929,0.0,-0.342020143325613));
#2288=SURFACE_STYLE_FILL_AREA(#3802);
#2289=ORIENTED_EDGE('',*,*,#3789,.T.);
#2290=ORIENTED_EDGE('',*,*,#3803,.T.);
#2291=ORIENTED_EDGE('',*,*,#3804,.F.);
#2292=ORIENTED_EDGE('',*,*,#3805,.F.);
#2293=ORIENTED_EDGE('',*,*,#3806,.T.);
#2294=ORIENTED_EDGE('',*,*,#3797,.T.);
#2295=CARTESIAN_POINT('',(1.0,6.0,22.5));
#2296=DIRECTION('',(1.0,0.0,0.0));
#2297=DIRECTION('',(0.0,1.0,-2.22044604925031E-16));
#2298=SURFACE_STYLE_FILL_AREA(#3807);
#2299=ORIENTED_EDGE('',*,*,#3808,.F.);
#2300=ORIENTED_EDGE('',*,*,#3809,.T.);
#2301=ORIENTED_EDGE('',*,*,#3810,.T.);
#2302=ORIENTED_EDGE('',*,*,#3811,.F.);
#2303=CARTESIAN_POINT('',(1.77101007165,-6.5,-23.0));
#2304=DIRECTION('',(-1.0,0.0,-0.0));
#2305=DIRECTION('',(0.0,0.0,-1.0));
#2306=SURFACE_STYLE_FILL_AREA(#3812);
#2307=ORIENTED_EDGE('',*,*,#3813,.T.);
#2308=ORIENTED_EDGE('',*,*,#3810,.F.);
#2309=ORIENTED_EDGE('',*,*,#3814,.F.);
#2310=CARTESIAN_POINT('',(2.20000000015569,-6.5,-23.0));
#2311=DIRECTION('',(1.0,0.0,0.0));
#2312=DIRECTION('',(0.0,0.0,1.0));
#2313=SURFACE_STYLE_FILL_AREA(#3815);
#2314=ORIENTED_EDGE('',*,*,#3809,.F.);
#2315=ORIENTED_EDGE('',*,*,#3816,.F.);
#2316=ORIENTED_EDGE('',*,*,#3817,.F.);
#2317=ORIENTED_EDGE('',*,*,#3818,.F.);
#2318=ORIENTED_EDGE('',*,*,#3819,.F.);
#2319=ORIENTED_EDGE('',*,*,#3820,.F.);
#2320=CARTESIAN_POINT('',(1.77101007165,-17.0,-24.2203173372));
#2321=DIRECTION('',(-0.342020143325613,0.0,0.939692620785929));
#2322=DIRECTION('',(0.939692620785929,0.0,0.342020143325613));
#2323=SURFACE_STYLE_FILL_AREA(#3821);
#2324=ORIENTED_EDGE('',*,*,#3808,.T.);
#2325=ORIENTED_EDGE('',*,*,#3822,.T.);
#2326=ORIENTED_EDGE('',*,*,#3823,.F.);
#2327=ORIENTED_EDGE('',*,*,#3824,.F.);
#2328=ORIENTED_EDGE('',*,*,#3825,.T.);
#2329=ORIENTED_EDGE('',*,*,#3816,.T.);
#2330=CARTESIAN_POINT('',(1.0,-6.0,-22.5));
#2331=DIRECTION('',(1.0,0.0,0.0));
#2332=DIRECTION('',(0.0,-1.0,2.22044604925031E-16));
#2333=SURFACE_STYLE_FILL_AREA(#3826);
#2334=ORIENTED_EDGE('',*,*,#3827,.F.);
#2335=ORIENTED_EDGE('',*,*,#3828,.F.);
#2336=ORIENTED_EDGE('',*,*,#3829,.F.);
#2337=ORIENTED_EDGE('',*,*,#3800,.T.);
#2338=CARTESIAN_POINT('',(1.77101007165,-6.5,23.0));
#2339=DIRECTION('',(-1.0,-0.0,0.0));
#2340=DIRECTION('',(0.0,0.0,1.0));
#2341=SURFACE_STYLE_FILL_AREA(#3830);
#2342=ORIENTED_EDGE('',*,*,#3831,.F.);
#2343=ORIENTED_EDGE('',*,*,#3832,.T.);
#2344=ORIENTED_EDGE('',*,*,#3829,.T.);
#2345=CARTESIAN_POINT('',(2.20000000015569,-6.5,23.0));
#2346=DIRECTION('',(1.0,0.0,0.0));
#2347=DIRECTION('',(0.0,0.0,-1.0));
#2348=SURFACE_STYLE_FILL_AREA(#3833);
#2349=ORIENTED_EDGE('',*,*,#3827,.T.);
#2350=ORIENTED_EDGE('',*,*,#3799,.T.);
#2351=ORIENTED_EDGE('',*,*,#3834,.F.);
#2352=ORIENTED_EDGE('',*,*,#3835,.F.);
#2353=ORIENTED_EDGE('',*,*,#3836,.T.);
#2354=ORIENTED_EDGE('',*,*,#3837,.T.);
#2355=CARTESIAN_POINT('',(1.0,-6.0,22.5));
#2356=DIRECTION('',(1.0,0.0,-0.0));
#2357=DIRECTION('',(0.0,0.0,1.0));
#2358=SURFACE_STYLE_FILL_AREA(#3838);
#2359=ORIENTED_EDGE('',*,*,#3795,.T.);
#2360=ORIENTED_EDGE('',*,*,#3801,.T.);
#2361=ORIENTED_EDGE('',*,*,#3832,.F.);
#2362=ORIENTED_EDGE('',*,*,#3671,.F.);
#2363=CARTESIAN_POINT('',(2.20000000015569,17.0,23.0000000001138));
#2364=DIRECTION('',(0.0,-1.0,0.0));
#2365=DIRECTION('',(1.0,0.0,-1.13764824661982E-10));
#2366=SURFACE_STYLE_FILL_AREA(#3839);
#2367=ORIENTED_EDGE('',*,*,#3840,.F.);
#2368=ORIENTED_EDGE('',*,*,#3841,.T.);
#2369=ORIENTED_EDGE('',*,*,#3842,.T.);
#2370=CARTESIAN_POINT('',(2.20000000015569,6.5,-23.0));
#2371=DIRECTION('',(1.0,0.0,0.0));
#2372=DIRECTION('',(0.0,0.0,1.0));
#2373=SURFACE_STYLE_FILL_AREA(#3843);
#2374=ORIENTED_EDGE('',*,*,#3844,.F.);
#2375=ORIENTED_EDGE('',*,*,#3845,.F.);
#2376=ORIENTED_EDGE('',*,*,#3842,.F.);
#2377=ORIENTED_EDGE('',*,*,#3819,.T.);
#2378=CARTESIAN_POINT('',(1.77101007165,6.5,-23.0));
#2379=DIRECTION('',(-1.0,-0.0,-0.0));
#2380=DIRECTION('',(0.0,0.0,-1.0));
#2381=SURFACE_STYLE_FILL_AREA(#3846);
#2382=ORIENTED_EDGE('',*,*,#3814,.T.);
#2383=ORIENTED_EDGE('',*,*,#3820,.T.);
#2384=ORIENTED_EDGE('',*,*,#3841,.F.);
#2385=ORIENTED_EDGE('',*,*,#3689,.F.);
#2386=CARTESIAN_POINT('',(2.20000000015569,-17.0,-23.0000000001138));
#2387=DIRECTION('',(-0.0,1.0,0.0));
#2388=DIRECTION('',(1.0,0.0,1.13764824661982E-10));
#2389=SURFACE_STYLE_FILL_AREA(#3847);
#2390=ORIENTED_EDGE('',*,*,#3696,.T.);
#2391=ORIENTED_EDGE('',*,*,#3719,.F.);
#2392=ORIENTED_EDGE('',*,*,#3848,.F.);
#2393=ORIENTED_EDGE('',*,*,#3705,.T.);
#2394=CARTESIAN_POINT('',(0.0,4.44089209850063E-16,17.9));
#2395=DIRECTION('',(1.0,0.0,0.0));
#2396=DIRECTION('',(0.0,1.0,-3.41607084500048E-16));
#2397=SURFACE_STYLE_FILL_AREA(#3849);
#2398=ORIENTED_EDGE('',*,*,#3664,.T.);
#2399=ORIENTED_EDGE('',*,*,#3707,.F.);
#2400=ORIENTED_EDGE('',*,*,#3850,.F.);
#2401=ORIENTED_EDGE('',*,*,#3717,.T.);
#2402=CARTESIAN_POINT('',(0.0,-4.44089209850063E-16,14.1));
#2403=DIRECTION('',(1.0,0.0,0.0));
#2404=DIRECTION('',(0.0,-1.0,5.12410626750072E-16));
#2405=SURFACE_STYLE_FILL_AREA(#3851);
#2406=ORIENTED_EDGE('',*,*,#3700,.T.);
#2407=ORIENTED_EDGE('',*,*,#3725,.F.);
#2408=ORIENTED_EDGE('',*,*,#3852,.F.);
#2409=ORIENTED_EDGE('',*,*,#3711,.T.);
#2410=CARTESIAN_POINT('',(0.0,-4.44089209850063E-16,-17.9));
#2411=DIRECTION('',(1.0,0.0,0.0));
#2412=DIRECTION('',(0.0,-1.0,3.41607084500048E-16));
#2413=SURFACE_STYLE_FILL_AREA(#3853);
#2414=ORIENTED_EDGE('',*,*,#3677,.T.);
#2415=ORIENTED_EDGE('',*,*,#3713,.F.);
#2416=ORIENTED_EDGE('',*,*,#3854,.F.);
#2417=ORIENTED_EDGE('',*,*,#3723,.T.);
#2418=CARTESIAN_POINT('',(0.0,4.44089209850063E-16,-14.1));
#2419=DIRECTION('',(1.0,0.0,0.0));
#2420=DIRECTION('',(0.0,1.0,-5.12410626750072E-16));
#2421=SURFACE_STYLE_FILL_AREA(#3855);
#2422=ORIENTED_EDGE('',*,*,#3856,.F.);
#2423=ORIENTED_EDGE('',*,*,#3857,.F.);
#2424=ORIENTED_EDGE('',*,*,#3858,.T.);
#2425=ORIENTED_EDGE('',*,*,#3859,.T.);
#2426=CARTESIAN_POINT('',(0.0,8.88178419700125E-16,14.1));
#2427=DIRECTION('',(1.0,0.0,0.0));
#2428=DIRECTION('',(0.0,-1.0,1.85037170770859E-16));
#2429=SURFACE_STYLE_FILL_AREA(#3860);
#2430=ORIENTED_EDGE('',*,*,#3861,.F.);
#2431=ORIENTED_EDGE('',*,*,#3862,.F.);
#2432=ORIENTED_EDGE('',*,*,#3863,.F.);
#2433=ORIENTED_EDGE('',*,*,#3857,.T.);
#2434=CARTESIAN_POINT('',(0.0,-3.6,16.95));
#2435=DIRECTION('',(0.0,-1.0,0.0));
#2436=DIRECTION('',(0.0,0.0,-1.0));
#2437=SURFACE_STYLE_FILL_AREA(#3864);
#2438=ORIENTED_EDGE('',*,*,#3865,.F.);
#2439=ORIENTED_EDGE('',*,*,#3866,.F.);
#2440=ORIENTED_EDGE('',*,*,#3867,.T.);
#2441=ORIENTED_EDGE('',*,*,#3862,.T.);
#2442=CARTESIAN_POINT('',(0.0,0.0,17.9));
#2443=DIRECTION('',(1.0,0.0,-0.0));
#2444=DIRECTION('',(0.0,1.0,6.16790569236198E-17));
#2445=SURFACE_STYLE_FILL_AREA(#3868);
#2446=ORIENTED_EDGE('',*,*,#3869,.F.);
#2447=ORIENTED_EDGE('',*,*,#3859,.F.);
#2448=ORIENTED_EDGE('',*,*,#3870,.F.);
#2449=ORIENTED_EDGE('',*,*,#3866,.T.);
#2450=CARTESIAN_POINT('',(0.0,3.6,16.0));
#2451=DIRECTION('',(0.0,1.0,0.0));
#2452=DIRECTION('',(-0.0,0.0,1.0));
#2453=SURFACE_STYLE_FILL_AREA(#3871);
#2454=ORIENTED_EDGE('',*,*,#3850,.T.);
#2455=ORIENTED_EDGE('',*,*,#3706,.T.);
#2456=ORIENTED_EDGE('',*,*,#3848,.T.);
#2457=ORIENTED_EDGE('',*,*,#3718,.T.);
#2458=ORIENTED_EDGE('',*,*,#3870,.T.);
#2459=ORIENTED_EDGE('',*,*,#3858,.F.);
#2460=ORIENTED_EDGE('',*,*,#3863,.T.);
#2461=ORIENTED_EDGE('',*,*,#3867,.F.);
#2462=CARTESIAN_POINT('',(0.0,1.94289029309402E-16,16.0));
#2463=DIRECTION('',(1.0,0.0,0.0));
#2464=DIRECTION('',(0.0,0.0,-1.0));
#2465=SURFACE_STYLE_FILL_AREA(#3872);
#2466=ORIENTED_EDGE('',*,*,#3776,.F.);
#2467=ORIENTED_EDGE('',*,*,#3873,.F.);
#2468=ORIENTED_EDGE('',*,*,#3874,.T.);
#2469=ORIENTED_EDGE('',*,*,#3875,.T.);
#2470=CARTESIAN_POINT('',(0.0,-8.88178419700125E-16,-14.1));
#2471=DIRECTION('',(1.0,0.0,0.0));
#2472=DIRECTION('',(0.0,1.0,-1.85037170770859E-16));
#2473=SURFACE_STYLE_FILL_AREA(#3876);
#2474=ORIENTED_EDGE('',*,*,#3779,.F.);
#2475=ORIENTED_EDGE('',*,*,#3877,.F.);
#2476=ORIENTED_EDGE('',*,*,#3878,.F.);
#2477=ORIENTED_EDGE('',*,*,#3873,.T.);
#2478=CARTESIAN_POINT('',(0.0,3.6,-16.95));
#2479=DIRECTION('',(0.0,1.0,0.0));
#2480=DIRECTION('',(0.0,0.0,1.0));
#2481=SURFACE_STYLE_FILL_AREA(#3879);
#2482=ORIENTED_EDGE('',*,*,#3778,.F.);
#2483=ORIENTED_EDGE('',*,*,#3880,.F.);
#2484=ORIENTED_EDGE('',*,*,#3881,.T.);
#2485=ORIENTED_EDGE('',*,*,#3877,.T.);
#2486=CARTESIAN_POINT('',(0.0,0.0,-17.9));
#2487=DIRECTION('',(1.0,0.0,0.0));
#2488=DIRECTION('',(0.0,-1.0,-6.16790569236198E-17));
#2489=SURFACE_STYLE_FILL_AREA(#3882);
#2490=ORIENTED_EDGE('',*,*,#3777,.F.);
#2491=ORIENTED_EDGE('',*,*,#3875,.F.);
#2492=ORIENTED_EDGE('',*,*,#3883,.F.);
#2493=ORIENTED_EDGE('',*,*,#3880,.T.);
#2494=CARTESIAN_POINT('',(0.0,-3.6,-16.0));
#2495=DIRECTION('',(0.0,-1.0,0.0));
#2496=DIRECTION('',(0.0,0.0,-1.0));
#2497=SURFACE_STYLE_FILL_AREA(#3884);
#2498=ORIENTED_EDGE('',*,*,#3854,.T.);
#2499=ORIENTED_EDGE('',*,*,#3712,.T.);
#2500=ORIENTED_EDGE('',*,*,#3852,.T.);
#2501=ORIENTED_EDGE('',*,*,#3724,.T.);
#2502=ORIENTED_EDGE('',*,*,#3883,.T.);
#2503=ORIENTED_EDGE('',*,*,#3874,.F.);
#2504=ORIENTED_EDGE('',*,*,#3878,.T.);
#2505=ORIENTED_EDGE('',*,*,#3881,.F.);
#2506=CARTESIAN_POINT('',(0.0,-1.94289029309402E-16,-16.0));
#2507=DIRECTION('',(1.0,0.0,-0.0));
#2508=DIRECTION('',(0.0,0.0,1.0));
#2509=SURFACE_STYLE_FILL_AREA(#3885);
#2510=ORIENTED_EDGE('',*,*,#3766,.F.);
#2511=ORIENTED_EDGE('',*,*,#3886,.F.);
#2512=ORIENTED_EDGE('',*,*,#3887,.F.);
#2513=ORIENTED_EDGE('',*,*,#3888,.T.);
#2514=CARTESIAN_POINT('',(0.0,6.0,-23.7997924618));
#2515=DIRECTION('',(0.342020143325669,0.0,-0.939692620785908));
#2516=DIRECTION('',(0.0,1.0,0.0));
#2517=SURFACE_STYLE_FILL_AREA(#3889);
#2518=ORIENTED_EDGE('',*,*,#3767,.F.);
#2519=ORIENTED_EDGE('',*,*,#3888,.F.);
#2520=ORIENTED_EDGE('',*,*,#3890,.F.);
#2521=ORIENTED_EDGE('',*,*,#3891,.T.);
#2522=CARTESIAN_POINT('',(0.0,-6.00000000008899,-22.500000000089));
#2523=DIRECTION('',(-1.0,-0.0,-0.0));
#2524=DIRECTION('',(0.0,-1.0,6.84635238686131E-11));
#2525=SURFACE_STYLE_FILL_AREA(#3892);
#2526=ORIENTED_EDGE('',*,*,#3768,.F.);
#2527=ORIENTED_EDGE('',*,*,#3891,.F.);
#2528=ORIENTED_EDGE('',*,*,#3893,.F.);
#2529=ORIENTED_EDGE('',*,*,#3894,.T.);
#2530=CARTESIAN_POINT('',(0.0,-7.2997924618,-22.5));
#2531=DIRECTION('',(0.342020143325669,-0.939692620785908,0.0));
#2532=DIRECTION('',(0.0,0.0,-1.0));
#2533=SURFACE_STYLE_FILL_AREA(#3895);
#2534=ORIENTED_EDGE('',*,*,#3769,.F.);
#2535=ORIENTED_EDGE('',*,*,#3894,.F.);
#2536=ORIENTED_EDGE('',*,*,#3896,.F.);
#2537=ORIENTED_EDGE('',*,*,#3897,.F.);
#2538=CARTESIAN_POINT('',(0.0,-9.99999999990527,-11.7499999999053));
#2539=DIRECTION('',(1.0,-0.0,0.0));
#2540=DIRECTION('',(0.0,1.0,-3.50810089524921E-11));
#2541=SURFACE_STYLE_FILL_AREA(#3898);
#2542=ORIENTED_EDGE('',*,*,#3899,.F.);
#2543=ORIENTED_EDGE('',*,*,#3900,.T.);
#2544=ORIENTED_EDGE('',*,*,#3901,.F.);
#2545=ORIENTED_EDGE('',*,*,#3902,.T.);
#2546=CARTESIAN_POINT('',(0.0,-9.99999999990528,11.7499999999053));
#2547=DIRECTION('',(1.0,-0.0,0.0));
#2548=DIRECTION('',(0.0,-3.5079693233745E-11,-1.0));
#2549=SURFACE_STYLE_FILL_AREA(#3903);
#2550=ORIENTED_EDGE('',*,*,#3904,.F.);
#2551=ORIENTED_EDGE('',*,*,#3902,.F.);
#2552=ORIENTED_EDGE('',*,*,#3905,.F.);
#2553=ORIENTED_EDGE('',*,*,#3906,.T.);
#2554=CARTESIAN_POINT('',(0.0,-7.2997924618,11.75));
#2555=DIRECTION('',(0.342020143325669,-0.939692620785908,0.0));
#2556=DIRECTION('',(0.0,0.0,-1.0));
#2557=SURFACE_STYLE_FILL_AREA(#3907);
#2558=ORIENTED_EDGE('',*,*,#3908,.F.);
#2559=ORIENTED_EDGE('',*,*,#3906,.F.);
#2560=ORIENTED_EDGE('',*,*,#3909,.F.);
#2561=ORIENTED_EDGE('',*,*,#3910,.T.);
#2562=CARTESIAN_POINT('',(0.0,-6.00000000008899,22.500000000089));
#2563=DIRECTION('',(-1.0,-0.0,0.0));
#2564=DIRECTION('',(0.0,6.84635238686131E-11,1.0));
#2565=SURFACE_STYLE_FILL_AREA(#3911);
#2566=ORIENTED_EDGE('',*,*,#3912,.F.);
#2567=ORIENTED_EDGE('',*,*,#3910,.F.);
#2568=ORIENTED_EDGE('',*,*,#3913,.F.);
#2569=ORIENTED_EDGE('',*,*,#3914,.T.);
#2570=CARTESIAN_POINT('',(0.0,-6.0,23.7997924618));
#2571=DIRECTION('',(0.342020143325669,0.0,0.939692620785908));
#2572=DIRECTION('',(0.0,-1.0,0.0));
#2573=SURFACE_STYLE_FILL_AREA(#3915);
#2574=ORIENTED_EDGE('',*,*,#3916,.F.);
#2575=ORIENTED_EDGE('',*,*,#3914,.F.);
#2576=ORIENTED_EDGE('',*,*,#3917,.F.);
#2577=ORIENTED_EDGE('',*,*,#3918,.T.);
#2578=CARTESIAN_POINT('',(0.0,6.00000000008898,22.500000000089));
#2579=DIRECTION('',(-1.0,-0.0,-0.0));
#2580=DIRECTION('',(0.0,1.0,-6.84607905755806E-11));
#2581=SURFACE_STYLE_FILL_AREA(#3919);
#2582=ORIENTED_EDGE('',*,*,#3920,.F.);
#2583=ORIENTED_EDGE('',*,*,#3918,.F.);
#2584=ORIENTED_EDGE('',*,*,#3921,.F.);
#2585=ORIENTED_EDGE('',*,*,#3922,.T.);
#2586=CARTESIAN_POINT('',(0.0,7.2997924618,22.5));
#2587=DIRECTION('',(0.342020143325669,0.939692620785908,-0.0));
#2588=DIRECTION('',(0.0,0.0,1.0));
#2589=SURFACE_STYLE_FILL_AREA(#3923);
#2590=ORIENTED_EDGE('',*,*,#3924,.F.);
#2591=ORIENTED_EDGE('',*,*,#3922,.F.);
#2592=ORIENTED_EDGE('',*,*,#3925,.F.);
#2593=ORIENTED_EDGE('',*,*,#3926,.F.);
#2594=CARTESIAN_POINT('',(0.0,9.99999999990528,11.7499999999053));
#2595=DIRECTION('',(1.0,0.0,-0.0));
#2596=DIRECTION('',(0.0,-1.0,3.50803510931186E-11));
#2597=SURFACE_STYLE_FILL_AREA(#3927);
#2598=ORIENTED_EDGE('',*,*,#3763,.F.);
#2599=ORIENTED_EDGE('',*,*,#3928,.T.);
#2600=ORIENTED_EDGE('',*,*,#3929,.F.);
#2601=ORIENTED_EDGE('',*,*,#3930,.T.);
#2602=CARTESIAN_POINT('',(0.0,9.99999999990528,-11.7499999999053));
#2603=DIRECTION('',(1.0,-0.0,-0.0));
#2604=DIRECTION('',(0.0,3.50803510931186E-11,1.0));
#2605=SURFACE_STYLE_FILL_AREA(#3931);
#2606=ORIENTED_EDGE('',*,*,#3764,.F.);
#2607=ORIENTED_EDGE('',*,*,#3930,.F.);
#2608=ORIENTED_EDGE('',*,*,#3932,.F.);
#2609=ORIENTED_EDGE('',*,*,#3933,.T.);
#2610=CARTESIAN_POINT('',(0.0,7.2997924618,-11.75));
#2611=DIRECTION('',(0.342020143325669,0.939692620785908,-0.0));
#2612=DIRECTION('',(0.0,0.0,1.0));
#2613=SURFACE_STYLE_FILL_AREA(#3934);
#2614=ORIENTED_EDGE('',*,*,#3765,.F.);
#2615=ORIENTED_EDGE('',*,*,#3933,.F.);
#2616=ORIENTED_EDGE('',*,*,#3935,.F.);
#2617=ORIENTED_EDGE('',*,*,#3886,.T.);
#2618=CARTESIAN_POINT('',(0.0,6.00000000008899,-22.500000000089));
#2619=DIRECTION('',(-1.0,-0.0,-0.0));
#2620=DIRECTION('',(0.0,-6.84635238686129E-11,-1.0));
#2621=SURFACE_STYLE_FILL_AREA(#3936);
#2622=ORIENTED_EDGE('',*,*,#3926,.T.);
#2623=ORIENTED_EDGE('',*,*,#3937,.T.);
#2624=ORIENTED_EDGE('',*,*,#3938,.T.);
#2625=ORIENTED_EDGE('',*,*,#3939,.F.);
#2626=CARTESIAN_POINT('',(1.1,-19.0,8.6494252041));
#2627=DIRECTION('',(-0.342020143331082,0.0,-0.939692620783938));
#2628=DIRECTION('',(-0.939692620783938,0.0,0.342020143331082));
#2629=SURFACE_STYLE_FILL_AREA(#3940);
#2630=ORIENTED_EDGE('',*,*,#3897,.T.);
#2631=ORIENTED_EDGE('',*,*,#3941,.F.);
#2632=ORIENTED_EDGE('',*,*,#3942,.T.);
#2633=ORIENTED_EDGE('',*,*,#3770,.T.);
#2634=CARTESIAN_POINT('',(1.1,-19.0,-8.6494252041));
#2635=DIRECTION('',(-0.342020143331082,0.0,0.939692620783938));
#2636=DIRECTION('',(0.939692620783938,0.0,0.342020143331082));
#2637=SURFACE_STYLE_FILL_AREA(#3943);
#2638=ORIENTED_EDGE('',*,*,#3928,.F.);
#2639=ORIENTED_EDGE('',*,*,#3762,.T.);
#2640=ORIENTED_EDGE('',*,*,#3944,.T.);
#2641=ORIENTED_EDGE('',*,*,#3945,.F.);
#2642=CARTESIAN_POINT('',(1.1,-19.0,-8.6494252041));
#2643=DIRECTION('',(-0.342020143331082,0.0,0.939692620783938));
#2644=DIRECTION('',(0.939692620783938,0.0,0.342020143331082));
#2645=SURFACE_STYLE_FILL_AREA(#3946);
#2646=ORIENTED_EDGE('',*,*,#3656,.T.);
#2647=ORIENTED_EDGE('',*,*,#3947,.F.);
#2648=ORIENTED_EDGE('',*,*,#3658,.T.);
#2649=ORIENTED_EDGE('',*,*,#3948,.F.);
#2650=CARTESIAN_POINT('',(20.0,-4.0,0.0));
#2651=DIRECTION('',(1.0,0.0,-0.0));
#2652=DIRECTION('',(0.0,0.0,1.0));
#2653=SURFACE_STYLE_FILL_AREA(#3949);
#2654=ORIENTED_EDGE('',*,*,#3950,.F.);
#2655=ORIENTED_EDGE('',*,*,#3951,.T.);
#2656=ORIENTED_EDGE('',*,*,#3952,.F.);
#2657=ORIENTED_EDGE('',*,*,#3953,.F.);
#2658=CARTESIAN_POINT('',(0.0,16.35,4.0));
#2659=DIRECTION('',(0.0,0.0,1.0));
#2660=DIRECTION('',(0.0,-1.0,0.0));
#2661=SURFACE_STYLE_FILL_AREA(#3954);
#2662=ORIENTED_EDGE('',*,*,#3955,.F.);
#2663=ORIENTED_EDGE('',*,*,#3953,.T.);
#2664=ORIENTED_EDGE('',*,*,#3956,.F.);
#2665=ORIENTED_EDGE('',*,*,#3957,.F.);
#2666=CARTESIAN_POINT('',(0.0,14.312962962963,0.0));
#2667=DIRECTION('',(1.0,0.0,0.0));
#2668=DIRECTION('',(0.0,-0.373980249033921,0.927436668097896));
#2669=SURFACE_STYLE_FILL_AREA(#3958);
#2670=ORIENTED_EDGE('',*,*,#3959,.F.);
#2671=ORIENTED_EDGE('',*,*,#3957,.T.);
#2672=ORIENTED_EDGE('',*,*,#3960,.F.);
#2673=ORIENTED_EDGE('',*,*,#3961,.F.);
#2674=CARTESIAN_POINT('',(0.0,16.35,-4.0));
#2675=DIRECTION('',(0.0,0.0,-1.0));
#2676=DIRECTION('',(0.0,1.0,0.0));
#2677=SURFACE_STYLE_FILL_AREA(#3962);
#2678=ORIENTED_EDGE('',*,*,#3963,.F.);
#2679=ORIENTED_EDGE('',*,*,#3961,.T.);
#2680=ORIENTED_EDGE('',*,*,#3964,.F.);
#2681=ORIENTED_EDGE('',*,*,#3951,.F.);
#2682=CARTESIAN_POINT('',(0.0,20.0,0.0));
#2683=DIRECTION('',(0.0,1.0,0.0));
#2684=DIRECTION('',(0.0,0.0,1.0));
#2685=SURFACE_STYLE_FILL_AREA(#3965);
#2686=ORIENTED_EDGE('',*,*,#3742,.F.);
#2687=ORIENTED_EDGE('',*,*,#3966,.F.);
#2688=ORIENTED_EDGE('',*,*,#3785,.F.);
#2689=ORIENTED_EDGE('',*,*,#3967,.T.);
#2690=CARTESIAN_POINT('',(6.7,3.5224292294,-4.5));
#2691=DIRECTION('',(0.901523057468274,0.432731067584771,0.0));
#2692=DIRECTION('',(-0.432731067584771,0.901523057468274,0.0));
#2693=SURFACE_STYLE_FILL_AREA(#3968);
#2694=ORIENTED_EDGE('',*,*,#3947,.T.);
#2695=ORIENTED_EDGE('',*,*,#3659,.T.);
#2696=ORIENTED_EDGE('',*,*,#3743,.F.);
#2697=ORIENTED_EDGE('',*,*,#3967,.F.);
#2698=ORIENTED_EDGE('',*,*,#3784,.F.);
#2699=ORIENTED_EDGE('',*,*,#3969,.T.);
#2700=CARTESIAN_POINT('',(7.3,-5.49999999995,-4.5));
#2701=DIRECTION('',(1.0,0.0,0.0));
#2702=DIRECTION('',(0.0,1.0,0.0));
#2703=SURFACE_STYLE_FILL_AREA(#3970);
#2704=ORIENTED_EDGE('',*,*,#3744,.F.);
#2705=ORIENTED_EDGE('',*,*,#3969,.F.);
#2706=ORIENTED_EDGE('',*,*,#3783,.F.);
#2707=ORIENTED_EDGE('',*,*,#3971,.F.);
#2708=CARTESIAN_POINT('',(6.7,-14.5224292293,-4.5));
#2709=DIRECTION('',(0.901523057468274,-0.432731067584771,0.0));
#2710=DIRECTION('',(0.432731067584771,0.901523057468274,0.0));
#2711=SURFACE_STYLE_FILL_AREA(#3972);
#2712=ORIENTED_EDGE('',*,*,#3959,.T.);
#2713=ORIENTED_EDGE('',*,*,#3963,.T.);
#2714=ORIENTED_EDGE('',*,*,#3950,.T.);
#2715=ORIENTED_EDGE('',*,*,#3955,.T.);
#2716=ORIENTED_EDGE('',*,*,#3966,.T.);
#2717=ORIENTED_EDGE('',*,*,#3741,.T.);
#2718=ORIENTED_EDGE('',*,*,#3973,.T.);
#2719=ORIENTED_EDGE('',*,*,#3786,.F.);
#2720=CARTESIAN_POINT('',(6.1,-19.0,0.0));
#2721=DIRECTION('',(-1.0,0.0,0.0));
#2722=DIRECTION('',(0.0,0.0,1.0));
#2723=SURFACE_STYLE_FILL_AREA(#3974);
#2724=ORIENTED_EDGE('',*,*,#3975,.F.);
#2725=ORIENTED_EDGE('',*,*,#3976,.F.);
#2726=ORIENTED_EDGE('',*,*,#3977,.F.);
#2727=ORIENTED_EDGE('',*,*,#3978,.T.);
#2728=CARTESIAN_POINT('',(5.0,14.1,6.75));
#2729=DIRECTION('',(0.0,-1.0,0.0));
#2730=DIRECTION('',(1.0,0.0,0.0));
#2731=SURFACE_STYLE_FILL_AREA(#3979);
#2732=ORIENTED_EDGE('',*,*,#3980,.F.);
#2733=ORIENTED_EDGE('',*,*,#3978,.F.);
#2734=ORIENTED_EDGE('',*,*,#3981,.F.);
#2735=ORIENTED_EDGE('',*,*,#3982,.T.);
#2736=CARTESIAN_POINT('',(5.0,11.7,8.0));
#2737=DIRECTION('',(0.0,0.0,-1.0));
#2738=DIRECTION('',(1.0,0.0,0.0));
#2739=SURFACE_STYLE_FILL_AREA(#3983);
#2740=ORIENTED_EDGE('',*,*,#3775,.F.);
#2741=ORIENTED_EDGE('',*,*,#3984,.F.);
#2742=ORIENTED_EDGE('',*,*,#3683,.F.);
#2743=ORIENTED_EDGE('',*,*,#3985,.T.);
#2744=CARTESIAN_POINT('',(5.0,11.7,-8.0));
#2745=DIRECTION('',(0.0,0.0,1.0));
#2746=DIRECTION('',(-1.0,0.0,0.0));
#2747=SURFACE_STYLE_FILL_AREA(#3986);
#2748=ORIENTED_EDGE('',*,*,#3774,.F.);
#2749=ORIENTED_EDGE('',*,*,#3987,.F.);
#2750=ORIENTED_EDGE('',*,*,#3684,.F.);
#2751=ORIENTED_EDGE('',*,*,#3984,.T.);
#2752=CARTESIAN_POINT('',(5.0,9.3,-6.75));
#2753=DIRECTION('',(0.0,1.0,0.0));
#2754=DIRECTION('',(-1.0,0.0,0.0));
#2755=SURFACE_STYLE_FILL_AREA(#3988);
#2756=ORIENTED_EDGE('',*,*,#3772,.F.);
#2757=ORIENTED_EDGE('',*,*,#3985,.F.);
#2758=ORIENTED_EDGE('',*,*,#3682,.F.);
#2759=ORIENTED_EDGE('',*,*,#3989,.T.);
#2760=CARTESIAN_POINT('',(5.0,14.1,-6.75));
#2761=DIRECTION('',(0.0,-1.0,0.0));
#2762=DIRECTION('',(1.0,0.0,0.0));
#2763=SURFACE_STYLE_FILL_AREA(#3990);
#2764=ORIENTED_EDGE('',*,*,#3991,.F.);
#2765=ORIENTED_EDGE('',*,*,#3992,.F.);
#2766=ORIENTED_EDGE('',*,*,#3993,.T.);
#2767=ORIENTED_EDGE('',*,*,#3994,.F.);
#2768=CARTESIAN_POINT('',(3.5,3.8,-5.5));
#2769=DIRECTION('',(0.0,0.0,-1.0));
#2770=DIRECTION('',(3.70074341541719E-16,1.0,0.0));
#2771=SURFACE_STYLE_FILL_AREA(#3995);
#2772=ORIENTED_EDGE('',*,*,#3996,.F.);
#2773=ORIENTED_EDGE('',*,*,#3997,.F.);
#2774=ORIENTED_EDGE('',*,*,#3998,.T.);
#2775=ORIENTED_EDGE('',*,*,#3999,.F.);
#2776=ORIENTED_EDGE('',*,*,#4000,.T.);
#2777=ORIENTED_EDGE('',*,*,#4001,.T.);
#2778=ORIENTED_EDGE('',*,*,#4002,.F.);
#2779=ORIENTED_EDGE('',*,*,#4003,.F.);
#2780=ORIENTED_EDGE('',*,*,#4004,.F.);
#2781=ORIENTED_EDGE('',*,*,#4005,.T.);
#2782=ORIENTED_EDGE('',*,*,#4006,.T.);
#2783=ORIENTED_EDGE('',*,*,#3993,.F.);
#2784=ORIENTED_EDGE('',*,*,#4007,.T.);
#2785=ORIENTED_EDGE('',*,*,#3685,.T.);
#2786=ORIENTED_EDGE('',*,*,#3987,.T.);
#2787=ORIENTED_EDGE('',*,*,#3773,.F.);
#2788=ORIENTED_EDGE('',*,*,#3989,.F.);
#2789=ORIENTED_EDGE('',*,*,#3693,.T.);
#2790=ORIENTED_EDGE('',*,*,#4008,.T.);
#2791=CARTESIAN_POINT('',(4.65,-19.0,-5.5));
#2792=DIRECTION('',(0.0,0.0,-1.0));
#2793=DIRECTION('',(-1.0,0.0,0.0));
#2794=SURFACE_STYLE_FILL_AREA(#4009);
#2795=ORIENTED_EDGE('',*,*,#4010,.F.);
#2796=ORIENTED_EDGE('',*,*,#4011,.F.);
#2797=ORIENTED_EDGE('',*,*,#4012,.F.);
#2798=ORIENTED_EDGE('',*,*,#4013,.F.);
#2799=CARTESIAN_POINT('',(3.5,27.0,7.8));
#2800=DIRECTION('',(0.0,-1.0,0.0));
#2801=DIRECTION('',(1.0,0.0,3.70074341541719E-16));
#2802=SURFACE_STYLE_FILL_AREA(#4014);
#2803=ORIENTED_EDGE('',*,*,#4013,.T.);
#2804=ORIENTED_EDGE('',*,*,#4015,.T.);
#2805=ORIENTED_EDGE('',*,*,#4016,.T.);
#2806=ORIENTED_EDGE('',*,*,#4017,.T.);
#2807=ORIENTED_EDGE('',*,*,#4018,.F.);
#2808=ORIENTED_EDGE('',*,*,#4019,.T.);
#2809=ORIENTED_EDGE('',*,*,#3669,.F.);
#2810=ORIENTED_EDGE('',*,*,#4020,.T.);
#2811=ORIENTED_EDGE('',*,*,#4021,.F.);
#2812=ORIENTED_EDGE('',*,*,#4022,.T.);
#2813=CARTESIAN_POINT('',(3.1303040323,-19.0,9.0));
#2814=DIRECTION('',(0.0,0.0,1.0));
#2815=DIRECTION('',(1.0,0.0,0.0));
#2816=SURFACE_STYLE_FILL_AREA(#4023);
#2817=ORIENTED_EDGE('',*,*,#4012,.T.);
#2818=ORIENTED_EDGE('',*,*,#4024,.F.);
#2819=ORIENTED_EDGE('',*,*,#4025,.T.);
#2820=ORIENTED_EDGE('',*,*,#4026,.F.);
#2821=ORIENTED_EDGE('',*,*,#3982,.F.);
#2822=ORIENTED_EDGE('',*,*,#4027,.F.);
#2823=ORIENTED_EDGE('',*,*,#4015,.F.);
#2824=CARTESIAN_POINT('',(3.45,9.3,7.25));
#2825=DIRECTION('',(0.0,-1.0,0.0));
#2826=DIRECTION('',(1.0,0.0,0.0));
#2827=SURFACE_STYLE_FILL_AREA(#4028);
#2828=ORIENTED_EDGE('',*,*,#3991,.T.);
#2829=ORIENTED_EDGE('',*,*,#4029,.F.);
#2830=ORIENTED_EDGE('',*,*,#4030,.F.);
#2831=ORIENTED_EDGE('',*,*,#4031,.F.);
#2832=CARTESIAN_POINT('',(3.5,-23.0,-7.8));
#2833=DIRECTION('',(0.0,1.0,0.0));
#2834=DIRECTION('',(1.0,0.0,-3.70074341541719E-16));
#2835=SURFACE_STYLE_FILL_AREA(#4032);
#2836=ORIENTED_EDGE('',*,*,#4031,.T.);
#2837=ORIENTED_EDGE('',*,*,#4033,.T.);
#2838=ORIENTED_EDGE('',*,*,#4034,.T.);
#2839=ORIENTED_EDGE('',*,*,#4035,.T.);
#2840=ORIENTED_EDGE('',*,*,#3687,.F.);
#2841=ORIENTED_EDGE('',*,*,#4036,.F.);
#2842=CARTESIAN_POINT('',(3.1303040323,-19.0,-9.0));
#2843=DIRECTION('',(0.0,0.0,-1.0));
#2844=DIRECTION('',(-1.0,0.0,0.0));
#2845=SURFACE_STYLE_FILL_AREA(#4037);
#2846=ORIENTED_EDGE('',*,*,#3727,.T.);
#2847=ORIENTED_EDGE('',*,*,#3746,.F.);
#2848=ORIENTED_EDGE('',*,*,#4038,.F.);
#2849=ORIENTED_EDGE('',*,*,#3781,.F.);
#2850=ORIENTED_EDGE('',*,*,#3753,.T.);
#2851=ORIENTED_EDGE('',*,*,#3758,.T.);
#2852=ORIENTED_EDGE('',*,*,#3771,.F.);
#2853=ORIENTED_EDGE('',*,*,#3942,.F.);
#2854=ORIENTED_EDGE('',*,*,#4039,.F.);
#2855=ORIENTED_EDGE('',*,*,#4040,.F.);
#2856=ORIENTED_EDGE('',*,*,#4041,.F.);
#2857=ORIENTED_EDGE('',*,*,#4042,.F.);
#2858=ORIENTED_EDGE('',*,*,#4033,.F.);
#2859=ORIENTED_EDGE('',*,*,#4030,.T.);
#2860=ORIENTED_EDGE('',*,*,#4043,.F.);
#2861=ORIENTED_EDGE('',*,*,#4005,.F.);
#2862=ORIENTED_EDGE('',*,*,#4044,.F.);
#2863=ORIENTED_EDGE('',*,*,#4045,.F.);
#2864=ORIENTED_EDGE('',*,*,#4046,.F.);
#2865=ORIENTED_EDGE('',*,*,#4047,.F.);
#2866=ORIENTED_EDGE('',*,*,#4048,.F.);
#2867=ORIENTED_EDGE('',*,*,#4010,.T.);
#2868=ORIENTED_EDGE('',*,*,#4022,.F.);
#2869=ORIENTED_EDGE('',*,*,#4049,.F.);
#2870=ORIENTED_EDGE('',*,*,#4050,.F.);
#2871=ORIENTED_EDGE('',*,*,#4051,.F.);
#2872=ORIENTED_EDGE('',*,*,#4052,.F.);
#2873=ORIENTED_EDGE('',*,*,#4053,.F.);
#2874=ORIENTED_EDGE('',*,*,#4054,.F.);
#2875=ORIENTED_EDGE('',*,*,#3736,.T.);
#2876=CARTESIAN_POINT('',(3.88083171664914,-19.0,1.11022302462516E-16));
#2877=DIRECTION('',(0.0,1.0,0.0));
#2878=DIRECTION('',(0.0,0.0,1.0));
#2879=SURFACE_STYLE_FILL_AREA(#4055);
#2880=ORIENTED_EDGE('',*,*,#4011,.T.);
#2881=ORIENTED_EDGE('',*,*,#4048,.T.);
#2882=ORIENTED_EDGE('',*,*,#4056,.F.);
#2883=ORIENTED_EDGE('',*,*,#4024,.T.);
#2884=CARTESIAN_POINT('',(4.7,-4.85,7.25));
#2885=DIRECTION('',(1.0,0.0,-0.0));
#2886=DIRECTION('',(0.0,0.0,1.0));
#2887=SURFACE_STYLE_FILL_AREA(#4057);
#2888=ORIENTED_EDGE('',*,*,#3737,.T.);
#2889=ORIENTED_EDGE('',*,*,#4054,.T.);
#2890=ORIENTED_EDGE('',*,*,#4058,.T.);
#2891=ORIENTED_EDGE('',*,*,#3899,.T.);
#2892=ORIENTED_EDGE('',*,*,#3904,.T.);
#2893=ORIENTED_EDGE('',*,*,#3908,.T.);
#2894=ORIENTED_EDGE('',*,*,#3912,.T.);
#2895=ORIENTED_EDGE('',*,*,#3916,.T.);
#2896=ORIENTED_EDGE('',*,*,#3920,.T.);
#2897=ORIENTED_EDGE('',*,*,#3924,.T.);
#2898=ORIENTED_EDGE('',*,*,#3939,.T.);
#2899=ORIENTED_EDGE('',*,*,#4059,.T.);
#2900=ORIENTED_EDGE('',*,*,#3739,.F.);
#2901=ORIENTED_EDGE('',*,*,#3732,.T.);
#2902=ORIENTED_EDGE('',*,*,#3856,.T.);
#2903=ORIENTED_EDGE('',*,*,#3869,.T.);
#2904=ORIENTED_EDGE('',*,*,#3865,.T.);
#2905=ORIENTED_EDGE('',*,*,#3861,.T.);
#2906=ORIENTED_EDGE('',*,*,#3975,.T.);
#2907=ORIENTED_EDGE('',*,*,#3980,.T.);
#2908=ORIENTED_EDGE('',*,*,#4026,.T.);
#2909=ORIENTED_EDGE('',*,*,#4060,.T.);
#2910=CARTESIAN_POINT('',(2.2,-19.0,6.3745289732));
#2911=DIRECTION('',(-1.0,0.0,0.0));
#2912=DIRECTION('',(0.0,0.0,1.0));
#2913=SURFACE_STYLE_FILL_AREA(#4061);
#2914=ORIENTED_EDGE('',*,*,#3977,.T.);
#2915=ORIENTED_EDGE('',*,*,#4062,.T.);
#2916=ORIENTED_EDGE('',*,*,#4063,.T.);
#2917=ORIENTED_EDGE('',*,*,#4016,.F.);
#2918=ORIENTED_EDGE('',*,*,#4027,.T.);
#2919=ORIENTED_EDGE('',*,*,#3981,.T.);
#2920=CARTESIAN_POINT('',(3.2,0.0,16.5208552749738));
#2921=DIRECTION('',(1.0,0.0,0.0));
#2922=DIRECTION('',(0.0,-1.0,0.0));
#2923=SURFACE_STYLE_FILL_AREA(#4064);
#2924=ORIENTED_EDGE('',*,*,#3994,.T.);
#2925=ORIENTED_EDGE('',*,*,#4006,.F.);
#2926=ORIENTED_EDGE('',*,*,#4043,.T.);
#2927=ORIENTED_EDGE('',*,*,#4029,.T.);
#2928=CARTESIAN_POINT('',(4.7,-7.0,-7.25));
#2929=DIRECTION('',(1.0,0.0,-0.0));
#2930=DIRECTION('',(0.0,0.0,1.0));
#2931=SURFACE_STYLE_FILL_AREA(#4065);
#2932=ORIENTED_EDGE('',*,*,#3992,.T.);
#2933=ORIENTED_EDGE('',*,*,#4036,.T.);
#2934=ORIENTED_EDGE('',*,*,#3686,.F.);
#2935=ORIENTED_EDGE('',*,*,#4007,.F.);
#2936=CARTESIAN_POINT('',(3.45,5.0,-7.25));
#2937=DIRECTION('',(0.0,-1.0,0.0));
#2938=DIRECTION('',(1.0,0.0,0.0));
#2939=SURFACE_STYLE_FILL_AREA(#4066);
#2940=ORIENTED_EDGE('',*,*,#4067,.F.);
#2941=ORIENTED_EDGE('',*,*,#4068,.F.);
#2942=ORIENTED_EDGE('',*,*,#4069,.F.);
#2943=ORIENTED_EDGE('',*,*,#4070,.F.);
#2944=ORIENTED_EDGE('',*,*,#4071,.T.);
#2945=ORIENTED_EDGE('',*,*,#4072,.F.);
#2946=CARTESIAN_POINT('',(7.2999999999,-23.0,4.4999999999));
#2947=DIRECTION('',(-0.0,1.0,0.0));
#2948=DIRECTION('',(9.99984539618028E-11,0.0,1.0));
#2949=SURFACE_STYLE_FILL_AREA(#4073);
#2950=ORIENTED_EDGE('',*,*,#4074,.F.);
#2951=ORIENTED_EDGE('',*,*,#4075,.F.);
#2952=ORIENTED_EDGE('',*,*,#4076,.F.);
#2953=ORIENTED_EDGE('',*,*,#4077,.F.);
#2954=ORIENTED_EDGE('',*,*,#4000,.F.);
#2955=ORIENTED_EDGE('',*,*,#4078,.F.);
#2956=CARTESIAN_POINT('',(7.3,-23.0,-4.5));
#2957=DIRECTION('',(-0.0,1.0,0.0));
#2958=DIRECTION('',(1.0,0.0,0.0));
#2959=SURFACE_STYLE_FILL_AREA(#4079);
#2960=ORIENTED_EDGE('',*,*,#3657,.T.);
#2961=ORIENTED_EDGE('',*,*,#3948,.T.);
#2962=ORIENTED_EDGE('',*,*,#4075,.T.);
#2963=ORIENTED_EDGE('',*,*,#4080,.F.);
#2964=ORIENTED_EDGE('',*,*,#4071,.F.);
#2965=ORIENTED_EDGE('',*,*,#4081,.F.);
#2966=CARTESIAN_POINT('',(8.3,-5.5,0.0));
#2967=DIRECTION('',(1.0,0.0,-0.0));
#2968=DIRECTION('',(0.0,0.0,1.0));
#2969=SURFACE_STYLE_FILL_AREA(#4082);
#2970=ORIENTED_EDGE('',*,*,#4067,.T.);
#2971=ORIENTED_EDGE('',*,*,#4083,.F.);
#2972=ORIENTED_EDGE('',*,*,#4084,.F.);
#2973=CARTESIAN_POINT('',(6.8,2.5,0.0));
#2974=DIRECTION('',(0.0,-1.0,0.0));
#2975=DIRECTION('',(1.0,0.0,0.0));
#2976=SURFACE_STYLE_FILL_AREA(#4085);
#2977=ORIENTED_EDGE('',*,*,#4072,.T.);
#2978=ORIENTED_EDGE('',*,*,#4086,.F.);
#2979=ORIENTED_EDGE('',*,*,#4087,.T.);
#2980=ORIENTED_EDGE('',*,*,#4088,.T.);
#2981=ORIENTED_EDGE('',*,*,#4083,.T.);
#2982=CARTESIAN_POINT('',(6.20306130782283,4.56543048261096,4.5));
#2983=DIRECTION('',(0.432715241305479,-0.901530653911414,0.0));
#2984=DIRECTION('',(0.901530653911414,0.432715241305479,1.11022302462515E-15));
#2985=SURFACE_STYLE_FILL_AREA(#4089);
#2986=ORIENTED_EDGE('',*,*,#4080,.T.);
#2987=ORIENTED_EDGE('',*,*,#4090,.F.);
#2988=ORIENTED_EDGE('',*,*,#4091,.F.);
#2989=ORIENTED_EDGE('',*,*,#4086,.T.);
#2990=CARTESIAN_POINT('',(7.10459196173424,4.99814572391644,0.0));
#2991=DIRECTION('',(0.901530653911414,0.432715241305479,0.0));
#2992=DIRECTION('',(-0.0,0.0,1.0));
#2993=SURFACE_STYLE_FILL_AREA(#4092);
#2994=ORIENTED_EDGE('',*,*,#4074,.T.);
#2995=ORIENTED_EDGE('',*,*,#4093,.T.);
#2996=ORIENTED_EDGE('',*,*,#3998,.F.);
#2997=ORIENTED_EDGE('',*,*,#4094,.T.);
#2998=ORIENTED_EDGE('',*,*,#4090,.T.);
#2999=CARTESIAN_POINT('',(6.20306130782283,4.56543048261096,-4.5));
#3000=DIRECTION('',(0.432715241305479,-0.901530653911414,4.93038065763131E-32));
#3001=DIRECTION('',(1.00090008937782E-15,4.80410424003572E-16,-1.0));
#3002=SURFACE_STYLE_FILL_AREA(#4095);
#3003=ORIENTED_EDGE('',*,*,#4078,.T.);
#3004=ORIENTED_EDGE('',*,*,#3999,.T.);
#3005=ORIENTED_EDGE('',*,*,#4093,.F.);
#3006=CARTESIAN_POINT('',(6.8,2.5,0.0));
#3007=DIRECTION('',(0.0,-1.0,0.0));
#3008=DIRECTION('',(1.0,0.0,0.0));
#3009=SURFACE_STYLE_FILL_AREA(#4096);
#3010=ORIENTED_EDGE('',*,*,#4069,.T.);
#3011=ORIENTED_EDGE('',*,*,#4097,.T.);
#3012=ORIENTED_EDGE('',*,*,#4098,.F.);
#3013=CARTESIAN_POINT('',(6.8,-13.5,0.0));
#3014=DIRECTION('',(0.0,1.0,0.0));
#3015=DIRECTION('',(-1.0,0.0,0.0));
#3016=SURFACE_STYLE_FILL_AREA(#4099);
#3017=ORIENTED_EDGE('',*,*,#4077,.T.);
#3018=ORIENTED_EDGE('',*,*,#4100,.F.);
#3019=ORIENTED_EDGE('',*,*,#4001,.F.);
#3020=CARTESIAN_POINT('',(6.8,-13.5,0.0));
#3021=DIRECTION('',(0.0,1.0,0.0));
#3022=DIRECTION('',(-1.0,0.0,0.0));
#3023=SURFACE_STYLE_FILL_AREA(#4101);
#3024=ORIENTED_EDGE('',*,*,#4076,.T.);
#3025=ORIENTED_EDGE('',*,*,#4102,.F.);
#3026=ORIENTED_EDGE('',*,*,#4103,.T.);
#3027=ORIENTED_EDGE('',*,*,#4002,.T.);
#3028=ORIENTED_EDGE('',*,*,#4100,.T.);
#3029=CARTESIAN_POINT('',(6.20306130782283,-15.565430482611,-4.5));
#3030=DIRECTION('',(0.432715241305479,0.901530653911414,0.0));
#3031=DIRECTION('',(0.901530653911414,-0.432715241305479,-1.11022302462515E-15));
#3032=SURFACE_STYLE_FILL_AREA(#4104);
#3033=ORIENTED_EDGE('',*,*,#4070,.T.);
#3034=ORIENTED_EDGE('',*,*,#4098,.T.);
#3035=ORIENTED_EDGE('',*,*,#4105,.F.);
#3036=ORIENTED_EDGE('',*,*,#4106,.T.);
#3037=ORIENTED_EDGE('',*,*,#4107,.T.);
#3038=CARTESIAN_POINT('',(6.20306130782283,-15.565430482611,4.5));
#3039=DIRECTION('',(0.432715241305479,0.901530653911414,-4.93038065763131E-32));
#3040=DIRECTION('',(1.00090008937782E-15,-4.80410424003572E-16,1.0));
#3041=SURFACE_STYLE_FILL_AREA(#4108);
#3042=ORIENTED_EDGE('',*,*,#4062,.F.);
#3043=ORIENTED_EDGE('',*,*,#3976,.T.);
#3044=ORIENTED_EDGE('',*,*,#4060,.F.);
#3045=ORIENTED_EDGE('',*,*,#4025,.F.);
#3046=ORIENTED_EDGE('',*,*,#4056,.T.);
#3047=ORIENTED_EDGE('',*,*,#4047,.T.);
#3048=ORIENTED_EDGE('',*,*,#4109,.T.);
#3049=ORIENTED_EDGE('',*,*,#4110,.F.);
#3050=ORIENTED_EDGE('',*,*,#4105,.T.);
#3051=ORIENTED_EDGE('',*,*,#4097,.F.);
#3052=ORIENTED_EDGE('',*,*,#4068,.T.);
#3053=ORIENTED_EDGE('',*,*,#4084,.T.);
#3054=ORIENTED_EDGE('',*,*,#4088,.F.);
#3055=ORIENTED_EDGE('',*,*,#4111,.F.);
#3056=ORIENTED_EDGE('',*,*,#4112,.T.);
#3057=ORIENTED_EDGE('',*,*,#4113,.T.);
#3058=CARTESIAN_POINT('',(4.65,-19.0,5.5));
#3059=DIRECTION('',(0.0,0.0,1.0));
#3060=DIRECTION('',(1.0,0.0,0.0));
#3061=SURFACE_STYLE_FILL_AREA(#4114);
#3062=ORIENTED_EDGE('',*,*,#4115,.F.);
#3063=ORIENTED_EDGE('',*,*,#4116,.F.);
#3064=ORIENTED_EDGE('',*,*,#4117,.F.);
#3065=ORIENTED_EDGE('',*,*,#4111,.T.);
#3066=ORIENTED_EDGE('',*,*,#4087,.F.);
#3067=ORIENTED_EDGE('',*,*,#4091,.T.);
#3068=ORIENTED_EDGE('',*,*,#4094,.F.);
#3069=ORIENTED_EDGE('',*,*,#3997,.T.);
#3070=CARTESIAN_POINT('',(5.70340352735336,4.32560554032203,0.0));
#3071=DIRECTION('',(0.432715241305479,-0.901530653911414,0.0));
#3072=DIRECTION('',(0.0,0.0,-1.0));
#3073=SURFACE_STYLE_FILL_AREA(#4118);
#3074=ORIENTED_EDGE('',*,*,#4115,.T.);
#3075=ORIENTED_EDGE('',*,*,#3996,.T.);
#3076=ORIENTED_EDGE('',*,*,#4119,.T.);
#3077=ORIENTED_EDGE('',*,*,#4120,.F.);
#3078=CARTESIAN_POINT('',(6.10000000004593,-19.0,-4.50000000004593));
#3079=DIRECTION('',(-0.0,1.0,0.0));
#3080=DIRECTION('',(1.0,0.0,4.59285942632226E-11));
#3081=SURFACE_STYLE_FILL_AREA(#4121);
#3082=ORIENTED_EDGE('',*,*,#3960,.T.);
#3083=ORIENTED_EDGE('',*,*,#3956,.T.);
#3084=ORIENTED_EDGE('',*,*,#3952,.T.);
#3085=ORIENTED_EDGE('',*,*,#3964,.T.);
#3086=ORIENTED_EDGE('',*,*,#4116,.T.);
#3087=ORIENTED_EDGE('',*,*,#4120,.T.);
#3088=ORIENTED_EDGE('',*,*,#4122,.T.);
#3089=ORIENTED_EDGE('',*,*,#4123,.F.);
#3090=CARTESIAN_POINT('',(7.1,-19.0,0.0));
#3091=DIRECTION('',(1.0,0.0,0.0));
#3092=DIRECTION('',(0.0,0.0,-1.0));
#3093=SURFACE_STYLE_FILL_AREA(#4124);
#3094=ORIENTED_EDGE('',*,*,#4117,.T.);
#3095=ORIENTED_EDGE('',*,*,#4123,.T.);
#3096=ORIENTED_EDGE('',*,*,#4125,.T.);
#3097=ORIENTED_EDGE('',*,*,#4112,.F.);
#3098=CARTESIAN_POINT('',(6.10000000004593,-19.0,4.50000000004593));
#3099=DIRECTION('',(0.0,1.0,0.0));
#3100=DIRECTION('',(-4.59285942632226E-11,0.0,1.0));
#3101=SURFACE_STYLE_FILL_AREA(#4126);
#3102=ORIENTED_EDGE('',*,*,#4127,.F.);
#3103=ORIENTED_EDGE('',*,*,#4128,.F.);
#3104=ORIENTED_EDGE('',*,*,#4129,.F.);
#3105=ORIENTED_EDGE('',*,*,#4003,.T.);
#3106=ORIENTED_EDGE('',*,*,#4103,.F.);
#3107=ORIENTED_EDGE('',*,*,#4130,.T.);
#3108=ORIENTED_EDGE('',*,*,#4106,.F.);
#3109=ORIENTED_EDGE('',*,*,#4110,.T.);
#3110=CARTESIAN_POINT('',(5.70340352735336,-15.325605540322,0.0));
#3111=DIRECTION('',(0.432715241305479,0.901530653911414,-0.0));
#3112=DIRECTION('',(0.0,0.0,1.0));
#3113=SURFACE_STYLE_FILL_AREA(#4131);
#3114=ORIENTED_EDGE('',*,*,#4081,.T.);
#3115=ORIENTED_EDGE('',*,*,#4107,.F.);
#3116=ORIENTED_EDGE('',*,*,#4130,.F.);
#3117=ORIENTED_EDGE('',*,*,#4102,.T.);
#3118=CARTESIAN_POINT('',(7.10459196173424,-15.9981457239164,0.0));
#3119=DIRECTION('',(0.901530653911414,-0.432715241305479,0.0));
#3120=DIRECTION('',(0.0,0.0,-1.0));
#3121=SURFACE_STYLE_FILL_AREA(#4132);
#3122=ORIENTED_EDGE('',*,*,#3971,.T.);
#3123=ORIENTED_EDGE('',*,*,#3782,.F.);
#3124=ORIENTED_EDGE('',*,*,#4038,.T.);
#3125=ORIENTED_EDGE('',*,*,#3745,.T.);
#3126=CARTESIAN_POINT('',(6.1,-19.0,0.0));
#3127=DIRECTION('',(-1.0,0.0,0.0));
#3128=DIRECTION('',(0.0,0.0,1.0));
#3129=SURFACE_STYLE_FILL_AREA(#4133);
#3130=ORIENTED_EDGE('',*,*,#4134,.F.);
#3131=ORIENTED_EDGE('',*,*,#4135,.F.);
#3132=ORIENTED_EDGE('',*,*,#4040,.T.);
#3133=ORIENTED_EDGE('',*,*,#4136,.T.);
#3134=CARTESIAN_POINT('',(0.5,-19.0,-10.75));
#3135=DIRECTION('',(0.0,0.0,-1.0));
#3136=DIRECTION('',(-1.0,0.0,0.0));
#3137=SURFACE_STYLE_FILL_AREA(#4137);
#3138=ORIENTED_EDGE('',*,*,#4138,.F.);
#3139=ORIENTED_EDGE('',*,*,#4139,.F.);
#3140=ORIENTED_EDGE('',*,*,#4140,.F.);
#3141=ORIENTED_EDGE('',*,*,#4034,.F.);
#3142=ORIENTED_EDGE('',*,*,#4042,.T.);
#3143=ORIENTED_EDGE('',*,*,#4141,.T.);
#3144=CARTESIAN_POINT('',(2.0303040323,-19.0,-9.375));
#3145=DIRECTION('',(0.342020143324345,0.0,-0.93969262078639));
#3146=DIRECTION('',(-0.93969262078639,0.0,-0.342020143324345));
#3147=SURFACE_STYLE_FILL_AREA(#4142);
#3148=ORIENTED_EDGE('',*,*,#4143,.T.);
#3149=ORIENTED_EDGE('',*,*,#4144,.T.);
#3150=ORIENTED_EDGE('',*,*,#4145,.T.);
#3151=ORIENTED_EDGE('',*,*,#3691,.F.);
#3152=CARTESIAN_POINT('',(3.1303040323,-19.0,-9.0));
#3153=DIRECTION('',(0.0,0.0,-1.0));
#3154=DIRECTION('',(-1.0,0.0,0.0));
#3155=SURFACE_STYLE_FILL_AREA(#4146);
#3156=ORIENTED_EDGE('',*,*,#4147,.F.);
#3157=ORIENTED_EDGE('',*,*,#4018,.T.);
#3158=ORIENTED_EDGE('',*,*,#4148,.T.);
#3159=ORIENTED_EDGE('',*,*,#4149,.F.);
#3160=ORIENTED_EDGE('',*,*,#4150,.F.);
#3161=ORIENTED_EDGE('',*,*,#4151,.F.);
#3162=CARTESIAN_POINT('',(2.0303040323,-19.0,9.375));
#3163=DIRECTION('',(0.342020143324345,0.0,0.93969262078639));
#3164=DIRECTION('',(0.93969262078639,0.0,-0.342020143324345));
#3165=SURFACE_STYLE_FILL_AREA(#4152);
#3166=ORIENTED_EDGE('',*,*,#4153,.F.);
#3167=ORIENTED_EDGE('',*,*,#4154,.F.);
#3168=ORIENTED_EDGE('',*,*,#4155,.F.);
#3169=ORIENTED_EDGE('',*,*,#4156,.F.);
#3170=ORIENTED_EDGE('',*,*,#4049,.T.);
#3171=ORIENTED_EDGE('',*,*,#4021,.T.);
#3172=CARTESIAN_POINT('',(2.0303040323,-19.0,9.375));
#3173=DIRECTION('',(0.342020143324345,0.0,0.93969262078639));
#3174=DIRECTION('',(0.93969262078639,0.0,-0.342020143324345));
#3175=SURFACE_STYLE_FILL_AREA(#4157);
#3176=ORIENTED_EDGE('',*,*,#4158,.F.);
#3177=ORIENTED_EDGE('',*,*,#4159,.T.);
#3178=ORIENTED_EDGE('',*,*,#4160,.T.);
#3179=ORIENTED_EDGE('',*,*,#4161,.F.);
#3180=CARTESIAN_POINT('',(0.5,-19.0,10.75));
#3181=DIRECTION('',(0.0,0.0,1.0));
#3182=DIRECTION('',(1.0,0.0,0.0));
#3183=SURFACE_STYLE_FILL_AREA(#4162);
#3184=ORIENTED_EDGE('',*,*,#4163,.F.);
#3185=ORIENTED_EDGE('',*,*,#4164,.F.);
#3186=ORIENTED_EDGE('',*,*,#4051,.T.);
#3187=ORIENTED_EDGE('',*,*,#4165,.T.);
#3188=CARTESIAN_POINT('',(0.5,-19.0,10.75));
#3189=DIRECTION('',(0.0,0.0,1.0));
#3190=DIRECTION('',(1.0,0.0,0.0));
#3191=SURFACE_STYLE_FILL_AREA(#4166);
#3192=ORIENTED_EDGE('',*,*,#4167,.F.);
#3193=ORIENTED_EDGE('',*,*,#4168,.T.);
#3194=ORIENTED_EDGE('',*,*,#4169,.T.);
#3195=ORIENTED_EDGE('',*,*,#4170,.F.);
#3196=CARTESIAN_POINT('',(0.5,-19.0,-10.75));
#3197=DIRECTION('',(0.0,0.0,-1.0));
#3198=DIRECTION('',(-1.0,0.0,0.0));
#3199=SURFACE_STYLE_FILL_AREA(#4171);
#3200=ORIENTED_EDGE('',*,*,#4172,.F.);
#3201=ORIENTED_EDGE('',*,*,#4173,.T.);
#3202=ORIENTED_EDGE('',*,*,#4174,.T.);
#3203=ORIENTED_EDGE('',*,*,#4144,.F.);
#3204=ORIENTED_EDGE('',*,*,#4175,.F.);
#3205=ORIENTED_EDGE('',*,*,#4176,.F.);
#3206=CARTESIAN_POINT('',(2.0303040323,-19.0,-9.375));
#3207=DIRECTION('',(0.342020143324345,0.0,-0.93969262078639));
#3208=DIRECTION('',(-0.93969262078639,0.0,-0.342020143324345));
#3209=SURFACE_STYLE_FILL_AREA(#4177);
#3210=ORIENTED_EDGE('',*,*,#4129,.T.);
#3211=ORIENTED_EDGE('',*,*,#4178,.F.);
#3212=ORIENTED_EDGE('',*,*,#4044,.T.);
#3213=ORIENTED_EDGE('',*,*,#4004,.T.);
#3214=CARTESIAN_POINT('',(6.10000000004593,-19.0,-4.50000000004593));
#3215=DIRECTION('',(-0.0,1.0,0.0));
#3216=DIRECTION('',(1.0,0.0,4.59285942632226E-11));
#3217=SURFACE_STYLE_FILL_AREA(#4179);
#3218=ORIENTED_EDGE('',*,*,#4128,.T.);
#3219=ORIENTED_EDGE('',*,*,#4180,.F.);
#3220=ORIENTED_EDGE('',*,*,#4045,.T.);
#3221=ORIENTED_EDGE('',*,*,#4178,.T.);
#3222=CARTESIAN_POINT('',(7.1,-19.0,0.0));
#3223=DIRECTION('',(1.0,0.0,0.0));
#3224=DIRECTION('',(0.0,0.0,-1.0));
#3225=SURFACE_STYLE_FILL_AREA(#4181);
#3226=ORIENTED_EDGE('',*,*,#4127,.T.);
#3227=ORIENTED_EDGE('',*,*,#4109,.F.);
#3228=ORIENTED_EDGE('',*,*,#4046,.T.);
#3229=ORIENTED_EDGE('',*,*,#4180,.T.);
#3230=CARTESIAN_POINT('',(6.10000000004593,-19.0,4.50000000004593));
#3231=DIRECTION('',(0.0,1.0,0.0));
#3232=DIRECTION('',(-4.59285942632226E-11,0.0,1.0));
#3233=SURFACE_STYLE_FILL_AREA(#4182);
#3234=ORIENTED_EDGE('',*,*,#3900,.F.);
#3235=ORIENTED_EDGE('',*,*,#4058,.F.);
#3236=ORIENTED_EDGE('',*,*,#4053,.T.);
#3237=ORIENTED_EDGE('',*,*,#4183,.T.);
#3238=CARTESIAN_POINT('',(1.1,-19.0,8.6494252041));
#3239=DIRECTION('',(-0.342020143331082,0.0,-0.939692620783938));
#3240=DIRECTION('',(-0.939692620783938,0.0,0.342020143331082));
#3241=SURFACE_STYLE_FILL_AREA(#4184);
#3242=ORIENTED_EDGE('',*,*,#4169,.F.);
#3243=ORIENTED_EDGE('',*,*,#4185,.F.);
#3244=ORIENTED_EDGE('',*,*,#3944,.F.);
#3245=ORIENTED_EDGE('',*,*,#3761,.F.);
#3246=ORIENTED_EDGE('',*,*,#3787,.F.);
#3247=ORIENTED_EDGE('',*,*,#3973,.F.);
#3248=ORIENTED_EDGE('',*,*,#3740,.F.);
#3249=ORIENTED_EDGE('',*,*,#4059,.F.);
#3250=ORIENTED_EDGE('',*,*,#3938,.F.);
#3251=ORIENTED_EDGE('',*,*,#4186,.F.);
#3252=ORIENTED_EDGE('',*,*,#4160,.F.);
#3253=ORIENTED_EDGE('',*,*,#4187,.F.);
#3254=ORIENTED_EDGE('',*,*,#4148,.F.);
#3255=ORIENTED_EDGE('',*,*,#4017,.F.);
#3256=ORIENTED_EDGE('',*,*,#4063,.F.);
#3257=ORIENTED_EDGE('',*,*,#4113,.F.);
#3258=ORIENTED_EDGE('',*,*,#4125,.F.);
#3259=ORIENTED_EDGE('',*,*,#4122,.F.);
#3260=ORIENTED_EDGE('',*,*,#4119,.F.);
#3261=ORIENTED_EDGE('',*,*,#4008,.F.);
#3262=ORIENTED_EDGE('',*,*,#3692,.F.);
#3263=ORIENTED_EDGE('',*,*,#4145,.F.);
#3264=ORIENTED_EDGE('',*,*,#4174,.F.);
#3265=ORIENTED_EDGE('',*,*,#4188,.F.);
#3266=CARTESIAN_POINT('',(3.88083171664914,23.0,-2.4980018054066E-16));
#3267=DIRECTION('',(0.0,1.0,0.0));
#3268=DIRECTION('',(0.0,0.0,1.0));
#3269=SURFACE_STYLE_FILL_AREA(#4189);
#3270=ORIENTED_EDGE('',*,*,#3794,.F.);
#3271=ORIENTED_EDGE('',*,*,#3670,.F.);
#3272=ORIENTED_EDGE('',*,*,#4019,.F.);
#3273=ORIENTED_EDGE('',*,*,#4147,.T.);
#3274=ORIENTED_EDGE('',*,*,#4190,.T.);
#3275=CARTESIAN_POINT('',(2.20000000015569,6.50000000011376,-25.0));
#3276=DIRECTION('',(0.0,0.0,1.0));
#3277=DIRECTION('',(1.0,-1.13764824661982E-10,0.0));
#3278=SURFACE_STYLE_FILL_AREA(#4191);
#3279=ORIENTED_EDGE('',*,*,#3792,.T.);
#3280=ORIENTED_EDGE('',*,*,#4190,.F.);
#3281=ORIENTED_EDGE('',*,*,#4151,.T.);
#3282=ORIENTED_EDGE('',*,*,#4192,.F.);
#3283=ORIENTED_EDGE('',*,*,#3803,.F.);
#3284=CARTESIAN_POINT('',(1.77101007165,7.7203173372,-25.0));
#3285=DIRECTION('',(-0.342020143325613,-0.939692620785929,0.0));
#3286=DIRECTION('',(0.939692620785929,-0.342020143325613,0.0));
#3287=SURFACE_STYLE_FILL_AREA(#4193);
#3288=ORIENTED_EDGE('',*,*,#4150,.T.);
#3289=ORIENTED_EDGE('',*,*,#4194,.F.);
#3290=ORIENTED_EDGE('',*,*,#3804,.T.);
#3291=ORIENTED_EDGE('',*,*,#4192,.T.);
#3292=CARTESIAN_POINT('',(1.0,8.0,15.75));
#3293=DIRECTION('',(0.0,1.0,0.0));
#3294=DIRECTION('',(-0.0,0.0,1.0));
#3295=SURFACE_STYLE_FILL_AREA(#4195);
#3296=ORIENTED_EDGE('',*,*,#4158,.T.);
#3297=ORIENTED_EDGE('',*,*,#4196,.F.);
#3298=ORIENTED_EDGE('',*,*,#4197,.T.);
#3299=ORIENTED_EDGE('',*,*,#4198,.T.);
#3300=CARTESIAN_POINT('',(0.0,9.0,16.5));
#3301=DIRECTION('',(0.0,1.0,0.0));
#3302=DIRECTION('',(-0.0,0.0,1.0));
#3303=SURFACE_STYLE_FILL_AREA(#4199);
#3304=ORIENTED_EDGE('',*,*,#3901,.T.);
#3305=ORIENTED_EDGE('',*,*,#4183,.F.);
#3306=ORIENTED_EDGE('',*,*,#4052,.T.);
#3307=ORIENTED_EDGE('',*,*,#4164,.T.);
#3308=ORIENTED_EDGE('',*,*,#4200,.T.);
#3309=ORIENTED_EDGE('',*,*,#4201,.F.);
#3310=ORIENTED_EDGE('',*,*,#4202,.T.);
#3311=ORIENTED_EDGE('',*,*,#4203,.F.);
#3312=ORIENTED_EDGE('',*,*,#4196,.T.);
#3313=ORIENTED_EDGE('',*,*,#4161,.T.);
#3314=ORIENTED_EDGE('',*,*,#4186,.T.);
#3315=ORIENTED_EDGE('',*,*,#3937,.F.);
#3316=ORIENTED_EDGE('',*,*,#3925,.T.);
#3317=ORIENTED_EDGE('',*,*,#3921,.T.);
#3318=ORIENTED_EDGE('',*,*,#3917,.T.);
#3319=ORIENTED_EDGE('',*,*,#3913,.T.);
#3320=ORIENTED_EDGE('',*,*,#3909,.T.);
#3321=ORIENTED_EDGE('',*,*,#3905,.T.);
#3322=CARTESIAN_POINT('',(0.0,-1.77635683940025E-15,17.6693196773268));
#3323=DIRECTION('',(1.0,0.0,0.0));
#3324=DIRECTION('',(0.0,-1.0,0.0));
#3325=SURFACE_STYLE_FILL_AREA(#4204);
#3326=ORIENTED_EDGE('',*,*,#4205,.T.);
#3327=ORIENTED_EDGE('',*,*,#4197,.F.);
#3328=ORIENTED_EDGE('',*,*,#4203,.T.);
#3329=ORIENTED_EDGE('',*,*,#4206,.T.);
#3330=CARTESIAN_POINT('',(0.0,6.0,22.5));
#3331=DIRECTION('',(1.0,0.0,0.0));
#3332=DIRECTION('',(0.0,1.0,-5.9211894646675E-16));
#3333=SURFACE_STYLE_FILL_AREA(#4207);
#3334=ORIENTED_EDGE('',*,*,#4208,.T.);
#3335=ORIENTED_EDGE('',*,*,#4206,.F.);
#3336=ORIENTED_EDGE('',*,*,#4202,.F.);
#3337=ORIENTED_EDGE('',*,*,#4209,.T.);
#3338=CARTESIAN_POINT('',(0.0,0.0,25.5));
#3339=DIRECTION('',(0.0,0.0,1.0));
#3340=DIRECTION('',(0.0,-1.0,0.0));
#3341=SURFACE_STYLE_FILL_AREA(#4210);
#3342=ORIENTED_EDGE('',*,*,#4211,.T.);
#3343=ORIENTED_EDGE('',*,*,#4209,.F.);
#3344=ORIENTED_EDGE('',*,*,#4201,.T.);
#3345=ORIENTED_EDGE('',*,*,#4212,.T.);
#3346=CARTESIAN_POINT('',(0.0,-6.0,22.5));
#3347=DIRECTION('',(1.0,0.0,-0.0));
#3348=DIRECTION('',(0.0,0.0,1.0));
#3349=SURFACE_STYLE_FILL_AREA(#4213);
#3350=ORIENTED_EDGE('',*,*,#4163,.T.);
#3351=ORIENTED_EDGE('',*,*,#4214,.T.);
#3352=ORIENTED_EDGE('',*,*,#4212,.F.);
#3353=ORIENTED_EDGE('',*,*,#4200,.F.);
#3354=CARTESIAN_POINT('',(0.0,-9.0,16.5));
#3355=DIRECTION('',(0.0,-1.0,0.0));
#3356=DIRECTION('',(0.0,0.0,-1.0));
#3357=SURFACE_STYLE_FILL_AREA(#4215);
#3358=ORIENTED_EDGE('',*,*,#4155,.T.);
#3359=ORIENTED_EDGE('',*,*,#4216,.T.);
#3360=ORIENTED_EDGE('',*,*,#3836,.F.);
#3361=ORIENTED_EDGE('',*,*,#4217,.F.);
#3362=CARTESIAN_POINT('',(1.0,-8.0,15.75));
#3363=DIRECTION('',(0.0,-1.0,0.0));
#3364=DIRECTION('',(0.0,0.0,-1.0));
#3365=SURFACE_STYLE_FILL_AREA(#4218);
#3366=ORIENTED_EDGE('',*,*,#3798,.T.);
#3367=ORIENTED_EDGE('',*,*,#3806,.F.);
#3368=ORIENTED_EDGE('',*,*,#4219,.F.);
#3369=ORIENTED_EDGE('',*,*,#3834,.T.);
#3370=CARTESIAN_POINT('',(1.0,0.0,24.5));
#3371=DIRECTION('',(0.0,0.0,1.0));
#3372=DIRECTION('',(0.0,-1.0,0.0));
#3373=SURFACE_STYLE_FILL_AREA(#4220);
#3374=ORIENTED_EDGE('',*,*,#4214,.F.);
#3375=ORIENTED_EDGE('',*,*,#4165,.F.);
#3376=ORIENTED_EDGE('',*,*,#4050,.T.);
#3377=ORIENTED_EDGE('',*,*,#4156,.T.);
#3378=ORIENTED_EDGE('',*,*,#4217,.T.);
#3379=ORIENTED_EDGE('',*,*,#3835,.T.);
#3380=ORIENTED_EDGE('',*,*,#4219,.T.);
#3381=ORIENTED_EDGE('',*,*,#3805,.T.);
#3382=ORIENTED_EDGE('',*,*,#4194,.T.);
#3383=ORIENTED_EDGE('',*,*,#4149,.T.);
#3384=ORIENTED_EDGE('',*,*,#4187,.T.);
#3385=ORIENTED_EDGE('',*,*,#4159,.F.);
#3386=ORIENTED_EDGE('',*,*,#4198,.F.);
#3387=ORIENTED_EDGE('',*,*,#4205,.F.);
#3388=ORIENTED_EDGE('',*,*,#4208,.F.);
#3389=ORIENTED_EDGE('',*,*,#4211,.F.);
#3390=CARTESIAN_POINT('',(1.0,1.77635683940025E-15,17.6693196773268));
#3391=DIRECTION('',(1.0,0.0,0.0));
#3392=DIRECTION('',(0.0,-1.0,0.0));
#3393=SURFACE_STYLE_FILL_AREA(#4221);
#3394=ORIENTED_EDGE('',*,*,#3828,.T.);
#3395=ORIENTED_EDGE('',*,*,#3837,.F.);
#3396=ORIENTED_EDGE('',*,*,#4216,.F.);
#3397=ORIENTED_EDGE('',*,*,#4154,.T.);
#3398=ORIENTED_EDGE('',*,*,#4222,.F.);
#3399=CARTESIAN_POINT('',(1.77101007165,-7.7203173372,25.0));
#3400=DIRECTION('',(-0.342020143325613,0.939692620785929,0.0));
#3401=DIRECTION('',(0.939692620785929,0.342020143325613,0.0));
#3402=SURFACE_STYLE_FILL_AREA(#4223);
#3403=ORIENTED_EDGE('',*,*,#3831,.T.);
#3404=ORIENTED_EDGE('',*,*,#4222,.T.);
#3405=ORIENTED_EDGE('',*,*,#4153,.T.);
#3406=ORIENTED_EDGE('',*,*,#4020,.F.);
#3407=ORIENTED_EDGE('',*,*,#3672,.F.);
#3408=CARTESIAN_POINT('',(2.20000000015569,-6.50000000011376,25.0));
#3409=DIRECTION('',(0.0,0.0,-1.0));
#3410=DIRECTION('',(1.0,1.13764824661982E-10,0.0));
#3411=SURFACE_STYLE_FILL_AREA(#4224);
#3412=ORIENTED_EDGE('',*,*,#4167,.T.);
#3413=ORIENTED_EDGE('',*,*,#4225,.T.);
#3414=ORIENTED_EDGE('',*,*,#4226,.F.);
#3415=ORIENTED_EDGE('',*,*,#4227,.F.);
#3416=CARTESIAN_POINT('',(0.0,9.0,-16.5));
#3417=DIRECTION('',(0.0,1.0,0.0));
#3418=DIRECTION('',(0.0,0.0,1.0));
#3419=SURFACE_STYLE_FILL_AREA(#4228);
#3420=ORIENTED_EDGE('',*,*,#4225,.F.);
#3421=ORIENTED_EDGE('',*,*,#4170,.T.);
#3422=ORIENTED_EDGE('',*,*,#4188,.T.);
#3423=ORIENTED_EDGE('',*,*,#4173,.F.);
#3424=ORIENTED_EDGE('',*,*,#4229,.T.);
#3425=ORIENTED_EDGE('',*,*,#4230,.T.);
#3426=ORIENTED_EDGE('',*,*,#4231,.T.);
#3427=ORIENTED_EDGE('',*,*,#3824,.T.);
#3428=ORIENTED_EDGE('',*,*,#4232,.T.);
#3429=ORIENTED_EDGE('',*,*,#4141,.F.);
#3430=ORIENTED_EDGE('',*,*,#4041,.T.);
#3431=ORIENTED_EDGE('',*,*,#4135,.T.);
#3432=ORIENTED_EDGE('',*,*,#4233,.F.);
#3433=ORIENTED_EDGE('',*,*,#4234,.F.);
#3434=ORIENTED_EDGE('',*,*,#4235,.F.);
#3435=ORIENTED_EDGE('',*,*,#4236,.F.);
#3436=CARTESIAN_POINT('',(1.0,-1.77635683940025E-15,-17.6693196773268));
#3437=DIRECTION('',(1.0,0.0,0.0));
#3438=DIRECTION('',(0.0,1.0,0.0));
#3439=SURFACE_STYLE_FILL_AREA(#4237);
#3440=ORIENTED_EDGE('',*,*,#4172,.T.);
#3441=ORIENTED_EDGE('',*,*,#4238,.T.);
#3442=ORIENTED_EDGE('',*,*,#4239,.F.);
#3443=ORIENTED_EDGE('',*,*,#4229,.F.);
#3444=CARTESIAN_POINT('',(1.0,8.0,-15.75));
#3445=DIRECTION('',(0.0,1.0,0.0));
#3446=DIRECTION('',(0.0,0.0,1.0));
#3447=SURFACE_STYLE_FILL_AREA(#4240);
#3448=ORIENTED_EDGE('',*,*,#3845,.T.);
#3449=ORIENTED_EDGE('',*,*,#4241,.F.);
#3450=ORIENTED_EDGE('',*,*,#4238,.F.);
#3451=ORIENTED_EDGE('',*,*,#4176,.T.);
#3452=ORIENTED_EDGE('',*,*,#4242,.F.);
#3453=CARTESIAN_POINT('',(1.77101007165,7.7203173372,-25.0));
#3454=DIRECTION('',(-0.342020143325613,-0.939692620785929,0.0));
#3455=DIRECTION('',(0.939692620785929,-0.342020143325613,0.0));
#3456=SURFACE_STYLE_FILL_AREA(#4243);
#3457=ORIENTED_EDGE('',*,*,#3840,.T.);
#3458=ORIENTED_EDGE('',*,*,#4242,.T.);
#3459=ORIENTED_EDGE('',*,*,#4175,.T.);
#3460=ORIENTED_EDGE('',*,*,#4143,.F.);
#3461=ORIENTED_EDGE('',*,*,#3690,.F.);
#3462=CARTESIAN_POINT('',(2.20000000015569,6.50000000011376,-25.0));
#3463=DIRECTION('',(0.0,0.0,1.0));
#3464=DIRECTION('',(1.0,-1.13764824661982E-10,0.0));
#3465=SURFACE_STYLE_FILL_AREA(#4244);
#3466=ORIENTED_EDGE('',*,*,#3813,.F.);
#3467=ORIENTED_EDGE('',*,*,#3688,.F.);
#3468=ORIENTED_EDGE('',*,*,#4035,.F.);
#3469=ORIENTED_EDGE('',*,*,#4140,.T.);
#3470=ORIENTED_EDGE('',*,*,#4245,.T.);
#3471=CARTESIAN_POINT('',(2.20000000015569,-6.50000000011376,25.0));
#3472=DIRECTION('',(0.0,0.0,-1.0));
#3473=DIRECTION('',(1.0,1.13764824661982E-10,0.0));
#3474=SURFACE_STYLE_FILL_AREA(#4246);
#3475=ORIENTED_EDGE('',*,*,#3811,.T.);
#3476=ORIENTED_EDGE('',*,*,#4245,.F.);
#3477=ORIENTED_EDGE('',*,*,#4139,.T.);
#3478=ORIENTED_EDGE('',*,*,#4247,.F.);
#3479=ORIENTED_EDGE('',*,*,#3822,.F.);
#3480=CARTESIAN_POINT('',(1.77101007165,-7.7203173372,25.0));
#3481=DIRECTION('',(-0.342020143325613,0.939692620785929,0.0));
#3482=DIRECTION('',(0.939692620785929,0.342020143325613,0.0));
#3483=SURFACE_STYLE_FILL_AREA(#4248);
#3484=ORIENTED_EDGE('',*,*,#3929,.T.);
#3485=ORIENTED_EDGE('',*,*,#3945,.T.);
#3486=ORIENTED_EDGE('',*,*,#4185,.T.);
#3487=ORIENTED_EDGE('',*,*,#4168,.F.);
#3488=ORIENTED_EDGE('',*,*,#4227,.T.);
#3489=ORIENTED_EDGE('',*,*,#4249,.F.);
#3490=ORIENTED_EDGE('',*,*,#4250,.T.);
#3491=ORIENTED_EDGE('',*,*,#4251,.F.);
#3492=ORIENTED_EDGE('',*,*,#4252,.T.);
#3493=ORIENTED_EDGE('',*,*,#4136,.F.);
#3494=ORIENTED_EDGE('',*,*,#4039,.T.);
#3495=ORIENTED_EDGE('',*,*,#3941,.T.);
#3496=ORIENTED_EDGE('',*,*,#3896,.T.);
#3497=ORIENTED_EDGE('',*,*,#3893,.T.);
#3498=ORIENTED_EDGE('',*,*,#3890,.T.);
#3499=ORIENTED_EDGE('',*,*,#3887,.T.);
#3500=ORIENTED_EDGE('',*,*,#3935,.T.);
#3501=ORIENTED_EDGE('',*,*,#3932,.T.);
#3502=CARTESIAN_POINT('',(0.0,1.77635683940025E-15,-17.6693196773268));
#3503=DIRECTION('',(1.0,0.0,0.0));
#3504=DIRECTION('',(0.0,1.0,0.0));
#3505=SURFACE_STYLE_FILL_AREA(#4253);
#3506=ORIENTED_EDGE('',*,*,#4134,.T.);
#3507=ORIENTED_EDGE('',*,*,#4252,.F.);
#3508=ORIENTED_EDGE('',*,*,#4254,.T.);
#3509=ORIENTED_EDGE('',*,*,#4233,.T.);
#3510=CARTESIAN_POINT('',(0.0,-9.0,-16.5));
#3511=DIRECTION('',(0.0,-1.0,-0.0));
#3512=DIRECTION('',(-0.0,0.0,-1.0));
#3513=SURFACE_STYLE_FILL_AREA(#4255);
#3514=ORIENTED_EDGE('',*,*,#4234,.T.);
#3515=ORIENTED_EDGE('',*,*,#4254,.F.);
#3516=ORIENTED_EDGE('',*,*,#4251,.T.);
#3517=ORIENTED_EDGE('',*,*,#4256,.T.);
#3518=CARTESIAN_POINT('',(0.0,-6.0,-22.5));
#3519=DIRECTION('',(1.0,0.0,0.0));
#3520=DIRECTION('',(0.0,-1.0,5.9211894646675E-16));
#3521=SURFACE_STYLE_FILL_AREA(#4257);
#3522=ORIENTED_EDGE('',*,*,#4235,.T.);
#3523=ORIENTED_EDGE('',*,*,#4256,.F.);
#3524=ORIENTED_EDGE('',*,*,#4250,.F.);
#3525=ORIENTED_EDGE('',*,*,#4258,.T.);
#3526=CARTESIAN_POINT('',(0.0,0.0,-25.5));
#3527=DIRECTION('',(0.0,0.0,-1.0));
#3528=DIRECTION('',(0.0,1.0,0.0));
#3529=SURFACE_STYLE_FILL_AREA(#4259);
#3530=ORIENTED_EDGE('',*,*,#4236,.T.);
#3531=ORIENTED_EDGE('',*,*,#4258,.F.);
#3532=ORIENTED_EDGE('',*,*,#4249,.T.);
#3533=ORIENTED_EDGE('',*,*,#4226,.T.);
#3534=CARTESIAN_POINT('',(0.0,6.0,-22.5));
#3535=DIRECTION('',(1.0,0.0,0.0));
#3536=DIRECTION('',(0.0,0.0,-1.0));
#3537=SURFACE_STYLE_FILL_AREA(#4260);
#3538=ORIENTED_EDGE('',*,*,#4138,.T.);
#3539=ORIENTED_EDGE('',*,*,#4232,.F.);
#3540=ORIENTED_EDGE('',*,*,#3823,.T.);
#3541=ORIENTED_EDGE('',*,*,#4247,.T.);
#3542=CARTESIAN_POINT('',(1.0,-8.0,-15.75));
#3543=DIRECTION('',(0.0,-1.0,-0.0));
#3544=DIRECTION('',(-0.0,0.0,-1.0));
#3545=SURFACE_STYLE_FILL_AREA(#4261);
#3546=ORIENTED_EDGE('',*,*,#3817,.T.);
#3547=ORIENTED_EDGE('',*,*,#3825,.F.);
#3548=ORIENTED_EDGE('',*,*,#4231,.F.);
#3549=ORIENTED_EDGE('',*,*,#4262,.T.);
#3550=CARTESIAN_POINT('',(1.0,0.0,-24.5));
#3551=DIRECTION('',(0.0,0.0,-1.0));
#3552=DIRECTION('',(0.0,1.0,0.0));
#3553=SURFACE_STYLE_FILL_AREA(#4263);
#3554=ORIENTED_EDGE('',*,*,#3844,.T.);
#3555=ORIENTED_EDGE('',*,*,#3818,.T.);
#3556=ORIENTED_EDGE('',*,*,#4262,.F.);
#3557=ORIENTED_EDGE('',*,*,#4230,.F.);
#3558=ORIENTED_EDGE('',*,*,#4239,.T.);
#3559=ORIENTED_EDGE('',*,*,#4241,.T.);
#3560=CARTESIAN_POINT('',(1.0,6.0,-22.5));
#3561=DIRECTION('',(1.0,0.0,0.0));
#3562=DIRECTION('',(0.0,0.0,-1.0));
#3563=SURFACE_STYLE_FILL_AREA(#4264);
#3564=FILL_AREA_STYLE('',(#4265));
#3565=EDGE_CURVE('',#4266,#4267,#4268,.T.);
#3566=EDGE_CURVE('',#4269,#4266,#4270,.T.);
#3567=EDGE_CURVE('',#4271,#4269,#4272,.T.);
#3568=EDGE_CURVE('',#4267,#4271,#4273,.T.);
#3569=FILL_AREA_STYLE('',(#4274));
#3570=EDGE_CURVE('',#4275,#4276,#4277,.T.);
#3571=EDGE_CURVE('',#4275,#4278,#4279,.T.);
#3572=EDGE_CURVE('',#4278,#4280,#4281,.T.);
#3573=EDGE_CURVE('',#4276,#4280,#4282,.T.);
#3574=FILL_AREA_STYLE('',(#4283));
#3575=EDGE_CURVE('',#4276,#4284,#4285,.T.);
#3576=EDGE_CURVE('',#4280,#4286,#4287,.T.);
#3577=EDGE_CURVE('',#4284,#4286,#4288,.T.);
#3578=FILL_AREA_STYLE('',(#4289));
#3579=EDGE_CURVE('',#4290,#4278,#4291,.T.);
#3580=EDGE_CURVE('',#4286,#4290,#4292,.T.);
#3581=FILL_AREA_STYLE('',(#4293));
#3582=EDGE_CURVE('',#4284,#4294,#4295,.T.);
#3583=EDGE_CURVE('',#4294,#4290,#4296,.T.);
#3584=FILL_AREA_STYLE('',(#4297));
#3585=EDGE_CURVE('',#4294,#4275,#4298,.T.);
#3586=FILL_AREA_STYLE('',(#4299));
#3587=EDGE_CURVE('',#4300,#4301,#4302,.T.);
#3588=EDGE_CURVE('',#4303,#4300,#4304,.T.);
#3589=EDGE_CURVE('',#4303,#4305,#4306,.T.);
#3590=EDGE_CURVE('',#4305,#4301,#4307,.T.);
#3591=FILL_AREA_STYLE('',(#4308));
#3592=EDGE_CURVE('',#4309,#4310,#4311,.T.);
#3593=EDGE_CURVE('',#4312,#4309,#4313,.T.);
#3594=EDGE_CURVE('',#4314,#4312,#4315,.T.);
#3595=EDGE_CURVE('',#4314,#4310,#4316,.T.);
#3596=FILL_AREA_STYLE('',(#4317));
#3597=EDGE_CURVE('',#4310,#4318,#4319,.T.);
#3598=EDGE_CURVE('',#4320,#4314,#4321,.T.);
#3599=EDGE_CURVE('',#4320,#4318,#4322,.T.);
#3600=FILL_AREA_STYLE('',(#4323));
#3601=EDGE_CURVE('',#4318,#4324,#4325,.T.);
#3602=EDGE_CURVE('',#4326,#4320,#4327,.T.);
#3603=EDGE_CURVE('',#4326,#4324,#4328,.T.);
#3604=FILL_AREA_STYLE('',(#4329));
#3605=EDGE_CURVE('',#4324,#4330,#4331,.T.);
#3606=EDGE_CURVE('',#4332,#4326,#4333,.T.);
#3607=EDGE_CURVE('',#4332,#4330,#4334,.T.);
#3608=FILL_AREA_STYLE('',(#4335));
#3609=EDGE_CURVE('',#4301,#4336,#4337,.T.);
#3610=EDGE_CURVE('',#4305,#4338,#4339,.T.);
#3611=EDGE_CURVE('',#4338,#4336,#4340,.T.);
#3612=FILL_AREA_STYLE('',(#4341));
#3613=EDGE_CURVE('',#4336,#4300,#4342,.T.);
#3614=EDGE_CURVE('',#4338,#4303,#4343,.T.);
#3615=FILL_AREA_STYLE('',(#4344));
#3616=EDGE_CURVE('',#4330,#4345,#4346,.T.);
#3617=EDGE_CURVE('',#4347,#4332,#4348,.T.);
#3618=EDGE_CURVE('',#4347,#4345,#4349,.T.);
#3619=FILL_AREA_STYLE('',(#4350));
#3620=EDGE_CURVE('',#4345,#4351,#4352,.T.);
#3621=EDGE_CURVE('',#4353,#4347,#4354,.T.);
#3622=EDGE_CURVE('',#4353,#4351,#4355,.T.);
#3623=FILL_AREA_STYLE('',(#4356));
#3624=EDGE_CURVE('',#4351,#4357,#4358,.T.);
#3625=EDGE_CURVE('',#4359,#4353,#4360,.T.);
#3626=EDGE_CURVE('',#4359,#4357,#4361,.T.);
#3627=FILL_AREA_STYLE('',(#4362));
#3628=EDGE_CURVE('',#4357,#4309,#4363,.T.);
#3629=EDGE_CURVE('',#4312,#4359,#4364,.T.);
#3630=FILL_AREA_STYLE('',(#4365));
#3631=FILL_AREA_STYLE('',(#4366));
#3632=EDGE_CURVE('',#4367,#4368,#4369,.T.);
#3633=EDGE_CURVE('',#4367,#4370,#4371,.T.);
#3634=EDGE_CURVE('',#4370,#4372,#4373,.T.);
#3635=EDGE_CURVE('',#4368,#4372,#4374,.T.);
#3636=FILL_AREA_STYLE('',(#4375));
#3637=EDGE_CURVE('',#4368,#4376,#4377,.T.);
#3638=EDGE_CURVE('',#4372,#4378,#4379,.T.);
#3639=EDGE_CURVE('',#4376,#4378,#4380,.T.);
#3640=FILL_AREA_STYLE('',(#4381));
#3641=EDGE_CURVE('',#4382,#4370,#4383,.T.);
#3642=EDGE_CURVE('',#4378,#4382,#4384,.T.);
#3643=FILL_AREA_STYLE('',(#4385));
#3644=EDGE_CURVE('',#4376,#4386,#4387,.T.);
#3645=EDGE_CURVE('',#4386,#4382,#4388,.T.);
#3646=FILL_AREA_STYLE('',(#4389));
#3647=EDGE_CURVE('',#4386,#4367,#4390,.T.);
#3648=FILL_AREA_STYLE('',(#4391));
#3649=EDGE_CURVE('',#4266,#4269,#4392,.T.);
#3650=FILL_AREA_STYLE('',(#4393));
#3651=FILL_AREA_STYLE('',(#4394));
#3652=EDGE_CURVE('',#4271,#4267,#4395,.T.);
#3653=FILL_AREA_STYLE('',(#4396));
#3654=FILL_AREA_STYLE('',(#4397));
#3655=FILL_AREA_STYLE('',(#4398));
#3656=EDGE_CURVE('',#4399,#4400,#4401,.T.);
#3657=EDGE_CURVE('',#4402,#4399,#4403,.T.);
#3658=EDGE_CURVE('',#4404,#4402,#4405,.T.);
#3659=EDGE_CURVE('',#4400,#4404,#4406,.T.);
#3660=FILL_AREA_STYLE('',(#4407));
#3661=EDGE_CURVE('',#4408,#4409,#4410,.T.);
#3662=EDGE_CURVE('',#4409,#4411,#4412,.T.);
#3663=EDGE_CURVE('',#4413,#4411,#4414,.T.);
#3664=EDGE_CURVE('',#4408,#4413,#4415,.T.);
#3665=FILL_AREA_STYLE('',(#4416));
#3666=EDGE_CURVE('',#4409,#4417,#4418,.T.);
#3667=EDGE_CURVE('',#4419,#4417,#4420,.T.);
#3668=EDGE_CURVE('',#4419,#4411,#4421,.T.);
#3669=EDGE_CURVE('',#4422,#4423,#4424,.T.);
#3670=EDGE_CURVE('',#4423,#4425,#4426,.T.);
#3671=EDGE_CURVE('',#4425,#4427,#4428,.T.);
#3672=EDGE_CURVE('',#4427,#4422,#4429,.T.);
#3673=FILL_AREA_STYLE('',(#4430));
#3674=EDGE_CURVE('',#4431,#4432,#4433,.T.);
#3675=EDGE_CURVE('',#4432,#4434,#4435,.T.);
#3676=EDGE_CURVE('',#4436,#4434,#4437,.T.);
#3677=EDGE_CURVE('',#4431,#4436,#4438,.T.);
#3678=FILL_AREA_STYLE('',(#4439));
#3679=EDGE_CURVE('',#4432,#4440,#4441,.T.);
#3680=EDGE_CURVE('',#4442,#4440,#4443,.T.);
#3681=EDGE_CURVE('',#4442,#4434,#4444,.T.);
#3682=EDGE_CURVE('',#4445,#4446,#4447,.T.);
#3683=EDGE_CURVE('',#4446,#4448,#4449,.T.);
#3684=EDGE_CURVE('',#4448,#4450,#4451,.T.);
#3685=EDGE_CURVE('',#4452,#4450,#4453,.T.);
#3686=EDGE_CURVE('',#4452,#4454,#4455,.T.);
#3687=EDGE_CURVE('',#4454,#4456,#4457,.T.);
#3688=EDGE_CURVE('',#4456,#4458,#4459,.T.);
#3689=EDGE_CURVE('',#4458,#4460,#4461,.T.);
#3690=EDGE_CURVE('',#4460,#4462,#4463,.T.);
#3691=EDGE_CURVE('',#4462,#4464,#4465,.T.);
#3692=EDGE_CURVE('',#4464,#4466,#4467,.T.);
#3693=EDGE_CURVE('',#4445,#4466,#4468,.T.);
#3694=FILL_AREA_STYLE('',(#4469));
#3695=EDGE_CURVE('',#4470,#4417,#4471,.T.);
#3696=EDGE_CURVE('',#4472,#4470,#4473,.T.);
#3697=EDGE_CURVE('',#4472,#4419,#4474,.T.);
#3698=FILL_AREA_STYLE('',(#4475));
#3699=EDGE_CURVE('',#4476,#4440,#4477,.T.);
#3700=EDGE_CURVE('',#4478,#4476,#4479,.T.);
#3701=EDGE_CURVE('',#4478,#4442,#4480,.T.);
#3702=FILL_AREA_STYLE('',(#4481));
#3703=EDGE_CURVE('',#4413,#4472,#4482,.T.);
#3704=FILL_AREA_STYLE('',(#4483));
#3705=EDGE_CURVE('',#4484,#4472,#4485,.T.);
#3706=EDGE_CURVE('',#4486,#4484,#4487,.T.);
#3707=EDGE_CURVE('',#4486,#4413,#4488,.T.);
#3708=FILL_AREA_STYLE('',(#4489));
#3709=EDGE_CURVE('',#4436,#4478,#4490,.T.);
#3710=FILL_AREA_STYLE('',(#4491));
#3711=EDGE_CURVE('',#4492,#4478,#4493,.T.);
#3712=EDGE_CURVE('',#4494,#4492,#4495,.T.);
#3713=EDGE_CURVE('',#4494,#4436,#4496,.T.);
#3714=FILL_AREA_STYLE('',(#4497));
#3715=EDGE_CURVE('',#4470,#4408,#4498,.T.);
#3716=FILL_AREA_STYLE('',(#4499));
#3717=EDGE_CURVE('',#4500,#4408,#4501,.T.);
#3718=EDGE_CURVE('',#4502,#4500,#4503,.T.);
#3719=EDGE_CURVE('',#4502,#4470,#4504,.T.);
#3720=FILL_AREA_STYLE('',(#4505));
#3721=EDGE_CURVE('',#4476,#4431,#4506,.T.);
#3722=FILL_AREA_STYLE('',(#4507));
#3723=EDGE_CURVE('',#4508,#4431,#4509,.T.);
#3724=EDGE_CURVE('',#4510,#4508,#4511,.T.);
#3725=EDGE_CURVE('',#4510,#4476,#4512,.T.);
#3726=FILL_AREA_STYLE('',(#4513));
#3727=EDGE_CURVE('',#4514,#4515,#4516,.T.);
#3728=EDGE_CURVE('',#4517,#4514,#4518,.T.);
#3729=EDGE_CURVE('',#4519,#4517,#4520,.T.);
#3730=EDGE_CURVE('',#4515,#4519,#4521,.T.);
#3731=FILL_AREA_STYLE('',(#4522));
#3732=EDGE_CURVE('',#4523,#4524,#4525,.T.);
#3733=EDGE_CURVE('',#4519,#4523,#4526,.T.);
#3734=EDGE_CURVE('',#4517,#4524,#4527,.T.);
#3735=FILL_AREA_STYLE('',(#4528));
#3736=EDGE_CURVE('',#4529,#4514,#4530,.T.);
#3737=EDGE_CURVE('',#4524,#4529,#4531,.T.);
#3738=FILL_AREA_STYLE('',(#4532));
#3739=EDGE_CURVE('',#4523,#4533,#4534,.T.);
#3740=EDGE_CURVE('',#4533,#4535,#4536,.T.);
#3741=EDGE_CURVE('',#4537,#4535,#4538,.T.);
#3742=EDGE_CURVE('',#4537,#4539,#4540,.T.);
#3743=EDGE_CURVE('',#4539,#4541,#4542,.T.);
#3744=EDGE_CURVE('',#4541,#4543,#4544,.T.);
#3745=EDGE_CURVE('',#4545,#4543,#4546,.T.);
#3746=EDGE_CURVE('',#4545,#4515,#4547,.T.);
#3747=FILL_AREA_STYLE('',(#4548));
#3748=EDGE_CURVE('',#4549,#4550,#4551,.T.);
#3749=EDGE_CURVE('',#4552,#4549,#4553,.T.);
#3750=EDGE_CURVE('',#4552,#4554,#4555,.T.);
#3751=EDGE_CURVE('',#4550,#4554,#4556,.T.);
#3752=FILL_AREA_STYLE('',(#4557));
#3753=EDGE_CURVE('',#4558,#4559,#4560,.T.);
#3754=EDGE_CURVE('',#4554,#4558,#4561,.T.);
#3755=EDGE_CURVE('',#4559,#4552,#4562,.T.);
#3756=FILL_AREA_STYLE('',(#4563));
#3757=EDGE_CURVE('',#4564,#4549,#4565,.T.);
#3758=EDGE_CURVE('',#4559,#4564,#4566,.T.);
#3759=FILL_AREA_STYLE('',(#4567));
#3760=EDGE_CURVE('',#4550,#4568,#4569,.T.);
#3761=EDGE_CURVE('',#4568,#4570,#4571,.T.);
#3762=EDGE_CURVE('',#4572,#4570,#4573,.T.);
#3763=EDGE_CURVE('',#4572,#4574,#4575,.T.);
#3764=EDGE_CURVE('',#4574,#4576,#4577,.T.);
#3765=EDGE_CURVE('',#4576,#4578,#4579,.T.);
#3766=EDGE_CURVE('',#4578,#4580,#4581,.T.);
#3767=EDGE_CURVE('',#4580,#4582,#4583,.T.);
#3768=EDGE_CURVE('',#4582,#4584,#4585,.T.);
#3769=EDGE_CURVE('',#4584,#4586,#4587,.T.);
#3770=EDGE_CURVE('',#4588,#4586,#4589,.T.);
#3771=EDGE_CURVE('',#4588,#4564,#4590,.T.);
#3772=EDGE_CURVE('',#4591,#4592,#4593,.T.);
#3773=EDGE_CURVE('',#4592,#4594,#4595,.T.);
#3774=EDGE_CURVE('',#4594,#4596,#4597,.T.);
#3775=EDGE_CURVE('',#4596,#4591,#4598,.T.);
#3776=EDGE_CURVE('',#4599,#4600,#4601,.T.);
#3777=EDGE_CURVE('',#4600,#4602,#4603,.T.);
#3778=EDGE_CURVE('',#4602,#4604,#4605,.T.);
#3779=EDGE_CURVE('',#4604,#4599,#4606,.T.);
#3780=FILL_AREA_STYLE('',(#4607));
#3781=EDGE_CURVE('',#4558,#4608,#4609,.T.);
#3782=EDGE_CURVE('',#4608,#4610,#4611,.T.);
#3783=EDGE_CURVE('',#4610,#4612,#4613,.T.);
#3784=EDGE_CURVE('',#4612,#4614,#4615,.T.);
#3785=EDGE_CURVE('',#4614,#4616,#4617,.T.);
#3786=EDGE_CURVE('',#4616,#4618,#4619,.T.);
#3787=EDGE_CURVE('',#4618,#4568,#4620,.T.);
#3788=FILL_AREA_STYLE('',(#4621));
#3789=EDGE_CURVE('',#4622,#4623,#4624,.T.);
#3790=EDGE_CURVE('',#4622,#4625,#4626,.T.);
#3791=EDGE_CURVE('',#4625,#4627,#4628,.T.);
#3792=EDGE_CURVE('',#4623,#4627,#4629,.T.);
#3793=FILL_AREA_STYLE('',(#4630));
#3794=EDGE_CURVE('',#4425,#4627,#4631,.T.);
#3795=EDGE_CURVE('',#4425,#4625,#4632,.T.);
#3796=FILL_AREA_STYLE('',(#4633));
#3797=EDGE_CURVE('',#4634,#4622,#4635,.T.);
#3798=EDGE_CURVE('',#4636,#4634,#4637,.T.);
#3799=EDGE_CURVE('',#4638,#4636,#4639,.T.);
#3800=EDGE_CURVE('',#4640,#4638,#4641,.T.);
#3801=EDGE_CURVE('',#4625,#4640,#4642,.T.);
#3802=FILL_AREA_STYLE('',(#4643));
#3803=EDGE_CURVE('',#4623,#4644,#4645,.T.);
#3804=EDGE_CURVE('',#4646,#4644,#4647,.T.);
#3805=EDGE_CURVE('',#4648,#4646,#4649,.T.);
#3806=EDGE_CURVE('',#4648,#4634,#4650,.T.);
#3807=FILL_AREA_STYLE('',(#4651));
#3808=EDGE_CURVE('',#4652,#4653,#4654,.T.);
#3809=EDGE_CURVE('',#4652,#4655,#4656,.T.);
#3810=EDGE_CURVE('',#4655,#4657,#4658,.T.);
#3811=EDGE_CURVE('',#4653,#4657,#4659,.T.);
#3812=FILL_AREA_STYLE('',(#4660));
#3813=EDGE_CURVE('',#4458,#4657,#4661,.T.);
#3814=EDGE_CURVE('',#4458,#4655,#4662,.T.);
#3815=FILL_AREA_STYLE('',(#4663));
#3816=EDGE_CURVE('',#4664,#4652,#4665,.T.);
#3817=EDGE_CURVE('',#4666,#4664,#4667,.T.);
#3818=EDGE_CURVE('',#4668,#4666,#4669,.T.);
#3819=EDGE_CURVE('',#4670,#4668,#4671,.T.);
#3820=EDGE_CURVE('',#4655,#4670,#4672,.T.);
#3821=FILL_AREA_STYLE('',(#4673));
#3822=EDGE_CURVE('',#4653,#4674,#4675,.T.);
#3823=EDGE_CURVE('',#4676,#4674,#4677,.T.);
#3824=EDGE_CURVE('',#4678,#4676,#4679,.T.);
#3825=EDGE_CURVE('',#4678,#4664,#4680,.T.);
#3826=FILL_AREA_STYLE('',(#4681));
#3827=EDGE_CURVE('',#4682,#4638,#4683,.T.);
#3828=EDGE_CURVE('',#4684,#4682,#4685,.T.);
#3829=EDGE_CURVE('',#4640,#4684,#4686,.T.);
#3830=FILL_AREA_STYLE('',(#4687));
#3831=EDGE_CURVE('',#4427,#4684,#4688,.T.);
#3832=EDGE_CURVE('',#4427,#4640,#4689,.T.);
#3833=FILL_AREA_STYLE('',(#4690));
#3834=EDGE_CURVE('',#4691,#4636,#4692,.T.);
#3835=EDGE_CURVE('',#4693,#4691,#4694,.T.);
#3836=EDGE_CURVE('',#4693,#4695,#4696,.T.);
#3837=EDGE_CURVE('',#4695,#4682,#4697,.T.);
#3838=FILL_AREA_STYLE('',(#4698));
#3839=FILL_AREA_STYLE('',(#4699));
#3840=EDGE_CURVE('',#4460,#4700,#4701,.T.);
#3841=EDGE_CURVE('',#4460,#4670,#4702,.T.);
#3842=EDGE_CURVE('',#4670,#4700,#4703,.T.);
#3843=FILL_AREA_STYLE('',(#4704));
#3844=EDGE_CURVE('',#4705,#4668,#4706,.T.);
#3845=EDGE_CURVE('',#4700,#4705,#4707,.T.);
#3846=FILL_AREA_STYLE('',(#4708));
#3847=FILL_AREA_STYLE('',(#4709));
#3848=EDGE_CURVE('',#4484,#4502,#4710,.T.);
#3849=FILL_AREA_STYLE('',(#4711));
#3850=EDGE_CURVE('',#4500,#4486,#4712,.T.);
#3851=FILL_AREA_STYLE('',(#4713));
#3852=EDGE_CURVE('',#4492,#4510,#4714,.T.);
#3853=FILL_AREA_STYLE('',(#4715));
#3854=EDGE_CURVE('',#4508,#4494,#4716,.T.);
#3855=FILL_AREA_STYLE('',(#4717));
#3856=EDGE_CURVE('',#4718,#4719,#4720,.T.);
#3857=EDGE_CURVE('',#4721,#4718,#4722,.T.);
#3858=EDGE_CURVE('',#4721,#4723,#4724,.T.);
#3859=EDGE_CURVE('',#4723,#4719,#4725,.T.);
#3860=FILL_AREA_STYLE('',(#4726));
#3861=EDGE_CURVE('',#4727,#4718,#4728,.T.);
#3862=EDGE_CURVE('',#4729,#4727,#4730,.T.);
#3863=EDGE_CURVE('',#4721,#4729,#4731,.T.);
#3864=FILL_AREA_STYLE('',(#4732));
#3865=EDGE_CURVE('',#4733,#4727,#4734,.T.);
#3866=EDGE_CURVE('',#4735,#4733,#4736,.T.);
#3867=EDGE_CURVE('',#4735,#4729,#4737,.T.);
#3868=FILL_AREA_STYLE('',(#4738));
#3869=EDGE_CURVE('',#4719,#4733,#4739,.T.);
#3870=EDGE_CURVE('',#4735,#4723,#4740,.T.);
#3871=FILL_AREA_STYLE('',(#4741));
#3872=FILL_AREA_STYLE('',(#4742));
#3873=EDGE_CURVE('',#4743,#4599,#4744,.T.);
#3874=EDGE_CURVE('',#4743,#4745,#4746,.T.);
#3875=EDGE_CURVE('',#4745,#4600,#4747,.T.);
#3876=FILL_AREA_STYLE('',(#4748));
#3877=EDGE_CURVE('',#4749,#4604,#4750,.T.);
#3878=EDGE_CURVE('',#4743,#4749,#4751,.T.);
#3879=FILL_AREA_STYLE('',(#4752));
#3880=EDGE_CURVE('',#4753,#4602,#4754,.T.);
#3881=EDGE_CURVE('',#4753,#4749,#4755,.T.);
#3882=FILL_AREA_STYLE('',(#4756));
#3883=EDGE_CURVE('',#4753,#4745,#4757,.T.);
#3884=FILL_AREA_STYLE('',(#4758));
#3885=FILL_AREA_STYLE('',(#4759));
#3886=EDGE_CURVE('',#4760,#4578,#4761,.T.);
#3887=EDGE_CURVE('',#4762,#4760,#4763,.T.);
#3888=EDGE_CURVE('',#4762,#4580,#4764,.T.);
#3889=FILL_AREA_STYLE('',(#4765));
#3890=EDGE_CURVE('',#4766,#4762,#4767,.T.);
#3891=EDGE_CURVE('',#4766,#4582,#4768,.T.);
#3892=FILL_AREA_STYLE('',(#4769));
#3893=EDGE_CURVE('',#4770,#4766,#4771,.T.);
#3894=EDGE_CURVE('',#4770,#4584,#4772,.T.);
#3895=FILL_AREA_STYLE('',(#4773));
#3896=EDGE_CURVE('',#4774,#4770,#4775,.T.);
#3897=EDGE_CURVE('',#4586,#4774,#4776,.T.);
#3898=FILL_AREA_STYLE('',(#4777));
#3899=EDGE_CURVE('',#4778,#4779,#4780,.T.);
#3900=EDGE_CURVE('',#4778,#4781,#4782,.T.);
#3901=EDGE_CURVE('',#4783,#4781,#4784,.T.);
#3902=EDGE_CURVE('',#4783,#4779,#4785,.T.);
#3903=FILL_AREA_STYLE('',(#4786));
#3904=EDGE_CURVE('',#4779,#4787,#4788,.T.);
#3905=EDGE_CURVE('',#4789,#4783,#4790,.T.);
#3906=EDGE_CURVE('',#4789,#4787,#4791,.T.);
#3907=FILL_AREA_STYLE('',(#4792));
#3908=EDGE_CURVE('',#4787,#4793,#4794,.T.);
#3909=EDGE_CURVE('',#4795,#4789,#4796,.T.);
#3910=EDGE_CURVE('',#4795,#4793,#4797,.T.);
#3911=FILL_AREA_STYLE('',(#4798));
#3912=EDGE_CURVE('',#4793,#4799,#4800,.T.);
#3913=EDGE_CURVE('',#4801,#4795,#4802,.T.);
#3914=EDGE_CURVE('',#4801,#4799,#4803,.T.);
#3915=FILL_AREA_STYLE('',(#4804));
#3916=EDGE_CURVE('',#4799,#4805,#4806,.T.);
#3917=EDGE_CURVE('',#4807,#4801,#4808,.T.);
#3918=EDGE_CURVE('',#4807,#4805,#4809,.T.);
#3919=FILL_AREA_STYLE('',(#4810));
#3920=EDGE_CURVE('',#4805,#4811,#4812,.T.);
#3921=EDGE_CURVE('',#4813,#4807,#4814,.T.);
#3922=EDGE_CURVE('',#4813,#4811,#4815,.T.);
#3923=FILL_AREA_STYLE('',(#4816));
#3924=EDGE_CURVE('',#4811,#4817,#4818,.T.);
#3925=EDGE_CURVE('',#4819,#4813,#4820,.T.);
#3926=EDGE_CURVE('',#4817,#4819,#4821,.T.);
#3927=FILL_AREA_STYLE('',(#4822));
#3928=EDGE_CURVE('',#4572,#4823,#4824,.T.);
#3929=EDGE_CURVE('',#4825,#4823,#4826,.T.);
#3930=EDGE_CURVE('',#4825,#4574,#4827,.T.);
#3931=FILL_AREA_STYLE('',(#4828));
#3932=EDGE_CURVE('',#4829,#4825,#4830,.T.);
#3933=EDGE_CURVE('',#4829,#4576,#4831,.T.);
#3934=FILL_AREA_STYLE('',(#4832));
#3935=EDGE_CURVE('',#4760,#4829,#4833,.T.);
#3936=FILL_AREA_STYLE('',(#4834));
#3937=EDGE_CURVE('',#4819,#4835,#4836,.T.);
#3938=EDGE_CURVE('',#4835,#4837,#4838,.T.);
#3939=EDGE_CURVE('',#4817,#4837,#4839,.T.);
#3940=FILL_AREA_STYLE('',(#4840));
#3941=EDGE_CURVE('',#4841,#4774,#4842,.T.);
#3942=EDGE_CURVE('',#4841,#4588,#4843,.T.);
#3943=FILL_AREA_STYLE('',(#4844));
#3944=EDGE_CURVE('',#4570,#4845,#4846,.T.);
#3945=EDGE_CURVE('',#4823,#4845,#4847,.T.);
#3946=FILL_AREA_STYLE('',(#4848));
#3947=EDGE_CURVE('',#4404,#4400,#4849,.T.);
#3948=EDGE_CURVE('',#4399,#4402,#4850,.T.);
#3949=FILL_AREA_STYLE('',(#4851));
#3950=EDGE_CURVE('',#4852,#4853,#4854,.T.);
#3951=EDGE_CURVE('',#4852,#4855,#4856,.T.);
#3952=EDGE_CURVE('',#4857,#4855,#4858,.T.);
#3953=EDGE_CURVE('',#4853,#4857,#4859,.T.);
#3954=FILL_AREA_STYLE('',(#4860));
#3955=EDGE_CURVE('',#4853,#4861,#4862,.T.);
#3956=EDGE_CURVE('',#4863,#4857,#4864,.T.);
#3957=EDGE_CURVE('',#4861,#4863,#4865,.T.);
#3958=FILL_AREA_STYLE('',(#4866));
#3959=EDGE_CURVE('',#4861,#4867,#4868,.T.);
#3960=EDGE_CURVE('',#4869,#4863,#4870,.T.);
#3961=EDGE_CURVE('',#4867,#4869,#4871,.T.);
#3962=FILL_AREA_STYLE('',(#4872));
#3963=EDGE_CURVE('',#4867,#4852,#4873,.T.);
#3964=EDGE_CURVE('',#4855,#4869,#4874,.T.);
#3965=FILL_AREA_STYLE('',(#4875));
#3966=EDGE_CURVE('',#4616,#4537,#4876,.T.);
#3967=EDGE_CURVE('',#4614,#4539,#4877,.T.);
#3968=FILL_AREA_STYLE('',(#4878));
#3969=EDGE_CURVE('',#4612,#4541,#4879,.T.);
#3970=FILL_AREA_STYLE('',(#4880));
#3971=EDGE_CURVE('',#4543,#4610,#4881,.T.);
#3972=FILL_AREA_STYLE('',(#4882));
#3973=EDGE_CURVE('',#4535,#4618,#4883,.T.);
#3974=FILL_AREA_STYLE('',(#4884));
#3975=EDGE_CURVE('',#4885,#4886,#4887,.T.);
#3976=EDGE_CURVE('',#4888,#4885,#4889,.T.);
#3977=EDGE_CURVE('',#4890,#4888,#4891,.T.);
#3978=EDGE_CURVE('',#4890,#4886,#4892,.T.);
#3979=FILL_AREA_STYLE('',(#4893));
#3980=EDGE_CURVE('',#4886,#4894,#4895,.T.);
#3981=EDGE_CURVE('',#4896,#4890,#4897,.T.);
#3982=EDGE_CURVE('',#4896,#4894,#4898,.T.);
#3983=FILL_AREA_STYLE('',(#4899));
#3984=EDGE_CURVE('',#4448,#4596,#4900,.T.);
#3985=EDGE_CURVE('',#4446,#4591,#4901,.T.);
#3986=FILL_AREA_STYLE('',(#4902));
#3987=EDGE_CURVE('',#4450,#4594,#4903,.T.);
#3988=FILL_AREA_STYLE('',(#4904));
#3989=EDGE_CURVE('',#4445,#4592,#4905,.T.);
#3990=FILL_AREA_STYLE('',(#4906));
#3991=EDGE_CURVE('',#4907,#4908,#4909,.T.);
#3992=EDGE_CURVE('',#4910,#4907,#4911,.T.);
#3993=EDGE_CURVE('',#4910,#4912,#4913,.T.);
#3994=EDGE_CURVE('',#4908,#4912,#4914,.T.);
#3995=FILL_AREA_STYLE('',(#4915));
#3996=EDGE_CURVE('',#4916,#4917,#4918,.T.);
#3997=EDGE_CURVE('',#4919,#4916,#4920,.T.);
#3998=EDGE_CURVE('',#4919,#4921,#4922,.T.);
#3999=EDGE_CURVE('',#4923,#4921,#4924,.T.);
#4000=EDGE_CURVE('',#4923,#4925,#4926,.T.);
#4001=EDGE_CURVE('',#4925,#4927,#4928,.T.);
#4002=EDGE_CURVE('',#4929,#4927,#4930,.T.);
#4003=EDGE_CURVE('',#4931,#4929,#4932,.T.);
#4004=EDGE_CURVE('',#4933,#4931,#4934,.T.);
#4005=EDGE_CURVE('',#4933,#4935,#4936,.T.);
#4006=EDGE_CURVE('',#4935,#4912,#4937,.T.);
#4007=EDGE_CURVE('',#4910,#4452,#4938,.T.);
#4008=EDGE_CURVE('',#4466,#4917,#4939,.T.);
#4009=FILL_AREA_STYLE('',(#4940));
#4010=EDGE_CURVE('',#4941,#4942,#4943,.T.);
#4011=EDGE_CURVE('',#4944,#4941,#4945,.T.);
#4012=EDGE_CURVE('',#4946,#4944,#4947,.T.);
#4013=EDGE_CURVE('',#4942,#4946,#4948,.T.);
#4014=FILL_AREA_STYLE('',(#4949));
#4015=EDGE_CURVE('',#4946,#4950,#4951,.T.);
#4016=EDGE_CURVE('',#4950,#4952,#4953,.T.);
#4017=EDGE_CURVE('',#4952,#4954,#4955,.T.);
#4018=EDGE_CURVE('',#4956,#4954,#4957,.T.);
#4019=EDGE_CURVE('',#4956,#4423,#4958,.T.);
#4020=EDGE_CURVE('',#4422,#4959,#4960,.T.);
#4021=EDGE_CURVE('',#4961,#4959,#4962,.T.);
#4022=EDGE_CURVE('',#4961,#4942,#4963,.T.);
#4023=FILL_AREA_STYLE('',(#4964));
#4024=EDGE_CURVE('',#4965,#4944,#4966,.T.);
#4025=EDGE_CURVE('',#4965,#4967,#4968,.T.);
#4026=EDGE_CURVE('',#4894,#4967,#4969,.T.);
#4027=EDGE_CURVE('',#4950,#4896,#4970,.T.);
#4028=FILL_AREA_STYLE('',(#4971));
#4029=EDGE_CURVE('',#4972,#4908,#4973,.T.);
#4030=EDGE_CURVE('',#4974,#4972,#4975,.T.);
#4031=EDGE_CURVE('',#4907,#4974,#4976,.T.);
#4032=FILL_AREA_STYLE('',(#4977));
#4033=EDGE_CURVE('',#4974,#4978,#4979,.T.);
#4034=EDGE_CURVE('',#4978,#4980,#4981,.T.);
#4035=EDGE_CURVE('',#4980,#4456,#4982,.T.);
#4036=EDGE_CURVE('',#4907,#4454,#4983,.T.);
#4037=FILL_AREA_STYLE('',(#4984));
#4038=EDGE_CURVE('',#4608,#4545,#4985,.T.);
#4039=EDGE_CURVE('',#4986,#4841,#4987,.T.);
#4040=EDGE_CURVE('',#4988,#4986,#4989,.T.);
#4041=EDGE_CURVE('',#4990,#4988,#4991,.T.);
#4042=EDGE_CURVE('',#4978,#4990,#4992,.T.);
#4043=EDGE_CURVE('',#4935,#4972,#4993,.T.);
#4044=EDGE_CURVE('',#4994,#4933,#4995,.T.);
#4045=EDGE_CURVE('',#4996,#4994,#4997,.T.);
#4046=EDGE_CURVE('',#4998,#4996,#4999,.T.);
#4047=EDGE_CURVE('',#5000,#4998,#5001,.T.);
#4048=EDGE_CURVE('',#4941,#5000,#5002,.T.);
#4049=EDGE_CURVE('',#5003,#4961,#5004,.T.);
#4050=EDGE_CURVE('',#5005,#5003,#5006,.T.);
#4051=EDGE_CURVE('',#5007,#5005,#5008,.T.);
#4052=EDGE_CURVE('',#5009,#5007,#5010,.T.);
#4053=EDGE_CURVE('',#5011,#5009,#5012,.T.);
#4054=EDGE_CURVE('',#4529,#5011,#5013,.T.);
#4055=FILL_AREA_STYLE('',(#5014));
#4056=EDGE_CURVE('',#4965,#5000,#5015,.T.);
#4057=FILL_AREA_STYLE('',(#5016));
#4058=EDGE_CURVE('',#5011,#4778,#5017,.T.);
#4059=EDGE_CURVE('',#4837,#4533,#5018,.T.);
#4060=EDGE_CURVE('',#4967,#4885,#5019,.T.);
#4061=FILL_AREA_STYLE('',(#5020));
#4062=EDGE_CURVE('',#4888,#5021,#5022,.T.);
#4063=EDGE_CURVE('',#5021,#4952,#5023,.T.);
#4064=FILL_AREA_STYLE('',(#5024));
#4065=FILL_AREA_STYLE('',(#5025));
#4066=FILL_AREA_STYLE('',(#5026));
#4067=EDGE_CURVE('',#5027,#5028,#5029,.T.);
#4068=EDGE_CURVE('',#5030,#5027,#5031,.T.);
#4069=EDGE_CURVE('',#5032,#5030,#5033,.T.);
#4070=EDGE_CURVE('',#5034,#5032,#5035,.T.);
#4071=EDGE_CURVE('',#5034,#5036,#5037,.T.);
#4072=EDGE_CURVE('',#5028,#5036,#5038,.T.);
#4073=FILL_AREA_STYLE('',(#5039));
#4074=EDGE_CURVE('',#5040,#5041,#5042,.T.);
#4075=EDGE_CURVE('',#5043,#5040,#5044,.T.);
#4076=EDGE_CURVE('',#5045,#5043,#5046,.T.);
#4077=EDGE_CURVE('',#4925,#5045,#5047,.T.);
#4078=EDGE_CURVE('',#5041,#4923,#5048,.T.);
#4079=FILL_AREA_STYLE('',(#5049));
#4080=EDGE_CURVE('',#5036,#5040,#5050,.T.);
#4081=EDGE_CURVE('',#5043,#5034,#5051,.T.);
#4082=FILL_AREA_STYLE('',(#5052));
#4083=EDGE_CURVE('',#5053,#5028,#5054,.T.);
#4084=EDGE_CURVE('',#5027,#5053,#5055,.T.);
#4085=FILL_AREA_STYLE('',(#5056));
#4086=EDGE_CURVE('',#5057,#5036,#5058,.T.);
#4087=EDGE_CURVE('',#5057,#5059,#5060,.T.);
#4088=EDGE_CURVE('',#5059,#5053,#5061,.T.);
#4089=FILL_AREA_STYLE('',(#5062));
#4090=EDGE_CURVE('',#5063,#5040,#5064,.T.);
#4091=EDGE_CURVE('',#5057,#5063,#5065,.T.);
#4092=FILL_AREA_STYLE('',(#5066));
#4093=EDGE_CURVE('',#5041,#4921,#5067,.T.);
#4094=EDGE_CURVE('',#4919,#5063,#5068,.T.);
#4095=FILL_AREA_STYLE('',(#5069));
#4096=FILL_AREA_STYLE('',(#5070));
#4097=EDGE_CURVE('',#5030,#5071,#5072,.T.);
#4098=EDGE_CURVE('',#5032,#5071,#5073,.T.);
#4099=FILL_AREA_STYLE('',(#5074));
#4100=EDGE_CURVE('',#4927,#5045,#5075,.T.);
#4101=FILL_AREA_STYLE('',(#5076));
#4102=EDGE_CURVE('',#5077,#5043,#5078,.T.);
#4103=EDGE_CURVE('',#5077,#4929,#5079,.T.);
#4104=FILL_AREA_STYLE('',(#5080));
#4105=EDGE_CURVE('',#5081,#5071,#5082,.T.);
#4106=EDGE_CURVE('',#5081,#5083,#5084,.T.);
#4107=EDGE_CURVE('',#5083,#5034,#5085,.T.);
#4108=FILL_AREA_STYLE('',(#5086));
#4109=EDGE_CURVE('',#4998,#5087,#5088,.T.);
#4110=EDGE_CURVE('',#5081,#5087,#5089,.T.);
#4111=EDGE_CURVE('',#5090,#5059,#5091,.T.);
#4112=EDGE_CURVE('',#5090,#5092,#5093,.T.);
#4113=EDGE_CURVE('',#5092,#5021,#5094,.T.);
#4114=FILL_AREA_STYLE('',(#5095));
#4115=EDGE_CURVE('',#5096,#4916,#5097,.T.);
#4116=EDGE_CURVE('',#5098,#5096,#5099,.T.);
#4117=EDGE_CURVE('',#5090,#5098,#5100,.T.);
#4118=FILL_AREA_STYLE('',(#5101));
#4119=EDGE_CURVE('',#4917,#5102,#5103,.T.);
#4120=EDGE_CURVE('',#5096,#5102,#5104,.T.);
#4121=FILL_AREA_STYLE('',(#5105));
#4122=EDGE_CURVE('',#5102,#5106,#5107,.T.);
#4123=EDGE_CURVE('',#5098,#5106,#5108,.T.);
#4124=FILL_AREA_STYLE('',(#5109));
#4125=EDGE_CURVE('',#5106,#5092,#5110,.T.);
#4126=FILL_AREA_STYLE('',(#5111));
#4127=EDGE_CURVE('',#5112,#5087,#5113,.T.);
#4128=EDGE_CURVE('',#5114,#5112,#5115,.T.);
#4129=EDGE_CURVE('',#4931,#5114,#5116,.T.);
#4130=EDGE_CURVE('',#5077,#5083,#5117,.T.);
#4131=FILL_AREA_STYLE('',(#5118));
#4132=FILL_AREA_STYLE('',(#5119));
#4133=FILL_AREA_STYLE('',(#5120));
#4134=EDGE_CURVE('',#5121,#5122,#5123,.T.);
#4135=EDGE_CURVE('',#4988,#5121,#5124,.T.);
#4136=EDGE_CURVE('',#4986,#5122,#5125,.T.);
#4137=FILL_AREA_STYLE('',(#5126));
#4138=EDGE_CURVE('',#5127,#5128,#5129,.T.);
#4139=EDGE_CURVE('',#5130,#5127,#5131,.T.);
#4140=EDGE_CURVE('',#4980,#5130,#5132,.T.);
#4141=EDGE_CURVE('',#4990,#5128,#5133,.T.);
#4142=FILL_AREA_STYLE('',(#5134));
#4143=EDGE_CURVE('',#4462,#5135,#5136,.T.);
#4144=EDGE_CURVE('',#5135,#5137,#5138,.T.);
#4145=EDGE_CURVE('',#5137,#4464,#5139,.T.);
#4146=FILL_AREA_STYLE('',(#5140));
#4147=EDGE_CURVE('',#4956,#5141,#5142,.T.);
#4148=EDGE_CURVE('',#4954,#5143,#5144,.T.);
#4149=EDGE_CURVE('',#5145,#5143,#5146,.T.);
#4150=EDGE_CURVE('',#5147,#5145,#5148,.T.);
#4151=EDGE_CURVE('',#5141,#5147,#5149,.T.);
#4152=FILL_AREA_STYLE('',(#5150));
#4153=EDGE_CURVE('',#5151,#4959,#5152,.T.);
#4154=EDGE_CURVE('',#5153,#5151,#5154,.T.);
#4155=EDGE_CURVE('',#5155,#5153,#5156,.T.);
#4156=EDGE_CURVE('',#5003,#5155,#5157,.T.);
#4157=FILL_AREA_STYLE('',(#5158));
#4158=EDGE_CURVE('',#5159,#5160,#5161,.T.);
#4159=EDGE_CURVE('',#5159,#5162,#5163,.T.);
#4160=EDGE_CURVE('',#5162,#5164,#5165,.T.);
#4161=EDGE_CURVE('',#5160,#5164,#5166,.T.);
#4162=FILL_AREA_STYLE('',(#5167));
#4163=EDGE_CURVE('',#5168,#5169,#5170,.T.);
#4164=EDGE_CURVE('',#5007,#5168,#5171,.T.);
#4165=EDGE_CURVE('',#5005,#5169,#5172,.T.);
#4166=FILL_AREA_STYLE('',(#5173));
#4167=EDGE_CURVE('',#5174,#5175,#5176,.T.);
#4168=EDGE_CURVE('',#5174,#5177,#5178,.T.);
#4169=EDGE_CURVE('',#5177,#5179,#5180,.T.);
#4170=EDGE_CURVE('',#5175,#5179,#5181,.T.);
#4171=FILL_AREA_STYLE('',(#5182));
#4172=EDGE_CURVE('',#5183,#5184,#5185,.T.);
#4173=EDGE_CURVE('',#5183,#5186,#5187,.T.);
#4174=EDGE_CURVE('',#5186,#5137,#5188,.T.);
#4175=EDGE_CURVE('',#5189,#5135,#5190,.T.);
#4176=EDGE_CURVE('',#5184,#5189,#5191,.T.);
#4177=FILL_AREA_STYLE('',(#5192));
#4178=EDGE_CURVE('',#4994,#5114,#5193,.T.);
#4179=FILL_AREA_STYLE('',(#5194));
#4180=EDGE_CURVE('',#4996,#5112,#5195,.T.);
#4181=FILL_AREA_STYLE('',(#5196));
#4182=FILL_AREA_STYLE('',(#5197));
#4183=EDGE_CURVE('',#5009,#4781,#5198,.T.);
#4184=FILL_AREA_STYLE('',(#5199));
#4185=EDGE_CURVE('',#4845,#5177,#5200,.T.);
#4186=EDGE_CURVE('',#5164,#4835,#5201,.T.);
#4187=EDGE_CURVE('',#5143,#5162,#5202,.T.);
#4188=EDGE_CURVE('',#5179,#5186,#5203,.T.);
#4189=FILL_AREA_STYLE('',(#5204));
#4190=EDGE_CURVE('',#5141,#4627,#5205,.T.);
#4191=FILL_AREA_STYLE('',(#5206));
#4192=EDGE_CURVE('',#4644,#5147,#5207,.T.);
#4193=FILL_AREA_STYLE('',(#5208));
#4194=EDGE_CURVE('',#4646,#5145,#5209,.T.);
#4195=FILL_AREA_STYLE('',(#5210));
#4196=EDGE_CURVE('',#5211,#5160,#5212,.T.);
#4197=EDGE_CURVE('',#5211,#5213,#5214,.T.);
#4198=EDGE_CURVE('',#5213,#5159,#5215,.T.);
#4199=FILL_AREA_STYLE('',(#5216));
#4200=EDGE_CURVE('',#5168,#5217,#5218,.T.);
#4201=EDGE_CURVE('',#5219,#5217,#5220,.T.);
#4202=EDGE_CURVE('',#5219,#5221,#5222,.T.);
#4203=EDGE_CURVE('',#5211,#5221,#5223,.T.);
#4204=FILL_AREA_STYLE('',(#5224));
#4205=EDGE_CURVE('',#5225,#5213,#5226,.T.);
#4206=EDGE_CURVE('',#5221,#5225,#5227,.T.);
#4207=FILL_AREA_STYLE('',(#5228));
#4208=EDGE_CURVE('',#5229,#5225,#5230,.T.);
#4209=EDGE_CURVE('',#5219,#5229,#5231,.T.);
#4210=FILL_AREA_STYLE('',(#5232));
#4211=EDGE_CURVE('',#5233,#5229,#5234,.T.);
#4212=EDGE_CURVE('',#5217,#5233,#5235,.T.);
#4213=FILL_AREA_STYLE('',(#5236));
#4214=EDGE_CURVE('',#5169,#5233,#5237,.T.);
#4215=FILL_AREA_STYLE('',(#5238));
#4216=EDGE_CURVE('',#5153,#4695,#5239,.T.);
#4217=EDGE_CURVE('',#5155,#4693,#5240,.T.);
#4218=FILL_AREA_STYLE('',(#5241));
#4219=EDGE_CURVE('',#4691,#4648,#5242,.T.);
#4220=FILL_AREA_STYLE('',(#5243));
#4221=FILL_AREA_STYLE('',(#5244));
#4222=EDGE_CURVE('',#4684,#5151,#5245,.T.);
#4223=FILL_AREA_STYLE('',(#5246));
#4224=FILL_AREA_STYLE('',(#5247));
#4225=EDGE_CURVE('',#5175,#5248,#5249,.T.);
#4226=EDGE_CURVE('',#5250,#5248,#5251,.T.);
#4227=EDGE_CURVE('',#5174,#5250,#5252,.T.);
#4228=FILL_AREA_STYLE('',(#5253));
#4229=EDGE_CURVE('',#5183,#5254,#5255,.T.);
#4230=EDGE_CURVE('',#5254,#5256,#5257,.T.);
#4231=EDGE_CURVE('',#5256,#4678,#5258,.T.);
#4232=EDGE_CURVE('',#4676,#5128,#5259,.T.);
#4233=EDGE_CURVE('',#5260,#5121,#5261,.T.);
#4234=EDGE_CURVE('',#5262,#5260,#5263,.T.);
#4235=EDGE_CURVE('',#5264,#5262,#5265,.T.);
#4236=EDGE_CURVE('',#5248,#5264,#5266,.T.);
#4237=FILL_AREA_STYLE('',(#5267));
#4238=EDGE_CURVE('',#5184,#5268,#5269,.T.);
#4239=EDGE_CURVE('',#5254,#5268,#5270,.T.);
#4240=FILL_AREA_STYLE('',(#5271));
#4241=EDGE_CURVE('',#5268,#4705,#5272,.T.);
#4242=EDGE_CURVE('',#4700,#5189,#5273,.T.);
#4243=FILL_AREA_STYLE('',(#5274));
#4244=FILL_AREA_STYLE('',(#5275));
#4245=EDGE_CURVE('',#5130,#4657,#5276,.T.);
#4246=FILL_AREA_STYLE('',(#5277));
#4247=EDGE_CURVE('',#4674,#5127,#5278,.T.);
#4248=FILL_AREA_STYLE('',(#5279));
#4249=EDGE_CURVE('',#5280,#5250,#5281,.T.);
#4250=EDGE_CURVE('',#5280,#5282,#5283,.T.);
#4251=EDGE_CURVE('',#5284,#5282,#5285,.T.);
#4252=EDGE_CURVE('',#5284,#5122,#5286,.T.);
#4253=FILL_AREA_STYLE('',(#5287));
#4254=EDGE_CURVE('',#5284,#5260,#5288,.T.);
#4255=FILL_AREA_STYLE('',(#5289));
#4256=EDGE_CURVE('',#5282,#5262,#5290,.T.);
#4257=FILL_AREA_STYLE('',(#5291));
#4258=EDGE_CURVE('',#5280,#5264,#5292,.T.);
#4259=FILL_AREA_STYLE('',(#5293));
#4260=FILL_AREA_STYLE('',(#5294));
#4261=FILL_AREA_STYLE('',(#5295));
#4262=EDGE_CURVE('',#5256,#4666,#5296,.T.);
#4263=FILL_AREA_STYLE('',(#5297));
#4264=FILL_AREA_STYLE('',(#5298));
#4265=FILL_AREA_STYLE_COLOUR('',#5299);
#4266=VERTEX_POINT('',#5300);
#4267=VERTEX_POINT('',#5301);
#4268=LINE('',#5302,#5303);
#4269=VERTEX_POINT('',#5304);
#4270=CIRCLE('',#5305,0.0002);
#4271=VERTEX_POINT('',#5306);
#4272=LINE('',#5307,#5308);
#4273=CIRCLE('',#5309,0.0002);
#4274=FILL_AREA_STYLE_COLOUR('',#5310);
#4275=VERTEX_POINT('',#5311);
#4276=VERTEX_POINT('',#5312);
#4277=LINE('',#5313,#5314);
#4278=VERTEX_POINT('',#5315);
#4279=LINE('',#5316,#5317);
#4280=VERTEX_POINT('',#5318);
#4281=LINE('',#5319,#5320);
#4282=LINE('',#5321,#5322);
#4283=FILL_AREA_STYLE_COLOUR('',#5323);
#4284=VERTEX_POINT('',#5324);
#4285=LINE('',#5325,#5326);
#4286=VERTEX_POINT('',#5327);
#4287=LINE('',#5328,#5329);
#4288=LINE('',#5330,#5331);
#4289=FILL_AREA_STYLE_COLOUR('',#5332);
#4290=VERTEX_POINT('',#5333);
#4291=LINE('',#5334,#5335);
#4292=LINE('',#5336,#5337);
#4293=FILL_AREA_STYLE_COLOUR('',#5338);
#4294=VERTEX_POINT('',#5339);
#4295=LINE('',#5340,#5341);
#4296=LINE('',#5342,#5343);
#4297=FILL_AREA_STYLE_COLOUR('',#5344);
#4298=LINE('',#5345,#5346);
#4299=FILL_AREA_STYLE_COLOUR('',#5347);
#4300=VERTEX_POINT('',#5348);
#4301=VERTEX_POINT('',#5349);
#4302=LINE('',#5350,#5351);
#4303=VERTEX_POINT('',#5352);
#4304=LINE('',#5353,#5354);
#4305=VERTEX_POINT('',#5355);
#4306=LINE('',#5356,#5357);
#4307=LINE('',#5358,#5359);
#4308=FILL_AREA_STYLE_COLOUR('',#5360);
#4309=VERTEX_POINT('',#5361);
#4310=VERTEX_POINT('',#5362);
#4311=LINE('',#5363,#5364);
#4312=VERTEX_POINT('',#5365);
#4313=LINE('',#5366,#5367);
#4314=VERTEX_POINT('',#5368);
#4315=LINE('',#5369,#5370);
#4316=LINE('',#5371,#5372);
#4317=FILL_AREA_STYLE_COLOUR('',#5373);
#4318=VERTEX_POINT('',#5374);
#4319=LINE('',#5375,#5376);
#4320=VERTEX_POINT('',#5377);
#4321=LINE('',#5378,#5379);
#4322=LINE('',#5380,#5381);
#4323=FILL_AREA_STYLE_COLOUR('',#5382);
#4324=VERTEX_POINT('',#5383);
#4325=LINE('',#5384,#5385);
#4326=VERTEX_POINT('',#5386);
#4327=LINE('',#5387,#5388);
#4328=LINE('',#5389,#5390);
#4329=FILL_AREA_STYLE_COLOUR('',#5391);
#4330=VERTEX_POINT('',#5392);
#4331=LINE('',#5393,#5394);
#4332=VERTEX_POINT('',#5395);
#4333=LINE('',#5396,#5397);
#4334=LINE('',#5398,#5399);
#4335=FILL_AREA_STYLE_COLOUR('',#5400);
#4336=VERTEX_POINT('',#5401);
#4337=LINE('',#5402,#5403);
#4338=VERTEX_POINT('',#5404);
#4339=LINE('',#5405,#5406);
#4340=LINE('',#5407,#5408);
#4341=FILL_AREA_STYLE_COLOUR('',#5409);
#4342=LINE('',#5410,#5411);
#4343=LINE('',#5412,#5413);
#4344=FILL_AREA_STYLE_COLOUR('',#5414);
#4345=VERTEX_POINT('',#5415);
#4346=LINE('',#5416,#5417);
#4347=VERTEX_POINT('',#5418);
#4348=LINE('',#5419,#5420);
#4349=LINE('',#5421,#5422);
#4350=FILL_AREA_STYLE_COLOUR('',#5423);
#4351=VERTEX_POINT('',#5424);
#4352=LINE('',#5425,#5426);
#4353=VERTEX_POINT('',#5427);
#4354=LINE('',#5428,#5429);
#4355=LINE('',#5430,#5431);
#4356=FILL_AREA_STYLE_COLOUR('',#5432);
#4357=VERTEX_POINT('',#5433);
#4358=LINE('',#5434,#5435);
#4359=VERTEX_POINT('',#5436);
#4360=LINE('',#5437,#5438);
#4361=LINE('',#5439,#5440);
#4362=FILL_AREA_STYLE_COLOUR('',#5441);
#4363=LINE('',#5442,#5443);
#4364=LINE('',#5444,#5445);
#4365=FILL_AREA_STYLE_COLOUR('',#5446);
#4366=FILL_AREA_STYLE_COLOUR('',#5447);
#4367=VERTEX_POINT('',#5448);
#4368=VERTEX_POINT('',#5449);
#4369=LINE('',#5450,#5451);
#4370=VERTEX_POINT('',#5452);
#4371=LINE('',#5453,#5454);
#4372=VERTEX_POINT('',#5455);
#4373=LINE('',#5456,#5457);
#4374=LINE('',#5458,#5459);
#4375=FILL_AREA_STYLE_COLOUR('',#5460);
#4376=VERTEX_POINT('',#5461);
#4377=LINE('',#5462,#5463);
#4378=VERTEX_POINT('',#5464);
#4379=LINE('',#5465,#5466);
#4380=LINE('',#5467,#5468);
#4381=FILL_AREA_STYLE_COLOUR('',#5469);
#4382=VERTEX_POINT('',#5470);
#4383=LINE('',#5471,#5472);
#4384=LINE('',#5473,#5474);
#4385=FILL_AREA_STYLE_COLOUR('',#5475);
#4386=VERTEX_POINT('',#5476);
#4387=LINE('',#5477,#5478);
#4388=LINE('',#5479,#5480);
#4389=FILL_AREA_STYLE_COLOUR('',#5481);
#4390=LINE('',#5482,#5483);
#4391=FILL_AREA_STYLE_COLOUR('',#5484);
#4392=CIRCLE('',#5485,0.0002);
#4393=FILL_AREA_STYLE_COLOUR('',#5486);
#4394=FILL_AREA_STYLE_COLOUR('',#5487);
#4395=CIRCLE('',#5488,0.0002);
#4396=FILL_AREA_STYLE_COLOUR('',#5489);
#4397=FILL_AREA_STYLE_COLOUR('',#5490);
#4398=FILL_AREA_STYLE_COLOUR('',#5491);
#4399=VERTEX_POINT('',#5492);
#4400=VERTEX_POINT('',#5493);
#4401=LINE('',#5494,#5495);
#4402=VERTEX_POINT('',#5496);
#4403=CIRCLE('',#5497,2.1);
#4404=VERTEX_POINT('',#5498);
#4405=LINE('',#5499,#5500);
#4406=CIRCLE('',#5501,2.1);
#4407=FILL_AREA_STYLE_COLOUR('',#5502);
#4408=VERTEX_POINT('',#5503);
#4409=VERTEX_POINT('',#5504);
#4410=CIRCLE('',#5505,1.0);
#4411=VERTEX_POINT('',#5506);
#4412=CIRCLE('',#5507,3.6);
#4413=VERTEX_POINT('',#5508);
#4414=CIRCLE('',#5509,1.0);
#4415=CIRCLE('',#5510,2.6);
#4416=FILL_AREA_STYLE_COLOUR('',#5511);
#4417=VERTEX_POINT('',#5512);
#4418=LINE('',#5513,#5514);
#4419=VERTEX_POINT('',#5515);
#4420=CIRCLE('',#5516,3.6);
#4421=LINE('',#5517,#5518);
#4422=VERTEX_POINT('',#5519);
#4423=VERTEX_POINT('',#5520);
#4424=LINE('',#5521,#5522);
#4425=VERTEX_POINT('',#5523);
#4426=LINE('',#5524,#5525);
#4427=VERTEX_POINT('',#5526);
#4428=LINE('',#5527,#5528);
#4429=LINE('',#5529,#5530);
#4430=FILL_AREA_STYLE_COLOUR('',#5531);
#4431=VERTEX_POINT('',#5532);
#4432=VERTEX_POINT('',#5533);
#4433=CIRCLE('',#5534,1.0);
#4434=VERTEX_POINT('',#5535);
#4435=CIRCLE('',#5536,3.6);
#4436=VERTEX_POINT('',#5537);
#4437=CIRCLE('',#5538,1.0);
#4438=CIRCLE('',#5539,2.6);
#4439=FILL_AREA_STYLE_COLOUR('',#5540);
#4440=VERTEX_POINT('',#5541);
#4441=LINE('',#5542,#5543);
#4442=VERTEX_POINT('',#5544);
#4443=CIRCLE('',#5545,3.6);
#4444=LINE('',#5546,#5547);
#4445=VERTEX_POINT('',#5548);
#4446=VERTEX_POINT('',#5549);
#4447=LINE('',#5550,#5551);
#4448=VERTEX_POINT('',#5552);
#4449=LINE('',#5553,#5554);
#4450=VERTEX_POINT('',#5555);
#4451=LINE('',#5556,#5557);
#4452=VERTEX_POINT('',#5558);
#4453=LINE('',#5559,#5560);
#4454=VERTEX_POINT('',#5561);
#4455=LINE('',#5562,#5563);
#4456=VERTEX_POINT('',#5564);
#4457=LINE('',#5565,#5566);
#4458=VERTEX_POINT('',#5567);
#4459=LINE('',#5568,#5569);
#4460=VERTEX_POINT('',#5570);
#4461=LINE('',#5571,#5572);
#4462=VERTEX_POINT('',#5573);
#4463=LINE('',#5574,#5575);
#4464=VERTEX_POINT('',#5576);
#4465=LINE('',#5577,#5578);
#4466=VERTEX_POINT('',#5579);
#4467=LINE('',#5580,#5581);
#4468=LINE('',#5582,#5583);
#4469=FILL_AREA_STYLE_COLOUR('',#5584);
#4470=VERTEX_POINT('',#5585);
#4471=CIRCLE('',#5586,1.0);
#4472=VERTEX_POINT('',#5587);
#4473=CIRCLE('',#5588,2.6);
#4474=CIRCLE('',#5589,1.0);
#4475=FILL_AREA_STYLE_COLOUR('',#5590);
#4476=VERTEX_POINT('',#5591);
#4477=CIRCLE('',#5592,1.0);
#4478=VERTEX_POINT('',#5593);
#4479=CIRCLE('',#5594,2.6);
#4480=CIRCLE('',#5595,1.0);
#4481=FILL_AREA_STYLE_COLOUR('',#5596);
#4482=LINE('',#5597,#5598);
#4483=FILL_AREA_STYLE_COLOUR('',#5599);
#4484=VERTEX_POINT('',#5600);
#4485=LINE('',#5601,#5602);
#4486=VERTEX_POINT('',#5603);
#4487=LINE('',#5604,#5605);
#4488=LINE('',#5606,#5607);
#4489=FILL_AREA_STYLE_COLOUR('',#5608);
#4490=LINE('',#5609,#5610);
#4491=FILL_AREA_STYLE_COLOUR('',#5611);
#4492=VERTEX_POINT('',#5612);
#4493=LINE('',#5613,#5614);
#4494=VERTEX_POINT('',#5615);
#4495=LINE('',#5616,#5617);
#4496=LINE('',#5618,#5619);
#4497=FILL_AREA_STYLE_COLOUR('',#5620);
#4498=LINE('',#5621,#5622);
#4499=FILL_AREA_STYLE_COLOUR('',#5623);
#4500=VERTEX_POINT('',#5624);
#4501=LINE('',#5625,#5626);
#4502=VERTEX_POINT('',#5627);
#4503=LINE('',#5628,#5629);
#4504=LINE('',#5630,#5631);
#4505=FILL_AREA_STYLE_COLOUR('',#5632);
#4506=LINE('',#5633,#5634);
#4507=FILL_AREA_STYLE_COLOUR('',#5635);
#4508=VERTEX_POINT('',#5636);
#4509=LINE('',#5637,#5638);
#4510=VERTEX_POINT('',#5639);
#4511=LINE('',#5640,#5641);
#4512=LINE('',#5642,#5643);
#4513=FILL_AREA_STYLE_COLOUR('',#5644);
#4514=VERTEX_POINT('',#5645);
#4515=VERTEX_POINT('',#5646);
#4516=LINE('',#5647,#5648);
#4517=VERTEX_POINT('',#5649);
#4518=LINE('',#5650,#5651);
#4519=VERTEX_POINT('',#5652);
#4520=LINE('',#5653,#5654);
#4521=LINE('',#5655,#5656);
#4522=FILL_AREA_STYLE_COLOUR('',#5657);
#4523=VERTEX_POINT('',#5658);
#4524=VERTEX_POINT('',#5659);
#4525=LINE('',#5660,#5661);
#4526=LINE('',#5662,#5663);
#4527=LINE('',#5664,#5665);
#4528=FILL_AREA_STYLE_COLOUR('',#5666);
#4529=VERTEX_POINT('',#5667);
#4530=LINE('',#5668,#5669);
#4531=LINE('',#5670,#5671);
#4532=FILL_AREA_STYLE_COLOUR('',#5672);
#4533=VERTEX_POINT('',#5673);
#4534=LINE('',#5674,#5675);
#4535=VERTEX_POINT('',#5676);
#4536=LINE('',#5677,#5678);
#4537=VERTEX_POINT('',#5679);
#4538=LINE('',#5680,#5681);
#4539=VERTEX_POINT('',#5682);
#4540=LINE('',#5683,#5684);
#4541=VERTEX_POINT('',#5685);
#4542=LINE('',#5686,#5687);
#4543=VERTEX_POINT('',#5688);
#4544=LINE('',#5689,#5690);
#4545=VERTEX_POINT('',#5691);
#4546=LINE('',#5692,#5693);
#4547=LINE('',#5694,#5695);
#4548=FILL_AREA_STYLE_COLOUR('',#5696);
#4549=VERTEX_POINT('',#5697);
#4550=VERTEX_POINT('',#5698);
#4551=LINE('',#5699,#5700);
#4552=VERTEX_POINT('',#5701);
#4553=LINE('',#5702,#5703);
#4554=VERTEX_POINT('',#5704);
#4555=LINE('',#5705,#5706);
#4556=LINE('',#5707,#5708);
#4557=FILL_AREA_STYLE_COLOUR('',#5709);
#4558=VERTEX_POINT('',#5710);
#4559=VERTEX_POINT('',#5711);
#4560=LINE('',#5712,#5713);
#4561=LINE('',#5714,#5715);
#4562=LINE('',#5716,#5717);
#4563=FILL_AREA_STYLE_COLOUR('',#5718);
#4564=VERTEX_POINT('',#5719);
#4565=LINE('',#5720,#5721);
#4566=LINE('',#5722,#5723);
#4567=FILL_AREA_STYLE_COLOUR('',#5724);
#4568=VERTEX_POINT('',#5725);
#4569=LINE('',#5726,#5727);
#4570=VERTEX_POINT('',#5728);
#4571=LINE('',#5729,#5730);
#4572=VERTEX_POINT('',#5731);
#4573=LINE('',#5732,#5733);
#4574=VERTEX_POINT('',#5734);
#4575=CIRCLE('',#5735,3.50094205349092);
#4576=VERTEX_POINT('',#5736);
#4577=LINE('',#5737,#5738);
#4578=VERTEX_POINT('',#5739);
#4579=CIRCLE('',#5740,0.499057946325366);
#4580=VERTEX_POINT('',#5741);
#4581=LINE('',#5742,#5743);
#4582=VERTEX_POINT('',#5744);
#4583=CIRCLE('',#5745,0.499057946325362);
#4584=VERTEX_POINT('',#5746);
#4585=LINE('',#5747,#5748);
#4586=VERTEX_POINT('',#5749);
#4587=CIRCLE('',#5750,3.50094205349092);
#4588=VERTEX_POINT('',#5751);
#4589=LINE('',#5752,#5753);
#4590=LINE('',#5754,#5755);
#4591=VERTEX_POINT('',#5756);
#4592=VERTEX_POINT('',#5757);
#4593=LINE('',#5758,#5759);
#4594=VERTEX_POINT('',#5760);
#4595=LINE('',#5761,#5762);
#4596=VERTEX_POINT('',#5763);
#4597=LINE('',#5764,#5765);
#4598=LINE('',#5766,#5767);
#4599=VERTEX_POINT('',#5768);
#4600=VERTEX_POINT('',#5769);
#4601=CIRCLE('',#5770,3.6);
#4602=VERTEX_POINT('',#5771);
#4603=LINE('',#5772,#5773);
#4604=VERTEX_POINT('',#5774);
#4605=CIRCLE('',#5775,3.6);
#4606=LINE('',#5776,#5777);
#4607=FILL_AREA_STYLE_COLOUR('',#5778);
#4608=VERTEX_POINT('',#5779);
#4609=LINE('',#5780,#5781);
#4610=VERTEX_POINT('',#5782);
#4611=LINE('',#5783,#5784);
#4612=VERTEX_POINT('',#5785);
#4613=LINE('',#5786,#5787);
#4614=VERTEX_POINT('',#5788);
#4615=LINE('',#5789,#5790);
#4616=VERTEX_POINT('',#5791);
#4617=LINE('',#5792,#5793);
#4618=VERTEX_POINT('',#5794);
#4619=LINE('',#5795,#5796);
#4620=LINE('',#5797,#5798);
#4621=FILL_AREA_STYLE_COLOUR('',#5799);
#4622=VERTEX_POINT('',#5800);
#4623=VERTEX_POINT('',#5801);
#4624=B_SPLINE_CURVE_WITH_KNOTS('',3,(#5802,#5803,#5804,#5805,#5806,#5807,#5808,#5809,#5810,#5811,#5812,#5813,#5814,#5815,#5816,#5817),.UNSPECIFIED.,.F.,.F.,(4,2,2,2,2,2,2,4),(0.845656269571523,1.69131253914305,2.13321301328119,2.57511348741934,2.92878422265367,3.28245495788801,3.87081917769238,4.45918339749676),.UNSPECIFIED.);
#4625=VERTEX_POINT('',#5818);
#4626=LINE('',#5819,#5820);
#4627=VERTEX_POINT('',#5821);
#4628=CIRCLE('',#5822,0.9396926208);
#4629=LINE('',#5823,#5824);
#4630=FILL_AREA_STYLE_COLOUR('',#5825);
#4631=CIRCLE('',#5826,0.999999999844309);
#4632=CIRCLE('',#5827,0.999999999844309);
#4633=FILL_AREA_STYLE_COLOUR('',#5828);
#4634=VERTEX_POINT('',#5829);
#4635=ELLIPSE('',#5830,5.84760880032713,2.0);
#4636=VERTEX_POINT('',#5831);
#4637=LINE('',#5832,#5833);
#4638=VERTEX_POINT('',#5834);
#4639=ELLIPSE('',#5835,5.84760880032713,2.0);
#4640=VERTEX_POINT('',#5836);
#4641=LINE('',#5837,#5838);
#4642=LINE('',#5839,#5840);
#4643=FILL_AREA_STYLE_COLOUR('',#5841);
#4644=VERTEX_POINT('',#5842);
#4645=ELLIPSE('',#5843,5.84760880032713,2.0);
#4646=VERTEX_POINT('',#5844);
#4647=LINE('',#5845,#5846);
#4648=VERTEX_POINT('',#5847);
#4649=CIRCLE('',#5848,2.0);
#4650=LINE('',#5849,#5850);
#4651=FILL_AREA_STYLE_COLOUR('',#5851);
#4652=VERTEX_POINT('',#5852);
#4653=VERTEX_POINT('',#5853);
#4654=B_SPLINE_CURVE_WITH_KNOTS('',3,(#5854,#5855,#5856,#5857,#5858,#5859,#5860,#5861,#5862,#5863,#5864,#5865,#5866,#5867,#5868,#5869),.UNSPECIFIED.,.F.,.F.,(4,2,2,2,2,2,2,4),(0.845656269571523,1.69131253914305,2.13321301328119,2.57511348741934,2.92878422265367,3.28245495788801,3.87081917769238,4.45918339749676),.UNSPECIFIED.);
#4655=VERTEX_POINT('',#5870);
#4656=LINE('',#5871,#5872);
#4657=VERTEX_POINT('',#5873);
#4658=CIRCLE('',#5874,0.9396926208);
#4659=LINE('',#5875,#5876);
#4660=FILL_AREA_STYLE_COLOUR('',#5877);
#4661=CIRCLE('',#5878,0.999999999844309);
#4662=CIRCLE('',#5879,0.999999999844309);
#4663=FILL_AREA_STYLE_COLOUR('',#5880);
#4664=VERTEX_POINT('',#5881);
#4665=ELLIPSE('',#5882,5.84760880032713,2.0);
#4666=VERTEX_POINT('',#5883);
#4667=LINE('',#5884,#5885);
#4668=VERTEX_POINT('',#5886);
#4669=ELLIPSE('',#5887,5.84760880032713,2.0);
#4670=VERTEX_POINT('',#5888);
#4671=LINE('',#5889,#5890);
#4672=LINE('',#5891,#5892);
#4673=FILL_AREA_STYLE_COLOUR('',#5893);
#4674=VERTEX_POINT('',#5894);
#4675=ELLIPSE('',#5895,5.84760880032713,2.0);
#4676=VERTEX_POINT('',#5896);
#4677=LINE('',#5897,#5898);
#4678=VERTEX_POINT('',#5899);
#4679=CIRCLE('',#5900,2.0);
#4680=LINE('',#5901,#5902);
#4681=FILL_AREA_STYLE_COLOUR('',#5903);
#4682=VERTEX_POINT('',#5904);
#4683=B_SPLINE_CURVE_WITH_KNOTS('',3,(#5905,#5906,#5907,#5908,#5909,#5910,#5911,#5912,#5913,#5914,#5915,#5916,#5917,#5918,#5919,#5920),.UNSPECIFIED.,.F.,.F.,(4,2,2,2,2,2,2,4),(1.17672843960875,1.76509265941313,2.35345687921751,2.70712761445184,3.06079834968618,3.50269882382432,3.94459929796247,4.79025556753399),.UNSPECIFIED.);
#4684=VERTEX_POINT('',#5921);
#4685=LINE('',#5922,#5923);
#4686=CIRCLE('',#5924,0.9396926208);
#4687=FILL_AREA_STYLE_COLOUR('',#5925);
#4688=CIRCLE('',#5926,0.999999999844309);
#4689=CIRCLE('',#5927,0.999999999844309);
#4690=FILL_AREA_STYLE_COLOUR('',#5928);
#4691=VERTEX_POINT('',#5929);
#4692=LINE('',#5930,#5931);
#4693=VERTEX_POINT('',#5932);
#4694=CIRCLE('',#5933,2.0);
#4695=VERTEX_POINT('',#5934);
#4696=LINE('',#5935,#5936);
#4697=ELLIPSE('',#5937,5.84760880032713,2.0);
#4698=FILL_AREA_STYLE_COLOUR('',#5938);
#4699=FILL_AREA_STYLE_COLOUR('',#5939);
#4700=VERTEX_POINT('',#5940);
#4701=CIRCLE('',#5941,0.999999999844309);
#4702=CIRCLE('',#5942,0.999999999844309);
#4703=CIRCLE('',#5943,0.9396926208);
#4704=FILL_AREA_STYLE_COLOUR('',#5944);
#4705=VERTEX_POINT('',#5945);
#4706=B_SPLINE_CURVE_WITH_KNOTS('',3,(#5946,#5947,#5948,#5949,#5950,#5951,#5952,#5953,#5954,#5955,#5956,#5957,#5958,#5959,#5960,#5961),.UNSPECIFIED.,.F.,.F.,(4,2,2,2,2,2,2,4),(1.17672843960875,1.76509265941313,2.35345687921751,2.70712761445184,3.06079834968618,3.50269882382432,3.94459929796247,4.79025556753399),.UNSPECIFIED.);
#4707=LINE('',#5962,#5963);
#4708=FILL_AREA_STYLE_COLOUR('',#5964);
#4709=FILL_AREA_STYLE_COLOUR('',#5965);
#4710=CIRCLE('',#5966,2.6);
#4711=FILL_AREA_STYLE_COLOUR('',#5967);
#4712=CIRCLE('',#5968,2.6);
#4713=FILL_AREA_STYLE_COLOUR('',#5969);
#4714=CIRCLE('',#5970,2.6);
#4715=FILL_AREA_STYLE_COLOUR('',#5971);
#4716=CIRCLE('',#5972,2.6);
#4717=FILL_AREA_STYLE_COLOUR('',#5973);
#4718=VERTEX_POINT('',#5974);
#4719=VERTEX_POINT('',#5975);
#4720=CIRCLE('',#5976,3.6);
#4721=VERTEX_POINT('',#5977);
#4722=LINE('',#5978,#5979);
#4723=VERTEX_POINT('',#5980);
#4724=CIRCLE('',#5981,3.6);
#4725=LINE('',#5982,#5983);
#4726=FILL_AREA_STYLE_COLOUR('',#5984);
#4727=VERTEX_POINT('',#5985);
#4728=LINE('',#5986,#5987);
#4729=VERTEX_POINT('',#5988);
#4730=LINE('',#5989,#5990);
#4731=LINE('',#5991,#5992);
#4732=FILL_AREA_STYLE_COLOUR('',#5993);
#4733=VERTEX_POINT('',#5994);
#4734=CIRCLE('',#5995,3.6);
#4735=VERTEX_POINT('',#5996);
#4736=LINE('',#5997,#5998);
#4737=CIRCLE('',#5999,3.6);
#4738=FILL_AREA_STYLE_COLOUR('',#6000);
#4739=LINE('',#6001,#6002);
#4740=LINE('',#6003,#6004);
#4741=FILL_AREA_STYLE_COLOUR('',#6005);
#4742=FILL_AREA_STYLE_COLOUR('',#6006);
#4743=VERTEX_POINT('',#6007);
#4744=LINE('',#6008,#6009);
#4745=VERTEX_POINT('',#6010);
#4746=CIRCLE('',#6011,3.6);
#4747=LINE('',#6012,#6013);
#4748=FILL_AREA_STYLE_COLOUR('',#6014);
#4749=VERTEX_POINT('',#6015);
#4750=LINE('',#6016,#6017);
#4751=LINE('',#6018,#6019);
#4752=FILL_AREA_STYLE_COLOUR('',#6020);
#4753=VERTEX_POINT('',#6021);
#4754=LINE('',#6022,#6023);
#4755=CIRCLE('',#6024,3.6);
#4756=FILL_AREA_STYLE_COLOUR('',#6025);
#4757=LINE('',#6026,#6027);
#4758=FILL_AREA_STYLE_COLOUR('',#6028);
#4759=FILL_AREA_STYLE_COLOUR('',#6029);
#4760=VERTEX_POINT('',#6030);
#4761=LINE('',#6031,#6032);
#4762=VERTEX_POINT('',#6033);
#4763=LINE('',#6034,#6035);
#4764=LINE('',#6036,#6037);
#4765=FILL_AREA_STYLE_COLOUR('',#6038);
#4766=VERTEX_POINT('',#6039);
#4767=CIRCLE('',#6040,1.29979246171101);
#4768=LINE('',#6041,#6042);
#4769=FILL_AREA_STYLE_COLOUR('',#6043);
#4770=VERTEX_POINT('',#6044);
#4771=LINE('',#6045,#6046);
#4772=LINE('',#6047,#6048);
#4773=FILL_AREA_STYLE_COLOUR('',#6049);
#4774=VERTEX_POINT('',#6050);
#4775=CIRCLE('',#6051,2.70020753810527);
#4776=LINE('',#6052,#6053);
#4777=FILL_AREA_STYLE_COLOUR('',#6054);
#4778=VERTEX_POINT('',#6055);
#4779=VERTEX_POINT('',#6056);
#4780=CIRCLE('',#6057,3.50094205349092);
#4781=VERTEX_POINT('',#6058);
#4782=LINE('',#6059,#6060);
#4783=VERTEX_POINT('',#6061);
#4784=CIRCLE('',#6062,2.70020753810527);
#4785=LINE('',#6063,#6064);
#4786=FILL_AREA_STYLE_COLOUR('',#6065);
#4787=VERTEX_POINT('',#6066);
#4788=LINE('',#6067,#6068);
#4789=VERTEX_POINT('',#6069);
#4790=LINE('',#6070,#6071);
#4791=LINE('',#6072,#6073);
#4792=FILL_AREA_STYLE_COLOUR('',#6074);
#4793=VERTEX_POINT('',#6075);
#4794=CIRCLE('',#6076,0.499057946325362);
#4795=VERTEX_POINT('',#6077);
#4796=CIRCLE('',#6078,1.29979246171101);
#4797=LINE('',#6079,#6080);
#4798=FILL_AREA_STYLE_COLOUR('',#6081);
#4799=VERTEX_POINT('',#6082);
#4800=LINE('',#6083,#6084);
#4801=VERTEX_POINT('',#6085);
#4802=LINE('',#6086,#6087);
#4803=LINE('',#6088,#6089);
#4804=FILL_AREA_STYLE_COLOUR('',#6090);
#4805=VERTEX_POINT('',#6091);
#4806=CIRCLE('',#6092,0.49905794632537);
#4807=VERTEX_POINT('',#6093);
#4808=CIRCLE('',#6094,1.29979246171101);
#4809=LINE('',#6095,#6096);
#4810=FILL_AREA_STYLE_COLOUR('',#6097);
#4811=VERTEX_POINT('',#6098);
#4812=LINE('',#6099,#6100);
#4813=VERTEX_POINT('',#6101);
#4814=LINE('',#6102,#6103);
#4815=LINE('',#6104,#6105);
#4816=FILL_AREA_STYLE_COLOUR('',#6106);
#4817=VERTEX_POINT('',#6107);
#4818=CIRCLE('',#6108,3.50094205349092);
#4819=VERTEX_POINT('',#6109);
#4820=CIRCLE('',#6110,2.70020753810527);
#4821=LINE('',#6111,#6112);
#4822=FILL_AREA_STYLE_COLOUR('',#6113);
#4823=VERTEX_POINT('',#6114);
#4824=LINE('',#6115,#6116);
#4825=VERTEX_POINT('',#6117);
#4826=CIRCLE('',#6118,2.70020753810527);
#4827=LINE('',#6119,#6120);
#4828=FILL_AREA_STYLE_COLOUR('',#6121);
#4829=VERTEX_POINT('',#6122);
#4830=LINE('',#6123,#6124);
#4831=LINE('',#6125,#6126);
#4832=FILL_AREA_STYLE_COLOUR('',#6127);
#4833=CIRCLE('',#6128,1.29979246171101);
#4834=FILL_AREA_STYLE_COLOUR('',#6129);
#4835=VERTEX_POINT('',#6130);
#4836=LINE('',#6131,#6132);
#4837=VERTEX_POINT('',#6133);
#4838=LINE('',#6134,#6135);
#4839=LINE('',#6136,#6137);
#4840=FILL_AREA_STYLE_COLOUR('',#6138);
#4841=VERTEX_POINT('',#6139);
#4842=LINE('',#6140,#6141);
#4843=LINE('',#6142,#6143);
#4844=FILL_AREA_STYLE_COLOUR('',#6144);
#4845=VERTEX_POINT('',#6145);
#4846=LINE('',#6146,#6147);
#4847=LINE('',#6148,#6149);
#4848=FILL_AREA_STYLE_COLOUR('',#6150);
#4849=CIRCLE('',#6151,2.1);
#4850=CIRCLE('',#6152,2.1);
#4851=FILL_AREA_STYLE_COLOUR('',#6153);
#4852=VERTEX_POINT('',#6154);
#4853=VERTEX_POINT('',#6155);
#4854=LINE('',#6156,#6157);
#4855=VERTEX_POINT('',#6158);
#4856=LINE('',#6159,#6160);
#4857=VERTEX_POINT('',#6161);
#4858=LINE('',#6162,#6163);
#4859=LINE('',#6164,#6165);
#4860=FILL_AREA_STYLE_COLOUR('',#6166);
#4861=VERTEX_POINT('',#6167);
#4862=CIRCLE('',#6168,4.31296296296296);
#4863=VERTEX_POINT('',#6169);
#4864=CIRCLE('',#6170,4.31296296296296);
#4865=LINE('',#6171,#6172);
#4866=FILL_AREA_STYLE_COLOUR('',#6173);
#4867=VERTEX_POINT('',#6174);
#4868=LINE('',#6175,#6176);
#4869=VERTEX_POINT('',#6177);
#4870=LINE('',#6178,#6179);
#4871=LINE('',#6180,#6181);
#4872=FILL_AREA_STYLE_COLOUR('',#6182);
#4873=LINE('',#6183,#6184);
#4874=LINE('',#6185,#6186);
#4875=FILL_AREA_STYLE_COLOUR('',#6187);
#4876=LINE('',#6188,#6189);
#4877=LINE('',#6190,#6191);
#4878=FILL_AREA_STYLE_COLOUR('',#6192);
#4879=LINE('',#6193,#6194);
#4880=FILL_AREA_STYLE_COLOUR('',#6195);
#4881=LINE('',#6196,#6197);
#4882=FILL_AREA_STYLE_COLOUR('',#6198);
#4883=LINE('',#6199,#6200);
#4884=FILL_AREA_STYLE_COLOUR('',#6201);
#4885=VERTEX_POINT('',#6202);
#4886=VERTEX_POINT('',#6203);
#4887=LINE('',#6204,#6205);
#4888=VERTEX_POINT('',#6206);
#4889=LINE('',#6207,#6208);
#4890=VERTEX_POINT('',#6209);
#4891=LINE('',#6210,#6211);
#4892=LINE('',#6212,#6213);
#4893=FILL_AREA_STYLE_COLOUR('',#6214);
#4894=VERTEX_POINT('',#6215);
#4895=LINE('',#6216,#6217);
#4896=VERTEX_POINT('',#6218);
#4897=LINE('',#6219,#6220);
#4898=LINE('',#6221,#6222);
#4899=FILL_AREA_STYLE_COLOUR('',#6223);
#4900=LINE('',#6224,#6225);
#4901=LINE('',#6226,#6227);
#4902=FILL_AREA_STYLE_COLOUR('',#6228);
#4903=LINE('',#6229,#6230);
#4904=FILL_AREA_STYLE_COLOUR('',#6231);
#4905=LINE('',#6232,#6233);
#4906=FILL_AREA_STYLE_COLOUR('',#6234);
#4907=VERTEX_POINT('',#6235);
#4908=VERTEX_POINT('',#6236);
#4909=ELLIPSE('',#6237,1.69705627484771,1.2);
#4910=VERTEX_POINT('',#6238);
#4911=LINE('',#6239,#6240);
#4912=VERTEX_POINT('',#6241);
#4913=CIRCLE('',#6242,1.2);
#4914=LINE('',#6243,#6244);
#4915=FILL_AREA_STYLE_COLOUR('',#6245);
#4916=VERTEX_POINT('',#6246);
#4917=VERTEX_POINT('',#6247);
#4918=LINE('',#6248,#6249);
#4919=VERTEX_POINT('',#6250);
#4920=LINE('',#6251,#6252);
#4921=VERTEX_POINT('',#6253);
#4922=LINE('',#6254,#6255);
#4923=VERTEX_POINT('',#6256);
#4924=LINE('',#6257,#6258);
#4925=VERTEX_POINT('',#6259);
#4926=LINE('',#6260,#6261);
#4927=VERTEX_POINT('',#6262);
#4928=LINE('',#6263,#6264);
#4929=VERTEX_POINT('',#6265);
#4930=LINE('',#6266,#6267);
#4931=VERTEX_POINT('',#6268);
#4932=LINE('',#6269,#6270);
#4933=VERTEX_POINT('',#6271);
#4934=LINE('',#6272,#6273);
#4935=VERTEX_POINT('',#6274);
#4936=LINE('',#6275,#6276);
#4937=LINE('',#6277,#6278);
#4938=LINE('',#6279,#6280);
#4939=LINE('',#6281,#6282);
#4940=FILL_AREA_STYLE_COLOUR('',#6283);
#4941=VERTEX_POINT('',#6284);
#4942=VERTEX_POINT('',#6285);
#4943=CIRCLE('',#6286,1.2);
#4944=VERTEX_POINT('',#6287);
#4945=LINE('',#6288,#6289);
#4946=VERTEX_POINT('',#6290);
#4947=CIRCLE('',#6291,1.2);
#4948=LINE('',#6292,#6293);
#4949=FILL_AREA_STYLE_COLOUR('',#6294);
#4950=VERTEX_POINT('',#6295);
#4951=LINE('',#6296,#6297);
#4952=VERTEX_POINT('',#6298);
#4953=LINE('',#6299,#6300);
#4954=VERTEX_POINT('',#6301);
#4955=LINE('',#6302,#6303);
#4956=VERTEX_POINT('',#6304);
#4957=LINE('',#6305,#6306);
#4958=CIRCLE('',#6307,0.999999999844309);
#4959=VERTEX_POINT('',#6308);
#4960=CIRCLE('',#6309,0.999999999844309);
#4961=VERTEX_POINT('',#6310);
#4962=LINE('',#6311,#6312);
#4963=LINE('',#6313,#6314);
#4964=FILL_AREA_STYLE_COLOUR('',#6315);
#4965=VERTEX_POINT('',#6316);
#4966=LINE('',#6317,#6318);
#4967=VERTEX_POINT('',#6319);
#4968=LINE('',#6320,#6321);
#4969=LINE('',#6322,#6323);
#4970=LINE('',#6324,#6325);
#4971=FILL_AREA_STYLE_COLOUR('',#6326);
#4972=VERTEX_POINT('',#6327);
#4973=LINE('',#6328,#6329);
#4974=VERTEX_POINT('',#6330);
#4975=CIRCLE('',#6331,1.2);
#4976=LINE('',#6332,#6333);
#4977=FILL_AREA_STYLE_COLOUR('',#6334);
#4978=VERTEX_POINT('',#6335);
#4979=LINE('',#6336,#6337);
#4980=VERTEX_POINT('',#6338);
#4981=LINE('',#6339,#6340);
#4982=CIRCLE('',#6341,0.999999999844309);
#4983=LINE('',#6342,#6343);
#4984=FILL_AREA_STYLE_COLOUR('',#6344);
#4985=LINE('',#6345,#6346);
#4986=VERTEX_POINT('',#6347);
#4987=LINE('',#6348,#6349);
#4988=VERTEX_POINT('',#6350);
#4989=LINE('',#6351,#6352);
#4990=VERTEX_POINT('',#6353);
#4991=LINE('',#6354,#6355);
#4992=LINE('',#6356,#6357);
#4993=LINE('',#6358,#6359);
#4994=VERTEX_POINT('',#6360);
#4995=CIRCLE('',#6361,0.999999999954071);
#4996=VERTEX_POINT('',#6362);
#4997=LINE('',#6363,#6364);
#4998=VERTEX_POINT('',#6365);
#4999=CIRCLE('',#6366,0.999999999954072);
#5000=VERTEX_POINT('',#6367);
#5001=LINE('',#6368,#6369);
#5002=LINE('',#6370,#6371);
#5003=VERTEX_POINT('',#6372);
#5004=LINE('',#6373,#6374);
#5005=VERTEX_POINT('',#6375);
#5006=LINE('',#6376,#6377);
#5007=VERTEX_POINT('',#6378);
#5008=LINE('',#6379,#6380);
#5009=VERTEX_POINT('',#6381);
#5010=LINE('',#6382,#6383);
#5011=VERTEX_POINT('',#6384);
#5012=LINE('',#6385,#6386);
#5013=LINE('',#6387,#6388);
#5014=FILL_AREA_STYLE_COLOUR('',#6389);
#5015=LINE('',#6390,#6391);
#5016=FILL_AREA_STYLE_COLOUR('',#6392);
#5017=LINE('',#6393,#6394);
#5018=LINE('',#6395,#6396);
#5019=LINE('',#6397,#6398);
#5020=FILL_AREA_STYLE_COLOUR('',#6399);
#5021=VERTEX_POINT('',#6400);
#5022=LINE('',#6401,#6402);
#5023=LINE('',#6403,#6404);
#5024=FILL_AREA_STYLE_COLOUR('',#6405);
#5025=FILL_AREA_STYLE_COLOUR('',#6406);
#5026=FILL_AREA_STYLE_COLOUR('',#6407);
#5027=VERTEX_POINT('',#6408);
#5028=VERTEX_POINT('',#6409);
#5029=CIRCLE('',#6410,0.999999999999998);
#5030=VERTEX_POINT('',#6411);
#5031=LINE('',#6412,#6413);
#5032=VERTEX_POINT('',#6414);
#5033=CIRCLE('',#6415,0.999999999999998);
#5034=VERTEX_POINT('',#6416);
#5035=ELLIPSE('',#6417,1.02556533378011,0.999999999999998);
#5036=VERTEX_POINT('',#6418);
#5037=LINE('',#6419,#6420);
#5038=ELLIPSE('',#6421,1.02556533378012,0.999999999999998);
#5039=FILL_AREA_STYLE_COLOUR('',#6422);
#5040=VERTEX_POINT('',#6423);
#5041=VERTEX_POINT('',#6424);
#5042=ELLIPSE('',#6425,1.02556533378012,1.0);
#5043=VERTEX_POINT('',#6426);
#5044=LINE('',#6427,#6428);
#5045=VERTEX_POINT('',#6429);
#5046=ELLIPSE('',#6430,1.02556533378011,1.0);
#5047=CIRCLE('',#6431,1.0);
#5048=CIRCLE('',#6432,1.0);
#5049=FILL_AREA_STYLE_COLOUR('',#6433);
#5050=LINE('',#6434,#6435);
#5051=LINE('',#6436,#6437);
#5052=FILL_AREA_STYLE_COLOUR('',#6438);
#5053=VERTEX_POINT('',#6439);
#5054=ELLIPSE('',#6440,1.10922462332408,1.0);
#5055=LINE('',#6441,#6442);
#5056=FILL_AREA_STYLE_COLOUR('',#6443);
#5057=VERTEX_POINT('',#6444);
#5058=LINE('',#6445,#6446);
#5059=VERTEX_POINT('',#6447);
#5060=CIRCLE('',#6448,1.0);
#5061=LINE('',#6449,#6450);
#5062=FILL_AREA_STYLE_COLOUR('',#6451);
#5063=VERTEX_POINT('',#6452);
#5064=LINE('',#6453,#6454);
#5065=LINE('',#6455,#6456);
#5066=FILL_AREA_STYLE_COLOUR('',#6457);
#5067=ELLIPSE('',#6458,1.10922462332408,1.0);
#5068=CIRCLE('',#6459,1.0);
#5069=FILL_AREA_STYLE_COLOUR('',#6460);
#5070=FILL_AREA_STYLE_COLOUR('',#6461);
#5071=VERTEX_POINT('',#6462);
#5072=LINE('',#6463,#6464);
#5073=ELLIPSE('',#6465,1.10922462332408,1.0);
#5074=FILL_AREA_STYLE_COLOUR('',#6466);
#5075=ELLIPSE('',#6467,1.10922462332408,1.0);
#5076=FILL_AREA_STYLE_COLOUR('',#6468);
#5077=VERTEX_POINT('',#6469);
#5078=LINE('',#6470,#6471);
#5079=CIRCLE('',#6472,1.0);
#5080=FILL_AREA_STYLE_COLOUR('',#6473);
#5081=VERTEX_POINT('',#6474);
#5082=LINE('',#6475,#6476);
#5083=VERTEX_POINT('',#6477);
#5084=CIRCLE('',#6478,1.0);
#5085=LINE('',#6479,#6480);
#5086=FILL_AREA_STYLE_COLOUR('',#6481);
#5087=VERTEX_POINT('',#6482);
#5088=LINE('',#6483,#6484);
#5089=LINE('',#6485,#6486);
#5090=VERTEX_POINT('',#6487);
#5091=LINE('',#6488,#6489);
#5092=VERTEX_POINT('',#6490);
#5093=LINE('',#6491,#6492);
#5094=LINE('',#6493,#6494);
#5095=FILL_AREA_STYLE_COLOUR('',#6495);
#5096=VERTEX_POINT('',#6496);
#5097=ELLIPSE('',#6497,1.10922462327314,0.999999999954072);
#5098=VERTEX_POINT('',#6498);
#5099=LINE('',#6499,#6500);
#5100=ELLIPSE('',#6501,1.10922462327314,0.999999999954072);
#5101=FILL_AREA_STYLE_COLOUR('',#6502);
#5102=VERTEX_POINT('',#6503);
#5103=CIRCLE('',#6504,0.999999999954071);
#5104=LINE('',#6505,#6506);
#5105=FILL_AREA_STYLE_COLOUR('',#6507);
#5106=VERTEX_POINT('',#6508);
#5107=LINE('',#6509,#6510);
#5108=LINE('',#6511,#6512);
#5109=FILL_AREA_STYLE_COLOUR('',#6513);
#5110=CIRCLE('',#6514,0.999999999954072);
#5111=FILL_AREA_STYLE_COLOUR('',#6515);
#5112=VERTEX_POINT('',#6516);
#5113=ELLIPSE('',#6517,1.10922462327314,0.999999999954072);
#5114=VERTEX_POINT('',#6518);
#5115=LINE('',#6519,#6520);
#5116=ELLIPSE('',#6521,1.10922462327314,0.999999999954072);
#5117=LINE('',#6522,#6523);
#5118=FILL_AREA_STYLE_COLOUR('',#6524);
#5119=FILL_AREA_STYLE_COLOUR('',#6525);
#5120=FILL_AREA_STYLE_COLOUR('',#6526);
#5121=VERTEX_POINT('',#6527);
#5122=VERTEX_POINT('',#6528);
#5123=LINE('',#6529,#6530);
#5124=LINE('',#6531,#6532);
#5125=LINE('',#6533,#6534);
#5126=FILL_AREA_STYLE_COLOUR('',#6535);
#5127=VERTEX_POINT('',#6536);
#5128=VERTEX_POINT('',#6537);
#5129=LINE('',#6538,#6539);
#5130=VERTEX_POINT('',#6540);
#5131=LINE('',#6541,#6542);
#5132=ELLIPSE('',#6543,1.06417777230968,0.999999999844309);
#5133=LINE('',#6544,#6545);
#5134=FILL_AREA_STYLE_COLOUR('',#6546);
#5135=VERTEX_POINT('',#6547);
#5136=CIRCLE('',#6548,0.999999999844309);
#5137=VERTEX_POINT('',#6549);
#5138=LINE('',#6550,#6551);
#5139=LINE('',#6552,#6553);
#5140=FILL_AREA_STYLE_COLOUR('',#6554);
#5141=VERTEX_POINT('',#6555);
#5142=ELLIPSE('',#6556,1.06417777230968,0.999999999844309);
#5143=VERTEX_POINT('',#6557);
#5144=LINE('',#6558,#6559);
#5145=VERTEX_POINT('',#6560);
#5146=LINE('',#6561,#6562);
#5147=VERTEX_POINT('',#6563);
#5148=LINE('',#6564,#6565);
#5149=LINE('',#6566,#6567);
#5150=FILL_AREA_STYLE_COLOUR('',#6568);
#5151=VERTEX_POINT('',#6569);
#5152=ELLIPSE('',#6570,1.06417777230968,0.999999999844309);
#5153=VERTEX_POINT('',#6571);
#5154=LINE('',#6572,#6573);
#5155=VERTEX_POINT('',#6574);
#5156=LINE('',#6575,#6576);
#5157=LINE('',#6577,#6578);
#5158=FILL_AREA_STYLE_COLOUR('',#6579);
#5159=VERTEX_POINT('',#6580);
#5160=VERTEX_POINT('',#6581);
#5161=LINE('',#6582,#6583);
#5162=VERTEX_POINT('',#6584);
#5163=LINE('',#6585,#6586);
#5164=VERTEX_POINT('',#6587);
#5165=LINE('',#6588,#6589);
#5166=LINE('',#6590,#6591);
#5167=FILL_AREA_STYLE_COLOUR('',#6592);
#5168=VERTEX_POINT('',#6593);
#5169=VERTEX_POINT('',#6594);
#5170=LINE('',#6595,#6596);
#5171=LINE('',#6597,#6598);
#5172=LINE('',#6599,#6600);
#5173=FILL_AREA_STYLE_COLOUR('',#6601);
#5174=VERTEX_POINT('',#6602);
#5175=VERTEX_POINT('',#6603);
#5176=LINE('',#6604,#6605);
#5177=VERTEX_POINT('',#6606);
#5178=LINE('',#6607,#6608);
#5179=VERTEX_POINT('',#6609);
#5180=LINE('',#6610,#6611);
#5181=LINE('',#6612,#6613);
#5182=FILL_AREA_STYLE_COLOUR('',#6614);
#5183=VERTEX_POINT('',#6615);
#5184=VERTEX_POINT('',#6616);
#5185=LINE('',#6617,#6618);
#5186=VERTEX_POINT('',#6619);
#5187=LINE('',#6620,#6621);
#5188=LINE('',#6622,#6623);
#5189=VERTEX_POINT('',#6624);
#5190=ELLIPSE('',#6625,1.06417777230968,0.999999999844309);
#5191=LINE('',#6626,#6627);
#5192=FILL_AREA_STYLE_COLOUR('',#6628);
#5193=LINE('',#6629,#6630);
#5194=FILL_AREA_STYLE_COLOUR('',#6631);
#5195=LINE('',#6632,#6633);
#5196=FILL_AREA_STYLE_COLOUR('',#6634);
#5197=FILL_AREA_STYLE_COLOUR('',#6635);
#5198=LINE('',#6636,#6637);
#5199=FILL_AREA_STYLE_COLOUR('',#6638);
#5200=LINE('',#6639,#6640);
#5201=LINE('',#6641,#6642);
#5202=LINE('',#6643,#6644);
#5203=LINE('',#6645,#6646);
#5204=FILL_AREA_STYLE_COLOUR('',#6647);
#5205=LINE('',#6648,#6649);
#5206=FILL_AREA_STYLE_COLOUR('',#6650);
#5207=LINE('',#6651,#6652);
#5208=FILL_AREA_STYLE_COLOUR('',#6653);
#5209=LINE('',#6654,#6655);
#5210=FILL_AREA_STYLE_COLOUR('',#6656);
#5211=VERTEX_POINT('',#6657);
#5212=LINE('',#6658,#6659);
#5213=VERTEX_POINT('',#6660);
#5214=LINE('',#6661,#6662);
#5215=LINE('',#6663,#6664);
#5216=FILL_AREA_STYLE_COLOUR('',#6665);
#5217=VERTEX_POINT('',#6666);
#5218=LINE('',#6667,#6668);
#5219=VERTEX_POINT('',#6669);
#5220=CIRCLE('',#6670,3.0);
#5221=VERTEX_POINT('',#6671);
#5222=LINE('',#6672,#6673);
#5223=CIRCLE('',#6674,3.0);
#5224=FILL_AREA_STYLE_COLOUR('',#6675);
#5225=VERTEX_POINT('',#6676);
#5226=CIRCLE('',#6677,3.0);
#5227=LINE('',#6678,#6679);
#5228=FILL_AREA_STYLE_COLOUR('',#6680);
#5229=VERTEX_POINT('',#6681);
#5230=LINE('',#6682,#6683);
#5231=LINE('',#6684,#6685);
#5232=FILL_AREA_STYLE_COLOUR('',#6686);
#5233=VERTEX_POINT('',#6687);
#5234=CIRCLE('',#6688,3.0);
#5235=LINE('',#6689,#6690);
#5236=FILL_AREA_STYLE_COLOUR('',#6691);
#5237=LINE('',#6692,#6693);
#5238=FILL_AREA_STYLE_COLOUR('',#6694);
#5239=LINE('',#6695,#6696);
#5240=LINE('',#6697,#6698);
#5241=FILL_AREA_STYLE_COLOUR('',#6699);
#5242=LINE('',#6700,#6701);
#5243=FILL_AREA_STYLE_COLOUR('',#6702);
#5244=FILL_AREA_STYLE_COLOUR('',#6703);
#5245=LINE('',#6704,#6705);
#5246=FILL_AREA_STYLE_COLOUR('',#6706);
#5247=FILL_AREA_STYLE_COLOUR('',#6707);
#5248=VERTEX_POINT('',#6708);
#5249=LINE('',#6709,#6710);
#5250=VERTEX_POINT('',#6711);
#5251=LINE('',#6712,#6713);
#5252=LINE('',#6714,#6715);
#5253=FILL_AREA_STYLE_COLOUR('',#6716);
#5254=VERTEX_POINT('',#6717);
#5255=LINE('',#6718,#6719);
#5256=VERTEX_POINT('',#6720);
#5257=CIRCLE('',#6721,2.0);
#5258=LINE('',#6722,#6723);
#5259=LINE('',#6724,#6725);
#5260=VERTEX_POINT('',#6726);
#5261=LINE('',#6727,#6728);
#5262=VERTEX_POINT('',#6729);
#5263=CIRCLE('',#6730,3.0);
#5264=VERTEX_POINT('',#6731);
#5265=LINE('',#6732,#6733);
#5266=CIRCLE('',#6734,3.0);
#5267=FILL_AREA_STYLE_COLOUR('',#6735);
#5268=VERTEX_POINT('',#6736);
#5269=LINE('',#6737,#6738);
#5270=LINE('',#6739,#6740);
#5271=FILL_AREA_STYLE_COLOUR('',#6741);
#5272=ELLIPSE('',#6742,5.84760880032713,2.0);
#5273=LINE('',#6743,#6744);
#5274=FILL_AREA_STYLE_COLOUR('',#6745);
#5275=FILL_AREA_STYLE_COLOUR('',#6746);
#5276=LINE('',#6747,#6748);
#5277=FILL_AREA_STYLE_COLOUR('',#6749);
#5278=LINE('',#6750,#6751);
#5279=FILL_AREA_STYLE_COLOUR('',#6752);
#5280=VERTEX_POINT('',#6753);
#5281=CIRCLE('',#6754,3.0);
#5282=VERTEX_POINT('',#6755);
#5283=LINE('',#6756,#6757);
#5284=VERTEX_POINT('',#6758);
#5285=CIRCLE('',#6759,3.0);
#5286=LINE('',#6760,#6761);
#5287=FILL_AREA_STYLE_COLOUR('',#6762);
#5288=LINE('',#6763,#6764);
#5289=FILL_AREA_STYLE_COLOUR('',#6765);
#5290=LINE('',#6766,#6767);
#5291=FILL_AREA_STYLE_COLOUR('',#6768);
#5292=LINE('',#6769,#6770);
#5293=FILL_AREA_STYLE_COLOUR('',#6771);
#5294=FILL_AREA_STYLE_COLOUR('',#6772);
#5295=FILL_AREA_STYLE_COLOUR('',#6773);
#5296=LINE('',#6774,#6775);
#5297=FILL_AREA_STYLE_COLOUR('',#6776);
#5298=FILL_AREA_STYLE_COLOUR('',#6777);
#5299=COLOUR_RGB('',0.752941191196442,0.752941191196442,0.752941191196442);
#5300=CARTESIAN_POINT('',(0.0002,0.0,0.0));
#5301=CARTESIAN_POINT('',(0.0002,1.0E-05,0.0));
#5302=CARTESIAN_POINT('',(0.0002,5.0E-06,2.44929359829471E-20));
#5303=VECTOR('',#6778,1.0);
#5304=CARTESIAN_POINT('',(-0.0002,0.0,-2.44929359829471E-20));
#5305=AXIS2_PLACEMENT_3D('',#6779,#6780,#6781);
#5306=CARTESIAN_POINT('',(-0.0002,1.0E-05,-2.44929359829471E-20));
#5307=CARTESIAN_POINT('',(-0.0002,5.0E-06,-2.44929359829471E-20));
#5308=VECTOR('',#6782,1.0);
#5309=AXIS2_PLACEMENT_3D('',#6783,#6784,#6785);
#5310=COLOUR_RGB('',0.666666686534882,0.0,0.0);
#5311=CARTESIAN_POINT('',(-7.034E-05,0.0,7.727E-05));
#5312=CARTESIAN_POINT('',(-0.00012434,0.0,7.727E-05));
#5313=CARTESIAN_POINT('',(-4.867E-05,0.0,7.727E-05));
#5314=VECTOR('',#6786,1.0);
#5315=CARTESIAN_POINT('',(-7.034E-05,5.0E-06,7.727E-05));
#5316=CARTESIAN_POINT('',(-7.034E-05,-2.5E-05,7.727E-05));
#5317=VECTOR('',#6787,6.0E-05);
#5318=CARTESIAN_POINT('',(-0.00012434,5.0E-06,7.727E-05));
#5319=CARTESIAN_POINT('',(-9.734E-05,5.0E-06,7.727E-05));
#5320=VECTOR('',#6788,6.0E-05);
#5321=CARTESIAN_POINT('',(-0.00012434,-2.5E-05,7.727E-05));
#5322=VECTOR('',#6789,6.0E-05);
#5323=COLOUR_RGB('',0.666666686534882,0.0,0.0);
#5324=CARTESIAN_POINT('',(-0.00012434,0.0,0.00013127));
#5325=CARTESIAN_POINT('',(-0.00012434,0.0,5.2135E-05));
#5326=VECTOR('',#6790,1.0);
#5327=CARTESIAN_POINT('',(-0.00012434,5.0E-06,0.00013127));
#5328=CARTESIAN_POINT('',(-0.00012434,5.0E-06,0.00010427));
#5329=VECTOR('',#6791,6.0E-05);
#5330=CARTESIAN_POINT('',(-0.00012434,-2.5E-05,0.00013127));
#5331=VECTOR('',#6792,6.0E-05);
#5332=COLOUR_RGB('',0.666666686534882,0.0,0.0);
#5333=CARTESIAN_POINT('',(-7.034E-05,5.0E-06,0.00013127));
#5334=CARTESIAN_POINT('',(-7.034E-05,5.0E-06,0.00010427));
#5335=VECTOR('',#6793,6.0E-05);
#5336=CARTESIAN_POINT('',(-9.734E-05,5.0E-06,0.00013127));
#5337=VECTOR('',#6794,6.0E-05);
#5338=COLOUR_RGB('',0.666666686534882,0.0,0.0);
#5339=CARTESIAN_POINT('',(-7.034E-05,0.0,0.00013127));
#5340=CARTESIAN_POINT('',(-4.867E-05,0.0,0.00013127));
#5341=VECTOR('',#6795,1.0);
#5342=CARTESIAN_POINT('',(-7.034E-05,-2.5E-05,0.00013127));
#5343=VECTOR('',#6796,6.0E-05);
#5344=COLOUR_RGB('',0.666666686534882,0.0,0.0);
#5345=CARTESIAN_POINT('',(-7.034E-05,0.0,5.2135E-05));
#5346=VECTOR('',#6797,1.0);
#5347=COLOUR_RGB('',0.666666686534882,0.0,0.0);
#5348=CARTESIAN_POINT('',(-4.34232686E-05,0.0,-8.11901920000001E-06));
#5349=CARTESIAN_POINT('',(4.42886698E-05,0.0,-8.11901920000001E-06));
#5350=CARTESIAN_POINT('',(2.16350299999985E-07,0.0,-8.11901920000001E-06));
#5351=VECTOR('',#6798,1.0);
#5352=CARTESIAN_POINT('',(-4.34232686E-05,5.0E-06,-8.11901920000001E-06));
#5353=CARTESIAN_POINT('',(-4.34232686E-05,5.0E-06,-8.11901920000001E-06));
#5354=VECTOR('',#6799,6.0E-05);
#5355=CARTESIAN_POINT('',(4.42886698E-05,5.0E-06,-8.11901920000001E-06));
#5356=CARTESIAN_POINT('',(5.18180744038901E-07,5.0E-06,-8.11901920000001E-06));
#5357=VECTOR('',#6800,1.0);
#5358=CARTESIAN_POINT('',(4.42886698E-05,5.0E-06,-8.11901920000001E-06));
#5359=VECTOR('',#6801,6.0E-05);
#5360=COLOUR_RGB('',0.666666686534882,0.0,0.0);
#5361=CARTESIAN_POINT('',(9.02815209999999E-05,0.0,-0.0001000000018));
#5362=CARTESIAN_POINT('',(6.22972852E-05,0.0,-5.12979832E-05));
#5363=CARTESIAN_POINT('',(5.04820313768511E-05,-4.2351647362715E-22,-3.07354523675977E-05));
#5364=VECTOR('',#6802,1.0);
#5365=CARTESIAN_POINT('',(9.02815209999999E-05,5.0E-06,-0.0001000000018));
#5366=CARTESIAN_POINT('',(9.02815209999999E-05,5.0E-06,-0.0001000000018));
#5367=VECTOR('',#6803,6.0E-05);
#5368=CARTESIAN_POINT('',(6.22972852E-05,5.0E-06,-5.12979832E-05));
#5369=CARTESIAN_POINT('',(6.22972852E-05,5.0E-06,-5.12979832E-05));
#5370=VECTOR('',#6804,6.0E-05);
#5371=CARTESIAN_POINT('',(6.22972852E-05,5.0E-06,-5.12979832E-05));
#5372=VECTOR('',#6805,6.0E-05);
#5373=COLOUR_RGB('',0.666666686534882,0.0,0.0);
#5374=CARTESIAN_POINT('',(-6.07808456E-05,0.0,-5.12979832E-05));
#5375=CARTESIAN_POINT('',(3.79109899999993E-07,0.0,-5.12979832E-05));
#5376=VECTOR('',#6806,1.0);
#5377=CARTESIAN_POINT('',(-6.07808456E-05,5.0E-06,-5.12979832E-05));
#5378=CARTESIAN_POINT('',(-6.07808456E-05,5.0E-06,-5.12979832E-05));
#5379=VECTOR('',#6807,6.0E-05);
#5380=CARTESIAN_POINT('',(-6.07808456E-05,5.0E-06,-5.12979832E-05));
#5381=VECTOR('',#6808,6.0E-05);
#5382=COLOUR_RGB('',0.666666686534882,0.0,0.0);
#5383=CARTESIAN_POINT('',(-8.83975568E-05,0.0,-0.0001));
#5384=CARTESIAN_POINT('',(-4.92850861801503E-05,0.0,-3.10252336919311E-05));
#5385=VECTOR('',#6809,1.0);
#5386=CARTESIAN_POINT('',(-8.83975568E-05,5.0E-06,-0.0001));
#5387=CARTESIAN_POINT('',(-8.83975568E-05,5.0E-06,-0.0001));
#5388=VECTOR('',#6810,6.0E-05);
#5389=CARTESIAN_POINT('',(-8.83975568E-05,5.0E-06,-0.0001));
#5390=VECTOR('',#6811,6.0E-05);
#5391=COLOUR_RGB('',0.666666686534882,0.0,0.0);
#5392=CARTESIAN_POINT('',(-0.000152,0.0,-0.0001));
#5393=CARTESIAN_POINT('',(-6.00993892E-05,0.0,-0.0001));
#5394=VECTOR('',#6812,1.0);
#5395=CARTESIAN_POINT('',(-0.000152,5.0E-06,-0.0001));
#5396=CARTESIAN_POINT('',(-0.000152,5.0E-06,-0.0001));
#5397=VECTOR('',#6813,6.0E-05);
#5398=CARTESIAN_POINT('',(-0.000152,5.0E-06,-0.0001));
#5399=VECTOR('',#6814,6.0E-05);
#5400=COLOUR_RGB('',0.666666686534882,0.0,0.0);
#5401=CARTESIAN_POINT('',(1.27800279999996E-06,0.0,6.8735246E-05));
#5402=CARTESIAN_POINT('',(2.65245741494905E-05,0.0,2.3623025585365E-05));
#5403=VECTOR('',#6815,1.0);
#5404=CARTESIAN_POINT('',(1.27800279999996E-06,5.0E-06,6.8735246E-05));
#5405=CARTESIAN_POINT('',(2.97053356241416E-05,5.0E-06,1.79394335148031E-05));
#5406=VECTOR('',#6816,1.0);
#5407=CARTESIAN_POINT('',(1.27800279999996E-06,5.0E-06,6.8735246E-05));
#5408=VECTOR('',#6817,6.0E-05);
#5409=COLOUR_RGB('',0.666666686534882,0.0,0.0);
#5410=CARTESIAN_POINT('',(-2.49952970031289E-05,4.2351647362715E-22,2.35639323547963E-05));
#5411=VECTOR('',#6818,1.0);
#5412=CARTESIAN_POINT('',(-2.80893597612045E-05,5.0E-06,1.82443539108914E-05));
#5413=VECTOR('',#6819,1.0);
#5414=COLOUR_RGB('',0.666666686534882,0.0,0.0);
#5415=CARTESIAN_POINT('',(-1.96182932E-05,0.0,0.0001313083382));
#5416=CARTESIAN_POINT('',(-7.85975875778602E-05,0.0,2.82548053477446E-05));
#5417=VECTOR('',#6820,1.0);
#5418=CARTESIAN_POINT('',(-1.96182932E-05,5.0E-06,0.0001313083382));
#5419=CARTESIAN_POINT('',(-1.96182932E-05,5.0E-06,0.0001313083382));
#5420=VECTOR('',#6821,6.0E-05);
#5421=CARTESIAN_POINT('',(-1.96182932E-05,5.0E-06,0.0001313083382));
#5422=VECTOR('',#6822,6.0E-05);
#5423=COLOUR_RGB('',0.666666686534882,0.0,0.0);
#5424=CARTESIAN_POINT('',(2.18067754E-05,0.0,0.0001313083382));
#5425=CARTESIAN_POINT('',(5.47120549999975E-07,0.0,0.0001313083382));
#5426=VECTOR('',#6823,1.0);
#5427=CARTESIAN_POINT('',(2.18067754E-05,5.0E-06,0.0001313083382));
#5428=CARTESIAN_POINT('',(2.18067754E-05,5.0E-06,0.0001313083382));
#5429=VECTOR('',#6824,6.0E-05);
#5430=CARTESIAN_POINT('',(2.18067754E-05,5.0E-06,0.0001313083382));
#5431=VECTOR('',#6825,6.0E-05);
#5432=COLOUR_RGB('',0.666666686534882,0.0,0.0);
#5433=CARTESIAN_POINT('',(0.0001528759018,0.0,-0.0001000000018));
#5434=CARTESIAN_POINT('',(8.00845833968481E-05,0.0,2.84607538997077E-05));
#5435=VECTOR('',#6826,1.0);
#5436=CARTESIAN_POINT('',(0.0001528759018,5.0E-06,-0.0001000000018));
#5437=CARTESIAN_POINT('',(0.0001528759018,5.0E-06,-0.0001000000018));
#5438=VECTOR('',#6827,6.0E-05);
#5439=CARTESIAN_POINT('',(0.0001528759018,5.0E-06,-0.0001000000018));
#5440=VECTOR('',#6828,6.0E-05);
#5441=COLOUR_RGB('',0.666666686534882,0.0,0.0);
#5442=CARTESIAN_POINT('',(6.07893557E-05,0.0,-0.0001000000018));
#5443=VECTOR('',#6829,1.0);
#5444=CARTESIAN_POINT('',(9.02815209999999E-05,5.0E-06,-0.0001000000018));
#5445=VECTOR('',#6830,6.0E-05);
#5446=COLOUR_RGB('',0.666666686534882,0.0,0.0);
#5447=COLOUR_RGB('',0.666666686534882,0.0,0.0);
#5448=CARTESIAN_POINT('',(0.000126826,0.0,7.727E-05));
#5449=CARTESIAN_POINT('',(7.2826E-05,0.0,7.727E-05));
#5450=CARTESIAN_POINT('',(4.9913E-05,0.0,7.727E-05));
#5451=VECTOR('',#6831,1.0);
#5452=CARTESIAN_POINT('',(0.000126826,5.0E-06,7.727E-05));
#5453=CARTESIAN_POINT('',(0.000126826,-2.5E-05,7.727E-05));
#5454=VECTOR('',#6832,6.0E-05);
#5455=CARTESIAN_POINT('',(7.2826E-05,5.0E-06,7.727E-05));
#5456=CARTESIAN_POINT('',(9.9826E-05,5.0E-06,7.727E-05));
#5457=VECTOR('',#6833,6.0E-05);
#5458=CARTESIAN_POINT('',(7.2826E-05,-2.5E-05,7.727E-05));
#5459=VECTOR('',#6834,6.0E-05);
#5460=COLOUR_RGB('',0.666666686534882,0.0,0.0);
#5461=CARTESIAN_POINT('',(7.2826E-05,0.0,0.00013127));
#5462=CARTESIAN_POINT('',(7.2826E-05,0.0,5.2135E-05));
#5463=VECTOR('',#6835,1.0);
#5464=CARTESIAN_POINT('',(7.2826E-05,5.0E-06,0.00013127));
#5465=CARTESIAN_POINT('',(7.2826E-05,5.0E-06,0.00010427));
#5466=VECTOR('',#6836,6.0E-05);
#5467=CARTESIAN_POINT('',(7.2826E-05,-2.5E-05,0.00013127));
#5468=VECTOR('',#6837,6.0E-05);
#5469=COLOUR_RGB('',0.666666686534882,0.0,0.0);
#5470=CARTESIAN_POINT('',(0.000126826,5.0E-06,0.00013127));
#5471=CARTESIAN_POINT('',(0.000126826,5.0E-06,0.00010427));
#5472=VECTOR('',#6838,6.0E-05);
#5473=CARTESIAN_POINT('',(9.9826E-05,5.0E-06,0.00013127));
#5474=VECTOR('',#6839,6.0E-05);
#5475=COLOUR_RGB('',0.666666686534882,0.0,0.0);
#5476=CARTESIAN_POINT('',(0.000126826,0.0,0.00013127));
#5477=CARTESIAN_POINT('',(4.9913E-05,0.0,0.00013127));
#5478=VECTOR('',#6840,1.0);
#5479=CARTESIAN_POINT('',(0.000126826,-2.5E-05,0.00013127));
#5480=VECTOR('',#6841,6.0E-05);
#5481=COLOUR_RGB('',0.666666686534882,0.0,0.0);
#5482=CARTESIAN_POINT('',(0.000126826,0.0,5.2135E-05));
#5483=VECTOR('',#6842,1.0);
#5484=COLOUR_RGB('',0.752941191196442,0.752941191196442,0.752941191196442);
#5485=AXIS2_PLACEMENT_3D('',#6843,#6844,#6845);
#5486=COLOUR_RGB('',0.752941191196442,0.752941191196442,0.752941191196442);
#5487=COLOUR_RGB('',0.752941191196442,0.752941191196442,0.752941191196442);
#5488=AXIS2_PLACEMENT_3D('',#6846,#6847,#6848);
#5489=COLOUR_RGB('',0.752941191196442,0.752941191196442,0.752941191196442);
#5490=COLOUR_RGB('',0.752941191196442,0.752941191196442,0.752941191196442);
#5491=COLOUR_RGB('',0.776470601558685,0.800000011920929,0.807843148708344);
#5492=CARTESIAN_POINT('',(8.3,-4.0,2.1));
#5493=CARTESIAN_POINT('',(7.3,-4.0,2.1));
#5494=CARTESIAN_POINT('',(7.8,-4.0,2.1));
#5495=VECTOR('',#6849,1.0);
#5496=CARTESIAN_POINT('',(8.3,-4.0,-2.1));
#5497=AXIS2_PLACEMENT_3D('',#6850,#6851,#6852);
#5498=CARTESIAN_POINT('',(7.3,-4.0,-2.1));
#5499=CARTESIAN_POINT('',(7.8,-4.0,-2.1));
#5500=VECTOR('',#6853,1.0);
#5501=AXIS2_PLACEMENT_3D('',#6854,#6855,#6856);
#5502=COLOUR_RGB('',0.776470601558685,0.800000011920929,0.807843148708344);
#5503=CARTESIAN_POINT('',(2.2,-2.6,14.1));
#5504=CARTESIAN_POINT('',(3.2,-3.6,14.1));
#5505=AXIS2_PLACEMENT_3D('',#6857,#6858,#6859);
#5506=CARTESIAN_POINT('',(3.2,3.6,14.1));
#5507=AXIS2_PLACEMENT_3D('',#6860,#6861,#6862);
#5508=CARTESIAN_POINT('',(2.2,2.6,14.1));
#5509=AXIS2_PLACEMENT_3D('',#6863,#6864,#6865);
#5510=AXIS2_PLACEMENT_3D('',#6866,#6867,#6868);
#5511=COLOUR_RGB('',0.776470601558685,0.800000011920929,0.807843148708344);
#5512=CARTESIAN_POINT('',(3.2,-3.6,17.9));
#5513=CARTESIAN_POINT('',(3.2,-3.6,16.0));
#5514=VECTOR('',#6869,1.0);
#5515=CARTESIAN_POINT('',(3.2,3.6,17.9));
#5516=AXIS2_PLACEMENT_3D('',#6870,#6871,#6872);
#5517=CARTESIAN_POINT('',(3.2,3.6,16.0));
#5518=VECTOR('',#6873,1.0);
#5519=CARTESIAN_POINT('',(3.2,-6.5,9.0));
#5520=CARTESIAN_POINT('',(3.2,6.5,9.0));
#5521=CARTESIAN_POINT('',(3.2,-2.425,9.0));
#5522=VECTOR('',#6874,1.0);
#5523=CARTESIAN_POINT('',(3.2,6.5,23.0000000001138));
#5524=CARTESIAN_POINT('',(3.2,6.5,-4.23957236251309));
#5525=VECTOR('',#6875,1.0);
#5526=CARTESIAN_POINT('',(3.2,-6.5,23.0000000001138));
#5527=CARTESIAN_POINT('',(3.2,8.5,23.0));
#5528=VECTOR('',#6876,1.0);
#5529=CARTESIAN_POINT('',(3.2,-6.5,20.7604276374869));
#5530=VECTOR('',#6877,1.0);
#5531=COLOUR_RGB('',0.776470601558685,0.800000011920929,0.807843148708344);
#5532=CARTESIAN_POINT('',(2.2,2.6,-14.1));
#5533=CARTESIAN_POINT('',(3.2,3.6,-14.1));
#5534=AXIS2_PLACEMENT_3D('',#6878,#6879,#6880);
#5535=CARTESIAN_POINT('',(3.2,-3.6,-14.1));
#5536=AXIS2_PLACEMENT_3D('',#6881,#6882,#6883);
#5537=CARTESIAN_POINT('',(2.2,-2.6,-14.1));
#5538=AXIS2_PLACEMENT_3D('',#6884,#6885,#6886);
#5539=AXIS2_PLACEMENT_3D('',#6887,#6888,#6889);
#5540=COLOUR_RGB('',0.776470601558685,0.800000011920929,0.807843148708344);
#5541=CARTESIAN_POINT('',(3.2,3.6,-17.9));
#5542=CARTESIAN_POINT('',(3.2,3.6,-16.0));
#5543=VECTOR('',#6890,1.0);
#5544=CARTESIAN_POINT('',(3.2,-3.6,-17.9));
#5545=AXIS2_PLACEMENT_3D('',#6891,#6892,#6893);
#5546=CARTESIAN_POINT('',(3.2,-3.6,-16.0));
#5547=VECTOR('',#6894,1.0);
#5548=CARTESIAN_POINT('',(3.2,14.1,-5.5));
#5549=CARTESIAN_POINT('',(3.2,14.1,-8.0));
#5550=CARTESIAN_POINT('',(3.2,14.1,-11.6354276374869));
#5551=VECTOR('',#6895,1.0);
#5552=CARTESIAN_POINT('',(3.2,9.3,-8.0));
#5553=CARTESIAN_POINT('',(3.2,5.85,-8.0));
#5554=VECTOR('',#6896,1.0);
#5555=CARTESIAN_POINT('',(3.2,9.3,-5.5));
#5556=CARTESIAN_POINT('',(3.2,9.3,-11.6354276374869));
#5557=VECTOR('',#6897,1.0);
#5558=CARTESIAN_POINT('',(3.2,5.0,-5.5));
#5559=CARTESIAN_POINT('',(3.2,-19.0,-5.5));
#5560=VECTOR('',#6898,1.0);
#5561=CARTESIAN_POINT('',(3.2,5.0,-9.0));
#5562=CARTESIAN_POINT('',(3.2,5.0,-11.8854276374869));
#5563=VECTOR('',#6899,1.0);
#5564=CARTESIAN_POINT('',(3.2,-6.5,-9.0));
#5565=CARTESIAN_POINT('',(3.2,-3.5,-9.0));
#5566=VECTOR('',#6900,1.0);
#5567=CARTESIAN_POINT('',(3.2,-6.5,-23.0));
#5568=CARTESIAN_POINT('',(3.2,-6.5,4.23957236251309));
#5569=VECTOR('',#6901,1.0);
#5570=CARTESIAN_POINT('',(3.2,6.5,-23.0000000001138));
#5571=CARTESIAN_POINT('',(3.2,-8.5,-23.0));
#5572=VECTOR('',#6902,1.0);
#5573=CARTESIAN_POINT('',(3.2,6.5,-9.0));
#5574=CARTESIAN_POINT('',(3.2,6.5,-20.7604276374869));
#5575=VECTOR('',#6903,1.0);
#5576=CARTESIAN_POINT('',(3.2,23.0,-9.0));
#5577=CARTESIAN_POINT('',(3.2,-19.0,-9.0));
#5578=VECTOR('',#6904,1.0);
#5579=CARTESIAN_POINT('',(3.2,23.0,-5.5));
#5580=CARTESIAN_POINT('',(3.2,23.0,-5.5));
#5581=VECTOR('',#6905,1.0);
#5582=CARTESIAN_POINT('',(3.2,-19.0,-5.5));
#5583=VECTOR('',#6906,1.0);
#5584=COLOUR_RGB('',0.776470601558685,0.800000011920929,0.807843148708344);
#5585=CARTESIAN_POINT('',(2.2,-2.6,17.9));
#5586=AXIS2_PLACEMENT_3D('',#6907,#6908,#6909);
#5587=CARTESIAN_POINT('',(2.2,2.6,17.9));
#5588=AXIS2_PLACEMENT_3D('',#6910,#6911,#6912);
#5589=AXIS2_PLACEMENT_3D('',#6913,#6914,#6915);
#5590=COLOUR_RGB('',0.776470601558685,0.800000011920929,0.807843148708344);
#5591=CARTESIAN_POINT('',(2.2,2.6,-17.9));
#5592=AXIS2_PLACEMENT_3D('',#6916,#6917,#6918);
#5593=CARTESIAN_POINT('',(2.2,-2.6,-17.9));
#5594=AXIS2_PLACEMENT_3D('',#6919,#6920,#6921);
#5595=AXIS2_PLACEMENT_3D('',#6922,#6923,#6924);
#5596=COLOUR_RGB('',0.776470601558685,0.800000011920929,0.807843148708344);
#5597=CARTESIAN_POINT('',(2.2,2.6,15.05));
#5598=VECTOR('',#6925,1.0);
#5599=COLOUR_RGB('',0.776470601558685,0.800000011920929,0.807843148708344);
#5600=CARTESIAN_POINT('',(0.0,2.6,17.9));
#5601=CARTESIAN_POINT('',(0.0,2.6,17.9));
#5602=VECTOR('',#6926,1.0);
#5603=CARTESIAN_POINT('',(0.0,2.6,14.1));
#5604=CARTESIAN_POINT('',(0.0,2.6,16.0));
#5605=VECTOR('',#6927,1.0);
#5606=CARTESIAN_POINT('',(0.0,2.6,14.1));
#5607=VECTOR('',#6928,1.0);
#5608=COLOUR_RGB('',0.776470601558685,0.800000011920929,0.807843148708344);
#5609=CARTESIAN_POINT('',(2.2,-2.6,-15.05));
#5610=VECTOR('',#6929,1.0);
#5611=COLOUR_RGB('',0.776470601558685,0.800000011920929,0.807843148708344);
#5612=CARTESIAN_POINT('',(0.0,-2.6,-17.9));
#5613=CARTESIAN_POINT('',(0.0,-2.6,-17.9));
#5614=VECTOR('',#6930,1.0);
#5615=CARTESIAN_POINT('',(0.0,-2.6,-14.1));
#5616=CARTESIAN_POINT('',(0.0,-2.6,-16.0));
#5617=VECTOR('',#6931,1.0);
#5618=CARTESIAN_POINT('',(0.0,-2.6,-14.1));
#5619=VECTOR('',#6932,1.0);
#5620=COLOUR_RGB('',0.776470601558685,0.800000011920929,0.807843148708344);
#5621=CARTESIAN_POINT('',(2.2,-2.6,17.425));
#5622=VECTOR('',#6933,1.0);
#5623=COLOUR_RGB('',0.776470601558685,0.800000011920929,0.807843148708344);
#5624=CARTESIAN_POINT('',(0.0,-2.6,14.1));
#5625=CARTESIAN_POINT('',(0.0,-2.6,14.1));
#5626=VECTOR('',#6934,1.0);
#5627=CARTESIAN_POINT('',(0.0,-2.6,17.9));
#5628=CARTESIAN_POINT('',(0.0,-2.6,16.475));
#5629=VECTOR('',#6935,1.0);
#5630=CARTESIAN_POINT('',(0.0,-2.6,17.9));
#5631=VECTOR('',#6936,1.0);
#5632=COLOUR_RGB('',0.776470601558685,0.800000011920929,0.807843148708344);
#5633=CARTESIAN_POINT('',(2.2,2.6,-17.425));
#5634=VECTOR('',#6937,1.0);
#5635=COLOUR_RGB('',0.776470601558685,0.800000011920929,0.807843148708344);
#5636=CARTESIAN_POINT('',(0.0,2.6,-14.1));
#5637=CARTESIAN_POINT('',(0.0,2.6,-14.1));
#5638=VECTOR('',#6938,1.0);
#5639=CARTESIAN_POINT('',(0.0,2.6,-17.9));
#5640=CARTESIAN_POINT('',(0.0,2.6,-16.475));
#5641=VECTOR('',#6939,1.0);
#5642=CARTESIAN_POINT('',(0.0,2.6,-17.9));
#5643=VECTOR('',#6940,1.0);
#5644=COLOUR_RGB('',0.776470601558685,0.800000011920929,0.807843148708344);
#5645=CARTESIAN_POINT('',(3.7,-19.0,8.0));
#5646=CARTESIAN_POINT('',(3.7,-19.0,4.5));
#5647=CARTESIAN_POINT('',(3.7,-19.0,3.125));
#5648=VECTOR('',#6941,1.0);
#5649=CARTESIAN_POINT('',(3.7,9.0,8.0));
#5650=CARTESIAN_POINT('',(3.7,-6.0,8.0));
#5651=VECTOR('',#6942,1.0);
#5652=CARTESIAN_POINT('',(3.7,9.0,4.5));
#5653=CARTESIAN_POINT('',(3.7,9.0,6.25));
#5654=VECTOR('',#6943,1.0);
#5655=CARTESIAN_POINT('',(3.7,-12.5,4.5));
#5656=VECTOR('',#6944,1.0);
#5657=COLOUR_RGB('',0.776470601558685,0.800000011920929,0.807843148708344);
#5658=CARTESIAN_POINT('',(2.2,9.0,4.5));
#5659=CARTESIAN_POINT('',(2.2,9.0,8.0));
#5660=CARTESIAN_POINT('',(2.2,9.0,6.3122644866));
#5661=VECTOR('',#6945,1.0);
#5662=CARTESIAN_POINT('',(3.0,9.0,4.5));
#5663=VECTOR('',#6946,1.0);
#5664=CARTESIAN_POINT('',(1.85,9.0,8.0));
#5665=VECTOR('',#6947,1.0);
#5666=COLOUR_RGB('',0.776470601558685,0.800000011920929,0.807843148708344);
#5667=CARTESIAN_POINT('',(2.2,-19.0,8.0));
#5668=CARTESIAN_POINT('',(2.86541585832457,-19.0,8.0));
#5669=VECTOR('',#6948,1.0);
#5670=CARTESIAN_POINT('',(2.2,-12.5,8.0));
#5671=VECTOR('',#6949,1.0);
#5672=COLOUR_RGB('',0.776470601558685,0.800000011920929,0.807843148708344);
#5673=CARTESIAN_POINT('',(2.2,23.0,4.5));
#5674=CARTESIAN_POINT('',(2.2,-19.0,4.5));
#5675=VECTOR('',#6950,1.0);
#5676=CARTESIAN_POINT('',(6.1,23.0,4.5));
#5677=CARTESIAN_POINT('',(6.1,23.0,4.5));
#5678=VECTOR('',#6951,1.0);
#5679=CARTESIAN_POINT('',(6.1,4.7724292294,4.5));
#5680=CARTESIAN_POINT('',(6.1,-19.0,4.5));
#5681=VECTOR('',#6952,1.0);
#5682=CARTESIAN_POINT('',(7.3,2.2724292294,4.5));
#5683=CARTESIAN_POINT('',(7.3,2.2724292294,4.5));
#5684=VECTOR('',#6953,1.0);
#5685=CARTESIAN_POINT('',(7.3,-13.2724292293,4.5));
#5686=CARTESIAN_POINT('',(7.3,-13.2724292293,4.5));
#5687=VECTOR('',#6954,1.0);
#5688=CARTESIAN_POINT('',(6.1,-15.7724292293,4.5));
#5689=CARTESIAN_POINT('',(6.1,-15.7724292293,4.5));
#5690=VECTOR('',#6955,1.0);
#5691=CARTESIAN_POINT('',(6.1,-19.0,4.5));
#5692=CARTESIAN_POINT('',(6.1,-19.0,4.5));
#5693=VECTOR('',#6956,1.0);
#5694=CARTESIAN_POINT('',(6.1,-19.0,4.5));
#5695=VECTOR('',#6957,1.0);
#5696=COLOUR_RGB('',0.776470601558685,0.800000011920929,0.807843148708344);
#5697=CARTESIAN_POINT('',(2.2,4.0,-8.0));
#5698=CARTESIAN_POINT('',(2.2,4.0,-4.5));
#5699=CARTESIAN_POINT('',(2.2,4.0,-6.3122644866));
#5700=VECTOR('',#6958,1.0);
#5701=CARTESIAN_POINT('',(3.7,4.0,-8.0));
#5702=CARTESIAN_POINT('',(1.85,4.0,-8.0));
#5703=VECTOR('',#6959,1.0);
#5704=CARTESIAN_POINT('',(3.7,4.0,-4.5));
#5705=CARTESIAN_POINT('',(3.7,4.0,-6.25));
#5706=VECTOR('',#6960,1.0);
#5707=CARTESIAN_POINT('',(3.0,4.0,-4.5));
#5708=VECTOR('',#6961,1.0);
#5709=COLOUR_RGB('',0.776470601558685,0.800000011920929,0.807843148708344);
#5710=CARTESIAN_POINT('',(3.7,-19.0,-4.5));
#5711=CARTESIAN_POINT('',(3.7,-19.0,-8.0));
#5712=CARTESIAN_POINT('',(3.7,-19.0,-3.125));
#5713=VECTOR('',#6962,1.0);
#5714=CARTESIAN_POINT('',(3.7,-15.0,-4.5));
#5715=VECTOR('',#6963,1.0);
#5716=CARTESIAN_POINT('',(3.7,-11.0,-8.0));
#5717=VECTOR('',#6964,1.0);
#5718=COLOUR_RGB('',0.776470601558685,0.800000011920929,0.807843148708344);
#5719=CARTESIAN_POINT('',(2.2,-19.0,-8.0));
#5720=CARTESIAN_POINT('',(2.2,-15.0,-8.0));
#5721=VECTOR('',#6965,1.0);
#5722=CARTESIAN_POINT('',(2.86541585832457,-19.0,-8.0));
#5723=VECTOR('',#6966,1.0);
#5724=COLOUR_RGB('',0.776470601558685,0.800000011920929,0.807843148708344);
#5725=CARTESIAN_POINT('',(2.2,23.0,-4.5));
#5726=CARTESIAN_POINT('',(2.2,-19.0,-4.5));
#5727=VECTOR('',#6967,1.0);
#5728=CARTESIAN_POINT('',(2.2,23.0,-8.2490579464));
#5729=CARTESIAN_POINT('',(2.2,23.0,-8.2490579464));
#5730=VECTOR('',#6968,1.0);
#5731=CARTESIAN_POINT('',(2.2,10.0000000000281,-8.24905794641435));
#5732=CARTESIAN_POINT('',(2.2,-19.0,-8.2490579464));
#5733=VECTOR('',#6969,1.0);
#5734=CARTESIAN_POINT('',(2.2,6.49905794641435,-11.75));
#5735=AXIS2_PLACEMENT_3D('',#6970,#6971,#6972);
#5736=CARTESIAN_POINT('',(2.2,6.49905794641435,-22.5000000000548));
#5737=CARTESIAN_POINT('',(2.2,6.49905794641435,-22.5));
#5738=VECTOR('',#6973,1.0);
#5739=CARTESIAN_POINT('',(2.2,6.0,-22.9990579464144));
#5740=AXIS2_PLACEMENT_3D('',#6974,#6975,#6976);
#5741=CARTESIAN_POINT('',(2.2,-6.00000000005482,-22.9990579464144));
#5742=CARTESIAN_POINT('',(2.2,-6.0,-22.9990579464144));
#5743=VECTOR('',#6977,1.0);
#5744=CARTESIAN_POINT('',(2.2,-6.49905794641435,-22.5));
#5745=AXIS2_PLACEMENT_3D('',#6978,#6979,#6980);
#5746=CARTESIAN_POINT('',(2.2,-6.49905794641435,-11.7500000000281));
#5747=CARTESIAN_POINT('',(2.2,-6.49905794641435,-11.75));
#5748=VECTOR('',#6981,1.0);
#5749=CARTESIAN_POINT('',(2.2,-10.0,-8.24905794641435));
#5750=AXIS2_PLACEMENT_3D('',#6982,#6983,#6984);
#5751=CARTESIAN_POINT('',(2.2,-19.0,-8.2490579464));
#5752=CARTESIAN_POINT('',(2.2,-19.0,-8.2490579464));
#5753=VECTOR('',#6985,1.0);
#5754=CARTESIAN_POINT('',(2.2,-19.0,-8.2490579464));
#5755=VECTOR('',#6986,1.0);
#5756=CARTESIAN_POINT('',(2.2,14.1,-8.0));
#5757=CARTESIAN_POINT('',(2.2,14.1,-5.5));
#5758=CARTESIAN_POINT('',(2.2,14.1,-6.5622644866));
#5759=VECTOR('',#6987,1.0);
#5760=CARTESIAN_POINT('',(2.2,9.3,-5.5));
#5761=CARTESIAN_POINT('',(2.2,-3.65,-5.5));
#5762=VECTOR('',#6988,1.0);
#5763=CARTESIAN_POINT('',(2.2,9.3,-8.0));
#5764=CARTESIAN_POINT('',(2.2,9.3,-6.5622644866));
#5765=VECTOR('',#6989,1.0);
#5766=CARTESIAN_POINT('',(2.2,-3.65,-8.0));
#5767=VECTOR('',#6990,1.0);
#5768=CARTESIAN_POINT('',(2.2,3.6,-14.1));
#5769=CARTESIAN_POINT('',(2.2,-3.6,-14.1));
#5770=AXIS2_PLACEMENT_3D('',#6991,#6992,#6993);
#5771=CARTESIAN_POINT('',(2.2,-3.6,-17.9));
#5772=CARTESIAN_POINT('',(2.2,-3.6,-11.1872644866));
#5773=VECTOR('',#6994,1.0);
#5774=CARTESIAN_POINT('',(2.2,3.6,-17.9));
#5775=AXIS2_PLACEMENT_3D('',#6995,#6996,#6997);
#5776=CARTESIAN_POINT('',(2.2,3.6,-11.6622644866));
#5777=VECTOR('',#6998,1.0);
#5778=COLOUR_RGB('',0.776470601558685,0.800000011920929,0.807843148708344);
#5779=CARTESIAN_POINT('',(6.1,-19.0,-4.5));
#5780=CARTESIAN_POINT('',(2.2,-19.0,-4.5));
#5781=VECTOR('',#6999,1.0);
#5782=CARTESIAN_POINT('',(6.1,-15.7724292293,-4.5));
#5783=CARTESIAN_POINT('',(6.1,-19.0,-4.5));
#5784=VECTOR('',#7000,1.0);
#5785=CARTESIAN_POINT('',(7.3,-13.2724292293,-4.5));
#5786=CARTESIAN_POINT('',(6.1,-15.7724292293,-4.5));
#5787=VECTOR('',#7001,1.0);
#5788=CARTESIAN_POINT('',(7.3,2.2724292294,-4.5));
#5789=CARTESIAN_POINT('',(7.3,-13.2724292293,-4.5));
#5790=VECTOR('',#7002,1.0);
#5791=CARTESIAN_POINT('',(6.1,4.7724292294,-4.5));
#5792=CARTESIAN_POINT('',(7.3,2.2724292294,-4.5));
#5793=VECTOR('',#7003,1.0);
#5794=CARTESIAN_POINT('',(6.1,23.0,-4.5));
#5795=CARTESIAN_POINT('',(6.1,-19.0,-4.5));
#5796=VECTOR('',#7004,1.0);
#5797=CARTESIAN_POINT('',(2.2,23.0,-4.5));
#5798=VECTOR('',#7005,1.0);
#5799=COLOUR_RGB('',0.776470601558685,0.800000011920929,0.807843148708344);
#5800=CARTESIAN_POINT('',(1.17707596508885,6.5,24.4364916731037));
#5801=CARTESIAN_POINT('',(1.17707596508885,7.93649167310371,23.0));
#5802=CARTESIAN_POINT('',(0.61574438935299,5.81623662000981,24.491539861558));
#5803=CARTESIAN_POINT('',(0.820991311359353,6.04067502343677,24.5122493516182));
#5804=CARTESIAN_POINT('',(1.01747926512305,6.27502440722523,24.4945801213784));
#5805=CARTESIAN_POINT('',(1.26047374728883,6.6175617383728,24.4061373627791));
#5806=CARTESIAN_POINT('',(1.34443577680958,6.74793750266437,24.3604480127352));
#5807=CARTESIAN_POINT('',(1.47897692693509,7.00639371476933,24.23431511987));
#5808=CARTESIAN_POINT('',(1.52885492915152,7.13461340154832,24.1534104665245));
#5809=CARTESIAN_POINT('',(1.5723470201397,7.33901807360112,23.9901526398404));
#5810=CARTESIAN_POINT('',(1.57737147715207,7.43215510453343,23.9017161274384));
#5811=CARTESIAN_POINT('',(1.54956817968168,7.59675126816537,23.7108929488347));
#5812=CARTESIAN_POINT('',(1.51704080944908,7.66832953404214,23.6085654168086));
#5813=CARTESIAN_POINT('',(1.40860304338595,7.81761781174932,23.3544835827058));
#5814=CARTESIAN_POINT('',(1.31325418037499,7.88231241701386,23.195729713072));
#5815=CARTESIAN_POINT('',(1.0928919737251,7.97078510784457,22.8783463847581));
#5816=CARTESIAN_POINT('',(0.967480837953795,7.99400764781199,22.719838634294));
#5817=CARTESIAN_POINT('',(0.834491570966485,7.99898450255647,22.5637256505582));
#5818=CARTESIAN_POINT('',(2.5420201433,6.5,23.9396926208));
#5819=CARTESIAN_POINT('',(1.77101007165,6.5,24.2203173372));
#5820=VECTOR('',#7006,1.0);
#5821=CARTESIAN_POINT('',(2.5420201433,7.4396926208,23.0));
#5822=AXIS2_PLACEMENT_3D('',#7007,#7008,#7009);
#5823=CARTESIAN_POINT('',(1.77101007165,7.7203173372,23.0));
#5824=VECTOR('',#7010,1.0);
#5825=COLOUR_RGB('',0.776470601558685,0.800000011920929,0.807843148708344);
#5826=AXIS2_PLACEMENT_3D('',#7011,#7012,#7013);
#5827=AXIS2_PLACEMENT_3D('',#7014,#7015,#7016);
#5828=COLOUR_RGB('',0.776470601558685,0.800000011920929,0.807843148708344);
#5829=CARTESIAN_POINT('',(1.00258827099392,6.0,24.5));
#5830=AXIS2_PLACEMENT_3D('',#7017,#7018,#7019);
#5831=CARTESIAN_POINT('',(1.00258827099392,-6.0,24.5));
#5832=CARTESIAN_POINT('',(1.00258827099392,8.5,24.5));
#5833=VECTOR('',#7020,1.0);
#5834=CARTESIAN_POINT('',(1.17707596508886,-6.50000000000001,24.4364916731037));
#5835=AXIS2_PLACEMENT_3D('',#7021,#7022,#7023);
#5836=CARTESIAN_POINT('',(2.5420201433,-6.5,23.9396926208));
#5837=CARTESIAN_POINT('',(1.77101007165,-6.5,24.2203173372));
#5838=VECTOR('',#7024,1.0);
#5839=CARTESIAN_POINT('',(2.5420201433,17.0,23.9396926208));
#5840=VECTOR('',#7025,1.0);
#5841=COLOUR_RGB('',0.776470601558685,0.800000011920929,0.807843148708344);
#5842=CARTESIAN_POINT('',(1.00258827099392,8.0,22.5));
#5843=AXIS2_PLACEMENT_3D('',#7026,#7027,#7028);
#5844=CARTESIAN_POINT('',(1.0,8.0,22.5));
#5845=CARTESIAN_POINT('',(1.0,8.0,22.5));
#5846=VECTOR('',#7029,1.0);
#5847=CARTESIAN_POINT('',(1.0,6.0,24.5));
#5848=AXIS2_PLACEMENT_3D('',#7030,#7031,#7032);
#5849=CARTESIAN_POINT('',(1.0,6.0,24.5));
#5850=VECTOR('',#7033,1.0);
#5851=COLOUR_RGB('',0.776470601558685,0.800000011920929,0.807843148708344);
#5852=CARTESIAN_POINT('',(1.17707596508885,-6.5,-24.4364916731037));
#5853=CARTESIAN_POINT('',(1.17707596508885,-7.93649167310371,-23.0));
#5854=CARTESIAN_POINT('',(0.61574438935299,-5.81623662000981,-24.491539861558));
#5855=CARTESIAN_POINT('',(0.820991311359353,-6.04067502343677,-24.5122493516182));
#5856=CARTESIAN_POINT('',(1.01747926512305,-6.27502440722523,-24.4945801213784));
#5857=CARTESIAN_POINT('',(1.26047374728883,-6.6175617383728,-24.4061373627791));
#5858=CARTESIAN_POINT('',(1.34443577680958,-6.74793750266437,-24.3604480127352));
#5859=CARTESIAN_POINT('',(1.47897692693509,-7.00639371476933,-24.23431511987));
#5860=CARTESIAN_POINT('',(1.52885492915152,-7.13461340154832,-24.1534104665245));
#5861=CARTESIAN_POINT('',(1.5723470201397,-7.33901807360112,-23.9901526398404));
#5862=CARTESIAN_POINT('',(1.57737147715207,-7.43215510453343,-23.9017161274384));
#5863=CARTESIAN_POINT('',(1.54956817968168,-7.59675126816537,-23.7108929488347));
#5864=CARTESIAN_POINT('',(1.51704080944908,-7.66832953404214,-23.6085654168086));
#5865=CARTESIAN_POINT('',(1.40860304338595,-7.81761781174932,-23.3544835827058));
#5866=CARTESIAN_POINT('',(1.31325418037499,-7.88231241701386,-23.195729713072));
#5867=CARTESIAN_POINT('',(1.0928919737251,-7.97078510784457,-22.8783463847581));
#5868=CARTESIAN_POINT('',(0.967480837953795,-7.99400764781199,-22.719838634294));
#5869=CARTESIAN_POINT('',(0.834491570966485,-7.99898450255647,-22.5637256505582));
#5870=CARTESIAN_POINT('',(2.5420201433,-6.5,-23.9396926208));
#5871=CARTESIAN_POINT('',(1.77101007165,-6.5,-24.2203173372));
#5872=VECTOR('',#7034,1.0);
#5873=CARTESIAN_POINT('',(2.5420201433,-7.4396926208,-23.0));
#5874=AXIS2_PLACEMENT_3D('',#7035,#7036,#7037);
#5875=CARTESIAN_POINT('',(1.77101007165,-7.7203173372,-23.0));
#5876=VECTOR('',#7038,1.0);
#5877=COLOUR_RGB('',0.776470601558685,0.800000011920929,0.807843148708344);
#5878=AXIS2_PLACEMENT_3D('',#7039,#7040,#7041);
#5879=AXIS2_PLACEMENT_3D('',#7042,#7043,#7044);
#5880=COLOUR_RGB('',0.776470601558685,0.800000011920929,0.807843148708344);
#5881=CARTESIAN_POINT('',(1.00258827099392,-6.0,-24.5));
#5882=AXIS2_PLACEMENT_3D('',#7045,#7046,#7047);
#5883=CARTESIAN_POINT('',(1.00258827099392,6.0,-24.5));
#5884=CARTESIAN_POINT('',(1.00258827099392,-8.5,-24.5));
#5885=VECTOR('',#7048,1.0);
#5886=CARTESIAN_POINT('',(1.17707596508886,6.50000000000001,-24.4364916731037));
#5887=AXIS2_PLACEMENT_3D('',#7049,#7050,#7051);
#5888=CARTESIAN_POINT('',(2.5420201433,6.5,-23.9396926208));
#5889=CARTESIAN_POINT('',(1.77101007165,6.5,-24.2203173372));
#5890=VECTOR('',#7052,1.0);
#5891=CARTESIAN_POINT('',(2.5420201433,-17.0,-23.9396926208));
#5892=VECTOR('',#7053,1.0);
#5893=COLOUR_RGB('',0.776470601558685,0.800000011920929,0.807843148708344);
#5894=CARTESIAN_POINT('',(1.00258827099392,-8.0,-22.5));
#5895=AXIS2_PLACEMENT_3D('',#7054,#7055,#7056);
#5896=CARTESIAN_POINT('',(1.0,-8.0,-22.5));
#5897=CARTESIAN_POINT('',(1.0,-8.0,-22.5));
#5898=VECTOR('',#7057,1.0);
#5899=CARTESIAN_POINT('',(1.0,-6.0,-24.5));
#5900=AXIS2_PLACEMENT_3D('',#7058,#7059,#7060);
#5901=CARTESIAN_POINT('',(1.0,-6.0,-24.5));
#5902=VECTOR('',#7061,1.0);
#5903=COLOUR_RGB('',0.776470601558685,0.800000011920929,0.807843148708344);
#5904=CARTESIAN_POINT('',(1.17707596508885,-7.93649167310371,23.0));
#5905=CARTESIAN_POINT('',(0.834491570966485,-7.99898450255647,22.5637256505582));
#5906=CARTESIAN_POINT('',(0.967480837953794,-7.99400764781199,22.719838634294));
#5907=CARTESIAN_POINT('',(1.0928919737251,-7.97078510784457,22.8783463847581));
#5908=CARTESIAN_POINT('',(1.31325418037499,-7.88231241701386,23.195729713072));
#5909=CARTESIAN_POINT('',(1.40860304338595,-7.81761781174932,23.3544835827058));
#5910=CARTESIAN_POINT('',(1.51704080944908,-7.66832953404214,23.6085654168086));
#5911=CARTESIAN_POINT('',(1.54956817968168,-7.59675126816537,23.7108929488347));
#5912=CARTESIAN_POINT('',(1.57737147715207,-7.43215510453343,23.9017161274384));
#5913=CARTESIAN_POINT('',(1.5723470201397,-7.33901807360112,23.9901526398404));
#5914=CARTESIAN_POINT('',(1.52885492915151,-7.13461340154832,24.1534104665245));
#5915=CARTESIAN_POINT('',(1.47897692693508,-7.00639371476934,24.23431511987));
#5916=CARTESIAN_POINT('',(1.34443577680958,-6.74793750266438,24.3604480127352));
#5917=CARTESIAN_POINT('',(1.26047374728883,-6.6175617383728,24.4061373627791));
#5918=CARTESIAN_POINT('',(1.01747926512305,-6.27502440722523,24.4945801213784));
#5919=CARTESIAN_POINT('',(0.820991311359352,-6.04067502343677,24.5122493516182));
#5920=CARTESIAN_POINT('',(0.615744389352994,-5.81623662000981,24.491539861558));
#5921=CARTESIAN_POINT('',(2.5420201433,-7.4396926208,23.0));
#5922=CARTESIAN_POINT('',(1.77101007165,-7.7203173372,23.0));
#5923=VECTOR('',#7062,1.0);
#5924=AXIS2_PLACEMENT_3D('',#7063,#7064,#7065);
#5925=COLOUR_RGB('',0.776470601558685,0.800000011920929,0.807843148708344);
#5926=AXIS2_PLACEMENT_3D('',#7066,#7067,#7068);
#5927=AXIS2_PLACEMENT_3D('',#7069,#7070,#7071);
#5928=COLOUR_RGB('',0.776470601558685,0.800000011920929,0.807843148708344);
#5929=CARTESIAN_POINT('',(1.0,-6.0,24.5));
#5930=CARTESIAN_POINT('',(1.0,-6.0,24.5));
#5931=VECTOR('',#7072,1.0);
#5932=CARTESIAN_POINT('',(1.0,-8.0,22.5));
#5933=AXIS2_PLACEMENT_3D('',#7073,#7074,#7075);
#5934=CARTESIAN_POINT('',(1.00258827099392,-8.0,22.5));
#5935=CARTESIAN_POINT('',(1.0,-8.0,22.5));
#5936=VECTOR('',#7076,1.0);
#5937=AXIS2_PLACEMENT_3D('',#7077,#7078,#7079);
#5938=COLOUR_RGB('',0.776470601558685,0.800000011920929,0.807843148708344);
#5939=COLOUR_RGB('',0.776470601558685,0.800000011920929,0.807843148708344);
#5940=CARTESIAN_POINT('',(2.5420201433,7.4396926208,-23.0));
#5941=AXIS2_PLACEMENT_3D('',#7080,#7081,#7082);
#5942=AXIS2_PLACEMENT_3D('',#7083,#7084,#7085);
#5943=AXIS2_PLACEMENT_3D('',#7086,#7087,#7088);
#5944=COLOUR_RGB('',0.776470601558685,0.800000011920929,0.807843148708344);
#5945=CARTESIAN_POINT('',(1.17707596508885,7.93649167310371,-23.0));
#5946=CARTESIAN_POINT('',(0.834491570966485,7.99898450255647,-22.5637256505582));
#5947=CARTESIAN_POINT('',(0.967480837953794,7.99400764781199,-22.719838634294));
#5948=CARTESIAN_POINT('',(1.0928919737251,7.97078510784457,-22.8783463847581));
#5949=CARTESIAN_POINT('',(1.31325418037499,7.88231241701386,-23.195729713072));
#5950=CARTESIAN_POINT('',(1.40860304338595,7.81761781174932,-23.3544835827058));
#5951=CARTESIAN_POINT('',(1.51704080944908,7.66832953404214,-23.6085654168086));
#5952=CARTESIAN_POINT('',(1.54956817968168,7.59675126816537,-23.7108929488347));
#5953=CARTESIAN_POINT('',(1.57737147715207,7.43215510453343,-23.9017161274384));
#5954=CARTESIAN_POINT('',(1.5723470201397,7.33901807360112,-23.9901526398404));
#5955=CARTESIAN_POINT('',(1.52885492915151,7.13461340154832,-24.1534104665245));
#5956=CARTESIAN_POINT('',(1.47897692693508,7.00639371476934,-24.23431511987));
#5957=CARTESIAN_POINT('',(1.34443577680958,6.74793750266438,-24.3604480127352));
#5958=CARTESIAN_POINT('',(1.26047374728883,6.6175617383728,-24.4061373627791));
#5959=CARTESIAN_POINT('',(1.01747926512305,6.27502440722523,-24.4945801213784));
#5960=CARTESIAN_POINT('',(0.820991311359352,6.04067502343677,-24.5122493516182));
#5961=CARTESIAN_POINT('',(0.615744389352994,5.81623662000981,-24.491539861558));
#5962=CARTESIAN_POINT('',(1.77101007165,7.7203173372,-23.0));
#5963=VECTOR('',#7089,1.0);
#5964=COLOUR_RGB('',0.776470601558685,0.800000011920929,0.807843148708344);
#5965=COLOUR_RGB('',0.776470601558685,0.800000011920929,0.807843148708344);
#5966=AXIS2_PLACEMENT_3D('',#7090,#7091,#7092);
#5967=COLOUR_RGB('',0.776470601558685,0.800000011920929,0.807843148708344);
#5968=AXIS2_PLACEMENT_3D('',#7093,#7094,#7095);
#5969=COLOUR_RGB('',0.776470601558685,0.800000011920929,0.807843148708344);
#5970=AXIS2_PLACEMENT_3D('',#7096,#7097,#7098);
#5971=COLOUR_RGB('',0.776470601558685,0.800000011920929,0.807843148708344);
#5972=AXIS2_PLACEMENT_3D('',#7099,#7100,#7101);
#5973=COLOUR_RGB('',0.776470601558685,0.800000011920929,0.807843148708344);
#5974=CARTESIAN_POINT('',(2.2,-3.6,14.1));
#5975=CARTESIAN_POINT('',(2.2,3.6,14.1));
#5976=AXIS2_PLACEMENT_3D('',#7102,#7103,#7104);
#5977=CARTESIAN_POINT('',(0.0,-3.6,14.1));
#5978=CARTESIAN_POINT('',(0.0,-3.6,14.1));
#5979=VECTOR('',#7105,1.0);
#5980=CARTESIAN_POINT('',(0.0,3.6,14.1));
#5981=AXIS2_PLACEMENT_3D('',#7106,#7107,#7108);
#5982=CARTESIAN_POINT('',(0.0,3.6,14.1));
#5983=VECTOR('',#7109,1.0);
#5984=COLOUR_RGB('',0.776470601558685,0.800000011920929,0.807843148708344);
#5985=CARTESIAN_POINT('',(2.2,-3.6,17.9));
#5986=CARTESIAN_POINT('',(2.2,-3.6,11.6622644866));
#5987=VECTOR('',#7110,1.0);
#5988=CARTESIAN_POINT('',(0.0,-3.6,17.9));
#5989=CARTESIAN_POINT('',(0.0,-3.6,17.9));
#5990=VECTOR('',#7111,1.0);
#5991=CARTESIAN_POINT('',(0.0,-3.6,14.1));
#5992=VECTOR('',#7112,1.0);
#5993=COLOUR_RGB('',0.776470601558685,0.800000011920929,0.807843148708344);
#5994=CARTESIAN_POINT('',(2.2,3.6,17.9));
#5995=AXIS2_PLACEMENT_3D('',#7113,#7114,#7115);
#5996=CARTESIAN_POINT('',(0.0,3.6,17.9));
#5997=CARTESIAN_POINT('',(0.0,3.6,17.9));
#5998=VECTOR('',#7116,1.0);
#5999=AXIS2_PLACEMENT_3D('',#7117,#7118,#7119);
#6000=COLOUR_RGB('',0.776470601558685,0.800000011920929,0.807843148708344);
#6001=CARTESIAN_POINT('',(2.2,3.6,11.1872644866));
#6002=VECTOR('',#7120,1.0);
#6003=CARTESIAN_POINT('',(0.0,3.6,17.9));
#6004=VECTOR('',#7121,1.0);
#6005=COLOUR_RGB('',0.776470601558685,0.800000011920929,0.807843148708344);
#6006=COLOUR_RGB('',0.776470601558685,0.800000011920929,0.807843148708344);
#6007=CARTESIAN_POINT('',(0.0,3.6,-14.1));
#6008=CARTESIAN_POINT('',(0.0,3.6,-14.1));
#6009=VECTOR('',#7122,1.0);
#6010=CARTESIAN_POINT('',(0.0,-3.6,-14.1));
#6011=AXIS2_PLACEMENT_3D('',#7123,#7124,#7125);
#6012=CARTESIAN_POINT('',(0.0,-3.6,-14.1));
#6013=VECTOR('',#7126,1.0);
#6014=COLOUR_RGB('',0.776470601558685,0.800000011920929,0.807843148708344);
#6015=CARTESIAN_POINT('',(0.0,3.6,-17.9));
#6016=CARTESIAN_POINT('',(0.0,3.6,-17.9));
#6017=VECTOR('',#7127,1.0);
#6018=CARTESIAN_POINT('',(0.0,3.6,-14.1));
#6019=VECTOR('',#7128,1.0);
#6020=COLOUR_RGB('',0.776470601558685,0.800000011920929,0.807843148708344);
#6021=CARTESIAN_POINT('',(0.0,-3.6,-17.9));
#6022=CARTESIAN_POINT('',(0.0,-3.6,-17.9));
#6023=VECTOR('',#7129,1.0);
#6024=AXIS2_PLACEMENT_3D('',#7130,#7131,#7132);
#6025=COLOUR_RGB('',0.776470601558685,0.800000011920929,0.807843148708344);
#6026=CARTESIAN_POINT('',(0.0,-3.6,-17.9));
#6027=VECTOR('',#7133,1.0);
#6028=COLOUR_RGB('',0.776470601558685,0.800000011920929,0.807843148708344);
#6029=COLOUR_RGB('',0.776470601558685,0.800000011920929,0.807843148708344);
#6030=CARTESIAN_POINT('',(0.0,6.0,-23.7997924618));
#6031=CARTESIAN_POINT('',(0.0,6.0,-23.7997924618));
#6032=VECTOR('',#7134,1.0);
#6033=CARTESIAN_POINT('',(0.0,-6.0,-23.7997924618));
#6034=CARTESIAN_POINT('',(0.0,3.0,-23.7997924618));
#6035=VECTOR('',#7135,1.0);
#6036=CARTESIAN_POINT('',(0.0,-6.0,-23.7997924618));
#6037=VECTOR('',#7136,1.0);
#6038=COLOUR_RGB('',0.776470601558685,0.800000011920929,0.807843148708344);
#6039=CARTESIAN_POINT('',(0.0,-7.2997924618,-22.5));
#6040=AXIS2_PLACEMENT_3D('',#7137,#7138,#7139);
#6041=CARTESIAN_POINT('',(0.0,-7.2997924618,-22.5));
#6042=VECTOR('',#7140,1.0);
#6043=COLOUR_RGB('',0.776470601558685,0.800000011920929,0.807843148708344);
#6044=CARTESIAN_POINT('',(0.0,-7.2997924618,-11.75));
#6045=CARTESIAN_POINT('',(0.0,-7.2997924618,-20.0846598386634));
#6046=VECTOR('',#7141,1.0);
#6047=CARTESIAN_POINT('',(0.0,-7.2997924618,-11.75));
#6048=VECTOR('',#7142,1.0);
#6049=COLOUR_RGB('',0.776470601558685,0.800000011920929,0.807843148708344);
#6050=CARTESIAN_POINT('',(0.0,-10.0,-9.0497924618));
#6051=AXIS2_PLACEMENT_3D('',#7143,#7144,#7145);
#6052=CARTESIAN_POINT('',(1.55564450210477E-11,-9.99999999990527,-9.04979246179434));
#6053=VECTOR('',#7146,1.0);
#6054=COLOUR_RGB('',0.776470601558685,0.800000011920929,0.807843148708344);
#6055=CARTESIAN_POINT('',(2.2,-10.0000000000281,8.24905794641435));
#6056=CARTESIAN_POINT('',(2.2,-6.49905794641435,11.75));
#6057=AXIS2_PLACEMENT_3D('',#7147,#7148,#7149);
#6058=CARTESIAN_POINT('',(0.0,-10.0,9.04979246179999));
#6059=CARTESIAN_POINT('',(1.55591095563068E-11,-9.99999999990528,9.04979246179434));
#6060=VECTOR('',#7150,1.0);
#6061=CARTESIAN_POINT('',(0.0,-7.2997924618,11.75));
#6062=AXIS2_PLACEMENT_3D('',#7151,#7152,#7153);
#6063=CARTESIAN_POINT('',(0.0,-7.2997924618,11.75));
#6064=VECTOR('',#7154,1.0);
#6065=COLOUR_RGB('',0.776470601558685,0.800000011920929,0.807843148708344);
#6066=CARTESIAN_POINT('',(2.2,-6.49905794641435,22.5000000000548));
#6067=CARTESIAN_POINT('',(2.2,-6.49905794641435,22.5));
#6068=VECTOR('',#7155,1.0);
#6069=CARTESIAN_POINT('',(0.0,-7.2997924618,22.5));
#6070=CARTESIAN_POINT('',(0.0,-7.2997924618,14.7096598386634));
#6071=VECTOR('',#7156,1.0);
#6072=CARTESIAN_POINT('',(0.0,-7.2997924618,22.5));
#6073=VECTOR('',#7157,1.0);
#6074=COLOUR_RGB('',0.776470601558685,0.800000011920929,0.807843148708344);
#6075=CARTESIAN_POINT('',(2.2,-6.0,22.9990579464144));
#6076=AXIS2_PLACEMENT_3D('',#7158,#7159,#7160);
#6077=CARTESIAN_POINT('',(0.0,-6.0,23.7997924618));
#6078=AXIS2_PLACEMENT_3D('',#7161,#7162,#7163);
#6079=CARTESIAN_POINT('',(0.0,-6.0,23.7997924618));
#6080=VECTOR('',#7164,1.0);
#6081=COLOUR_RGB('',0.776470601558685,0.800000011920929,0.807843148708344);
#6082=CARTESIAN_POINT('',(2.2,6.00000000005482,22.9990579464144));
#6083=CARTESIAN_POINT('',(2.2,6.0,22.9990579464144));
#6084=VECTOR('',#7165,1.0);
#6085=CARTESIAN_POINT('',(0.0,6.0,23.7997924618));
#6086=CARTESIAN_POINT('',(0.0,-3.0,23.7997924618));
#6087=VECTOR('',#7166,1.0);
#6088=CARTESIAN_POINT('',(0.0,6.0,23.7997924618));
#6089=VECTOR('',#7167,1.0);
#6090=COLOUR_RGB('',0.776470601558685,0.800000011920929,0.807843148708344);
#6091=CARTESIAN_POINT('',(2.2,6.49905794641435,22.5));
#6092=AXIS2_PLACEMENT_3D('',#7168,#7169,#7170);
#6093=CARTESIAN_POINT('',(0.0,7.2997924618,22.5));
#6094=AXIS2_PLACEMENT_3D('',#7171,#7172,#7173);
#6095=CARTESIAN_POINT('',(0.0,7.2997924618,22.5));
#6096=VECTOR('',#7174,1.0);
#6097=COLOUR_RGB('',0.776470601558685,0.800000011920929,0.807843148708344);
#6098=CARTESIAN_POINT('',(2.2,6.49905794641436,11.7500000000281));
#6099=CARTESIAN_POINT('',(2.2,6.49905794641435,11.75));
#6100=VECTOR('',#7175,1.0);
#6101=CARTESIAN_POINT('',(0.0,7.2997924618,11.75));
#6102=CARTESIAN_POINT('',(0.0,7.2997924618,20.0846598386634));
#6103=VECTOR('',#7176,1.0);
#6104=CARTESIAN_POINT('',(0.0,7.2997924618,11.75));
#6105=VECTOR('',#7177,1.0);
#6106=COLOUR_RGB('',0.776470601558685,0.800000011920929,0.807843148708344);
#6107=CARTESIAN_POINT('',(2.2,10.0,8.24905794641435));
#6108=AXIS2_PLACEMENT_3D('',#7178,#7179,#7180);
#6109=CARTESIAN_POINT('',(0.0,10.0,9.0497924618));
#6110=AXIS2_PLACEMENT_3D('',#7181,#7182,#7183);
#6111=CARTESIAN_POINT('',(1.55564450210477E-11,9.99999999990528,9.04979246179434));
#6112=VECTOR('',#7184,1.0);
#6113=COLOUR_RGB('',0.776470601558685,0.800000011920929,0.807843148708344);
#6114=CARTESIAN_POINT('',(0.0,10.0,-9.0497924618));
#6115=CARTESIAN_POINT('',(1.55564450210477E-11,9.99999999990528,-9.04979246179434));
#6116=VECTOR('',#7185,1.0);
#6117=CARTESIAN_POINT('',(0.0,7.2997924618,-11.75));
#6118=AXIS2_PLACEMENT_3D('',#7186,#7187,#7188);
#6119=CARTESIAN_POINT('',(0.0,7.2997924618,-11.75));
#6120=VECTOR('',#7189,1.0);
#6121=COLOUR_RGB('',0.776470601558685,0.800000011920929,0.807843148708344);
#6122=CARTESIAN_POINT('',(0.0,7.2997924618,-22.5));
#6123=CARTESIAN_POINT('',(0.0,7.2997924618,-14.7096598386634));
#6124=VECTOR('',#7190,1.0);
#6125=CARTESIAN_POINT('',(0.0,7.2997924618,-22.5));
#6126=VECTOR('',#7191,1.0);
#6127=COLOUR_RGB('',0.776470601558685,0.800000011920929,0.807843148708344);
#6128=AXIS2_PLACEMENT_3D('',#7192,#7193,#7194);
#6129=COLOUR_RGB('',0.776470601558685,0.800000011920929,0.807843148708344);
#6130=CARTESIAN_POINT('',(0.0,23.0,9.0497924618));
#6131=CARTESIAN_POINT('',(0.0,-19.0,9.0497924618));
#6132=VECTOR('',#7195,1.0);
#6133=CARTESIAN_POINT('',(2.2,23.0,8.2490579464));
#6134=CARTESIAN_POINT('',(2.2,23.0,8.2490579464));
#6135=VECTOR('',#7196,1.0);
#6136=CARTESIAN_POINT('',(2.2,-19.0,8.2490579464));
#6137=VECTOR('',#7197,1.0);
#6138=COLOUR_RGB('',0.776470601558685,0.800000011920929,0.807843148708344);
#6139=CARTESIAN_POINT('',(0.0,-19.0,-9.0497924618));
#6140=CARTESIAN_POINT('',(0.0,-19.0,-9.0497924618));
#6141=VECTOR('',#7198,1.0);
#6142=CARTESIAN_POINT('',(0.0,-19.0,-9.0497924618));
#6143=VECTOR('',#7199,1.0);
#6144=COLOUR_RGB('',0.776470601558685,0.800000011920929,0.807843148708344);
#6145=CARTESIAN_POINT('',(0.0,23.0,-9.0497924618));
#6146=CARTESIAN_POINT('',(0.0,23.0,-9.0497924618));
#6147=VECTOR('',#7200,1.0);
#6148=CARTESIAN_POINT('',(0.0,-19.0,-9.0497924618));
#6149=VECTOR('',#7201,1.0);
#6150=COLOUR_RGB('',0.776470601558685,0.800000011920929,0.807843148708344);
#6151=AXIS2_PLACEMENT_3D('',#7202,#7203,#7204);
#6152=AXIS2_PLACEMENT_3D('',#7205,#7206,#7207);
#6153=COLOUR_RGB('',0.776470601558685,0.800000011920929,0.807843148708344);
#6154=CARTESIAN_POINT('',(6.1,20.0,4.0));
#6155=CARTESIAN_POINT('',(6.1,12.7,4.0));
#6156=CARTESIAN_POINT('',(6.1,-1.325,4.0));
#6157=VECTOR('',#7208,1.0);
#6158=CARTESIAN_POINT('',(7.1,20.0,4.0));
#6159=CARTESIAN_POINT('',(0.0,20.0,4.0));
#6160=VECTOR('',#7209,1.0);
#6161=CARTESIAN_POINT('',(7.1,12.7,4.0));
#6162=CARTESIAN_POINT('',(7.1,-1.325,4.0));
#6163=VECTOR('',#7210,1.0);
#6164=CARTESIAN_POINT('',(0.0,12.7,4.0));
#6165=VECTOR('',#7211,1.0);
#6166=COLOUR_RGB('',0.776470601558685,0.800000011920929,0.807843148708344);
#6167=CARTESIAN_POINT('',(6.1,12.7,-4.0));
#6168=AXIS2_PLACEMENT_3D('',#7212,#7213,#7214);
#6169=CARTESIAN_POINT('',(7.1,12.7,-4.0));
#6170=AXIS2_PLACEMENT_3D('',#7215,#7216,#7217);
#6171=CARTESIAN_POINT('',(0.0,12.7,-4.0));
#6172=VECTOR('',#7218,1.0);
#6173=COLOUR_RGB('',0.776470601558685,0.800000011920929,0.807843148708344);
#6174=CARTESIAN_POINT('',(6.1,20.0,-4.0));
#6175=CARTESIAN_POINT('',(6.1,-1.325,-4.0));
#6176=VECTOR('',#7219,1.0);
#6177=CARTESIAN_POINT('',(7.1,20.0,-4.0));
#6178=CARTESIAN_POINT('',(7.1,-1.325,-4.0));
#6179=VECTOR('',#7220,1.0);
#6180=CARTESIAN_POINT('',(0.0,20.0,-4.0));
#6181=VECTOR('',#7221,1.0);
#6182=COLOUR_RGB('',0.776470601558685,0.800000011920929,0.807843148708344);
#6183=CARTESIAN_POINT('',(6.1,20.0,0.0));
#6184=VECTOR('',#7222,1.0);
#6185=CARTESIAN_POINT('',(7.1,20.0,0.0));
#6186=VECTOR('',#7223,1.0);
#6187=COLOUR_RGB('',0.776470601558685,0.800000011920929,0.807843148708344);
#6188=CARTESIAN_POINT('',(6.1,4.7724292294,-2.25));
#6189=VECTOR('',#7224,1.0);
#6190=CARTESIAN_POINT('',(7.3,2.2724292294,-4.5));
#6191=VECTOR('',#7225,1.0);
#6192=COLOUR_RGB('',0.776470601558685,0.800000011920929,0.807843148708344);
#6193=CARTESIAN_POINT('',(7.3,-13.2724292293,-4.5));
#6194=VECTOR('',#7226,1.0);
#6195=COLOUR_RGB('',0.776470601558685,0.800000011920929,0.807843148708344);
#6196=CARTESIAN_POINT('',(6.1,-15.7724292293,-2.25));
#6197=VECTOR('',#7227,1.0);
#6198=COLOUR_RGB('',0.776470601558685,0.800000011920929,0.807843148708344);
#6199=CARTESIAN_POINT('',(6.1,23.0,-4.5));
#6200=VECTOR('',#7228,1.0);
#6201=COLOUR_RGB('',0.776470601558685,0.800000011920929,0.807843148708344);
#6202=CARTESIAN_POINT('',(2.2,14.1,5.5));
#6203=CARTESIAN_POINT('',(2.2,14.1,8.0));
#6204=CARTESIAN_POINT('',(2.2,14.1,6.5622644866));
#6205=VECTOR('',#7229,1.0);
#6206=CARTESIAN_POINT('',(3.2,14.1,5.5));
#6207=CARTESIAN_POINT('',(5.0,14.1,5.5));
#6208=VECTOR('',#7230,1.0);
#6209=CARTESIAN_POINT('',(3.2,14.1,8.0));
#6210=CARTESIAN_POINT('',(3.2,14.1,11.6354276374869));
#6211=VECTOR('',#7231,1.0);
#6212=CARTESIAN_POINT('',(5.0,14.1,8.0));
#6213=VECTOR('',#7232,1.0);
#6214=COLOUR_RGB('',0.776470601558685,0.800000011920929,0.807843148708344);
#6215=CARTESIAN_POINT('',(2.2,9.3,8.0));
#6216=CARTESIAN_POINT('',(2.2,-3.65,8.0));
#6217=VECTOR('',#7233,1.0);
#6218=CARTESIAN_POINT('',(3.2,9.3,8.0));
#6219=CARTESIAN_POINT('',(3.2,5.85,8.0));
#6220=VECTOR('',#7234,1.0);
#6221=CARTESIAN_POINT('',(5.0,9.3,8.0));
#6222=VECTOR('',#7235,1.0);
#6223=COLOUR_RGB('',0.776470601558685,0.800000011920929,0.807843148708344);
#6224=CARTESIAN_POINT('',(5.0,9.3,-8.0));
#6225=VECTOR('',#7236,1.0);
#6226=CARTESIAN_POINT('',(5.0,14.1,-8.0));
#6227=VECTOR('',#7237,1.0);
#6228=COLOUR_RGB('',0.776470601558685,0.800000011920929,0.807843148708344);
#6229=CARTESIAN_POINT('',(5.0,9.3,-5.5));
#6230=VECTOR('',#7238,1.0);
#6231=COLOUR_RGB('',0.776470601558685,0.800000011920929,0.807843148708344);
#6232=CARTESIAN_POINT('',(5.0,14.1,-5.5));
#6233=VECTOR('',#7239,1.0);
#6234=COLOUR_RGB('',0.776470601558685,0.800000011920929,0.807843148708344);
#6235=CARTESIAN_POINT('',(3.5,5.0,-9.0));
#6236=CARTESIAN_POINT('',(4.7,3.8,-7.8));
#6237=AXIS2_PLACEMENT_3D('',#7240,#7241,#7242);
#6238=CARTESIAN_POINT('',(3.5,5.0,-5.5));
#6239=CARTESIAN_POINT('',(3.5,5.0,-6.375));
#6240=VECTOR('',#7243,1.0);
#6241=CARTESIAN_POINT('',(4.7,3.8,-5.5));
#6242=AXIS2_PLACEMENT_3D('',#7244,#7245,#7246);
#6243=CARTESIAN_POINT('',(4.7,3.8,-6.65));
#6244=VECTOR('',#7247,1.0);
#6245=COLOUR_RGB('',0.776470601558685,0.800000011920929,0.807843148708344);
#6246=CARTESIAN_POINT('',(6.10000000004593,4.51596328094626,-5.5));
#6247=CARTESIAN_POINT('',(6.1,23.0,-5.5));
#6248=CARTESIAN_POINT('',(6.1,-19.0,-5.5));
#6249=VECTOR('',#7248,1.0);
#6250=CARTESIAN_POINT('',(6.20306130782283,4.56543048261096,-5.5));
#6251=CARTESIAN_POINT('',(6.20306130782283,4.56543048261096,-5.5));
#6252=VECTOR('',#7249,1.0);
#6253=CARTESIAN_POINT('',(7.19442332730055,2.5,-5.5));
#6254=CARTESIAN_POINT('',(6.20306130782283,4.56543048261096,-5.5));
#6255=VECTOR('',#7250,1.0);
#6256=CARTESIAN_POINT('',(7.3,2.5,-5.5));
#6257=CARTESIAN_POINT('',(6.8,2.5,-5.5));
#6258=VECTOR('',#7251,1.0);
#6259=CARTESIAN_POINT('',(7.3,-13.5,-5.5));
#6260=CARTESIAN_POINT('',(7.3,2.0,-5.5));
#6261=VECTOR('',#7252,1.0);
#6262=CARTESIAN_POINT('',(7.19442332730055,-13.5,-5.5));
#6263=CARTESIAN_POINT('',(6.8,-13.5,-5.5));
#6264=VECTOR('',#7253,1.0);
#6265=CARTESIAN_POINT('',(6.20306130782283,-15.565430482611,-5.5));
#6266=CARTESIAN_POINT('',(6.20306130782283,-15.565430482611,-5.5));
#6267=VECTOR('',#7254,1.0);
#6268=CARTESIAN_POINT('',(6.10000000004593,-15.5159632809463,-5.5));
#6269=CARTESIAN_POINT('',(4.4,-14.7,-5.5));
#6270=VECTOR('',#7255,1.0);
#6271=CARTESIAN_POINT('',(6.1,-19.0,-5.5));
#6272=CARTESIAN_POINT('',(6.1,-19.0,-5.5));
#6273=VECTOR('',#7256,1.0);
#6274=CARTESIAN_POINT('',(4.7,-19.0,-5.5));
#6275=CARTESIAN_POINT('',(6.1,-19.0,-5.5));
#6276=VECTOR('',#7257,1.0);
#6277=CARTESIAN_POINT('',(4.7,-13.0,-5.5));
#6278=VECTOR('',#7258,1.0);
#6279=CARTESIAN_POINT('',(4.05,5.0,-5.5));
#6280=VECTOR('',#7259,1.0);
#6281=CARTESIAN_POINT('',(6.1,23.0,-5.5));
#6282=VECTOR('',#7260,1.0);
#6283=COLOUR_RGB('',0.776470601558685,0.800000011920929,0.807843148708344);
#6284=CARTESIAN_POINT('',(4.7,-19.0,7.8));
#6285=CARTESIAN_POINT('',(3.5,-19.0,9.0));
#6286=AXIS2_PLACEMENT_3D('',#7261,#7262,#7263);
#6287=CARTESIAN_POINT('',(4.7,9.3,7.8));
#6288=CARTESIAN_POINT('',(4.7,11.075,7.8));
#6289=VECTOR('',#7264,1.0);
#6290=CARTESIAN_POINT('',(3.5,9.3,9.0));
#6291=AXIS2_PLACEMENT_3D('',#7265,#7266,#7267);
#6292=CARTESIAN_POINT('',(3.5,2.0,9.0));
#6293=VECTOR('',#7268,1.0);
#6294=COLOUR_RGB('',0.776470601558685,0.800000011920929,0.807843148708344);
#6295=CARTESIAN_POINT('',(3.2,9.3,9.0));
#6296=CARTESIAN_POINT('',(3.45,9.3,9.0));
#6297=VECTOR('',#7269,1.0);
#6298=CARTESIAN_POINT('',(3.2,23.0,9.0));
#6299=CARTESIAN_POINT('',(3.2,-19.0,9.0));
#6300=VECTOR('',#7270,1.0);
#6301=CARTESIAN_POINT('',(3.0606080646,23.0,9.0));
#6302=CARTESIAN_POINT('',(3.0606080646,23.0,9.0));
#6303=VECTOR('',#7271,1.0);
#6304=CARTESIAN_POINT('',(3.0606080646,7.00926786587994,9.0));
#6305=CARTESIAN_POINT('',(3.0606080646,-19.0,9.0));
#6306=VECTOR('',#7272,1.0);
#6307=AXIS2_PLACEMENT_3D('',#7273,#7274,#7275);
#6308=CARTESIAN_POINT('',(3.0606080646,-7.00926786587994,9.0));
#6309=AXIS2_PLACEMENT_3D('',#7276,#7277,#7278);
#6310=CARTESIAN_POINT('',(3.0606080646,-19.0,9.0));
#6311=CARTESIAN_POINT('',(3.0606080646,-19.0,9.0));
#6312=VECTOR('',#7279,1.0);
#6313=CARTESIAN_POINT('',(3.0606080646,-19.0,9.0));
#6314=VECTOR('',#7280,1.0);
#6315=COLOUR_RGB('',0.776470601558685,0.800000011920929,0.807843148708344);
#6316=CARTESIAN_POINT('',(4.7,9.3,5.5));
#6317=CARTESIAN_POINT('',(4.7,9.3,7.25));
#6318=VECTOR('',#7281,1.0);
#6319=CARTESIAN_POINT('',(2.2,9.3,5.5));
#6320=CARTESIAN_POINT('',(5.0,9.3,5.5));
#6321=VECTOR('',#7282,1.0);
#6322=CARTESIAN_POINT('',(2.2,9.3,6.5622644866));
#6323=VECTOR('',#7283,1.0);
#6324=CARTESIAN_POINT('',(3.2,9.3,11.8854276374869));
#6325=VECTOR('',#7284,1.0);
#6326=COLOUR_RGB('',0.776470601558685,0.800000011920929,0.807843148708344);
#6327=CARTESIAN_POINT('',(4.7,-19.0,-7.8));
#6328=CARTESIAN_POINT('',(4.7,-15.0,-7.8));
#6329=VECTOR('',#7285,1.0);
#6330=CARTESIAN_POINT('',(3.5,-19.0,-9.0));
#6331=AXIS2_PLACEMENT_3D('',#7286,#7287,#7288);
#6332=CARTESIAN_POINT('',(3.5,-7.0,-9.0));
#6333=VECTOR('',#7289,1.0);
#6334=COLOUR_RGB('',0.776470601558685,0.800000011920929,0.807843148708344);
#6335=CARTESIAN_POINT('',(3.0606080646,-19.0,-9.0));
#6336=CARTESIAN_POINT('',(3.2,-19.0,-9.0));
#6337=VECTOR('',#7290,1.0);
#6338=CARTESIAN_POINT('',(3.0606080646,-7.00926786587994,-9.0));
#6339=CARTESIAN_POINT('',(3.0606080646,-19.0,-9.0));
#6340=VECTOR('',#7291,1.0);
#6341=AXIS2_PLACEMENT_3D('',#7292,#7293,#7294);
#6342=CARTESIAN_POINT('',(3.45,5.0,-9.0));
#6343=VECTOR('',#7295,1.0);
#6344=COLOUR_RGB('',0.776470601558685,0.800000011920929,0.807843148708344);
#6345=CARTESIAN_POINT('',(6.1,-19.0,-4.5));
#6346=VECTOR('',#7296,1.0);
#6347=CARTESIAN_POINT('',(0.0,-19.0,-10.75));
#6348=CARTESIAN_POINT('',(0.0,-19.0,-10.75));
#6349=VECTOR('',#7297,1.0);
#6350=CARTESIAN_POINT('',(1.0,-19.0,-10.75));
#6351=CARTESIAN_POINT('',(1.0,-19.0,-10.75));
#6352=VECTOR('',#7298,1.0);
#6353=CARTESIAN_POINT('',(1.0,-19.0,-9.75));
#6354=CARTESIAN_POINT('',(1.0,-19.0,-9.75));
#6355=VECTOR('',#7299,1.0);
#6356=CARTESIAN_POINT('',(3.0606080646,-19.0,-9.0));
#6357=VECTOR('',#7300,1.0);
#6358=CARTESIAN_POINT('',(4.7,-19.0,-7.25));
#6359=VECTOR('',#7301,1.0);
#6360=CARTESIAN_POINT('',(7.1,-19.0,-4.5));
#6361=AXIS2_PLACEMENT_3D('',#7302,#7303,#7304);
#6362=CARTESIAN_POINT('',(7.1,-19.0,4.5));
#6363=CARTESIAN_POINT('',(7.1,-19.0,4.5));
#6364=VECTOR('',#7305,1.0);
#6365=CARTESIAN_POINT('',(6.1,-19.0,5.5));
#6366=AXIS2_PLACEMENT_3D('',#7306,#7307,#7308);
#6367=CARTESIAN_POINT('',(4.7,-19.0,5.5));
#6368=CARTESIAN_POINT('',(3.2,-19.0,5.5));
#6369=VECTOR('',#7309,1.0);
#6370=CARTESIAN_POINT('',(4.7,-19.0,7.25));
#6371=VECTOR('',#7310,1.0);
#6372=CARTESIAN_POINT('',(1.0,-19.0,9.75));
#6373=CARTESIAN_POINT('',(1.0,-19.0,9.75));
#6374=VECTOR('',#7311,1.0);
#6375=CARTESIAN_POINT('',(1.0,-19.0,10.75));
#6376=CARTESIAN_POINT('',(1.0,-19.0,10.75));
#6377=VECTOR('',#7312,1.0);
#6378=CARTESIAN_POINT('',(0.0,-19.0,10.75));
#6379=CARTESIAN_POINT('',(0.0,-19.0,10.75));
#6380=VECTOR('',#7313,1.0);
#6381=CARTESIAN_POINT('',(0.0,-19.0,9.0497924618));
#6382=CARTESIAN_POINT('',(0.0,-19.0,9.0497924618));
#6383=VECTOR('',#7314,1.0);
#6384=CARTESIAN_POINT('',(2.2,-19.0,8.2490579464));
#6385=CARTESIAN_POINT('',(2.2,-19.0,8.2490579464));
#6386=VECTOR('',#7315,1.0);
#6387=CARTESIAN_POINT('',(2.2,-19.0,4.5));
#6388=VECTOR('',#7316,1.0);
#6389=COLOUR_RGB('',0.776470601558685,0.800000011920929,0.807843148708344);
#6390=CARTESIAN_POINT('',(4.7,-11.925,5.5));
#6391=VECTOR('',#7317,1.0);
#6392=COLOUR_RGB('',0.776470601558685,0.800000011920929,0.807843148708344);
#6393=CARTESIAN_POINT('',(2.2,-19.0,8.2490579464));
#6394=VECTOR('',#7318,1.0);
#6395=CARTESIAN_POINT('',(2.2,23.0,4.5));
#6396=VECTOR('',#7319,1.0);
#6397=CARTESIAN_POINT('',(2.2,-3.65,5.5));
#6398=VECTOR('',#7320,1.0);
#6399=COLOUR_RGB('',0.776470601558685,0.800000011920929,0.807843148708344);
#6400=CARTESIAN_POINT('',(3.2,23.0,5.5));
#6401=CARTESIAN_POINT('',(3.2,-19.0,5.5));
#6402=VECTOR('',#7321,1.0);
#6403=CARTESIAN_POINT('',(3.2,23.0,9.0));
#6404=VECTOR('',#7322,1.0);
#6405=COLOUR_RGB('',0.776470601558685,0.800000011920929,0.807843148708344);
#6406=COLOUR_RGB('',0.776470601558685,0.800000011920929,0.807843148708344);
#6407=COLOUR_RGB('',0.776470601558685,0.800000011920929,0.807843148708344);
#6408=CARTESIAN_POINT('',(7.3,2.5,5.4999999999));
#6409=CARTESIAN_POINT('',(8.26660138846037,2.5,4.75628452076143));
#6410=AXIS2_PLACEMENT_3D('',#7323,#7324,#7325);
#6411=CARTESIAN_POINT('',(7.3,-13.5,5.4999999999));
#6412=CARTESIAN_POINT('',(7.3,-21.0,5.4999999999));
#6413=VECTOR('',#7326,1.0);
#6414=CARTESIAN_POINT('',(8.26660138846075,-13.5,4.75628452076012));
#6415=AXIS2_PLACEMENT_3D('',#7327,#7328,#7329);
#6416=CARTESIAN_POINT('',(8.3,-13.5076002391368,4.5));
#6417=AXIS2_PLACEMENT_3D('',#7330,#7331,#7332);
#6418=CARTESIAN_POINT('',(8.3,2.50760023913681,4.5));
#6419=CARTESIAN_POINT('',(8.3,-23.0,4.5));
#6420=VECTOR('',#7333,1.0);
#6421=AXIS2_PLACEMENT_3D('',#7334,#7335,#7336);
#6422=COLOUR_RGB('',0.776470601558685,0.800000011920929,0.807843148708344);
#6423=CARTESIAN_POINT('',(8.3,2.5076002391368,-4.5));
#6424=CARTESIAN_POINT('',(8.26660138974517,2.5,-4.75628451639282));
#6425=AXIS2_PLACEMENT_3D('',#7337,#7338,#7339);
#6426=CARTESIAN_POINT('',(8.3,-13.5076002391368,-4.5));
#6427=CARTESIAN_POINT('',(8.3,-23.0,-4.5));
#6428=VECTOR('',#7340,1.0);
#6429=CARTESIAN_POINT('',(8.26660138974517,-13.5,-4.75628451639282));
#6430=AXIS2_PLACEMENT_3D('',#7341,#7342,#7343);
#6431=AXIS2_PLACEMENT_3D('',#7344,#7345,#7346);
#6432=AXIS2_PLACEMENT_3D('',#7347,#7348,#7349);
#6433=COLOUR_RGB('',0.776470601558685,0.800000011920929,0.807843148708344);
#6434=CARTESIAN_POINT('',(8.3,2.5076002391368,0.0));
#6435=VECTOR('',#7350,1.0);
#6436=CARTESIAN_POINT('',(8.3,-13.5076002391368,0.0));
#6437=VECTOR('',#7351,1.0);
#6438=COLOUR_RGB('',0.776470601558685,0.800000011920929,0.807843148708344);
#6439=CARTESIAN_POINT('',(7.19442332730055,2.5,5.5));
#6440=AXIS2_PLACEMENT_3D('',#7352,#7353,#7354);
#6441=CARTESIAN_POINT('',(6.8,2.5,5.5));
#6442=VECTOR('',#7355,1.0);
#6443=COLOUR_RGB('',0.776470601558685,0.800000011920929,0.807843148708344);
#6444=CARTESIAN_POINT('',(7.10459196173424,4.99814572391644,4.5));
#6445=CARTESIAN_POINT('',(7.10459196173424,4.99814572391644,4.5));
#6446=VECTOR('',#7356,1.0);
#6447=CARTESIAN_POINT('',(6.20306130782283,4.56543048261096,5.5));
#6448=AXIS2_PLACEMENT_3D('',#7357,#7358,#7359);
#6449=CARTESIAN_POINT('',(6.20306130782283,4.56543048261096,5.5));
#6450=VECTOR('',#7360,1.0);
#6451=COLOUR_RGB('',0.776470601558685,0.800000011920929,0.807843148708344);
#6452=CARTESIAN_POINT('',(7.10459196173424,4.99814572391644,-4.5));
#6453=CARTESIAN_POINT('',(7.10459196173424,4.99814572391644,-4.5));
#6454=VECTOR('',#7361,1.0);
#6455=CARTESIAN_POINT('',(7.10459196173424,4.99814572391644,4.5));
#6456=VECTOR('',#7362,1.0);
#6457=COLOUR_RGB('',0.776470601558685,0.800000011920929,0.807843148708344);
#6458=AXIS2_PLACEMENT_3D('',#7363,#7364,#7365);
#6459=AXIS2_PLACEMENT_3D('',#7366,#7367,#7368);
#6460=COLOUR_RGB('',0.776470601558685,0.800000011920929,0.807843148708344);
#6461=COLOUR_RGB('',0.776470601558685,0.800000011920929,0.807843148708344);
#6462=CARTESIAN_POINT('',(7.19442332730055,-13.5,5.5));
#6463=CARTESIAN_POINT('',(6.8,-13.5,5.5));
#6464=VECTOR('',#7369,1.0);
#6465=AXIS2_PLACEMENT_3D('',#7370,#7371,#7372);
#6466=COLOUR_RGB('',0.776470601558685,0.800000011920929,0.807843148708344);
#6467=AXIS2_PLACEMENT_3D('',#7373,#7374,#7375);
#6468=COLOUR_RGB('',0.776470601558685,0.800000011920929,0.807843148708344);
#6469=CARTESIAN_POINT('',(7.10459196173424,-15.9981457239164,-4.5));
#6470=CARTESIAN_POINT('',(7.10459196173424,-15.9981457239164,-4.5));
#6471=VECTOR('',#7376,1.0);
#6472=AXIS2_PLACEMENT_3D('',#7377,#7378,#7379);
#6473=COLOUR_RGB('',0.776470601558685,0.800000011920929,0.807843148708344);
#6474=CARTESIAN_POINT('',(6.20306130782283,-15.565430482611,5.5));
#6475=CARTESIAN_POINT('',(6.20306130782283,-15.565430482611,5.5));
#6476=VECTOR('',#7380,1.0);
#6477=CARTESIAN_POINT('',(7.10459196173424,-15.9981457239164,4.5));
#6478=AXIS2_PLACEMENT_3D('',#7381,#7382,#7383);
#6479=CARTESIAN_POINT('',(7.10459196173424,-15.9981457239164,4.5));
#6480=VECTOR('',#7384,1.0);
#6481=COLOUR_RGB('',0.776470601558685,0.800000011920929,0.807843148708344);
#6482=CARTESIAN_POINT('',(6.10000000004593,-15.5159632809463,5.5));
#6483=CARTESIAN_POINT('',(6.1,-19.0,5.5));
#6484=VECTOR('',#7385,1.0);
#6485=CARTESIAN_POINT('',(6.20306130782283,-15.565430482611,5.5));
#6486=VECTOR('',#7386,1.0);
#6487=CARTESIAN_POINT('',(6.10000000004593,4.51596328094626,5.5));
#6488=CARTESIAN_POINT('',(4.4,3.7,5.5));
#6489=VECTOR('',#7387,1.0);
#6490=CARTESIAN_POINT('',(6.1,23.0,5.5));
#6491=CARTESIAN_POINT('',(6.1,-19.0,5.5));
#6492=VECTOR('',#7388,1.0);
#6493=CARTESIAN_POINT('',(3.2,23.0,5.5));
#6494=VECTOR('',#7389,1.0);
#6495=COLOUR_RGB('',0.776470601558685,0.800000011920929,0.807843148708344);
#6496=CARTESIAN_POINT('',(7.1,4.99594168146788,-4.5));
#6497=AXIS2_PLACEMENT_3D('',#7390,#7391,#7392);
#6498=CARTESIAN_POINT('',(7.1,4.99594168146788,4.5));
#6499=CARTESIAN_POINT('',(7.1,4.99594168146788,0.0));
#6500=VECTOR('',#7393,1.0);
#6501=AXIS2_PLACEMENT_3D('',#7394,#7395,#7396);
#6502=COLOUR_RGB('',0.776470601558685,0.800000011920929,0.807843148708344);
#6503=CARTESIAN_POINT('',(7.1,23.0,-4.5));
#6504=AXIS2_PLACEMENT_3D('',#7397,#7398,#7399);
#6505=CARTESIAN_POINT('',(7.1,-19.0,-4.5));
#6506=VECTOR('',#7400,1.0);
#6507=COLOUR_RGB('',0.776470601558685,0.800000011920929,0.807843148708344);
#6508=CARTESIAN_POINT('',(7.1,23.0,4.5));
#6509=CARTESIAN_POINT('',(7.1,23.0,4.5));
#6510=VECTOR('',#7401,1.0);
#6511=CARTESIAN_POINT('',(7.1,-19.0,4.5));
#6512=VECTOR('',#7402,1.0);
#6513=COLOUR_RGB('',0.776470601558685,0.800000011920929,0.807843148708344);
#6514=AXIS2_PLACEMENT_3D('',#7403,#7404,#7405);
#6515=COLOUR_RGB('',0.776470601558685,0.800000011920929,0.807843148708344);
#6516=CARTESIAN_POINT('',(7.1,-15.9959416814679,4.5));
#6517=AXIS2_PLACEMENT_3D('',#7406,#7407,#7408);
#6518=CARTESIAN_POINT('',(7.1,-15.9959416814679,-4.5));
#6519=CARTESIAN_POINT('',(7.1,-15.9959416814679,0.0));
#6520=VECTOR('',#7409,1.0);
#6521=AXIS2_PLACEMENT_3D('',#7410,#7411,#7412);
#6522=CARTESIAN_POINT('',(7.10459196173424,-15.9981457239164,-4.5));
#6523=VECTOR('',#7413,1.0);
#6524=COLOUR_RGB('',0.776470601558685,0.800000011920929,0.807843148708344);
#6525=COLOUR_RGB('',0.776470601558685,0.800000011920929,0.807843148708344);
#6526=COLOUR_RGB('',0.776470601558685,0.800000011920929,0.807843148708344);
#6527=CARTESIAN_POINT('',(1.0,-9.0,-10.75));
#6528=CARTESIAN_POINT('',(0.0,-9.0,-10.75));
#6529=CARTESIAN_POINT('',(0.25,-9.0,-10.75));
#6530=VECTOR('',#7414,1.0);
#6531=CARTESIAN_POINT('',(1.0,-19.0,-10.75));
#6532=VECTOR('',#7415,1.0);
#6533=CARTESIAN_POINT('',(0.0,-19.0,-10.75));
#6534=VECTOR('',#7416,1.0);
#6535=COLOUR_RGB('',0.776470601558685,0.800000011920929,0.807843148708344);
#6536=CARTESIAN_POINT('',(1.00258827099392,-8.0,-9.7490579464));
#6537=CARTESIAN_POINT('',(1.0,-8.0,-9.75));
#6538=CARTESIAN_POINT('',(0.550970601623429,-8.0,-9.91343333531882));
#6539=VECTOR('',#7417,1.0);
#6540=CARTESIAN_POINT('',(2.5420201433,-7.4396926208,-9.18875056720236));
#6541=CARTESIAN_POINT('',(5.22332472553779,-6.46377756386405,-8.21283551027051));
#6542=VECTOR('',#7418,1.0);
#6543=AXIS2_PLACEMENT_3D('',#7419,#7420,#7421);
#6544=CARTESIAN_POINT('',(1.0,-19.0,-9.75));
#6545=VECTOR('',#7422,1.0);
#6546=COLOUR_RGB('',0.776470601558685,0.800000011920929,0.807843148708344);
#6547=CARTESIAN_POINT('',(3.0606080646,7.00926786587994,-9.0));
#6548=AXIS2_PLACEMENT_3D('',#7423,#7424,#7425);
#6549=CARTESIAN_POINT('',(3.0606080646,23.0,-9.0));
#6550=CARTESIAN_POINT('',(3.0606080646,-19.0,-9.0));
#6551=VECTOR('',#7426,1.0);
#6552=CARTESIAN_POINT('',(3.2,23.0,-9.0));
#6553=VECTOR('',#7427,1.0);
#6554=COLOUR_RGB('',0.776470601558685,0.800000011920929,0.807843148708344);
#6555=CARTESIAN_POINT('',(2.5420201433,7.4396926208,9.18875056720236));
#6556=AXIS2_PLACEMENT_3D('',#7428,#7429,#7430);
#6557=CARTESIAN_POINT('',(1.0,23.0,9.75));
#6558=CARTESIAN_POINT('',(1.0,23.0,9.75));
#6559=VECTOR('',#7431,1.0);
#6560=CARTESIAN_POINT('',(1.0,8.0,9.75));
#6561=CARTESIAN_POINT('',(1.0,-19.0,9.75));
#6562=VECTOR('',#7432,1.0);
#6563=CARTESIAN_POINT('',(1.00258827099392,8.0,9.7490579464));
#6564=CARTESIAN_POINT('',(0.550970601623429,8.0,9.91343333531882));
#6565=VECTOR('',#7433,1.0);
#6566=CARTESIAN_POINT('',(10.6902931916003,4.4739637705457,6.22302171696051));
#6567=VECTOR('',#7434,1.0);
#6568=COLOUR_RGB('',0.776470601558685,0.800000011920929,0.807843148708344);
#6569=CARTESIAN_POINT('',(2.5420201433,-7.4396926208,9.18875056720236));
#6570=AXIS2_PLACEMENT_3D('',#7435,#7436,#7437);
#6571=CARTESIAN_POINT('',(1.00258827099392,-8.0,9.7490579464));
#6572=CARTESIAN_POINT('',(-1.97005483504058,-9.08195360769299,10.8310115540884));
#6573=VECTOR('',#7438,1.0);
#6574=CARTESIAN_POINT('',(1.0,-8.0,9.75));
#6575=CARTESIAN_POINT('',(0.550970601623429,-8.0,9.91343333531882));
#6576=VECTOR('',#7439,1.0);
#6577=CARTESIAN_POINT('',(1.0,-19.0,9.75));
#6578=VECTOR('',#7440,1.0);
#6579=COLOUR_RGB('',0.776470601558685,0.800000011920929,0.807843148708344);
#6580=CARTESIAN_POINT('',(1.0,9.0,10.75));
#6581=CARTESIAN_POINT('',(0.0,9.0,10.75));
#6582=CARTESIAN_POINT('',(0.25,9.0,10.75));
#6583=VECTOR('',#7441,1.0);
#6584=CARTESIAN_POINT('',(1.0,23.0,10.75));
#6585=CARTESIAN_POINT('',(1.0,-19.0,10.75));
#6586=VECTOR('',#7442,1.0);
#6587=CARTESIAN_POINT('',(0.0,23.0,10.75));
#6588=CARTESIAN_POINT('',(0.0,23.0,10.75));
#6589=VECTOR('',#7443,1.0);
#6590=CARTESIAN_POINT('',(0.0,-19.0,10.75));
#6591=VECTOR('',#7444,1.0);
#6592=COLOUR_RGB('',0.776470601558685,0.800000011920929,0.807843148708344);
#6593=CARTESIAN_POINT('',(0.0,-9.0,10.75));
#6594=CARTESIAN_POINT('',(1.0,-9.0,10.75));
#6595=CARTESIAN_POINT('',(0.25,-9.0,10.75));
#6596=VECTOR('',#7445,1.0);
#6597=CARTESIAN_POINT('',(0.0,-19.0,10.75));
#6598=VECTOR('',#7446,1.0);
#6599=CARTESIAN_POINT('',(1.0,-19.0,10.75));
#6600=VECTOR('',#7447,1.0);
#6601=COLOUR_RGB('',0.776470601558685,0.800000011920929,0.807843148708344);
#6602=CARTESIAN_POINT('',(0.0,9.0,-10.75));
#6603=CARTESIAN_POINT('',(1.0,9.0,-10.75));
#6604=CARTESIAN_POINT('',(0.25,9.0,-10.75));
#6605=VECTOR('',#7448,1.0);
#6606=CARTESIAN_POINT('',(0.0,23.0,-10.75));
#6607=CARTESIAN_POINT('',(0.0,-19.0,-10.75));
#6608=VECTOR('',#7449,1.0);
#6609=CARTESIAN_POINT('',(1.0,23.0,-10.75));
#6610=CARTESIAN_POINT('',(1.0,23.0,-10.75));
#6611=VECTOR('',#7450,1.0);
#6612=CARTESIAN_POINT('',(1.0,-19.0,-10.75));
#6613=VECTOR('',#7451,1.0);
#6614=COLOUR_RGB('',0.776470601558685,0.800000011920929,0.807843148708344);
#6615=CARTESIAN_POINT('',(1.0,8.0,-9.75));
#6616=CARTESIAN_POINT('',(1.00258827099392,8.0,-9.7490579464));
#6617=CARTESIAN_POINT('',(0.550970601623429,8.0,-9.91343333531882));
#6618=VECTOR('',#7452,1.0);
#6619=CARTESIAN_POINT('',(1.0,23.0,-9.75));
#6620=CARTESIAN_POINT('',(1.0,-19.0,-9.75));
#6621=VECTOR('',#7453,1.0);
#6622=CARTESIAN_POINT('',(3.0606080646,23.0,-9.0));
#6623=VECTOR('',#7454,1.0);
#6624=CARTESIAN_POINT('',(2.5420201433,7.4396926208,-9.18875056720236));
#6625=AXIS2_PLACEMENT_3D('',#7455,#7456,#7457);
#6626=CARTESIAN_POINT('',(3.49691363102193,7.09213981437464,-8.84119776077846));
#6627=VECTOR('',#7458,1.0);
#6628=COLOUR_RGB('',0.776470601558685,0.800000011920929,0.807843148708344);
#6629=CARTESIAN_POINT('',(7.1,-19.0,-4.5));
#6630=VECTOR('',#7459,1.0);
#6631=COLOUR_RGB('',0.776470601558685,0.800000011920929,0.807843148708344);
#6632=CARTESIAN_POINT('',(7.1,-19.0,4.5));
#6633=VECTOR('',#7460,1.0);
#6634=COLOUR_RGB('',0.776470601558685,0.800000011920929,0.807843148708344);
#6635=COLOUR_RGB('',0.776470601558685,0.800000011920929,0.807843148708344);
#6636=CARTESIAN_POINT('',(0.0,-19.0,9.0497924618));
#6637=VECTOR('',#7461,1.0);
#6638=COLOUR_RGB('',0.776470601558685,0.800000011920929,0.807843148708344);
#6639=CARTESIAN_POINT('',(0.0,23.0,-10.75));
#6640=VECTOR('',#7462,1.0);
#6641=CARTESIAN_POINT('',(0.0,23.0,9.0497924618));
#6642=VECTOR('',#7463,1.0);
#6643=CARTESIAN_POINT('',(1.0,23.0,10.75));
#6644=VECTOR('',#7464,1.0);
#6645=CARTESIAN_POINT('',(1.0,23.0,-9.75));
#6646=VECTOR('',#7465,1.0);
#6647=COLOUR_RGB('',0.776470601558685,0.800000011920929,0.807843148708344);
#6648=CARTESIAN_POINT('',(2.5420201433,7.4396926208,-25.0));
#6649=VECTOR('',#7466,1.0);
#6650=COLOUR_RGB('',0.776470601558685,0.800000011920929,0.807843148708344);
#6651=CARTESIAN_POINT('',(1.00258827099392,8.0,-4.625));
#6652=VECTOR('',#7467,1.0);
#6653=COLOUR_RGB('',0.776470601558685,0.800000011920929,0.807843148708344);
#6654=CARTESIAN_POINT('',(1.0,8.0,16.7096598386634));
#6655=VECTOR('',#7468,1.0);
#6656=COLOUR_RGB('',0.776470601558685,0.800000011920929,0.807843148708344);
#6657=CARTESIAN_POINT('',(0.0,9.0,22.5));
#6658=CARTESIAN_POINT('',(0.0,9.0,22.5));
#6659=VECTOR('',#7469,1.0);
#6660=CARTESIAN_POINT('',(1.0,9.0,22.5));
#6661=CARTESIAN_POINT('',(0.0,9.0,22.5));
#6662=VECTOR('',#7470,1.0);
#6663=CARTESIAN_POINT('',(1.0,9.0,22.5));
#6664=VECTOR('',#7471,1.0);
#6665=COLOUR_RGB('',0.776470601558685,0.800000011920929,0.807843148708344);
#6666=CARTESIAN_POINT('',(0.0,-9.0,22.5));
#6667=CARTESIAN_POINT('',(0.0,-9.0,10.5));
#6668=VECTOR('',#7472,1.0);
#6669=CARTESIAN_POINT('',(0.0,-6.0,25.5));
#6670=AXIS2_PLACEMENT_3D('',#7473,#7474,#7475);
#6671=CARTESIAN_POINT('',(0.0,6.0,25.5));
#6672=CARTESIAN_POINT('',(0.0,-6.0,25.5));
#6673=VECTOR('',#7476,1.0);
#6674=AXIS2_PLACEMENT_3D('',#7477,#7478,#7479);
#6675=COLOUR_RGB('',0.776470601558685,0.800000011920929,0.807843148708344);
#6676=CARTESIAN_POINT('',(1.0,6.0,25.5));
#6677=AXIS2_PLACEMENT_3D('',#7480,#7481,#7482);
#6678=CARTESIAN_POINT('',(0.0,6.0,25.5));
#6679=VECTOR('',#7483,1.0);
#6680=COLOUR_RGB('',0.776470601558685,0.800000011920929,0.807843148708344);
#6681=CARTESIAN_POINT('',(1.0,-6.0,25.5));
#6682=CARTESIAN_POINT('',(1.0,-6.0,25.5));
#6683=VECTOR('',#7484,1.0);
#6684=CARTESIAN_POINT('',(0.0,-6.0,25.5));
#6685=VECTOR('',#7485,1.0);
#6686=COLOUR_RGB('',0.776470601558685,0.800000011920929,0.807843148708344);
#6687=CARTESIAN_POINT('',(1.0,-9.0,22.5));
#6688=AXIS2_PLACEMENT_3D('',#7486,#7487,#7488);
#6689=CARTESIAN_POINT('',(0.0,-9.0,22.5));
#6690=VECTOR('',#7489,1.0);
#6691=COLOUR_RGB('',0.776470601558685,0.800000011920929,0.807843148708344);
#6692=CARTESIAN_POINT('',(1.0,-9.0,10.5));
#6693=VECTOR('',#7490,1.0);
#6694=COLOUR_RGB('',0.776470601558685,0.800000011920929,0.807843148708344);
#6695=CARTESIAN_POINT('',(1.00258827099392,-8.0,20.375));
#6696=VECTOR('',#7491,1.0);
#6697=CARTESIAN_POINT('',(1.0,-8.0,16.7096598386634));
#6698=VECTOR('',#7492,1.0);
#6699=COLOUR_RGB('',0.776470601558685,0.800000011920929,0.807843148708344);
#6700=CARTESIAN_POINT('',(1.0,8.88178419700125E-16,24.5));
#6701=VECTOR('',#7493,1.0);
#6702=COLOUR_RGB('',0.776470601558685,0.800000011920929,0.807843148708344);
#6703=COLOUR_RGB('',0.776470601558685,0.800000011920929,0.807843148708344);
#6704=CARTESIAN_POINT('',(2.5420201433,-7.4396926208,25.0));
#6705=VECTOR('',#7494,1.0);
#6706=COLOUR_RGB('',0.776470601558685,0.800000011920929,0.807843148708344);
#6707=COLOUR_RGB('',0.776470601558685,0.800000011920929,0.807843148708344);
#6708=CARTESIAN_POINT('',(1.0,9.0,-22.5));
#6709=CARTESIAN_POINT('',(1.0,9.0,-10.5));
#6710=VECTOR('',#7495,1.0);
#6711=CARTESIAN_POINT('',(0.0,9.0,-22.5));
#6712=CARTESIAN_POINT('',(0.0,9.0,-22.5));
#6713=VECTOR('',#7496,1.0);
#6714=CARTESIAN_POINT('',(0.0,9.0,-10.5));
#6715=VECTOR('',#7497,1.0);
#6716=COLOUR_RGB('',0.776470601558685,0.800000011920929,0.807843148708344);
#6717=CARTESIAN_POINT('',(1.0,8.0,-22.5));
#6718=CARTESIAN_POINT('',(1.0,8.0,-16.7096598386634));
#6719=VECTOR('',#7498,1.0);
#6720=CARTESIAN_POINT('',(1.0,6.0,-24.5));
#6721=AXIS2_PLACEMENT_3D('',#7499,#7500,#7501);
#6722=CARTESIAN_POINT('',(1.0,-8.88178419700125E-16,-24.5));
#6723=VECTOR('',#7502,1.0);
#6724=CARTESIAN_POINT('',(1.0,-8.0,-22.5));
#6725=VECTOR('',#7503,1.0);
#6726=CARTESIAN_POINT('',(1.0,-9.0,-22.5));
#6727=CARTESIAN_POINT('',(1.0,-9.0,-22.5));
#6728=VECTOR('',#7504,1.0);
#6729=CARTESIAN_POINT('',(1.0,-6.0,-25.5));
#6730=AXIS2_PLACEMENT_3D('',#7505,#7506,#7507);
#6731=CARTESIAN_POINT('',(1.0,6.0,-25.5));
#6732=CARTESIAN_POINT('',(1.0,6.0,-25.5));
#6733=VECTOR('',#7508,1.0);
#6734=AXIS2_PLACEMENT_3D('',#7509,#7510,#7511);
#6735=COLOUR_RGB('',0.776470601558685,0.800000011920929,0.807843148708344);
#6736=CARTESIAN_POINT('',(1.00258827099392,8.0,-22.5));
#6737=CARTESIAN_POINT('',(1.00258827099392,8.0,-20.375));
#6738=VECTOR('',#7512,1.0);
#6739=CARTESIAN_POINT('',(1.0,8.0,-22.5));
#6740=VECTOR('',#7513,1.0);
#6741=COLOUR_RGB('',0.776470601558685,0.800000011920929,0.807843148708344);
#6742=AXIS2_PLACEMENT_3D('',#7514,#7515,#7516);
#6743=CARTESIAN_POINT('',(2.5420201433,7.4396926208,-25.0));
#6744=VECTOR('',#7517,1.0);
#6745=COLOUR_RGB('',0.776470601558685,0.800000011920929,0.807843148708344);
#6746=COLOUR_RGB('',0.776470601558685,0.800000011920929,0.807843148708344);
#6747=CARTESIAN_POINT('',(2.5420201433,-7.4396926208,25.0));
#6748=VECTOR('',#7518,1.0);
#6749=COLOUR_RGB('',0.776470601558685,0.800000011920929,0.807843148708344);
#6750=CARTESIAN_POINT('',(1.00258827099392,-8.0,4.625));
#6751=VECTOR('',#7519,1.0);
#6752=COLOUR_RGB('',0.776470601558685,0.800000011920929,0.807843148708344);
#6753=CARTESIAN_POINT('',(0.0,6.0,-25.5));
#6754=AXIS2_PLACEMENT_3D('',#7520,#7521,#7522);
#6755=CARTESIAN_POINT('',(0.0,-6.0,-25.5));
#6756=CARTESIAN_POINT('',(0.0,6.0,-25.5));
#6757=VECTOR('',#7523,1.0);
#6758=CARTESIAN_POINT('',(0.0,-9.0,-22.5));
#6759=AXIS2_PLACEMENT_3D('',#7524,#7525,#7526);
#6760=CARTESIAN_POINT('',(0.0,-9.0,-22.5));
#6761=VECTOR('',#7527,1.0);
#6762=COLOUR_RGB('',0.776470601558685,0.800000011920929,0.807843148708344);
#6763=CARTESIAN_POINT('',(0.0,-9.0,-22.5));
#6764=VECTOR('',#7528,1.0);
#6765=COLOUR_RGB('',0.776470601558685,0.800000011920929,0.807843148708344);
#6766=CARTESIAN_POINT('',(0.0,-6.0,-25.5));
#6767=VECTOR('',#7529,1.0);
#6768=COLOUR_RGB('',0.776470601558685,0.800000011920929,0.807843148708344);
#6769=CARTESIAN_POINT('',(0.0,6.0,-25.5));
#6770=VECTOR('',#7530,1.0);
#6771=COLOUR_RGB('',0.776470601558685,0.800000011920929,0.807843148708344);
#6772=COLOUR_RGB('',0.776470601558685,0.800000011920929,0.807843148708344);
#6773=COLOUR_RGB('',0.776470601558685,0.800000011920929,0.807843148708344);
#6774=CARTESIAN_POINT('',(1.0,6.0,-24.5));
#6775=VECTOR('',#7531,1.0);
#6776=COLOUR_RGB('',0.776470601558685,0.800000011920929,0.807843148708344);
#6777=COLOUR_RGB('',0.776470601558685,0.800000011920929,0.807843148708344);
#6778=DIRECTION('',(0.0,1.0,0.0));
#6779=CARTESIAN_POINT('',(0.0,0.0,0.0));
#6780=DIRECTION('',(0.0,-1.0,0.0));
#6781=DIRECTION('',(1.0,0.0,0.0));
#6782=DIRECTION('',(-0.0,-1.0,-0.0));
#6783=CARTESIAN_POINT('',(0.0,1.0E-05,0.0));
#6784=DIRECTION('',(-0.0,1.0,0.0));
#6785=DIRECTION('',(1.0,0.0,0.0));
#6786=DIRECTION('',(-1.0,0.0,0.0));
#6787=DIRECTION('',(0.0,1.0,0.0));
#6788=DIRECTION('',(-1.0,0.0,0.0));
#6789=DIRECTION('',(0.0,1.0,0.0));
#6790=DIRECTION('',(-0.0,0.0,1.0));
#6791=DIRECTION('',(0.0,0.0,1.0));
#6792=DIRECTION('',(0.0,1.0,0.0));
#6793=DIRECTION('',(0.0,0.0,-1.0));
#6794=DIRECTION('',(1.0,0.0,0.0));
#6795=DIRECTION('',(1.0,0.0,0.0));
#6796=DIRECTION('',(0.0,1.0,0.0));
#6797=DIRECTION('',(-0.0,-0.0,-1.0));
#6798=DIRECTION('',(1.0,0.0,0.0));
#6799=DIRECTION('',(0.0,-1.0,0.0));
#6800=DIRECTION('',(1.0,0.0,0.0));
#6801=DIRECTION('',(0.0,-1.0,0.0));
#6802=DIRECTION('',(-0.498211203795922,0.0,0.86705570548392));
#6803=DIRECTION('',(0.0,-1.0,0.0));
#6804=DIRECTION('',(0.498211203795922,0.0,-0.86705570548392));
#6805=DIRECTION('',(0.0,-1.0,0.0));
#6806=DIRECTION('',(-1.0,-0.0,-0.0));
#6807=DIRECTION('',(1.0,0.0,0.0));
#6808=DIRECTION('',(0.0,-1.0,0.0));
#6809=DIRECTION('',(-0.493268098504972,-0.0,-0.869877337903045));
#6810=DIRECTION('',(0.493268098504972,0.0,0.869877337903045));
#6811=DIRECTION('',(0.0,-1.0,0.0));
#6812=DIRECTION('',(-1.0,-0.0,-0.0));
#6813=DIRECTION('',(1.0,0.0,0.0));
#6814=DIRECTION('',(0.0,-1.0,0.0));
#6815=DIRECTION('',(-0.488363731644345,0.0,0.872640169608533));
#6816=DIRECTION('',(-0.488363731644345,0.0,0.872640169608533));
#6817=DIRECTION('',(0.0,-1.0,0.0));
#6818=DIRECTION('',(-0.502776457807637,-0.0,-0.864416469923153));
#6819=DIRECTION('',(-0.502776457807637,-0.0,-0.864416469923153));
#6820=DIRECTION('',(0.496720136039451,0.0,0.867910771020241));
#6821=DIRECTION('',(-0.496720136039451,-0.0,-0.867910771020241));
#6822=DIRECTION('',(0.0,-1.0,0.0));
#6823=DIRECTION('',(1.0,0.0,-0.0));
#6824=DIRECTION('',(-1.0,0.0,0.0));
#6825=DIRECTION('',(0.0,-1.0,0.0));
#6826=DIRECTION('',(0.49299662922267,0.0,-0.87003121988529));
#6827=DIRECTION('',(-0.49299662922267,0.0,0.87003121988529));
#6828=DIRECTION('',(0.0,-1.0,0.0));
#6829=DIRECTION('',(-1.0,-0.0,-0.0));
#6830=DIRECTION('',(1.0,0.0,0.0));
#6831=DIRECTION('',(-1.0,0.0,0.0));
#6832=DIRECTION('',(0.0,1.0,0.0));
#6833=DIRECTION('',(-1.0,0.0,0.0));
#6834=DIRECTION('',(0.0,1.0,0.0));
#6835=DIRECTION('',(-0.0,0.0,1.0));
#6836=DIRECTION('',(0.0,0.0,1.0));
#6837=DIRECTION('',(0.0,1.0,0.0));
#6838=DIRECTION('',(0.0,0.0,-1.0));
#6839=DIRECTION('',(1.0,0.0,0.0));
#6840=DIRECTION('',(1.0,0.0,0.0));
#6841=DIRECTION('',(0.0,1.0,0.0));
#6842=DIRECTION('',(-0.0,-0.0,-1.0));
#6843=CARTESIAN_POINT('',(0.0,0.0,0.0));
#6844=DIRECTION('',(0.0,-1.0,0.0));
#6845=DIRECTION('',(1.0,0.0,0.0));
#6846=CARTESIAN_POINT('',(0.0,1.0E-05,0.0));
#6847=DIRECTION('',(-0.0,1.0,0.0));
#6848=DIRECTION('',(1.0,0.0,0.0));
#6849=DIRECTION('',(-1.0,-0.0,-0.0));
#6850=CARTESIAN_POINT('',(8.3,-4.0,0.0));
#6851=DIRECTION('',(-1.0,0.0,0.0));
#6852=DIRECTION('',(0.0,0.0,1.0));
#6853=DIRECTION('',(1.0,0.0,-0.0));
#6854=CARTESIAN_POINT('',(7.3,-4.0,0.0));
#6855=DIRECTION('',(1.0,0.0,-0.0));
#6856=DIRECTION('',(0.0,0.0,1.0));
#6857=CARTESIAN_POINT('',(2.2,-3.6,14.1));
#6858=DIRECTION('',(0.0,0.0,-1.0));
#6859=DIRECTION('',(0.0,1.0,0.0));
#6860=CARTESIAN_POINT('',(3.2,0.0,14.1));
#6861=DIRECTION('',(1.0,0.0,0.0));
#6862=DIRECTION('',(0.0,0.0,-1.0));
#6863=CARTESIAN_POINT('',(2.2,3.6,14.1));
#6864=DIRECTION('',(0.0,0.0,1.0));
#6865=DIRECTION('',(0.0,-1.0,0.0));
#6866=CARTESIAN_POINT('',(2.2,0.0,14.1));
#6867=DIRECTION('',(1.0,0.0,0.0));
#6868=DIRECTION('',(0.0,-1.0,5.12410626750072E-16));
#6869=DIRECTION('',(0.0,0.0,1.0));
#6870=CARTESIAN_POINT('',(3.2,0.0,17.9));
#6871=DIRECTION('',(1.0,0.0,0.0));
#6872=DIRECTION('',(0.0,0.0,-1.0));
#6873=DIRECTION('',(0.0,0.0,-1.0));
#6874=DIRECTION('',(-0.0,1.0,0.0));
#6875=DIRECTION('',(-0.0,0.0,1.0));
#6876=DIRECTION('',(0.0,-1.0,0.0));
#6877=DIRECTION('',(0.0,0.0,-1.0));
#6878=CARTESIAN_POINT('',(2.2,3.6,-14.1));
#6879=DIRECTION('',(0.0,0.0,1.0));
#6880=DIRECTION('',(0.0,-1.0,0.0));
#6881=CARTESIAN_POINT('',(3.2,0.0,-14.1));
#6882=DIRECTION('',(1.0,0.0,0.0));
#6883=DIRECTION('',(0.0,0.0,-1.0));
#6884=CARTESIAN_POINT('',(2.2,-3.6,-14.1));
#6885=DIRECTION('',(0.0,0.0,-1.0));
#6886=DIRECTION('',(0.0,1.0,0.0));
#6887=CARTESIAN_POINT('',(2.2,0.0,-14.1));
#6888=DIRECTION('',(1.0,0.0,0.0));
#6889=DIRECTION('',(0.0,1.0,-5.12410626750072E-16));
#6890=DIRECTION('',(0.0,0.0,-1.0));
#6891=CARTESIAN_POINT('',(3.2,0.0,-17.9));
#6892=DIRECTION('',(1.0,0.0,0.0));
#6893=DIRECTION('',(0.0,0.0,-1.0));
#6894=DIRECTION('',(0.0,0.0,1.0));
#6895=DIRECTION('',(0.0,0.0,-1.0));
#6896=DIRECTION('',(0.0,-1.0,0.0));
#6897=DIRECTION('',(0.0,0.0,1.0));
#6898=DIRECTION('',(0.0,1.0,0.0));
#6899=DIRECTION('',(0.0,0.0,-1.0));
#6900=DIRECTION('',(0.0,-1.0,0.0));
#6901=DIRECTION('',(0.0,0.0,-1.0));
#6902=DIRECTION('',(0.0,1.0,0.0));
#6903=DIRECTION('',(-0.0,0.0,1.0));
#6904=DIRECTION('',(0.0,1.0,0.0));
#6905=DIRECTION('',(0.0,0.0,1.0));
#6906=DIRECTION('',(0.0,1.0,0.0));
#6907=CARTESIAN_POINT('',(2.2,-3.6,17.9));
#6908=DIRECTION('',(0.0,0.0,-1.0));
#6909=DIRECTION('',(0.0,1.0,0.0));
#6910=CARTESIAN_POINT('',(2.2,4.44089209850063E-16,17.9));
#6911=DIRECTION('',(1.0,-0.0,0.0));
#6912=DIRECTION('',(0.0,1.0,-3.41607084500048E-16));
#6913=CARTESIAN_POINT('',(2.2,3.6,17.9));
#6914=DIRECTION('',(0.0,0.0,1.0));
#6915=DIRECTION('',(0.0,-1.0,0.0));
#6916=CARTESIAN_POINT('',(2.2,3.6,-17.9));
#6917=DIRECTION('',(0.0,0.0,1.0));
#6918=DIRECTION('',(0.0,-1.0,0.0));
#6919=CARTESIAN_POINT('',(2.2,-4.44089209850063E-16,-17.9));
#6920=DIRECTION('',(1.0,0.0,-0.0));
#6921=DIRECTION('',(0.0,-1.0,3.41607084500048E-16));
#6922=CARTESIAN_POINT('',(2.2,-3.6,-17.9));
#6923=DIRECTION('',(0.0,0.0,-1.0));
#6924=DIRECTION('',(0.0,1.0,0.0));
#6925=DIRECTION('',(0.0,-0.0,1.0));
#6926=DIRECTION('',(1.0,0.0,0.0));
#6927=DIRECTION('',(0.0,0.0,1.0));
#6928=DIRECTION('',(1.0,0.0,0.0));
#6929=DIRECTION('',(-0.0,-0.0,-1.0));
#6930=DIRECTION('',(1.0,0.0,0.0));
#6931=DIRECTION('',(0.0,0.0,-1.0));
#6932=DIRECTION('',(1.0,0.0,0.0));
#6933=DIRECTION('',(-0.0,-0.0,-1.0));
#6934=DIRECTION('',(1.0,0.0,0.0));
#6935=DIRECTION('',(0.0,0.0,-1.0));
#6936=DIRECTION('',(1.0,0.0,0.0));
#6937=DIRECTION('',(0.0,-0.0,1.0));
#6938=DIRECTION('',(1.0,0.0,0.0));
#6939=DIRECTION('',(0.0,0.0,1.0));
#6940=DIRECTION('',(1.0,0.0,0.0));
#6941=DIRECTION('',(0.0,0.0,-1.0));
#6942=DIRECTION('',(0.0,-1.0,0.0));
#6943=DIRECTION('',(0.0,0.0,1.0));
#6944=DIRECTION('',(-0.0,1.0,0.0));
#6945=DIRECTION('',(0.0,0.0,1.0));
#6946=DIRECTION('',(-1.0,-0.0,-0.0));
#6947=DIRECTION('',(-1.0,0.0,0.0));
#6948=DIRECTION('',(1.0,-0.0,0.0));
#6949=DIRECTION('',(-0.0,-1.0,-0.0));
#6950=DIRECTION('',(0.0,1.0,0.0));
#6951=DIRECTION('',(1.0,0.0,0.0));
#6952=DIRECTION('',(0.0,1.0,0.0));
#6953=DIRECTION('',(0.432731067584771,-0.901523057468274,0.0));
#6954=DIRECTION('',(0.0,-1.0,0.0));
#6955=DIRECTION('',(-0.432731067584771,-0.901523057468274,0.0));
#6956=DIRECTION('',(0.0,1.0,0.0));
#6957=DIRECTION('',(-1.0,0.0,0.0));
#6958=DIRECTION('',(0.0,0.0,1.0));
#6959=DIRECTION('',(-1.0,0.0,0.0));
#6960=DIRECTION('',(0.0,0.0,1.0));
#6961=DIRECTION('',(1.0,0.0,-0.0));
#6962=DIRECTION('',(0.0,0.0,-1.0));
#6963=DIRECTION('',(0.0,-1.0,0.0));
#6964=DIRECTION('',(0.0,1.0,0.0));
#6965=DIRECTION('',(0.0,1.0,-0.0));
#6966=DIRECTION('',(-1.0,0.0,0.0));
#6967=DIRECTION('',(0.0,1.0,0.0));
#6968=DIRECTION('',(-0.0,-0.0,-1.0));
#6969=DIRECTION('',(0.0,1.0,0.0));
#6970=CARTESIAN_POINT('',(2.2,9.99999999990528,-11.7499999999053));
#6971=DIRECTION('',(1.0,0.0,-0.0));
#6972=DIRECTION('',(0.0,3.50803510931186E-11,1.0));
#6973=DIRECTION('',(-0.0,0.0,-1.0));
#6974=CARTESIAN_POINT('',(2.2,6.00000000008899,-22.500000000089));
#6975=DIRECTION('',(-1.0,-0.0,0.0));
#6976=DIRECTION('',(0.0,-6.84635238686129E-11,-1.0));
#6977=DIRECTION('',(0.0,-1.0,0.0));
#6978=CARTESIAN_POINT('',(2.2,-6.00000000008899,-22.500000000089));
#6979=DIRECTION('',(-1.0,0.0,0.0));
#6980=DIRECTION('',(0.0,-1.0,6.84635238686131E-11));
#6981=DIRECTION('',(0.0,0.0,1.0));
#6982=CARTESIAN_POINT('',(2.2,-9.99999999990527,-11.7499999999053));
#6983=DIRECTION('',(1.0,0.0,0.0));
#6984=DIRECTION('',(0.0,1.0,-3.50810089524921E-11));
#6985=DIRECTION('',(0.0,1.0,0.0));
#6986=DIRECTION('',(0.0,0.0,1.0));
#6987=DIRECTION('',(0.0,0.0,1.0));
#6988=DIRECTION('',(-0.0,-1.0,-0.0));
#6989=DIRECTION('',(0.0,0.0,-1.0));
#6990=DIRECTION('',(0.0,1.0,-0.0));
#6991=CARTESIAN_POINT('',(2.2,-8.88178419700125E-16,-14.1));
#6992=DIRECTION('',(1.0,-0.0,0.0));
#6993=DIRECTION('',(0.0,1.0,-1.85037170770859E-16));
#6994=DIRECTION('',(-0.0,-0.0,-1.0));
#6995=CARTESIAN_POINT('',(2.2,0.0,-17.9));
#6996=DIRECTION('',(1.0,0.0,0.0));
#6997=DIRECTION('',(0.0,-1.0,-6.16790569236198E-17));
#6998=DIRECTION('',(0.0,-0.0,1.0));
#6999=DIRECTION('',(1.0,0.0,0.0));
#7000=DIRECTION('',(0.0,1.0,0.0));
#7001=DIRECTION('',(0.432731067584771,0.901523057468274,0.0));
#7002=DIRECTION('',(0.0,1.0,0.0));
#7003=DIRECTION('',(-0.432731067584771,0.901523057468274,0.0));
#7004=DIRECTION('',(0.0,1.0,0.0));
#7005=DIRECTION('',(-1.0,-0.0,-0.0));
#7006=DIRECTION('',(0.939692620785929,-0.0,-0.342020143325613));
#7007=CARTESIAN_POINT('',(2.5420201433,6.5,23.0));
#7008=DIRECTION('',(-1.0,0.0,0.0));
#7009=DIRECTION('',(0.0,0.0,1.0));
#7010=DIRECTION('',(0.939692620785929,-0.342020143325613,-0.0));
#7011=CARTESIAN_POINT('',(2.20000000015569,6.50000000011376,23.0));
#7012=DIRECTION('',(0.0,0.0,1.0));
#7013=DIRECTION('',(1.0,-1.13764997440262E-10,0.0));
#7014=CARTESIAN_POINT('',(2.20000000015569,6.5,23.0000000001138));
#7015=DIRECTION('',(0.0,-1.0,0.0));
#7016=DIRECTION('',(1.0,0.0,-1.13764997440262E-10));
#7017=CARTESIAN_POINT('',(6.49754310990418,6.0,22.5));
#7018=DIRECTION('',(-0.342020143325613,4.21572374793224E-33,-0.939692620785929));
#7019=DIRECTION('',(-0.939692620785929,7.59437276011383E-17,0.342020143325613));
#7020=DIRECTION('',(0.0,1.0,-0.0));
#7021=CARTESIAN_POINT('',(6.49754310990418,-6.0,22.5));
#7022=DIRECTION('',(-0.342020143325613,0.0,-0.939692620785929));
#7023=DIRECTION('',(-0.939692620785929,0.0,0.342020143325613));
#7024=DIRECTION('',(-0.939692620785929,0.0,0.342020143325613));
#7025=DIRECTION('',(0.0,-1.0,0.0));
#7026=CARTESIAN_POINT('',(6.49754310990418,6.0,22.5));
#7027=DIRECTION('',(-0.342020143325613,-0.939692620785929,-4.21572374793224E-33));
#7028=DIRECTION('',(-0.939692620785929,0.342020143325613,-7.59437276011383E-17));
#7029=DIRECTION('',(1.0,0.0,0.0));
#7030=CARTESIAN_POINT('',(1.0,6.0,22.5));
#7031=DIRECTION('',(-1.0,0.0,-0.0));
#7032=DIRECTION('',(0.0,1.0,-2.22044604925031E-16));
#7033=DIRECTION('',(1.0,0.0,0.0));
#7034=DIRECTION('',(0.939692620785929,-0.0,0.342020143325613));
#7035=CARTESIAN_POINT('',(2.5420201433,-6.5,-23.0));
#7036=DIRECTION('',(-1.0,0.0,0.0));
#7037=DIRECTION('',(0.0,0.0,-1.0));
#7038=DIRECTION('',(0.939692620785929,0.342020143325613,-0.0));
#7039=CARTESIAN_POINT('',(2.20000000015569,-6.50000000011376,-23.0));
#7040=DIRECTION('',(0.0,0.0,-1.0));
#7041=DIRECTION('',(1.0,1.13764997440262E-10,0.0));
#7042=CARTESIAN_POINT('',(2.20000000015569,-6.5,-23.0000000001138));
#7043=DIRECTION('',(-0.0,1.0,0.0));
#7044=DIRECTION('',(1.0,0.0,1.13764997440262E-10));
#7045=CARTESIAN_POINT('',(6.49754310990418,-6.0,-22.5));
#7046=DIRECTION('',(-0.342020143325613,-4.21572374793224E-33,0.939692620785929));
#7047=DIRECTION('',(-0.939692620785929,-7.59437276011383E-17,-0.342020143325613));
#7048=DIRECTION('',(-0.0,-1.0,-0.0));
#7049=CARTESIAN_POINT('',(6.49754310990418,6.0,-22.5));
#7050=DIRECTION('',(-0.342020143325613,0.0,0.939692620785929));
#7051=DIRECTION('',(-0.939692620785929,0.0,-0.342020143325613));
#7052=DIRECTION('',(-0.939692620785929,0.0,-0.342020143325613));
#7053=DIRECTION('',(0.0,1.0,0.0));
#7054=CARTESIAN_POINT('',(6.49754310990418,-6.0,-22.5));
#7055=DIRECTION('',(-0.342020143325613,0.939692620785929,4.21572374793224E-33));
#7056=DIRECTION('',(-0.939692620785929,-0.342020143325613,7.59437276011383E-17));
#7057=DIRECTION('',(1.0,0.0,0.0));
#7058=CARTESIAN_POINT('',(1.0,-6.0,-22.5));
#7059=DIRECTION('',(-1.0,-0.0,0.0));
#7060=DIRECTION('',(0.0,-1.0,2.22044604925031E-16));
#7061=DIRECTION('',(1.0,0.0,0.0));
#7062=DIRECTION('',(-0.939692620785929,-0.342020143325613,0.0));
#7063=CARTESIAN_POINT('',(2.5420201433,-6.5,23.0));
#7064=DIRECTION('',(1.0,0.0,-0.0));
#7065=DIRECTION('',(0.0,0.0,1.0));
#7066=CARTESIAN_POINT('',(2.20000000015569,-6.50000000011376,23.0));
#7067=DIRECTION('',(0.0,0.0,-1.0));
#7068=DIRECTION('',(1.0,1.13764997440262E-10,0.0));
#7069=CARTESIAN_POINT('',(2.20000000015569,-6.5,23.0000000001138));
#7070=DIRECTION('',(0.0,-1.0,0.0));
#7071=DIRECTION('',(1.0,0.0,-1.13764997440262E-10));
#7072=DIRECTION('',(1.0,0.0,0.0));
#7073=CARTESIAN_POINT('',(1.0,-6.0,22.5));
#7074=DIRECTION('',(-1.0,0.0,0.0));
#7075=DIRECTION('',(0.0,0.0,1.0));
#7076=DIRECTION('',(1.0,0.0,0.0));
#7077=CARTESIAN_POINT('',(6.49754310990418,-6.0,22.5));
#7078=DIRECTION('',(-0.342020143325613,0.939692620785929,0.0));
#7079=DIRECTION('',(-0.939692620785929,-0.342020143325613,0.0));
#7080=CARTESIAN_POINT('',(2.20000000015569,6.50000000011376,-23.0));
#7081=DIRECTION('',(0.0,0.0,1.0));
#7082=DIRECTION('',(1.0,-1.13764997440262E-10,0.0));
#7083=CARTESIAN_POINT('',(2.20000000015569,6.5,-23.0000000001138));
#7084=DIRECTION('',(-0.0,1.0,0.0));
#7085=DIRECTION('',(1.0,0.0,1.13764997440262E-10));
#7086=CARTESIAN_POINT('',(2.5420201433,6.5,-23.0));
#7087=DIRECTION('',(1.0,0.0,0.0));
#7088=DIRECTION('',(0.0,0.0,-1.0));
#7089=DIRECTION('',(-0.939692620785929,0.342020143325613,0.0));
#7090=CARTESIAN_POINT('',(0.0,4.44089209850063E-16,17.9));
#7091=DIRECTION('',(1.0,0.0,0.0));
#7092=DIRECTION('',(0.0,1.0,-3.41607084500048E-16));
#7093=CARTESIAN_POINT('',(0.0,-4.44089209850063E-16,14.1));
#7094=DIRECTION('',(1.0,0.0,0.0));
#7095=DIRECTION('',(0.0,-1.0,5.12410626750072E-16));
#7096=CARTESIAN_POINT('',(0.0,-4.44089209850063E-16,-17.9));
#7097=DIRECTION('',(1.0,0.0,0.0));
#7098=DIRECTION('',(0.0,-1.0,3.41607084500048E-16));
#7099=CARTESIAN_POINT('',(0.0,4.44089209850063E-16,-14.1));
#7100=DIRECTION('',(1.0,0.0,0.0));
#7101=DIRECTION('',(0.0,1.0,-5.12410626750072E-16));
#7102=CARTESIAN_POINT('',(2.2,8.88178419700125E-16,14.1));
#7103=DIRECTION('',(1.0,0.0,-0.0));
#7104=DIRECTION('',(0.0,-1.0,1.85037170770859E-16));
#7105=DIRECTION('',(1.0,0.0,0.0));
#7106=CARTESIAN_POINT('',(0.0,8.88178419700125E-16,14.1));
#7107=DIRECTION('',(1.0,0.0,0.0));
#7108=DIRECTION('',(0.0,-1.0,1.85037170770859E-16));
#7109=DIRECTION('',(1.0,0.0,0.0));
#7110=DIRECTION('',(-0.0,-0.0,-1.0));
#7111=DIRECTION('',(1.0,0.0,0.0));
#7112=DIRECTION('',(0.0,0.0,1.0));
#7113=CARTESIAN_POINT('',(2.2,0.0,17.9));
#7114=DIRECTION('',(1.0,0.0,-0.0));
#7115=DIRECTION('',(0.0,1.0,6.16790569236198E-17));
#7116=DIRECTION('',(1.0,0.0,0.0));
#7117=CARTESIAN_POINT('',(0.0,0.0,17.9));
#7118=DIRECTION('',(1.0,0.0,-0.0));
#7119=DIRECTION('',(0.0,1.0,6.16790569236198E-17));
#7120=DIRECTION('',(0.0,-0.0,1.0));
#7121=DIRECTION('',(0.0,0.0,-1.0));
#7122=DIRECTION('',(1.0,0.0,0.0));
#7123=CARTESIAN_POINT('',(0.0,-8.88178419700125E-16,-14.1));
#7124=DIRECTION('',(1.0,0.0,0.0));
#7125=DIRECTION('',(0.0,1.0,-1.85037170770859E-16));
#7126=DIRECTION('',(1.0,0.0,0.0));
#7127=DIRECTION('',(1.0,0.0,0.0));
#7128=DIRECTION('',(0.0,0.0,-1.0));
#7129=DIRECTION('',(1.0,0.0,0.0));
#7130=CARTESIAN_POINT('',(0.0,0.0,-17.9));
#7131=DIRECTION('',(1.0,0.0,0.0));
#7132=DIRECTION('',(0.0,-1.0,-6.16790569236198E-17));
#7133=DIRECTION('',(0.0,0.0,1.0));
#7134=DIRECTION('',(0.939692620785908,0.0,0.342020143325669));
#7135=DIRECTION('',(-0.0,1.0,0.0));
#7136=DIRECTION('',(0.939692620785908,-2.34162537139833E-11,0.342020143325669));
#7137=CARTESIAN_POINT('',(0.0,-6.00000000008899,-22.500000000089));
#7138=DIRECTION('',(1.0,0.0,0.0));
#7139=DIRECTION('',(0.0,-1.0,6.84635238686131E-11));
#7140=DIRECTION('',(0.939692620785908,0.342020143325669,0.0));
#7141=DIRECTION('',(0.0,0.0,-1.0));
#7142=DIRECTION('',(0.939692620785908,0.342020143325669,-1.1998724523133E-11));
#7143=CARTESIAN_POINT('',(0.0,-9.99999999990527,-11.7499999999053));
#7144=DIRECTION('',(-1.0,0.0,-0.0));
#7145=DIRECTION('',(0.0,1.0,-3.50810089524921E-11));
#7146=DIRECTION('',(-0.939692620783938,-0.0,-0.342020143331082));
#7147=CARTESIAN_POINT('',(2.2,-9.99999999990528,11.7499999999053));
#7148=DIRECTION('',(1.0,0.0,0.0));
#7149=DIRECTION('',(0.0,-3.5079693233745E-11,-1.0));
#7150=DIRECTION('',(-0.939692620783938,-0.0,0.342020143331082));
#7151=CARTESIAN_POINT('',(0.0,-9.99999999990528,11.7499999999053));
#7152=DIRECTION('',(-1.0,-0.0,0.0));
#7153=DIRECTION('',(0.0,-3.5079693233745E-11,-1.0));
#7154=DIRECTION('',(0.939692620785908,0.342020143325669,0.0));
#7155=DIRECTION('',(0.0,0.0,1.0));
#7156=DIRECTION('',(0.0,0.0,-1.0));
#7157=DIRECTION('',(0.939692620785908,0.342020143325669,2.34162537139833E-11));
#7158=CARTESIAN_POINT('',(2.2,-6.00000000008899,22.500000000089));
#7159=DIRECTION('',(-1.0,0.0,0.0));
#7160=DIRECTION('',(0.0,6.84635238686131E-11,1.0));
#7161=CARTESIAN_POINT('',(0.0,-6.00000000008899,22.500000000089));
#7162=DIRECTION('',(1.0,0.0,-0.0));
#7163=DIRECTION('',(0.0,6.84635238686131E-11,1.0));
#7164=DIRECTION('',(0.939692620785908,0.0,-0.342020143325669));
#7165=DIRECTION('',(-0.0,1.0,0.0));
#7166=DIRECTION('',(0.0,-1.0,0.0));
#7167=DIRECTION('',(0.939692620785908,2.34147362326979E-11,-0.342020143325669));
#7168=CARTESIAN_POINT('',(2.2,6.00000000008898,22.500000000089));
#7169=DIRECTION('',(-1.0,0.0,0.0));
#7170=DIRECTION('',(0.0,1.0,-6.84607905755806E-11));
#7171=CARTESIAN_POINT('',(0.0,6.00000000008898,22.500000000089));
#7172=DIRECTION('',(1.0,0.0,0.0));
#7173=DIRECTION('',(0.0,1.0,-6.84607905755806E-11));
#7174=DIRECTION('',(0.939692620785908,-0.342020143325669,0.0));
#7175=DIRECTION('',(-0.0,0.0,-1.0));
#7176=DIRECTION('',(0.0,0.0,1.0));
#7177=DIRECTION('',(0.939692620785909,-0.342020143325668,1.19979657824904E-11));
#7178=CARTESIAN_POINT('',(2.2,9.99999999990528,11.7499999999053));
#7179=DIRECTION('',(1.0,0.0,0.0));
#7180=DIRECTION('',(0.0,-1.0,3.50803510931186E-11));
#7181=CARTESIAN_POINT('',(0.0,9.99999999990528,11.7499999999053));
#7182=DIRECTION('',(-1.0,-0.0,0.0));
#7183=DIRECTION('',(0.0,-1.0,3.50803510931186E-11));
#7184=DIRECTION('',(-0.939692620783938,-0.0,0.342020143331082));
#7185=DIRECTION('',(-0.939692620783938,-0.0,-0.342020143331082));
#7186=CARTESIAN_POINT('',(0.0,9.99999999990528,-11.7499999999053));
#7187=DIRECTION('',(-1.0,0.0,0.0));
#7188=DIRECTION('',(0.0,3.50803510931186E-11,1.0));
#7189=DIRECTION('',(0.939692620785908,-0.342020143325669,0.0));
#7190=DIRECTION('',(0.0,0.0,1.0));
#7191=DIRECTION('',(0.939692620785908,-0.342020143325669,-2.34162537139833E-11));
#7192=CARTESIAN_POINT('',(0.0,6.00000000008899,-22.500000000089));
#7193=DIRECTION('',(1.0,0.0,0.0));
#7194=DIRECTION('',(0.0,-6.84635238686129E-11,-1.0));
#7195=DIRECTION('',(0.0,1.0,0.0));
#7196=DIRECTION('',(0.939692620783938,0.0,-0.342020143331082));
#7197=DIRECTION('',(0.0,1.0,0.0));
#7198=DIRECTION('',(0.0,1.0,0.0));
#7199=DIRECTION('',(0.939692620783938,0.0,0.342020143331082));
#7200=DIRECTION('',(-0.939692620783938,-0.0,-0.342020143331082));
#7201=DIRECTION('',(0.0,1.0,0.0));
#7202=CARTESIAN_POINT('',(7.3,-4.0,0.0));
#7203=DIRECTION('',(1.0,0.0,-0.0));
#7204=DIRECTION('',(0.0,0.0,1.0));
#7205=CARTESIAN_POINT('',(8.3,-4.0,0.0));
#7206=DIRECTION('',(-1.0,0.0,0.0));
#7207=DIRECTION('',(0.0,0.0,1.0));
#7208=DIRECTION('',(0.0,-1.0,0.0));
#7209=DIRECTION('',(1.0,0.0,0.0));
#7210=DIRECTION('',(0.0,1.0,0.0));
#7211=DIRECTION('',(1.0,0.0,0.0));
#7212=CARTESIAN_POINT('',(6.1,14.312962962963,0.0));
#7213=DIRECTION('',(1.0,0.0,-0.0));
#7214=DIRECTION('',(0.0,-0.373980249033921,0.927436668097896));
#7215=CARTESIAN_POINT('',(7.1,14.312962962963,0.0));
#7216=DIRECTION('',(-1.0,-0.0,0.0));
#7217=DIRECTION('',(0.0,-0.373980249033921,0.927436668097896));
#7218=DIRECTION('',(1.0,0.0,0.0));
#7219=DIRECTION('',(0.0,1.0,0.0));
#7220=DIRECTION('',(0.0,-1.0,0.0));
#7221=DIRECTION('',(1.0,0.0,0.0));
#7222=DIRECTION('',(0.0,-0.0,1.0));
#7223=DIRECTION('',(0.0,0.0,-1.0));
#7224=DIRECTION('',(0.0,-0.0,1.0));
#7225=DIRECTION('',(0.0,0.0,1.0));
#7226=DIRECTION('',(0.0,0.0,1.0));
#7227=DIRECTION('',(-0.0,-0.0,-1.0));
#7228=DIRECTION('',(-0.0,-0.0,-1.0));
#7229=DIRECTION('',(0.0,0.0,1.0));
#7230=DIRECTION('',(-1.0,0.0,0.0));
#7231=DIRECTION('',(0.0,0.0,-1.0));
#7232=DIRECTION('',(-1.0,0.0,0.0));
#7233=DIRECTION('',(-0.0,-1.0,-0.0));
#7234=DIRECTION('',(-0.0,1.0,0.0));
#7235=DIRECTION('',(-1.0,0.0,0.0));
#7236=DIRECTION('',(-1.0,0.0,0.0));
#7237=DIRECTION('',(-1.0,0.0,0.0));
#7238=DIRECTION('',(-1.0,0.0,0.0));
#7239=DIRECTION('',(-1.0,0.0,0.0));
#7240=CARTESIAN_POINT('',(3.5,3.8,-7.8));
#7241=DIRECTION('',(0.0,-0.707106781186548,-0.707106781186548));
#7242=DIRECTION('',(2.61682076447296E-16,0.707106781186547,-0.707106781186547));
#7243=DIRECTION('',(-0.0,-0.0,-1.0));
#7244=CARTESIAN_POINT('',(3.5,3.8,-5.5));
#7245=DIRECTION('',(0.0,0.0,-1.0));
#7246=DIRECTION('',(3.70074341541719E-16,1.0,0.0));
#7247=DIRECTION('',(0.0,0.0,1.0));
#7248=DIRECTION('',(0.0,1.0,0.0));
#7249=DIRECTION('',(-0.901530653911414,-0.432715241305479,0.0));
#7250=DIRECTION('',(0.432715241305479,-0.901530653911414,0.0));
#7251=DIRECTION('',(-1.0,0.0,0.0));
#7252=DIRECTION('',(0.0,-1.0,-0.0));
#7253=DIRECTION('',(-1.0,0.0,0.0));
#7254=DIRECTION('',(0.432715241305479,0.901530653911414,0.0));
#7255=DIRECTION('',(0.901530653911414,-0.432715241305479,0.0));
#7256=DIRECTION('',(0.0,1.0,0.0));
#7257=DIRECTION('',(-1.0,0.0,0.0));
#7258=DIRECTION('',(-0.0,1.0,0.0));
#7259=DIRECTION('',(-1.0,-0.0,-0.0));
#7260=DIRECTION('',(1.0,0.0,0.0));
#7261=CARTESIAN_POINT('',(3.5,-19.0,7.8));
#7262=DIRECTION('',(0.0,-1.0,0.0));
#7263=DIRECTION('',(1.0,0.0,3.70074341541719E-16));
#7264=DIRECTION('',(0.0,-1.0,0.0));
#7265=CARTESIAN_POINT('',(3.5,9.3,7.8));
#7266=DIRECTION('',(-0.0,1.0,0.0));
#7267=DIRECTION('',(1.0,0.0,3.70074341541719E-16));
#7268=DIRECTION('',(0.0,1.0,0.0));
#7269=DIRECTION('',(-1.0,0.0,0.0));
#7270=DIRECTION('',(0.0,1.0,0.0));
#7271=DIRECTION('',(-1.0,-0.0,-0.0));
#7272=DIRECTION('',(0.0,1.0,0.0));
#7273=CARTESIAN_POINT('',(2.20000000015569,6.50000000011376,9.0));
#7274=DIRECTION('',(0.0,0.0,-1.0));
#7275=DIRECTION('',(1.0,-1.13764824661982E-10,0.0));
#7276=CARTESIAN_POINT('',(2.20000000015569,-6.50000000011376,9.0));
#7277=DIRECTION('',(0.0,0.0,-1.0));
#7278=DIRECTION('',(1.0,1.13764824661982E-10,0.0));
#7279=DIRECTION('',(0.0,1.0,0.0));
#7280=DIRECTION('',(1.0,0.0,0.0));
#7281=DIRECTION('',(0.0,0.0,1.0));
#7282=DIRECTION('',(-1.0,0.0,0.0));
#7283=DIRECTION('',(0.0,0.0,-1.0));
#7284=DIRECTION('',(0.0,0.0,-1.0));
#7285=DIRECTION('',(0.0,1.0,0.0));
#7286=CARTESIAN_POINT('',(3.5,-19.0,-7.8));
#7287=DIRECTION('',(0.0,-1.0,-0.0));
#7288=DIRECTION('',(1.0,0.0,-3.70074341541719E-16));
#7289=DIRECTION('',(0.0,-1.0,-0.0));
#7290=DIRECTION('',(-1.0,0.0,0.0));
#7291=DIRECTION('',(0.0,1.0,0.0));
#7292=CARTESIAN_POINT('',(2.20000000015569,-6.50000000011376,-9.0));
#7293=DIRECTION('',(0.0,-0.0,1.0));
#7294=DIRECTION('',(1.0,1.13764824661982E-10,0.0));
#7295=DIRECTION('',(-1.0,0.0,0.0));
#7296=DIRECTION('',(0.0,0.0,1.0));
#7297=DIRECTION('',(0.0,0.0,1.0));
#7298=DIRECTION('',(-1.0,0.0,0.0));
#7299=DIRECTION('',(0.0,0.0,-1.0));
#7300=DIRECTION('',(-0.93969262078639,0.0,-0.342020143324345));
#7301=DIRECTION('',(0.0,0.0,-1.0));
#7302=CARTESIAN_POINT('',(6.10000000004593,-19.0,-4.50000000004593));
#7303=DIRECTION('',(-0.0,1.0,0.0));
#7304=DIRECTION('',(1.0,0.0,4.59285942632226E-11));
#7305=DIRECTION('',(0.0,0.0,-1.0));
#7306=CARTESIAN_POINT('',(6.10000000004593,-19.0,4.50000000004593));
#7307=DIRECTION('',(0.0,1.0,0.0));
#7308=DIRECTION('',(-4.59285942632226E-11,0.0,1.0));
#7309=DIRECTION('',(1.0,0.0,0.0));
#7310=DIRECTION('',(0.0,0.0,-1.0));
#7311=DIRECTION('',(0.93969262078639,0.0,-0.342020143324345));
#7312=DIRECTION('',(0.0,0.0,-1.0));
#7313=DIRECTION('',(1.0,0.0,0.0));
#7314=DIRECTION('',(0.0,0.0,1.0));
#7315=DIRECTION('',(-0.939692620783938,0.0,0.342020143331082));
#7316=DIRECTION('',(0.0,0.0,1.0));
#7317=DIRECTION('',(0.0,-1.0,0.0));
#7318=DIRECTION('',(0.0,1.0,0.0));
#7319=DIRECTION('',(-0.0,-0.0,-1.0));
#7320=DIRECTION('',(0.0,1.0,-0.0));
#7321=DIRECTION('',(0.0,1.0,0.0));
#7322=DIRECTION('',(0.0,0.0,1.0));
#7323=CARTESIAN_POINT('',(7.2999999999,2.5,4.4999999999));
#7324=DIRECTION('',(-0.0,1.0,0.0));
#7325=DIRECTION('',(9.99984539618028E-11,0.0,1.0));
#7326=DIRECTION('',(0.0,1.0,-0.0));
#7327=CARTESIAN_POINT('',(7.2999999999,-13.5,4.4999999999));
#7328=DIRECTION('',(0.0,-1.0,0.0));
#7329=DIRECTION('',(9.99984539618028E-11,0.0,1.0));
#7330=CARTESIAN_POINT('',(7.2999999999,-13.2800387007418,4.4999999999));
#7331=DIRECTION('',(-0.221888875440611,-0.975071959885885,3.15062742602223E-27));
#7332=DIRECTION('',(0.975071959885885,-0.221888875440611,-9.75056884900935E-11));
#7333=DIRECTION('',(0.0,1.0,0.0));
#7334=CARTESIAN_POINT('',(7.2999999999,2.2800387007418,4.4999999999));
#7335=DIRECTION('',(-0.221888875440616,0.975071959885884,0.0));
#7336=DIRECTION('',(0.975071959885884,0.221888875440616,-9.75056884900934E-11));
#7337=CARTESIAN_POINT('',(7.3,2.28003870053346,-4.5));
#7338=DIRECTION('',(-0.221888875440614,0.975071959885884,0.0));
#7339=DIRECTION('',(0.975071959885884,0.221888875440614,0.0));
#7340=DIRECTION('',(0.0,1.0,0.0));
#7341=CARTESIAN_POINT('',(7.3,-13.2800387005335,-4.5));
#7342=DIRECTION('',(-0.221888875440604,-0.975071959885887,0.0));
#7343=DIRECTION('',(0.975071959885887,-0.221888875440604,0.0));
#7344=CARTESIAN_POINT('',(7.3,-13.5,-4.5));
#7345=DIRECTION('',(0.0,-1.0,0.0));
#7346=DIRECTION('',(1.0,0.0,0.0));
#7347=CARTESIAN_POINT('',(7.3,2.5,-4.5));
#7348=DIRECTION('',(-0.0,1.0,0.0));
#7349=DIRECTION('',(1.0,0.0,0.0));
#7350=DIRECTION('',(0.0,0.0,-1.0));
#7351=DIRECTION('',(0.0,0.0,1.0));
#7352=CARTESIAN_POINT('',(7.19442332730055,2.5,4.5));
#7353=DIRECTION('',(-0.0,1.0,0.0));
#7354=DIRECTION('',(1.0,0.0,1.00090008937782E-15));
#7355=DIRECTION('',(-1.0,0.0,0.0));
#7356=DIRECTION('',(0.432715241305479,-0.901530653911414,0.0));
#7357=CARTESIAN_POINT('',(6.20306130782283,4.56543048261096,4.5));
#7358=DIRECTION('',(0.432715241305479,-0.901530653911414,0.0));
#7359=DIRECTION('',(0.901530653911414,0.432715241305479,1.11022302462515E-15));
#7360=DIRECTION('',(0.432715241305479,-0.901530653911414,0.0));
#7361=DIRECTION('',(0.432715241305479,-0.901530653911414,0.0));
#7362=DIRECTION('',(0.0,0.0,-1.0));
#7363=CARTESIAN_POINT('',(7.19442332730055,2.5,-4.5));
#7364=DIRECTION('',(-0.0,1.0,0.0));
#7365=DIRECTION('',(1.0,0.0,1.00090008937782E-15));
#7366=CARTESIAN_POINT('',(6.20306130782283,4.56543048261096,-4.5));
#7367=DIRECTION('',(0.432715241305479,-0.901530653911414,4.93038065763131E-32));
#7368=DIRECTION('',(1.00090008937782E-15,4.80410424003572E-16,-1.0));
#7369=DIRECTION('',(-1.0,0.0,0.0));
#7370=CARTESIAN_POINT('',(7.19442332730055,-13.5,4.5));
#7371=DIRECTION('',(0.0,-1.0,-0.0));
#7372=DIRECTION('',(1.0,0.0,-1.00090008937782E-15));
#7373=CARTESIAN_POINT('',(7.19442332730055,-13.5,-4.5));
#7374=DIRECTION('',(0.0,-1.0,-0.0));
#7375=DIRECTION('',(1.0,0.0,-1.00090008937782E-15));
#7376=DIRECTION('',(0.432715241305479,0.901530653911414,0.0));
#7377=CARTESIAN_POINT('',(6.20306130782283,-15.565430482611,-4.5));
#7378=DIRECTION('',(0.432715241305479,0.901530653911414,0.0));
#7379=DIRECTION('',(0.901530653911414,-0.432715241305479,-1.11022302462515E-15));
#7380=DIRECTION('',(0.432715241305479,0.901530653911414,0.0));
#7381=CARTESIAN_POINT('',(6.20306130782283,-15.565430482611,4.5));
#7382=DIRECTION('',(0.432715241305479,0.901530653911414,-4.93038065763131E-32));
#7383=DIRECTION('',(1.00090008937782E-15,-4.80410424003572E-16,1.0));
#7384=DIRECTION('',(0.432715241305479,0.901530653911414,0.0));
#7385=DIRECTION('',(0.0,1.0,0.0));
#7386=DIRECTION('',(-0.901530653911414,0.432715241305479,0.0));
#7387=DIRECTION('',(0.901530653911414,0.432715241305479,0.0));
#7388=DIRECTION('',(0.0,1.0,0.0));
#7389=DIRECTION('',(-1.0,-0.0,-0.0));
#7390=CARTESIAN_POINT('',(6.10000000004593,4.51596328094626,-4.50000000004593));
#7391=DIRECTION('',(-0.432715241305479,0.901530653911414,2.91300265080576E-27));
#7392=DIRECTION('',(0.901530653911414,0.432715241305479,4.14060356193551E-11));
#7393=DIRECTION('',(0.0,0.0,-1.0));
#7394=CARTESIAN_POINT('',(6.10000000004593,4.51596328094626,4.50000000004593));
#7395=DIRECTION('',(-0.432715241305479,0.901530653911414,2.91300265080576E-27));
#7396=DIRECTION('',(0.901530653911414,0.432715241305479,4.14060356193551E-11));
#7397=CARTESIAN_POINT('',(6.10000000004593,23.0,-4.50000000004593));
#7398=DIRECTION('',(0.0,-1.0,0.0));
#7399=DIRECTION('',(1.0,0.0,4.59285942632226E-11));
#7400=DIRECTION('',(0.0,1.0,0.0));
#7401=DIRECTION('',(0.0,0.0,1.0));
#7402=DIRECTION('',(0.0,1.0,0.0));
#7403=CARTESIAN_POINT('',(6.10000000004593,23.0,4.50000000004593));
#7404=DIRECTION('',(-0.0,-1.0,0.0));
#7405=DIRECTION('',(-4.59285942632226E-11,0.0,1.0));
#7406=CARTESIAN_POINT('',(6.10000000004593,-15.5159632809463,4.50000000004593));
#7407=DIRECTION('',(-0.432715241305479,-0.901530653911414,2.91300265080576E-27));
#7408=DIRECTION('',(0.901530653911414,-0.432715241305479,4.14060356193551E-11));
#7409=DIRECTION('',(0.0,0.0,1.0));
#7410=CARTESIAN_POINT('',(6.10000000004593,-15.5159632809463,-4.50000000004593));
#7411=DIRECTION('',(-0.432715241305479,-0.901530653911414,2.91300265080576E-27));
#7412=DIRECTION('',(0.901530653911414,-0.432715241305479,4.14060356193551E-11));
#7413=DIRECTION('',(0.0,0.0,1.0));
#7414=DIRECTION('',(-1.0,-0.0,-0.0));
#7415=DIRECTION('',(0.0,1.0,0.0));
#7416=DIRECTION('',(0.0,1.0,0.0));
#7417=DIRECTION('',(-0.93969262078639,-0.0,-0.342020143324345));
#7418=DIRECTION('',(-0.889126490716414,-0.32361557711828,-0.323615577116921));
#7419=CARTESIAN_POINT('',(2.20000000015569,-6.50000000011376,-9.31323571882581));
#7420=DIRECTION('',(0.342020143324345,6.07262123371627E-27,-0.93969262078639));
#7421=DIRECTION('',(0.93969262078639,1.06903966239922E-10,0.342020143324345));
#7422=DIRECTION('',(0.0,1.0,0.0));
#7423=CARTESIAN_POINT('',(2.20000000015569,6.50000000011376,-9.0));
#7424=DIRECTION('',(0.0,0.0,1.0));
#7425=DIRECTION('',(1.0,-1.13764824661982E-10,0.0));
#7426=DIRECTION('',(0.0,1.0,0.0));
#7427=DIRECTION('',(1.0,0.0,0.0));
#7428=CARTESIAN_POINT('',(2.20000000015569,6.50000000011376,9.31323571882581));
#7429=DIRECTION('',(0.342020143324345,-6.07262123371627E-27,0.93969262078639));
#7430=DIRECTION('',(0.93969262078639,-1.06903966239922E-10,-0.342020143324345));
#7431=DIRECTION('',(-0.93969262078639,0.0,0.342020143324345));
#7432=DIRECTION('',(0.0,1.0,0.0));
#7433=DIRECTION('',(-0.93969262078639,0.0,0.342020143324345));
#7434=DIRECTION('',(-0.889126490716414,0.32361557711828,0.323615577116921));
#7435=CARTESIAN_POINT('',(2.20000000015569,-6.50000000011376,9.3132357188258));
#7436=DIRECTION('',(0.342020143324345,6.07262123371627E-27,0.93969262078639));
#7437=DIRECTION('',(0.93969262078639,1.06903966239922E-10,-0.342020143324345));
#7438=DIRECTION('',(0.889126490716414,0.32361557711828,-0.323615577116921));
#7439=DIRECTION('',(0.93969262078639,0.0,-0.342020143324345));
#7440=DIRECTION('',(0.0,1.0,0.0));
#7441=DIRECTION('',(-1.0,0.0,0.0));
#7442=DIRECTION('',(0.0,1.0,0.0));
#7443=DIRECTION('',(-1.0,-0.0,-0.0));
#7444=DIRECTION('',(0.0,1.0,0.0));
#7445=DIRECTION('',(1.0,0.0,-0.0));
#7446=DIRECTION('',(0.0,1.0,0.0));
#7447=DIRECTION('',(0.0,1.0,0.0));
#7448=DIRECTION('',(1.0,-0.0,0.0));
#7449=DIRECTION('',(0.0,1.0,0.0));
#7450=DIRECTION('',(1.0,0.0,0.0));
#7451=DIRECTION('',(0.0,1.0,0.0));
#7452=DIRECTION('',(0.93969262078639,-0.0,0.342020143324345));
#7453=DIRECTION('',(0.0,1.0,0.0));
#7454=DIRECTION('',(0.93969262078639,0.0,0.342020143324345));
#7455=CARTESIAN_POINT('',(2.20000000015569,6.50000000011376,-9.3132357188258));
#7456=DIRECTION('',(0.342020143324345,-6.07262123371627E-27,-0.93969262078639));
#7457=DIRECTION('',(0.93969262078639,-1.06903966239922E-10,0.342020143324345));
#7458=DIRECTION('',(0.889126490716414,-0.32361557711828,0.323615577116921));
#7459=DIRECTION('',(0.0,1.0,0.0));
#7460=DIRECTION('',(0.0,1.0,0.0));
#7461=DIRECTION('',(0.0,1.0,0.0));
#7462=DIRECTION('',(-0.0,-0.0,-1.0));
#7463=DIRECTION('',(-0.0,-0.0,-1.0));
#7464=DIRECTION('',(0.0,0.0,1.0));
#7465=DIRECTION('',(0.0,0.0,1.0));
#7466=DIRECTION('',(0.0,0.0,1.0));
#7467=DIRECTION('',(-0.0,0.0,-1.0));
#7468=DIRECTION('',(0.0,0.0,-1.0));
#7469=DIRECTION('',(0.0,0.0,-1.0));
#7470=DIRECTION('',(1.0,0.0,0.0));
#7471=DIRECTION('',(0.0,0.0,-1.0));
#7472=DIRECTION('',(0.0,0.0,1.0));
#7473=CARTESIAN_POINT('',(0.0,-6.0,22.5));
#7474=DIRECTION('',(1.0,0.0,-0.0));
#7475=DIRECTION('',(0.0,0.0,1.0));
#7476=DIRECTION('',(0.0,1.0,0.0));
#7477=CARTESIAN_POINT('',(0.0,6.0,22.5));
#7478=DIRECTION('',(1.0,0.0,0.0));
#7479=DIRECTION('',(0.0,1.0,-5.9211894646675E-16));
#7480=CARTESIAN_POINT('',(1.0,6.0,22.5));
#7481=DIRECTION('',(-1.0,0.0,0.0));
#7482=DIRECTION('',(0.0,1.0,-5.9211894646675E-16));
#7483=DIRECTION('',(1.0,0.0,0.0));
#7484=DIRECTION('',(0.0,1.0,0.0));
#7485=DIRECTION('',(1.0,0.0,0.0));
#7486=CARTESIAN_POINT('',(1.0,-6.0,22.5));
#7487=DIRECTION('',(-1.0,0.0,0.0));
#7488=DIRECTION('',(0.0,0.0,1.0));
#7489=DIRECTION('',(1.0,0.0,0.0));
#7490=DIRECTION('',(0.0,0.0,1.0));
#7491=DIRECTION('',(0.0,0.0,1.0));
#7492=DIRECTION('',(-0.0,0.0,1.0));
#7493=DIRECTION('',(0.0,1.0,0.0));
#7494=DIRECTION('',(0.0,0.0,-1.0));
#7495=DIRECTION('',(0.0,0.0,-1.0));
#7496=DIRECTION('',(1.0,0.0,0.0));
#7497=DIRECTION('',(0.0,0.0,-1.0));
#7498=DIRECTION('',(0.0,0.0,-1.0));
#7499=CARTESIAN_POINT('',(1.0,6.0,-22.5));
#7500=DIRECTION('',(-1.0,-0.0,-0.0));
#7501=DIRECTION('',(0.0,0.0,-1.0));
#7502=DIRECTION('',(0.0,-1.0,0.0));
#7503=DIRECTION('',(0.0,0.0,1.0));
#7504=DIRECTION('',(0.0,0.0,1.0));
#7505=CARTESIAN_POINT('',(1.0,-6.0,-22.5));
#7506=DIRECTION('',(-1.0,-0.0,0.0));
#7507=DIRECTION('',(0.0,-1.0,5.9211894646675E-16));
#7508=DIRECTION('',(0.0,-1.0,0.0));
#7509=CARTESIAN_POINT('',(1.0,6.0,-22.5));
#7510=DIRECTION('',(-1.0,-0.0,-0.0));
#7511=DIRECTION('',(0.0,0.0,-1.0));
#7512=DIRECTION('',(-0.0,0.0,-1.0));
#7513=DIRECTION('',(1.0,0.0,0.0));
#7514=CARTESIAN_POINT('',(6.49754310990418,6.0,-22.5));
#7515=DIRECTION('',(-0.342020143325613,-0.939692620785929,0.0));
#7516=DIRECTION('',(-0.939692620785929,0.342020143325613,0.0));
#7517=DIRECTION('',(0.0,0.0,1.0));
#7518=DIRECTION('',(0.0,0.0,-1.0));
#7519=DIRECTION('',(0.0,0.0,1.0));
#7520=CARTESIAN_POINT('',(0.0,6.0,-22.5));
#7521=DIRECTION('',(1.0,0.0,0.0));
#7522=DIRECTION('',(0.0,0.0,-1.0));
#7523=DIRECTION('',(0.0,-1.0,0.0));
#7524=CARTESIAN_POINT('',(0.0,-6.0,-22.5));
#7525=DIRECTION('',(1.0,0.0,0.0));
#7526=DIRECTION('',(0.0,-1.0,5.9211894646675E-16));
#7527=DIRECTION('',(0.0,0.0,1.0));
#7528=DIRECTION('',(1.0,0.0,0.0));
#7529=DIRECTION('',(1.0,0.0,0.0));
#7530=DIRECTION('',(1.0,0.0,0.0));
#7531=DIRECTION('',(1.0,0.0,0.0));
#7532=PRESENTATION_LAYER_ASSIGNMENT('LOGO','LOGO',(#276));
ENDSEC;
END-ISO-10303-21;
