ISO-10303-21;
HEADER;
FILE_DESCRIPTION(('STEP AP214'),'1');
FILE_NAME('cctmp_F3504E93-BE08-4C25-879F-7BF0D0D7637C_2026_09_29_16_56_41_0765_150980..stp','2026-09-29T14:56:41',('Häfele SE & Co KG'),('CADClick - www.CADClick.com'),'Spatial InterOp 3D',' ','unknown authorization');
FILE_SCHEMA(('AUTOMOTIVE_DESIGN'));
ENDSEC;
DATA;
#1=MECHANICAL_DESIGN_GEOMETRIC_PRESENTATION_REPRESENTATION(' ',(#42,#43,#44,#45,#46,#47,#48,#49,#50,#51,#52,#53,#54,#55,#56,#57,#58,#59,#60,#61,#62,#63,#64,#65,#66,#67,#68,#69,#70,#71,#72,#73,#74,#75,#76,#77,#78,#79,#80,#81,#82,#83,#84,#85,#86,#87,#88,#89,#90,#91,#92,#93,#94,#95,#96,#97,#98,#99,#100,#101,#102,#103,#104,#105,#106,#107,#108,#109,#110,#111,#112,#113,#114,#115,#116,#117,#118,#119,#120,#121,#122,#123,#124,#125,#126,#127,#128,#129,#130,#131,#132,#133,#134,#135,#136,#137,#138,#139,#140,#141,#142,#143,#144,#145,#146,#147,#148,#149,#150,#151,#152,#153,#154,#155,#156,#157,#158,#159,#160,#161,#162,#163,#164,#165,#166,#167,#168,#169,#170,#171,#172,#173,#174,#175,#176,#177,#178,#179,#180,#181,#182,#183,#184,#185,#186,#187,#188,#189,#190,#191,#192,#193,#194,#195,#196,#197,#198,#199,#200,#201,#202,#203,#204,#205,#206,#207,#208,#209,#210,#211,#212,#213,#214,#215,#216,#217,#218,#219,#220,#221,#222,#223,#224,#225,#226,#227,#228,#229,#230,#231,#232,#233,#234,#235,#236,#237,#238,#239,#240,#241,#242,#243,#244,#245,#246,#247,#248,#249,#250,#251,#252,#253,#254,#255,#256,#257,#258,#259,#260,#261,#262,#263,#264,#265,#266,#267,#268,#269,#270,#271,#272,#273,#274,#275,#276),#38);
#2=PRODUCT_DEFINITION_CONTEXT('',#277,'design');
#3=APPLICATION_PROTOCOL_DEFINITION('INTERNATIONAL STANDARD','automotive_design',1994,#277);
#4=PRODUCT_CATEGORY_RELATIONSHIP('NONE','NONE',#278,#279);
#5=SHAPE_DEFINITION_REPRESENTATION(#280,#281);
#6=PRODUCT_DEFINITION_CONTEXT('',#282,'design');
#7=APPLICATION_PROTOCOL_DEFINITION('INTERNATIONAL STANDARD','automotive_design',1994,#282);
#8=PRODUCT_CATEGORY_RELATIONSHIP('NONE','NONE',#283,#284);
#9=SHAPE_DEFINITION_REPRESENTATION(#285,#286);
#10=PRODUCT_DEFINITION_CONTEXT('',#287,'design');
#11=APPLICATION_PROTOCOL_DEFINITION('INTERNATIONAL STANDARD','automotive_design',1994,#287);
#12=PRODUCT_CATEGORY_RELATIONSHIP('NONE','NONE',#288,#289);
#13=SHAPE_DEFINITION_REPRESENTATION(#290,#291);
#14=PRODUCT_DEFINITION_CONTEXT('',#292,'design');
#15=APPLICATION_PROTOCOL_DEFINITION('INTERNATIONAL STANDARD','automotive_design',1994,#292);
#16=PRODUCT_CATEGORY_RELATIONSHIP('NONE','NONE',#293,#294);
#17=SHAPE_DEFINITION_REPRESENTATION(#295,#296);
#18=PRODUCT_DEFINITION_CONTEXT('',#297,'design');
#19=APPLICATION_PROTOCOL_DEFINITION('INTERNATIONAL STANDARD','automotive_design',1994,#297);
#20=PRODUCT_CATEGORY_RELATIONSHIP('NONE','NONE',#298,#299);
#21=SHAPE_DEFINITION_REPRESENTATION(#300,#301);
#22=PRODUCT_DEFINITION_CONTEXT('',#302,'design');
#23=APPLICATION_PROTOCOL_DEFINITION('INTERNATIONAL STANDARD','automotive_design',1994,#302);
#24=PRODUCT_CATEGORY_RELATIONSHIP('NONE','NONE',#303,#304);
#25=SHAPE_DEFINITION_REPRESENTATION(#305,#306);
#26=PRODUCT_DEFINITION_CONTEXT('',#307,'design');
#27=APPLICATION_PROTOCOL_DEFINITION('INTERNATIONAL STANDARD','automotive_design',1994,#307);
#28=PRODUCT_CATEGORY_RELATIONSHIP('NONE','NONE',#308,#309);
#29=SHAPE_DEFINITION_REPRESENTATION(#310,#311);
#30=PRODUCT_DEFINITION_CONTEXT('',#312,'design');
#31=APPLICATION_PROTOCOL_DEFINITION('INTERNATIONAL STANDARD','automotive_design',1994,#312);
#32=PRODUCT_CATEGORY_RELATIONSHIP('NONE','NONE',#313,#314);
#33=SHAPE_DEFINITION_REPRESENTATION(#315,#316);
#34=PRODUCT_DEFINITION_CONTEXT('',#317,'design');
#35=APPLICATION_PROTOCOL_DEFINITION('INTERNATIONAL STANDARD','automotive_design',1994,#317);
#36=PRODUCT_CATEGORY_RELATIONSHIP('NONE','NONE',#318,#319);
#37=SHAPE_DEFINITION_REPRESENTATION(#320,#321);
#38= (GEOMETRIC_REPRESENTATION_CONTEXT(3)GLOBAL_UNCERTAINTY_ASSIGNED_CONTEXT((#324))GLOBAL_UNIT_ASSIGNED_CONTEXT((#326,#327,#328))REPRESENTATION_CONTEXT('NONE','WORKSPACE'));
#42=STYLED_ITEM('',(#330),#331);
#43=STYLED_ITEM('',(#332),#333);
#44=STYLED_ITEM('',(#334),#335);
#45=STYLED_ITEM('',(#336),#337);
#46=STYLED_ITEM('',(#338),#339);
#47=STYLED_ITEM('',(#340),#341);
#48=STYLED_ITEM('',(#342),#343);
#49=STYLED_ITEM('',(#344),#345);
#50=STYLED_ITEM('',(#346),#347);
#51=STYLED_ITEM('',(#348),#349);
#52=STYLED_ITEM('',(#350),#351);
#53=STYLED_ITEM('',(#352),#353);
#54=STYLED_ITEM('',(#354),#355);
#55=STYLED_ITEM('',(#356),#357);
#56=STYLED_ITEM('',(#358),#359);
#57=STYLED_ITEM('',(#360),#361);
#58=STYLED_ITEM('',(#362),#363);
#59=STYLED_ITEM('',(#364),#365);
#60=STYLED_ITEM('',(#366),#367);
#61=STYLED_ITEM('',(#368),#369);
#62=STYLED_ITEM('',(#370),#371);
#63=STYLED_ITEM('',(#372),#373);
#64=STYLED_ITEM('',(#374),#375);
#65=STYLED_ITEM('',(#376),#377);
#66=STYLED_ITEM('',(#378),#379);
#67=STYLED_ITEM('',(#380),#381);
#68=STYLED_ITEM('',(#382),#383);
#69=STYLED_ITEM('',(#384),#385);
#70=STYLED_ITEM('',(#386),#387);
#71=STYLED_ITEM('',(#388),#389);
#72=STYLED_ITEM('',(#390),#391);
#73=STYLED_ITEM('',(#392),#393);
#74=STYLED_ITEM('',(#394),#395);
#75=STYLED_ITEM('',(#396),#397);
#76=STYLED_ITEM('',(#398),#399);
#77=STYLED_ITEM('',(#400),#401);
#78=STYLED_ITEM('',(#402),#403);
#79=STYLED_ITEM('',(#404),#405);
#80=STYLED_ITEM('',(#406),#407);
#81=STYLED_ITEM('',(#408),#409);
#82=STYLED_ITEM('',(#410),#411);
#83=STYLED_ITEM('',(#412),#413);
#84=STYLED_ITEM('',(#414),#415);
#85=STYLED_ITEM('',(#416),#417);
#86=STYLED_ITEM('',(#418),#419);
#87=STYLED_ITEM('',(#420),#421);
#88=STYLED_ITEM('',(#422),#423);
#89=STYLED_ITEM('',(#424),#425);
#90=STYLED_ITEM('',(#426),#427);
#91=STYLED_ITEM('',(#428),#429);
#92=STYLED_ITEM('',(#430),#431);
#93=STYLED_ITEM('',(#432),#433);
#94=STYLED_ITEM('',(#434),#435);
#95=STYLED_ITEM('',(#436),#437);
#96=STYLED_ITEM('',(#438),#439);
#97=STYLED_ITEM('',(#440),#441);
#98=STYLED_ITEM('',(#442),#443);
#99=STYLED_ITEM('',(#444),#445);
#100=STYLED_ITEM('',(#446),#447);
#101=STYLED_ITEM('',(#448),#449);
#102=STYLED_ITEM('',(#450),#451);
#103=STYLED_ITEM('',(#452),#453);
#104=STYLED_ITEM('',(#454),#455);
#105=STYLED_ITEM('',(#456),#457);
#106=STYLED_ITEM('',(#458),#459);
#107=STYLED_ITEM('',(#460),#461);
#108=STYLED_ITEM('',(#462),#463);
#109=STYLED_ITEM('',(#464),#465);
#110=STYLED_ITEM('',(#466),#467);
#111=STYLED_ITEM('',(#468),#469);
#112=STYLED_ITEM('',(#470),#471);
#113=STYLED_ITEM('',(#472),#473);
#114=STYLED_ITEM('',(#474),#475);
#115=STYLED_ITEM('',(#476),#477);
#116=STYLED_ITEM('',(#478),#479);
#117=STYLED_ITEM('',(#480),#481);
#118=STYLED_ITEM('',(#482),#483);
#119=STYLED_ITEM('',(#484),#485);
#120=STYLED_ITEM('',(#486),#487);
#121=STYLED_ITEM('',(#488),#489);
#122=STYLED_ITEM('',(#490),#491);
#123=STYLED_ITEM('',(#492),#493);
#124=STYLED_ITEM('',(#494),#495);
#125=STYLED_ITEM('',(#496),#497);
#126=STYLED_ITEM('',(#498),#499);
#127=STYLED_ITEM('',(#500),#501);
#128=STYLED_ITEM('',(#502),#503);
#129=STYLED_ITEM('',(#504),#505);
#130=STYLED_ITEM('',(#506),#507);
#131=STYLED_ITEM('',(#508),#509);
#132=STYLED_ITEM('',(#510),#511);
#133=STYLED_ITEM('',(#512),#513);
#134=STYLED_ITEM('',(#514),#515);
#135=STYLED_ITEM('',(#516),#517);
#136=STYLED_ITEM('',(#518),#519);
#137=STYLED_ITEM('',(#520),#521);
#138=STYLED_ITEM('',(#522),#523);
#139=STYLED_ITEM('',(#524),#525);
#140=STYLED_ITEM('',(#526),#527);
#141=STYLED_ITEM('',(#528),#529);
#142=STYLED_ITEM('',(#530),#531);
#143=STYLED_ITEM('',(#532),#533);
#144=STYLED_ITEM('',(#534),#535);
#145=STYLED_ITEM('',(#536),#537);
#146=STYLED_ITEM('',(#538),#539);
#147=STYLED_ITEM('',(#540),#541);
#148=STYLED_ITEM('',(#542),#543);
#149=STYLED_ITEM('',(#544),#545);
#150=STYLED_ITEM('',(#546),#547);
#151=STYLED_ITEM('',(#548),#549);
#152=STYLED_ITEM('',(#550),#551);
#153=STYLED_ITEM('',(#552),#553);
#154=STYLED_ITEM('',(#554),#555);
#155=STYLED_ITEM('',(#556),#557);
#156=STYLED_ITEM('',(#558),#559);
#157=STYLED_ITEM('',(#560),#561);
#158=STYLED_ITEM('',(#562),#563);
#159=STYLED_ITEM('',(#564),#565);
#160=STYLED_ITEM('',(#566),#567);
#161=STYLED_ITEM('',(#568),#569);
#162=STYLED_ITEM('',(#570),#571);
#163=STYLED_ITEM('',(#572),#573);
#164=STYLED_ITEM('',(#574),#575);
#165=STYLED_ITEM('',(#576),#577);
#166=STYLED_ITEM('',(#578),#579);
#167=STYLED_ITEM('',(#580),#581);
#168=STYLED_ITEM('',(#582),#583);
#169=STYLED_ITEM('',(#584),#585);
#170=STYLED_ITEM('',(#586),#587);
#171=STYLED_ITEM('',(#588),#589);
#172=STYLED_ITEM('',(#590),#591);
#173=STYLED_ITEM('',(#592),#593);
#174=STYLED_ITEM('',(#594),#595);
#175=STYLED_ITEM('',(#596),#597);
#176=STYLED_ITEM('',(#598),#599);
#177=STYLED_ITEM('',(#600),#601);
#178=STYLED_ITEM('',(#602),#603);
#179=STYLED_ITEM('',(#604),#605);
#180=STYLED_ITEM('',(#606),#607);
#181=STYLED_ITEM('',(#608),#609);
#182=STYLED_ITEM('',(#610),#611);
#183=STYLED_ITEM('',(#612),#613);
#184=STYLED_ITEM('',(#614),#615);
#185=STYLED_ITEM('',(#616),#617);
#186=STYLED_ITEM('',(#618),#619);
#187=STYLED_ITEM('',(#620),#621);
#188=STYLED_ITEM('',(#622),#623);
#189=STYLED_ITEM('',(#624),#625);
#190=STYLED_ITEM('',(#626),#627);
#191=STYLED_ITEM('',(#628),#629);
#192=STYLED_ITEM('',(#630),#631);
#193=STYLED_ITEM('',(#632),#633);
#194=STYLED_ITEM('',(#634),#635);
#195=STYLED_ITEM('',(#636),#637);
#196=STYLED_ITEM('',(#638),#639);
#197=STYLED_ITEM('',(#640),#641);
#198=STYLED_ITEM('',(#642),#643);
#199=STYLED_ITEM('',(#644),#645);
#200=STYLED_ITEM('',(#646),#647);
#201=STYLED_ITEM('',(#648),#649);
#202=STYLED_ITEM('',(#650),#651);
#203=STYLED_ITEM('',(#652),#653);
#204=STYLED_ITEM('',(#654),#655);
#205=STYLED_ITEM('',(#656),#657);
#206=STYLED_ITEM('',(#658),#659);
#207=STYLED_ITEM('',(#660),#661);
#208=STYLED_ITEM('',(#662),#663);
#209=STYLED_ITEM('',(#664),#665);
#210=STYLED_ITEM('',(#666),#667);
#211=STYLED_ITEM('',(#668),#669);
#212=STYLED_ITEM('',(#670),#671);
#213=STYLED_ITEM('',(#672),#673);
#214=STYLED_ITEM('',(#674),#675);
#215=STYLED_ITEM('',(#676),#677);
#216=STYLED_ITEM('',(#678),#679);
#217=STYLED_ITEM('',(#680),#681);
#218=STYLED_ITEM('',(#682),#683);
#219=STYLED_ITEM('',(#684),#685);
#220=STYLED_ITEM('',(#686),#687);
#221=STYLED_ITEM('',(#688),#689);
#222=STYLED_ITEM('',(#690),#691);
#223=STYLED_ITEM('',(#692),#693);
#224=STYLED_ITEM('',(#694),#695);
#225=STYLED_ITEM('',(#696),#697);
#226=STYLED_ITEM('',(#698),#699);
#227=STYLED_ITEM('',(#700),#701);
#228=STYLED_ITEM('',(#702),#703);
#229=STYLED_ITEM('',(#704),#705);
#230=STYLED_ITEM('',(#706),#707);
#231=STYLED_ITEM('',(#708),#709);
#232=STYLED_ITEM('',(#710),#711);
#233=STYLED_ITEM('',(#712),#713);
#234=STYLED_ITEM('',(#714),#715);
#235=STYLED_ITEM('',(#716),#717);
#236=STYLED_ITEM('',(#718),#719);
#237=STYLED_ITEM('',(#720),#721);
#238=STYLED_ITEM('',(#722),#723);
#239=STYLED_ITEM('',(#724),#725);
#240=STYLED_ITEM('',(#726),#727);
#241=STYLED_ITEM('',(#728),#729);
#242=STYLED_ITEM('',(#730),#731);
#243=STYLED_ITEM('',(#732),#733);
#244=STYLED_ITEM('',(#734),#735);
#245=STYLED_ITEM('',(#736),#737);
#246=STYLED_ITEM('',(#738),#739);
#247=STYLED_ITEM('',(#740),#741);
#248=STYLED_ITEM('',(#742),#743);
#249=STYLED_ITEM('',(#744),#745);
#250=STYLED_ITEM('',(#746),#747);
#251=STYLED_ITEM('',(#748),#749);
#252=STYLED_ITEM('',(#750),#751);
#253=STYLED_ITEM('',(#752),#753);
#254=STYLED_ITEM('',(#754),#755);
#255=STYLED_ITEM('',(#756),#757);
#256=STYLED_ITEM('',(#758),#759);
#257=STYLED_ITEM('',(#760),#761);
#258=STYLED_ITEM('',(#762),#763);
#259=STYLED_ITEM('',(#764),#765);
#260=STYLED_ITEM('',(#766),#767);
#261=STYLED_ITEM('',(#768),#769);
#262=STYLED_ITEM('',(#770),#771);
#263=STYLED_ITEM('',(#772),#773);
#264=STYLED_ITEM('',(#774),#775);
#265=STYLED_ITEM('',(#776),#777);
#266=STYLED_ITEM('',(#778),#779);
#267=STYLED_ITEM('',(#780),#781);
#268=STYLED_ITEM('',(#782),#783);
#269=STYLED_ITEM('',(#784),#785);
#270=STYLED_ITEM('',(#786),#787);
#271=STYLED_ITEM('',(#788),#789);
#272=STYLED_ITEM('',(#790),#791);
#273=STYLED_ITEM('',(#792),#793);
#274=STYLED_ITEM('',(#794),#795);
#275=STYLED_ITEM('',(#796),#797);
#276=STYLED_ITEM('',(#798),#799);
#277=APPLICATION_CONTEXT(' ');
#278=PRODUCT_CATEGORY('part','NONE');
#279=PRODUCT_RELATED_PRODUCT_CATEGORY('detail',' ',(#800));
#280=PRODUCT_DEFINITION_SHAPE('NONE','NONE',#801);
#281=ADVANCED_BREP_SHAPE_REPRESENTATION('833.76.303_1',(#385,#802),#38);
#282=APPLICATION_CONTEXT(' ');
#283=PRODUCT_CATEGORY('part','NONE');
#284=PRODUCT_RELATED_PRODUCT_CATEGORY('detail',' ',(#803));
#285=PRODUCT_DEFINITION_SHAPE('NONE','NONE',#804);
#286=ADVANCED_BREP_SHAPE_REPRESENTATION('833.76.303_2',(#467,#805),#38);
#287=APPLICATION_CONTEXT(' ');
#288=PRODUCT_CATEGORY('part','NONE');
#289=PRODUCT_RELATED_PRODUCT_CATEGORY('detail',' ',(#806));
#290=PRODUCT_DEFINITION_SHAPE('NONE','NONE',#807);
#291=ADVANCED_BREP_SHAPE_REPRESENTATION('833.76.303_3',(#493,#495,#808),#38);
#292=APPLICATION_CONTEXT(' ');
#293=PRODUCT_CATEGORY('part','NONE');
#294=PRODUCT_RELATED_PRODUCT_CATEGORY('detail',' ',(#809));
#295=PRODUCT_DEFINITION_SHAPE('NONE','NONE',#810);
#296=ADVANCED_BREP_SHAPE_REPRESENTATION('833.76.303_4',(#521,#523,#811),#38);
#297=APPLICATION_CONTEXT(' ');
#298=PRODUCT_CATEGORY('part','NONE');
#299=PRODUCT_RELATED_PRODUCT_CATEGORY('detail',' ',(#812));
#300=PRODUCT_DEFINITION_SHAPE('NONE','NONE',#813);
#301=ADVANCED_BREP_SHAPE_REPRESENTATION('833.76.303_5',(#549,#551,#814),#38);
#302=APPLICATION_CONTEXT(' ');
#303=PRODUCT_CATEGORY('part','NONE');
#304=PRODUCT_RELATED_PRODUCT_CATEGORY('detail',' ',(#815));
#305=PRODUCT_DEFINITION_SHAPE('NONE','NONE',#816);
#306=ADVANCED_BREP_SHAPE_REPRESENTATION('833.76.303_6',(#637,#639,#641,#643,#645,#647,#817),#38);
#307=APPLICATION_CONTEXT(' ');
#308=PRODUCT_CATEGORY('part','NONE');
#309=PRODUCT_RELATED_PRODUCT_CATEGORY('detail',' ',(#818));
#310=PRODUCT_DEFINITION_SHAPE('NONE','NONE',#819);
#311=ADVANCED_BREP_SHAPE_REPRESENTATION('833.76.303_7',(#733,#735,#737,#739,#741,#743,#820),#38);
#312=APPLICATION_CONTEXT(' ');
#313=PRODUCT_CATEGORY('part','NONE');
#314=PRODUCT_RELATED_PRODUCT_CATEGORY('detail',' ',(#821));
#315=PRODUCT_DEFINITION_SHAPE('NONE','NONE',#822);
#316=ADVANCED_BREP_SHAPE_REPRESENTATION('833.76.303_8',(#769,#771,#823),#38);
#317=APPLICATION_CONTEXT(' ');
#318=PRODUCT_CATEGORY('part','NONE');
#319=PRODUCT_RELATED_PRODUCT_CATEGORY('detail',' ',(#824));
#320=PRODUCT_DEFINITION_SHAPE('NONE','NONE',#825);
#321=ADVANCED_BREP_SHAPE_REPRESENTATION('833.76.303_9',(#797,#799,#826),#38);
#324=UNCERTAINTY_MEASURE_WITH_UNIT(LENGTH_MEASURE(1.0E-06),#326,'','');
#326= (CONVERSION_BASED_UNIT('MILLIMETRE',#829)LENGTH_UNIT()NAMED_UNIT(#832));
#327= (NAMED_UNIT(#834)PLANE_ANGLE_UNIT()SI_UNIT($,.RADIAN.));
#328= (NAMED_UNIT(#834)SOLID_ANGLE_UNIT()SI_UNIT($,.STERADIAN.));
#330=PRESENTATION_STYLE_ASSIGNMENT((#840));
#331=ADVANCED_FACE('',(#841),#842,.T.);
#332=PRESENTATION_STYLE_ASSIGNMENT((#843));
#333=ADVANCED_FACE('',(#844),#845,.T.);
#334=PRESENTATION_STYLE_ASSIGNMENT((#846));
#335=ADVANCED_FACE('',(#847),#848,.T.);
#336=PRESENTATION_STYLE_ASSIGNMENT((#849));
#337=ADVANCED_FACE('',(#850),#851,.T.);
#338=PRESENTATION_STYLE_ASSIGNMENT((#852));
#339=ADVANCED_FACE('',(#853),#854,.T.);
#340=PRESENTATION_STYLE_ASSIGNMENT((#855));
#341=ADVANCED_FACE('',(#856),#857,.T.);
#342=PRESENTATION_STYLE_ASSIGNMENT((#858));
#343=ADVANCED_FACE('',(#859),#860,.T.);
#344=PRESENTATION_STYLE_ASSIGNMENT((#861));
#345=ADVANCED_FACE('',(#862),#863,.F.);
#346=PRESENTATION_STYLE_ASSIGNMENT((#864));
#347=ADVANCED_FACE('',(#865),#866,.F.);
#348=PRESENTATION_STYLE_ASSIGNMENT((#867));
#349=ADVANCED_FACE('',(#868),#869,.F.);
#350=PRESENTATION_STYLE_ASSIGNMENT((#870));
#351=ADVANCED_FACE('',(#871),#872,.F.);
#352=PRESENTATION_STYLE_ASSIGNMENT((#873));
#353=ADVANCED_FACE('',(#874),#875,.T.);
#354=PRESENTATION_STYLE_ASSIGNMENT((#876));
#355=ADVANCED_FACE('',(#877),#878,.T.);
#356=PRESENTATION_STYLE_ASSIGNMENT((#879));
#357=ADVANCED_FACE('',(#880),#881,.F.);
#358=PRESENTATION_STYLE_ASSIGNMENT((#882));
#359=ADVANCED_FACE('',(#883),#884,.F.);
#360=PRESENTATION_STYLE_ASSIGNMENT((#885));
#361=ADVANCED_FACE('',(#886),#887,.F.);
#362=PRESENTATION_STYLE_ASSIGNMENT((#888));
#363=ADVANCED_FACE('',(#889),#890,.F.);
#364=PRESENTATION_STYLE_ASSIGNMENT((#891));
#365=ADVANCED_FACE('',(#892,#893),#894,.T.);
#366=PRESENTATION_STYLE_ASSIGNMENT((#895));
#367=ADVANCED_FACE('',(#896),#897,.T.);
#368=PRESENTATION_STYLE_ASSIGNMENT((#898));
#369=ADVANCED_FACE('',(#899),#900,.T.);
#370=PRESENTATION_STYLE_ASSIGNMENT((#901));
#371=ADVANCED_FACE('',(#902),#903,.T.);
#372=PRESENTATION_STYLE_ASSIGNMENT((#904));
#373=ADVANCED_FACE('',(#905),#906,.T.);
#374=PRESENTATION_STYLE_ASSIGNMENT((#907));
#375=ADVANCED_FACE('',(#908),#909,.T.);
#376=PRESENTATION_STYLE_ASSIGNMENT((#910));
#377=ADVANCED_FACE('',(#911,#912,#913,#914),#915,.T.);
#378=PRESENTATION_STYLE_ASSIGNMENT((#916));
#379=ADVANCED_FACE('',(#917),#918,.T.);
#380=PRESENTATION_STYLE_ASSIGNMENT((#919));
#381=ADVANCED_FACE('',(#920),#921,.T.);
#382=PRESENTATION_STYLE_ASSIGNMENT((#922));
#383=ADVANCED_FACE('',(#923),#924,.T.);
#384=PRESENTATION_STYLE_ASSIGNMENT((#925));
#385=MANIFOLD_SOLID_BREP('833.76.303_1',#926);
#386=PRESENTATION_STYLE_ASSIGNMENT((#927));
#387=ADVANCED_FACE('',(#928),#929,.T.);
#388=PRESENTATION_STYLE_ASSIGNMENT((#930));
#389=ADVANCED_FACE('',(#931),#932,.F.);
#390=PRESENTATION_STYLE_ASSIGNMENT((#933));
#391=ADVANCED_FACE('',(#934),#935,.F.);
#392=PRESENTATION_STYLE_ASSIGNMENT((#936));
#393=ADVANCED_FACE('',(#937),#938,.F.);
#394=PRESENTATION_STYLE_ASSIGNMENT((#939));
#395=ADVANCED_FACE('',(#940),#941,.F.);
#396=PRESENTATION_STYLE_ASSIGNMENT((#942));
#397=ADVANCED_FACE('',(#943),#944,.F.);
#398=PRESENTATION_STYLE_ASSIGNMENT((#945));
#399=ADVANCED_FACE('',(#946),#947,.F.);
#400=PRESENTATION_STYLE_ASSIGNMENT((#948));
#401=ADVANCED_FACE('',(#949),#950,.F.);
#402=PRESENTATION_STYLE_ASSIGNMENT((#951));
#403=ADVANCED_FACE('',(#952),#953,.F.);
#404=PRESENTATION_STYLE_ASSIGNMENT((#954));
#405=ADVANCED_FACE('',(#955),#956,.F.);
#406=PRESENTATION_STYLE_ASSIGNMENT((#957));
#407=ADVANCED_FACE('',(#958),#959,.F.);
#408=PRESENTATION_STYLE_ASSIGNMENT((#960));
#409=ADVANCED_FACE('',(#961),#962,.T.);
#410=PRESENTATION_STYLE_ASSIGNMENT((#963));
#411=ADVANCED_FACE('',(#964),#965,.F.);
#412=PRESENTATION_STYLE_ASSIGNMENT((#966));
#413=ADVANCED_FACE('',(#967),#968,.F.);
#414=PRESENTATION_STYLE_ASSIGNMENT((#969));
#415=ADVANCED_FACE('',(#970),#971,.F.);
#416=PRESENTATION_STYLE_ASSIGNMENT((#972));
#417=ADVANCED_FACE('',(#973),#974,.F.);
#418=PRESENTATION_STYLE_ASSIGNMENT((#975));
#419=ADVANCED_FACE('',(#976),#977,.F.);
#420=PRESENTATION_STYLE_ASSIGNMENT((#978));
#421=ADVANCED_FACE('',(#979),#980,.T.);
#422=PRESENTATION_STYLE_ASSIGNMENT((#981));
#423=ADVANCED_FACE('',(#982,#983,#984),#985,.T.);
#424=PRESENTATION_STYLE_ASSIGNMENT((#986));
#425=ADVANCED_FACE('',(#987),#988,.T.);
#426=PRESENTATION_STYLE_ASSIGNMENT((#989));
#427=ADVANCED_FACE('',(#990),#991,.F.);
#428=PRESENTATION_STYLE_ASSIGNMENT((#992));
#429=ADVANCED_FACE('',(#993),#994,.F.);
#430=PRESENTATION_STYLE_ASSIGNMENT((#995));
#431=ADVANCED_FACE('',(#996),#997,.F.);
#432=PRESENTATION_STYLE_ASSIGNMENT((#998));
#433=ADVANCED_FACE('',(#999),#1000,.F.);
#434=PRESENTATION_STYLE_ASSIGNMENT((#1001));
#435=ADVANCED_FACE('',(#1002),#1003,.F.);
#436=PRESENTATION_STYLE_ASSIGNMENT((#1004));
#437=ADVANCED_FACE('',(#1005),#1006,.F.);
#438=PRESENTATION_STYLE_ASSIGNMENT((#1007));
#439=ADVANCED_FACE('',(#1008),#1009,.F.);
#440=PRESENTATION_STYLE_ASSIGNMENT((#1010));
#441=ADVANCED_FACE('',(#1011),#1012,.F.);
#442=PRESENTATION_STYLE_ASSIGNMENT((#1013));
#443=ADVANCED_FACE('',(#1014),#1015,.F.);
#444=PRESENTATION_STYLE_ASSIGNMENT((#1016));
#445=ADVANCED_FACE('',(#1017),#1018,.T.);
#446=PRESENTATION_STYLE_ASSIGNMENT((#1019));
#447=ADVANCED_FACE('',(#1020),#1021,.F.);
#448=PRESENTATION_STYLE_ASSIGNMENT((#1022));
#449=ADVANCED_FACE('',(#1023),#1024,.F.);
#450=PRESENTATION_STYLE_ASSIGNMENT((#1025));
#451=ADVANCED_FACE('',(#1026),#1027,.F.);
#452=PRESENTATION_STYLE_ASSIGNMENT((#1028));
#453=ADVANCED_FACE('',(#1029),#1030,.F.);
#454=PRESENTATION_STYLE_ASSIGNMENT((#1031));
#455=ADVANCED_FACE('',(#1032),#1033,.F.);
#456=PRESENTATION_STYLE_ASSIGNMENT((#1034));
#457=ADVANCED_FACE('',(#1035),#1036,.T.);
#458=PRESENTATION_STYLE_ASSIGNMENT((#1037));
#459=ADVANCED_FACE('',(#1038),#1039,.F.);
#460=PRESENTATION_STYLE_ASSIGNMENT((#1040));
#461=ADVANCED_FACE('',(#1041),#1042,.F.);
#462=PRESENTATION_STYLE_ASSIGNMENT((#1043));
#463=ADVANCED_FACE('',(#1044),#1045,.F.);
#464=PRESENTATION_STYLE_ASSIGNMENT((#1046));
#465=ADVANCED_FACE('',(#1047),#1048,.F.);
#466=PRESENTATION_STYLE_ASSIGNMENT((#1049));
#467=MANIFOLD_SOLID_BREP('833.76.303_2',#1050);
#468=PRESENTATION_STYLE_ASSIGNMENT((#1051));
#469=ADVANCED_FACE('',(#1052),#1053,.T.);
#470=PRESENTATION_STYLE_ASSIGNMENT((#1054));
#471=ADVANCED_FACE('',(#1055),#1056,.T.);
#472=PRESENTATION_STYLE_ASSIGNMENT((#1057));
#473=ADVANCED_FACE('',(#1058),#1059,.T.);
#474=PRESENTATION_STYLE_ASSIGNMENT((#1060));
#475=ADVANCED_FACE('',(#1061),#1062,.T.);
#476=PRESENTATION_STYLE_ASSIGNMENT((#1063));
#477=ADVANCED_FACE('',(#1064),#1065,.F.);
#478=PRESENTATION_STYLE_ASSIGNMENT((#1066));
#479=ADVANCED_FACE('',(#1067),#1068,.T.);
#480=PRESENTATION_STYLE_ASSIGNMENT((#1069));
#481=ADVANCED_FACE('',(#1070),#1071,.T.);
#482=PRESENTATION_STYLE_ASSIGNMENT((#1072));
#483=ADVANCED_FACE('',(#1073),#1074,.T.);
#484=PRESENTATION_STYLE_ASSIGNMENT((#1075));
#485=ADVANCED_FACE('',(#1076),#1077,.T.);
#486=PRESENTATION_STYLE_ASSIGNMENT((#1078));
#487=ADVANCED_FACE('',(#1079),#1080,.T.);
#488=PRESENTATION_STYLE_ASSIGNMENT((#1081));
#489=ADVANCED_FACE('',(#1082),#1083,.F.);
#490=PRESENTATION_STYLE_ASSIGNMENT((#1084));
#491=ADVANCED_FACE('',(#1085),#1086,.T.);
#492=PRESENTATION_STYLE_ASSIGNMENT((#1087));
#493=MANIFOLD_SOLID_BREP('833.76.303_3',#1088);
#494=PRESENTATION_STYLE_ASSIGNMENT((#1089));
#495=MANIFOLD_SOLID_BREP('833.76.303_3',#1090);
#496=PRESENTATION_STYLE_ASSIGNMENT((#1091));
#497=ADVANCED_FACE('',(#1092),#1093,.T.);
#498=PRESENTATION_STYLE_ASSIGNMENT((#1094));
#499=ADVANCED_FACE('',(#1095),#1096,.T.);
#500=PRESENTATION_STYLE_ASSIGNMENT((#1097));
#501=ADVANCED_FACE('',(#1098),#1099,.T.);
#502=PRESENTATION_STYLE_ASSIGNMENT((#1100));
#503=ADVANCED_FACE('',(#1101),#1102,.T.);
#504=PRESENTATION_STYLE_ASSIGNMENT((#1103));
#505=ADVANCED_FACE('',(#1104),#1105,.F.);
#506=PRESENTATION_STYLE_ASSIGNMENT((#1106));
#507=ADVANCED_FACE('',(#1107),#1108,.T.);
#508=PRESENTATION_STYLE_ASSIGNMENT((#1109));
#509=ADVANCED_FACE('',(#1110),#1111,.T.);
#510=PRESENTATION_STYLE_ASSIGNMENT((#1112));
#511=ADVANCED_FACE('',(#1113),#1114,.T.);
#512=PRESENTATION_STYLE_ASSIGNMENT((#1115));
#513=ADVANCED_FACE('',(#1116),#1117,.T.);
#514=PRESENTATION_STYLE_ASSIGNMENT((#1118));
#515=ADVANCED_FACE('',(#1119),#1120,.T.);
#516=PRESENTATION_STYLE_ASSIGNMENT((#1121));
#517=ADVANCED_FACE('',(#1122),#1123,.F.);
#518=PRESENTATION_STYLE_ASSIGNMENT((#1124));
#519=ADVANCED_FACE('',(#1125),#1126,.T.);
#520=PRESENTATION_STYLE_ASSIGNMENT((#1127));
#521=MANIFOLD_SOLID_BREP('833.76.303_4',#1128);
#522=PRESENTATION_STYLE_ASSIGNMENT((#1129));
#523=MANIFOLD_SOLID_BREP('833.76.303_4',#1130);
#524=PRESENTATION_STYLE_ASSIGNMENT((#1131));
#525=ADVANCED_FACE('',(#1132),#1133,.T.);
#526=PRESENTATION_STYLE_ASSIGNMENT((#1134));
#527=ADVANCED_FACE('',(#1135),#1136,.T.);
#528=PRESENTATION_STYLE_ASSIGNMENT((#1137));
#529=ADVANCED_FACE('',(#1138),#1139,.T.);
#530=PRESENTATION_STYLE_ASSIGNMENT((#1140));
#531=ADVANCED_FACE('',(#1141),#1142,.T.);
#532=PRESENTATION_STYLE_ASSIGNMENT((#1143));
#533=ADVANCED_FACE('',(#1144),#1145,.F.);
#534=PRESENTATION_STYLE_ASSIGNMENT((#1146));
#535=ADVANCED_FACE('',(#1147),#1148,.T.);
#536=PRESENTATION_STYLE_ASSIGNMENT((#1149));
#537=ADVANCED_FACE('',(#1150),#1151,.T.);
#538=PRESENTATION_STYLE_ASSIGNMENT((#1152));
#539=ADVANCED_FACE('',(#1153),#1154,.T.);
#540=PRESENTATION_STYLE_ASSIGNMENT((#1155));
#541=ADVANCED_FACE('',(#1156),#1157,.T.);
#542=PRESENTATION_STYLE_ASSIGNMENT((#1158));
#543=ADVANCED_FACE('',(#1159),#1160,.T.);
#544=PRESENTATION_STYLE_ASSIGNMENT((#1161));
#545=ADVANCED_FACE('',(#1162),#1163,.F.);
#546=PRESENTATION_STYLE_ASSIGNMENT((#1164));
#547=ADVANCED_FACE('',(#1165),#1166,.T.);
#548=PRESENTATION_STYLE_ASSIGNMENT((#1167));
#549=MANIFOLD_SOLID_BREP('833.76.303_5',#1168);
#550=PRESENTATION_STYLE_ASSIGNMENT((#1169));
#551=MANIFOLD_SOLID_BREP('833.76.303_5',#1170);
#552=PRESENTATION_STYLE_ASSIGNMENT((#1171));
#553=ADVANCED_FACE('',(#1172),#1173,.T.);
#554=PRESENTATION_STYLE_ASSIGNMENT((#1174));
#555=ADVANCED_FACE('',(#1175),#1176,.T.);
#556=PRESENTATION_STYLE_ASSIGNMENT((#1177));
#557=ADVANCED_FACE('',(#1178),#1179,.F.);
#558=PRESENTATION_STYLE_ASSIGNMENT((#1180));
#559=ADVANCED_FACE('',(#1181),#1182,.F.);
#560=PRESENTATION_STYLE_ASSIGNMENT((#1183));
#561=ADVANCED_FACE('',(#1184),#1185,.F.);
#562=PRESENTATION_STYLE_ASSIGNMENT((#1186));
#563=ADVANCED_FACE('',(#1187),#1188,.F.);
#564=PRESENTATION_STYLE_ASSIGNMENT((#1189));
#565=ADVANCED_FACE('',(#1190),#1191,.F.);
#566=PRESENTATION_STYLE_ASSIGNMENT((#1192));
#567=ADVANCED_FACE('',(#1193),#1194,.T.);
#568=PRESENTATION_STYLE_ASSIGNMENT((#1195));
#569=ADVANCED_FACE('',(#1196),#1197,.T.);
#570=PRESENTATION_STYLE_ASSIGNMENT((#1198));
#571=ADVANCED_FACE('',(#1199),#1200,.F.);
#572=PRESENTATION_STYLE_ASSIGNMENT((#1201));
#573=ADVANCED_FACE('',(#1202),#1203,.F.);
#574=PRESENTATION_STYLE_ASSIGNMENT((#1204));
#575=ADVANCED_FACE('',(#1205),#1206,.F.);
#576=PRESENTATION_STYLE_ASSIGNMENT((#1207));
#577=ADVANCED_FACE('',(#1208),#1209,.F.);
#578=PRESENTATION_STYLE_ASSIGNMENT((#1210));
#579=ADVANCED_FACE('',(#1211),#1212,.F.);
#580=PRESENTATION_STYLE_ASSIGNMENT((#1213));
#581=ADVANCED_FACE('',(#1214),#1215,.T.);
#582=PRESENTATION_STYLE_ASSIGNMENT((#1216));
#583=ADVANCED_FACE('',(#1217),#1218,.T.);
#584=PRESENTATION_STYLE_ASSIGNMENT((#1219));
#585=ADVANCED_FACE('',(#1220),#1221,.F.);
#586=PRESENTATION_STYLE_ASSIGNMENT((#1222));
#587=ADVANCED_FACE('',(#1223),#1224,.F.);
#588=PRESENTATION_STYLE_ASSIGNMENT((#1225));
#589=ADVANCED_FACE('',(#1226),#1227,.F.);
#590=PRESENTATION_STYLE_ASSIGNMENT((#1228));
#591=ADVANCED_FACE('',(#1229),#1230,.F.);
#592=PRESENTATION_STYLE_ASSIGNMENT((#1231));
#593=ADVANCED_FACE('',(#1232),#1233,.F.);
#594=PRESENTATION_STYLE_ASSIGNMENT((#1234));
#595=ADVANCED_FACE('',(#1235),#1236,.T.);
#596=PRESENTATION_STYLE_ASSIGNMENT((#1237));
#597=ADVANCED_FACE('',(#1238),#1239,.T.);
#598=PRESENTATION_STYLE_ASSIGNMENT((#1240));
#599=ADVANCED_FACE('',(#1241),#1242,.F.);
#600=PRESENTATION_STYLE_ASSIGNMENT((#1243));
#601=ADVANCED_FACE('',(#1244),#1245,.F.);
#602=PRESENTATION_STYLE_ASSIGNMENT((#1246));
#603=ADVANCED_FACE('',(#1247),#1248,.F.);
#604=PRESENTATION_STYLE_ASSIGNMENT((#1249));
#605=ADVANCED_FACE('',(#1250),#1251,.F.);
#606=PRESENTATION_STYLE_ASSIGNMENT((#1252));
#607=ADVANCED_FACE('',(#1253),#1254,.F.);
#608=PRESENTATION_STYLE_ASSIGNMENT((#1255));
#609=ADVANCED_FACE('',(#1256),#1257,.T.);
#610=PRESENTATION_STYLE_ASSIGNMENT((#1258));
#611=ADVANCED_FACE('',(#1259),#1260,.T.);
#612=PRESENTATION_STYLE_ASSIGNMENT((#1261));
#613=ADVANCED_FACE('',(#1262),#1263,.F.);
#614=PRESENTATION_STYLE_ASSIGNMENT((#1264));
#615=ADVANCED_FACE('',(#1265),#1266,.F.);
#616=PRESENTATION_STYLE_ASSIGNMENT((#1267));
#617=ADVANCED_FACE('',(#1268),#1269,.F.);
#618=PRESENTATION_STYLE_ASSIGNMENT((#1270));
#619=ADVANCED_FACE('',(#1271),#1272,.F.);
#620=PRESENTATION_STYLE_ASSIGNMENT((#1273));
#621=ADVANCED_FACE('',(#1274),#1275,.F.);
#622=PRESENTATION_STYLE_ASSIGNMENT((#1276));
#623=ADVANCED_FACE('',(#1277),#1278,.T.);
#624=PRESENTATION_STYLE_ASSIGNMENT((#1279));
#625=ADVANCED_FACE('',(#1280),#1281,.T.);
#626=PRESENTATION_STYLE_ASSIGNMENT((#1282));
#627=ADVANCED_FACE('',(#1283),#1284,.F.);
#628=PRESENTATION_STYLE_ASSIGNMENT((#1285));
#629=ADVANCED_FACE('',(#1286),#1287,.F.);
#630=PRESENTATION_STYLE_ASSIGNMENT((#1288));
#631=ADVANCED_FACE('',(#1289),#1290,.F.);
#632=PRESENTATION_STYLE_ASSIGNMENT((#1291));
#633=ADVANCED_FACE('',(#1292),#1293,.F.);
#634=PRESENTATION_STYLE_ASSIGNMENT((#1294));
#635=ADVANCED_FACE('',(#1295),#1296,.F.);
#636=PRESENTATION_STYLE_ASSIGNMENT((#1297));
#637=MANIFOLD_SOLID_BREP('833.76.303_6',#1298);
#638=PRESENTATION_STYLE_ASSIGNMENT((#1299));
#639=MANIFOLD_SOLID_BREP('833.76.303_6',#1300);
#640=PRESENTATION_STYLE_ASSIGNMENT((#1301));
#641=MANIFOLD_SOLID_BREP('833.76.303_6',#1302);
#642=PRESENTATION_STYLE_ASSIGNMENT((#1303));
#643=MANIFOLD_SOLID_BREP('833.76.303_6',#1304);
#644=PRESENTATION_STYLE_ASSIGNMENT((#1305));
#645=MANIFOLD_SOLID_BREP('833.76.303_6',#1306);
#646=PRESENTATION_STYLE_ASSIGNMENT((#1307));
#647=MANIFOLD_SOLID_BREP('833.76.303_6',#1308);
#648=PRESENTATION_STYLE_ASSIGNMENT((#1309));
#649=ADVANCED_FACE('',(#1310),#1311,.T.);
#650=PRESENTATION_STYLE_ASSIGNMENT((#1312));
#651=ADVANCED_FACE('',(#1313),#1314,.T.);
#652=PRESENTATION_STYLE_ASSIGNMENT((#1315));
#653=ADVANCED_FACE('',(#1316),#1317,.F.);
#654=PRESENTATION_STYLE_ASSIGNMENT((#1318));
#655=ADVANCED_FACE('',(#1319),#1320,.F.);
#656=PRESENTATION_STYLE_ASSIGNMENT((#1321));
#657=ADVANCED_FACE('',(#1322),#1323,.F.);
#658=PRESENTATION_STYLE_ASSIGNMENT((#1324));
#659=ADVANCED_FACE('',(#1325),#1326,.F.);
#660=PRESENTATION_STYLE_ASSIGNMENT((#1327));
#661=ADVANCED_FACE('',(#1328),#1329,.F.);
#662=PRESENTATION_STYLE_ASSIGNMENT((#1330));
#663=ADVANCED_FACE('',(#1331),#1332,.T.);
#664=PRESENTATION_STYLE_ASSIGNMENT((#1333));
#665=ADVANCED_FACE('',(#1334),#1335,.T.);
#666=PRESENTATION_STYLE_ASSIGNMENT((#1336));
#667=ADVANCED_FACE('',(#1337),#1338,.F.);
#668=PRESENTATION_STYLE_ASSIGNMENT((#1339));
#669=ADVANCED_FACE('',(#1340),#1341,.F.);
#670=PRESENTATION_STYLE_ASSIGNMENT((#1342));
#671=ADVANCED_FACE('',(#1343),#1344,.F.);
#672=PRESENTATION_STYLE_ASSIGNMENT((#1345));
#673=ADVANCED_FACE('',(#1346),#1347,.F.);
#674=PRESENTATION_STYLE_ASSIGNMENT((#1348));
#675=ADVANCED_FACE('',(#1349),#1350,.F.);
#676=PRESENTATION_STYLE_ASSIGNMENT((#1351));
#677=ADVANCED_FACE('',(#1352),#1353,.T.);
#678=PRESENTATION_STYLE_ASSIGNMENT((#1354));
#679=ADVANCED_FACE('',(#1355),#1356,.T.);
#680=PRESENTATION_STYLE_ASSIGNMENT((#1357));
#681=ADVANCED_FACE('',(#1358),#1359,.F.);
#682=PRESENTATION_STYLE_ASSIGNMENT((#1360));
#683=ADVANCED_FACE('',(#1361),#1362,.F.);
#684=PRESENTATION_STYLE_ASSIGNMENT((#1363));
#685=ADVANCED_FACE('',(#1364),#1365,.F.);
#686=PRESENTATION_STYLE_ASSIGNMENT((#1366));
#687=ADVANCED_FACE('',(#1367),#1368,.F.);
#688=PRESENTATION_STYLE_ASSIGNMENT((#1369));
#689=ADVANCED_FACE('',(#1370),#1371,.F.);
#690=PRESENTATION_STYLE_ASSIGNMENT((#1372));
#691=ADVANCED_FACE('',(#1373),#1374,.T.);
#692=PRESENTATION_STYLE_ASSIGNMENT((#1375));
#693=ADVANCED_FACE('',(#1376),#1377,.T.);
#694=PRESENTATION_STYLE_ASSIGNMENT((#1378));
#695=ADVANCED_FACE('',(#1379),#1380,.F.);
#696=PRESENTATION_STYLE_ASSIGNMENT((#1381));
#697=ADVANCED_FACE('',(#1382),#1383,.F.);
#698=PRESENTATION_STYLE_ASSIGNMENT((#1384));
#699=ADVANCED_FACE('',(#1385),#1386,.F.);
#700=PRESENTATION_STYLE_ASSIGNMENT((#1387));
#701=ADVANCED_FACE('',(#1388),#1389,.F.);
#702=PRESENTATION_STYLE_ASSIGNMENT((#1390));
#703=ADVANCED_FACE('',(#1391),#1392,.F.);
#704=PRESENTATION_STYLE_ASSIGNMENT((#1393));
#705=ADVANCED_FACE('',(#1394),#1395,.T.);
#706=PRESENTATION_STYLE_ASSIGNMENT((#1396));
#707=ADVANCED_FACE('',(#1397),#1398,.T.);
#708=PRESENTATION_STYLE_ASSIGNMENT((#1399));
#709=ADVANCED_FACE('',(#1400),#1401,.F.);
#710=PRESENTATION_STYLE_ASSIGNMENT((#1402));
#711=ADVANCED_FACE('',(#1403),#1404,.F.);
#712=PRESENTATION_STYLE_ASSIGNMENT((#1405));
#713=ADVANCED_FACE('',(#1406),#1407,.F.);
#714=PRESENTATION_STYLE_ASSIGNMENT((#1408));
#715=ADVANCED_FACE('',(#1409),#1410,.F.);
#716=PRESENTATION_STYLE_ASSIGNMENT((#1411));
#717=ADVANCED_FACE('',(#1412),#1413,.F.);
#718=PRESENTATION_STYLE_ASSIGNMENT((#1414));
#719=ADVANCED_FACE('',(#1415),#1416,.T.);
#720=PRESENTATION_STYLE_ASSIGNMENT((#1417));
#721=ADVANCED_FACE('',(#1418),#1419,.T.);
#722=PRESENTATION_STYLE_ASSIGNMENT((#1420));
#723=ADVANCED_FACE('',(#1421),#1422,.F.);
#724=PRESENTATION_STYLE_ASSIGNMENT((#1423));
#725=ADVANCED_FACE('',(#1424),#1425,.F.);
#726=PRESENTATION_STYLE_ASSIGNMENT((#1426));
#727=ADVANCED_FACE('',(#1427),#1428,.F.);
#728=PRESENTATION_STYLE_ASSIGNMENT((#1429));
#729=ADVANCED_FACE('',(#1430),#1431,.F.);
#730=PRESENTATION_STYLE_ASSIGNMENT((#1432));
#731=ADVANCED_FACE('',(#1433),#1434,.F.);
#732=PRESENTATION_STYLE_ASSIGNMENT((#1435));
#733=MANIFOLD_SOLID_BREP('833.76.303_7',#1436);
#734=PRESENTATION_STYLE_ASSIGNMENT((#1437));
#735=MANIFOLD_SOLID_BREP('833.76.303_7',#1438);
#736=PRESENTATION_STYLE_ASSIGNMENT((#1439));
#737=MANIFOLD_SOLID_BREP('833.76.303_7',#1440);
#738=PRESENTATION_STYLE_ASSIGNMENT((#1441));
#739=MANIFOLD_SOLID_BREP('833.76.303_7',#1442);
#740=PRESENTATION_STYLE_ASSIGNMENT((#1443));
#741=MANIFOLD_SOLID_BREP('833.76.303_7',#1444);
#742=PRESENTATION_STYLE_ASSIGNMENT((#1445));
#743=MANIFOLD_SOLID_BREP('833.76.303_7',#1446);
#744=PRESENTATION_STYLE_ASSIGNMENT((#1447));
#745=ADVANCED_FACE('',(#1448),#1449,.T.);
#746=PRESENTATION_STYLE_ASSIGNMENT((#1450));
#747=ADVANCED_FACE('',(#1451),#1452,.F.);
#748=PRESENTATION_STYLE_ASSIGNMENT((#1453));
#749=ADVANCED_FACE('',(#1454),#1455,.F.);
#750=PRESENTATION_STYLE_ASSIGNMENT((#1456));
#751=ADVANCED_FACE('',(#1457),#1458,.F.);
#752=PRESENTATION_STYLE_ASSIGNMENT((#1459));
#753=ADVANCED_FACE('',(#1460),#1461,.F.);
#754=PRESENTATION_STYLE_ASSIGNMENT((#1462));
#755=ADVANCED_FACE('',(#1463),#1464,.F.);
#756=PRESENTATION_STYLE_ASSIGNMENT((#1465));
#757=ADVANCED_FACE('',(#1466),#1467,.T.);
#758=PRESENTATION_STYLE_ASSIGNMENT((#1468));
#759=ADVANCED_FACE('',(#1469),#1470,.F.);
#760=PRESENTATION_STYLE_ASSIGNMENT((#1471));
#761=ADVANCED_FACE('',(#1472),#1473,.F.);
#762=PRESENTATION_STYLE_ASSIGNMENT((#1474));
#763=ADVANCED_FACE('',(#1475),#1476,.F.);
#764=PRESENTATION_STYLE_ASSIGNMENT((#1477));
#765=ADVANCED_FACE('',(#1478),#1479,.F.);
#766=PRESENTATION_STYLE_ASSIGNMENT((#1480));
#767=ADVANCED_FACE('',(#1481),#1482,.F.);
#768=PRESENTATION_STYLE_ASSIGNMENT((#1483));
#769=MANIFOLD_SOLID_BREP('833.76.303_8',#1484);
#770=PRESENTATION_STYLE_ASSIGNMENT((#1485));
#771=MANIFOLD_SOLID_BREP('833.76.303_8',#1486);
#772=PRESENTATION_STYLE_ASSIGNMENT((#1487));
#773=ADVANCED_FACE('',(#1488),#1489,.T.);
#774=PRESENTATION_STYLE_ASSIGNMENT((#1490));
#775=ADVANCED_FACE('',(#1491),#1492,.F.);
#776=PRESENTATION_STYLE_ASSIGNMENT((#1493));
#777=ADVANCED_FACE('',(#1494),#1495,.F.);
#778=PRESENTATION_STYLE_ASSIGNMENT((#1496));
#779=ADVANCED_FACE('',(#1497),#1498,.F.);
#780=PRESENTATION_STYLE_ASSIGNMENT((#1499));
#781=ADVANCED_FACE('',(#1500),#1501,.F.);
#782=PRESENTATION_STYLE_ASSIGNMENT((#1502));
#783=ADVANCED_FACE('',(#1503),#1504,.F.);
#784=PRESENTATION_STYLE_ASSIGNMENT((#1505));
#785=ADVANCED_FACE('',(#1506),#1507,.T.);
#786=PRESENTATION_STYLE_ASSIGNMENT((#1508));
#787=ADVANCED_FACE('',(#1509),#1510,.F.);
#788=PRESENTATION_STYLE_ASSIGNMENT((#1511));
#789=ADVANCED_FACE('',(#1512),#1513,.F.);
#790=PRESENTATION_STYLE_ASSIGNMENT((#1514));
#791=ADVANCED_FACE('',(#1515),#1516,.F.);
#792=PRESENTATION_STYLE_ASSIGNMENT((#1517));
#793=ADVANCED_FACE('',(#1518),#1519,.F.);
#794=PRESENTATION_STYLE_ASSIGNMENT((#1520));
#795=ADVANCED_FACE('',(#1521),#1522,.F.);
#796=PRESENTATION_STYLE_ASSIGNMENT((#1523));
#797=MANIFOLD_SOLID_BREP('833.76.303_9',#1524);
#798=PRESENTATION_STYLE_ASSIGNMENT((#1525));
#799=MANIFOLD_SOLID_BREP('833.76.303_9',#1526);
#800=PRODUCT('833.76.303_1','833.76.303_1','PART-833.76.303_1-DESC',(#1527));
#801=PRODUCT_DEFINITION('','NONE',#1528,#2);
#802=AXIS2_PLACEMENT_3D('',#1529,#1530,#1531);
#803=PRODUCT('833.76.303_2','833.76.303_2','PART-833.76.303_2-DESC',(#1532));
#804=PRODUCT_DEFINITION('','NONE',#1533,#6);
#805=AXIS2_PLACEMENT_3D('',#1534,#1535,#1536);
#806=PRODUCT('833.76.303_3','833.76.303_3','PART-833.76.303_3-DESC',(#1537));
#807=PRODUCT_DEFINITION('','NONE',#1538,#10);
#808=AXIS2_PLACEMENT_3D('',#1539,#1540,#1541);
#809=PRODUCT('833.76.303_4','833.76.303_4','PART-833.76.303_4-DESC',(#1542));
#810=PRODUCT_DEFINITION('','NONE',#1543,#14);
#811=AXIS2_PLACEMENT_3D('',#1544,#1545,#1546);
#812=PRODUCT('833.76.303_5','833.76.303_5','PART-833.76.303_5-DESC',(#1547));
#813=PRODUCT_DEFINITION('','NONE',#1548,#18);
#814=AXIS2_PLACEMENT_3D('',#1549,#1550,#1551);
#815=PRODUCT('833.76.303_6','833.76.303_6','PART-833.76.303_6-DESC',(#1552));
#816=PRODUCT_DEFINITION('','NONE',#1553,#22);
#817=AXIS2_PLACEMENT_3D('',#1554,#1555,#1556);
#818=PRODUCT('833.76.303_7','833.76.303_7','PART-833.76.303_7-DESC',(#1557));
#819=PRODUCT_DEFINITION('','NONE',#1558,#26);
#820=AXIS2_PLACEMENT_3D('',#1559,#1560,#1561);
#821=PRODUCT('833.76.303_8','833.76.303_8','PART-833.76.303_8-DESC',(#1562));
#822=PRODUCT_DEFINITION('','NONE',#1563,#30);
#823=AXIS2_PLACEMENT_3D('',#1564,#1565,#1566);
#824=PRODUCT('833.76.303_9','833.76.303_9','PART-833.76.303_9-DESC',(#1567));
#825=PRODUCT_DEFINITION('','NONE',#1568,#34);
#826=AXIS2_PLACEMENT_3D('',#1569,#1570,#1571);
#829=LENGTH_MEASURE_WITH_UNIT(LENGTH_MEASURE(1.0),#1572);
#832=DIMENSIONAL_EXPONENTS(1.0,0.0,0.0,0.0,0.0,0.0,0.0);
#834=DIMENSIONAL_EXPONENTS(0.0,0.0,0.0,0.0,0.0,0.0,0.0);
#840=SURFACE_STYLE_USAGE(.BOTH.,#1573);
#841=FACE_OUTER_BOUND('',#1574,.T.);
#842=CYLINDRICAL_SURFACE('',#1575,0.0002);
#843=SURFACE_STYLE_USAGE(.BOTH.,#1576);
#844=FACE_OUTER_BOUND('',#1577,.T.);
#845=PLANE('',#1578);
#846=SURFACE_STYLE_USAGE(.BOTH.,#1579);
#847=FACE_OUTER_BOUND('',#1580,.T.);
#848=PLANE('',#1581);
#849=SURFACE_STYLE_USAGE(.BOTH.,#1582);
#850=FACE_OUTER_BOUND('',#1583,.T.);
#851=PLANE('',#1584);
#852=SURFACE_STYLE_USAGE(.BOTH.,#1585);
#853=FACE_OUTER_BOUND('',#1586,.T.);
#854=PLANE('',#1587);
#855=SURFACE_STYLE_USAGE(.BOTH.,#1588);
#856=FACE_OUTER_BOUND('',#1589,.T.);
#857=PLANE('',#1590);
#858=SURFACE_STYLE_USAGE(.BOTH.,#1591);
#859=FACE_OUTER_BOUND('',#1592,.T.);
#860=PLANE('',#1593);
#861=SURFACE_STYLE_USAGE(.BOTH.,#1594);
#862=FACE_OUTER_BOUND('',#1595,.T.);
#863=PLANE('',#1596);
#864=SURFACE_STYLE_USAGE(.BOTH.,#1597);
#865=FACE_OUTER_BOUND('',#1598,.T.);
#866=PLANE('',#1599);
#867=SURFACE_STYLE_USAGE(.BOTH.,#1600);
#868=FACE_OUTER_BOUND('',#1601,.T.);
#869=PLANE('',#1602);
#870=SURFACE_STYLE_USAGE(.BOTH.,#1603);
#871=FACE_OUTER_BOUND('',#1604,.T.);
#872=PLANE('',#1605);
#873=SURFACE_STYLE_USAGE(.BOTH.,#1606);
#874=FACE_OUTER_BOUND('',#1607,.T.);
#875=PLANE('',#1608);
#876=SURFACE_STYLE_USAGE(.BOTH.,#1609);
#877=FACE_OUTER_BOUND('',#1610,.T.);
#878=PLANE('',#1611);
#879=SURFACE_STYLE_USAGE(.BOTH.,#1612);
#880=FACE_OUTER_BOUND('',#1613,.T.);
#881=PLANE('',#1614);
#882=SURFACE_STYLE_USAGE(.BOTH.,#1615);
#883=FACE_OUTER_BOUND('',#1616,.T.);
#884=PLANE('',#1617);
#885=SURFACE_STYLE_USAGE(.BOTH.,#1618);
#886=FACE_OUTER_BOUND('',#1619,.T.);
#887=PLANE('',#1620);
#888=SURFACE_STYLE_USAGE(.BOTH.,#1621);
#889=FACE_OUTER_BOUND('',#1622,.T.);
#890=PLANE('',#1623);
#891=SURFACE_STYLE_USAGE(.BOTH.,#1624);
#892=FACE_BOUND('',#1625,.T.);
#893=FACE_OUTER_BOUND('',#1626,.T.);
#894=PLANE('',#1627);
#895=SURFACE_STYLE_USAGE(.BOTH.,#1628);
#896=FACE_OUTER_BOUND('',#1629,.T.);
#897=PLANE('',#1630);
#898=SURFACE_STYLE_USAGE(.BOTH.,#1631);
#899=FACE_OUTER_BOUND('',#1632,.T.);
#900=PLANE('',#1633);
#901=SURFACE_STYLE_USAGE(.BOTH.,#1634);
#902=FACE_OUTER_BOUND('',#1635,.T.);
#903=PLANE('',#1636);
#904=SURFACE_STYLE_USAGE(.BOTH.,#1637);
#905=FACE_OUTER_BOUND('',#1638,.T.);
#906=PLANE('',#1639);
#907=SURFACE_STYLE_USAGE(.BOTH.,#1640);
#908=FACE_OUTER_BOUND('',#1641,.T.);
#909=PLANE('',#1642);
#910=SURFACE_STYLE_USAGE(.BOTH.,#1643);
#911=FACE_BOUND('',#1644,.T.);
#912=FACE_BOUND('',#1645,.T.);
#913=FACE_BOUND('',#1646,.T.);
#914=FACE_OUTER_BOUND('',#1647,.T.);
#915=PLANE('',#1648);
#916=SURFACE_STYLE_USAGE(.BOTH.,#1649);
#917=FACE_OUTER_BOUND('',#1650,.T.);
#918=PLANE('',#1651);
#919=SURFACE_STYLE_USAGE(.BOTH.,#1652);
#920=FACE_OUTER_BOUND('',#1653,.T.);
#921=CYLINDRICAL_SURFACE('',#1654,0.0002);
#922=SURFACE_STYLE_USAGE(.BOTH.,#1655);
#923=FACE_OUTER_BOUND('',#1656,.T.);
#924=PLANE('',#1657);
#925=SURFACE_STYLE_USAGE(.BOTH.,#1658);
#926=CLOSED_SHELL('',(#331,#333,#335,#337,#339,#341,#343,#345,#347,#349,#351,#353,#355,#357,#359,#361,#363,#365,#367,#369,#371,#373,#375,#377,#379,#381,#383));
#927=SURFACE_STYLE_USAGE(.BOTH.,#1659);
#928=FACE_OUTER_BOUND('',#1660,.T.);
#929=PLANE('',#1661);
#930=SURFACE_STYLE_USAGE(.BOTH.,#1662);
#931=FACE_OUTER_BOUND('',#1663,.T.);
#932=CYLINDRICAL_SURFACE('',#1664,0.755);
#933=SURFACE_STYLE_USAGE(.BOTH.,#1665);
#934=FACE_OUTER_BOUND('',#1666,.T.);
#935=CYLINDRICAL_SURFACE('',#1667,0.755);
#936=SURFACE_STYLE_USAGE(.BOTH.,#1668);
#937=FACE_OUTER_BOUND('',#1669,.T.);
#938=CYLINDRICAL_SURFACE('',#1670,0.755);
#939=SURFACE_STYLE_USAGE(.BOTH.,#1671);
#940=FACE_OUTER_BOUND('',#1672,.T.);
#941=PLANE('',#1673);
#942=SURFACE_STYLE_USAGE(.BOTH.,#1674);
#943=FACE_OUTER_BOUND('',#1675,.T.);
#944=PLANE('',#1676);
#945=SURFACE_STYLE_USAGE(.BOTH.,#1677);
#946=FACE_OUTER_BOUND('',#1678,.T.);
#947=PLANE('',#1679);
#948=SURFACE_STYLE_USAGE(.BOTH.,#1680);
#949=FACE_OUTER_BOUND('',#1681,.T.);
#950=CYLINDRICAL_SURFACE('',#1682,0.755);
#951=SURFACE_STYLE_USAGE(.BOTH.,#1683);
#952=FACE_OUTER_BOUND('',#1684,.T.);
#953=PLANE('',#1685);
#954=SURFACE_STYLE_USAGE(.BOTH.,#1686);
#955=FACE_OUTER_BOUND('',#1687,.T.);
#956=CYLINDRICAL_SURFACE('',#1688,0.755);
#957=SURFACE_STYLE_USAGE(.BOTH.,#1689);
#958=FACE_OUTER_BOUND('',#1690,.T.);
#959=PLANE('',#1691);
#960=SURFACE_STYLE_USAGE(.BOTH.,#1692);
#961=FACE_OUTER_BOUND('',#1693,.T.);
#962=PLANE('',#1694);
#963=SURFACE_STYLE_USAGE(.BOTH.,#1695);
#964=FACE_OUTER_BOUND('',#1696,.T.);
#965=PLANE('',#1697);
#966=SURFACE_STYLE_USAGE(.BOTH.,#1698);
#967=FACE_OUTER_BOUND('',#1699,.T.);
#968=CYLINDRICAL_SURFACE('',#1700,0.755);
#969=SURFACE_STYLE_USAGE(.BOTH.,#1701);
#970=FACE_OUTER_BOUND('',#1702,.T.);
#971=CYLINDRICAL_SURFACE('',#1703,0.755);
#972=SURFACE_STYLE_USAGE(.BOTH.,#1704);
#973=FACE_OUTER_BOUND('',#1705,.T.);
#974=PLANE('',#1706);
#975=SURFACE_STYLE_USAGE(.BOTH.,#1707);
#976=FACE_OUTER_BOUND('',#1708,.T.);
#977=CYLINDRICAL_SURFACE('',#1709,0.755);
#978=SURFACE_STYLE_USAGE(.BOTH.,#1710);
#979=FACE_OUTER_BOUND('',#1711,.T.);
#980=PLANE('',#1712);
#981=SURFACE_STYLE_USAGE(.BOTH.,#1713);
#982=FACE_OUTER_BOUND('',#1714,.T.);
#983=FACE_BOUND('',#1715,.T.);
#984=FACE_BOUND('',#1716,.T.);
#985=PLANE('',#1717);
#986=SURFACE_STYLE_USAGE(.BOTH.,#1718);
#987=FACE_OUTER_BOUND('',#1719,.T.);
#988=PLANE('',#1720);
#989=SURFACE_STYLE_USAGE(.BOTH.,#1721);
#990=FACE_OUTER_BOUND('',#1722,.T.);
#991=CYLINDRICAL_SURFACE('',#1723,0.755);
#992=SURFACE_STYLE_USAGE(.BOTH.,#1724);
#993=FACE_OUTER_BOUND('',#1725,.T.);
#994=CYLINDRICAL_SURFACE('',#1726,0.755);
#995=SURFACE_STYLE_USAGE(.BOTH.,#1727);
#996=FACE_OUTER_BOUND('',#1728,.T.);
#997=CYLINDRICAL_SURFACE('',#1729,0.755);
#998=SURFACE_STYLE_USAGE(.BOTH.,#1730);
#999=FACE_OUTER_BOUND('',#1731,.T.);
#1000=PLANE('',#1732);
#1001=SURFACE_STYLE_USAGE(.BOTH.,#1733);
#1002=FACE_OUTER_BOUND('',#1734,.T.);
#1003=PLANE('',#1735);
#1004=SURFACE_STYLE_USAGE(.BOTH.,#1736);
#1005=FACE_OUTER_BOUND('',#1737,.T.);
#1006=CYLINDRICAL_SURFACE('',#1738,0.755);
#1007=SURFACE_STYLE_USAGE(.BOTH.,#1739);
#1008=FACE_OUTER_BOUND('',#1740,.T.);
#1009=PLANE('',#1741);
#1010=SURFACE_STYLE_USAGE(.BOTH.,#1742);
#1011=FACE_OUTER_BOUND('',#1743,.T.);
#1012=CYLINDRICAL_SURFACE('',#1744,0.755);
#1013=SURFACE_STYLE_USAGE(.BOTH.,#1745);
#1014=FACE_OUTER_BOUND('',#1746,.T.);
#1015=PLANE('',#1747);
#1016=SURFACE_STYLE_USAGE(.BOTH.,#1748);
#1017=FACE_OUTER_BOUND('',#1749,.T.);
#1018=PLANE('',#1750);
#1019=SURFACE_STYLE_USAGE(.BOTH.,#1751);
#1020=FACE_OUTER_BOUND('',#1752,.T.);
#1021=PLANE('',#1753);
#1022=SURFACE_STYLE_USAGE(.BOTH.,#1754);
#1023=FACE_OUTER_BOUND('',#1755,.T.);
#1024=CYLINDRICAL_SURFACE('',#1756,0.755);
#1025=SURFACE_STYLE_USAGE(.BOTH.,#1757);
#1026=FACE_OUTER_BOUND('',#1758,.T.);
#1027=CYLINDRICAL_SURFACE('',#1759,0.755);
#1028=SURFACE_STYLE_USAGE(.BOTH.,#1760);
#1029=FACE_OUTER_BOUND('',#1761,.T.);
#1030=PLANE('',#1762);
#1031=SURFACE_STYLE_USAGE(.BOTH.,#1763);
#1032=FACE_OUTER_BOUND('',#1764,.T.);
#1033=CYLINDRICAL_SURFACE('',#1765,0.755);
#1034=SURFACE_STYLE_USAGE(.BOTH.,#1766);
#1035=FACE_OUTER_BOUND('',#1767,.T.);
#1036=PLANE('',#1768);
#1037=SURFACE_STYLE_USAGE(.BOTH.,#1769);
#1038=FACE_OUTER_BOUND('',#1770,.T.);
#1039=PLANE('',#1771);
#1040=SURFACE_STYLE_USAGE(.BOTH.,#1772);
#1041=FACE_OUTER_BOUND('',#1773,.T.);
#1042=PLANE('',#1774);
#1043=SURFACE_STYLE_USAGE(.BOTH.,#1775);
#1044=FACE_OUTER_BOUND('',#1776,.T.);
#1045=PLANE('',#1777);
#1046=SURFACE_STYLE_USAGE(.BOTH.,#1778);
#1047=FACE_OUTER_BOUND('',#1779,.T.);
#1048=PLANE('',#1780);
#1049=SURFACE_STYLE_USAGE(.BOTH.,#1781);
#1050=CLOSED_SHELL('',(#387,#389,#391,#393,#395,#397,#399,#401,#403,#405,#407,#409,#411,#413,#415,#417,#419,#421,#423,#425,#427,#429,#431,#433,#435,#437,#439,#441,#443,#445,#447,#449,#451,#453,#455,#457,#459,#461,#463,#465));
#1051=SURFACE_STYLE_USAGE(.BOTH.,#1782);
#1052=FACE_OUTER_BOUND('',#1783,.T.);
#1053=CYLINDRICAL_SURFACE('',#1784,0.75);
#1054=SURFACE_STYLE_USAGE(.BOTH.,#1785);
#1055=FACE_OUTER_BOUND('',#1786,.T.);
#1056=PLANE('',#1787);
#1057=SURFACE_STYLE_USAGE(.BOTH.,#1788);
#1058=FACE_OUTER_BOUND('',#1789,.T.);
#1059=CYLINDRICAL_SURFACE('',#1790,0.75);
#1060=SURFACE_STYLE_USAGE(.BOTH.,#1791);
#1061=FACE_OUTER_BOUND('',#1792,.T.);
#1062=PLANE('',#1793);
#1063=SURFACE_STYLE_USAGE(.BOTH.,#1794);
#1064=FACE_OUTER_BOUND('',#1795,.T.);
#1065=PLANE('',#1796);
#1066=SURFACE_STYLE_USAGE(.BOTH.,#1797);
#1067=FACE_OUTER_BOUND('',#1798,.T.);
#1068=PLANE('',#1799);
#1069=SURFACE_STYLE_USAGE(.BOTH.,#1800);
#1070=FACE_OUTER_BOUND('',#1801,.T.);
#1071=CYLINDRICAL_SURFACE('',#1802,0.75);
#1072=SURFACE_STYLE_USAGE(.BOTH.,#1803);
#1073=FACE_OUTER_BOUND('',#1804,.T.);
#1074=PLANE('',#1805);
#1075=SURFACE_STYLE_USAGE(.BOTH.,#1806);
#1076=FACE_OUTER_BOUND('',#1807,.T.);
#1077=CYLINDRICAL_SURFACE('',#1808,0.75);
#1078=SURFACE_STYLE_USAGE(.BOTH.,#1809);
#1079=FACE_OUTER_BOUND('',#1810,.T.);
#1080=PLANE('',#1811);
#1081=SURFACE_STYLE_USAGE(.BOTH.,#1812);
#1082=FACE_OUTER_BOUND('',#1813,.T.);
#1083=PLANE('',#1814);
#1084=SURFACE_STYLE_USAGE(.BOTH.,#1815);
#1085=FACE_OUTER_BOUND('',#1816,.T.);
#1086=PLANE('',#1817);
#1087=SURFACE_STYLE_USAGE(.BOTH.,#1818);
#1088=CLOSED_SHELL('',(#469,#471,#473,#475,#477,#479));
#1089=SURFACE_STYLE_USAGE(.BOTH.,#1819);
#1090=CLOSED_SHELL('',(#481,#483,#485,#487,#489,#491));
#1091=SURFACE_STYLE_USAGE(.BOTH.,#1820);
#1092=FACE_OUTER_BOUND('',#1821,.T.);
#1093=CYLINDRICAL_SURFACE('',#1822,0.75);
#1094=SURFACE_STYLE_USAGE(.BOTH.,#1823);
#1095=FACE_OUTER_BOUND('',#1824,.T.);
#1096=PLANE('',#1825);
#1097=SURFACE_STYLE_USAGE(.BOTH.,#1826);
#1098=FACE_OUTER_BOUND('',#1827,.T.);
#1099=CYLINDRICAL_SURFACE('',#1828,0.75);
#1100=SURFACE_STYLE_USAGE(.BOTH.,#1829);
#1101=FACE_OUTER_BOUND('',#1830,.T.);
#1102=PLANE('',#1831);
#1103=SURFACE_STYLE_USAGE(.BOTH.,#1832);
#1104=FACE_OUTER_BOUND('',#1833,.T.);
#1105=PLANE('',#1834);
#1106=SURFACE_STYLE_USAGE(.BOTH.,#1835);
#1107=FACE_OUTER_BOUND('',#1836,.T.);
#1108=PLANE('',#1837);
#1109=SURFACE_STYLE_USAGE(.BOTH.,#1838);
#1110=FACE_OUTER_BOUND('',#1839,.T.);
#1111=CYLINDRICAL_SURFACE('',#1840,0.75);
#1112=SURFACE_STYLE_USAGE(.BOTH.,#1841);
#1113=FACE_OUTER_BOUND('',#1842,.T.);
#1114=PLANE('',#1843);
#1115=SURFACE_STYLE_USAGE(.BOTH.,#1844);
#1116=FACE_OUTER_BOUND('',#1845,.T.);
#1117=CYLINDRICAL_SURFACE('',#1846,0.75);
#1118=SURFACE_STYLE_USAGE(.BOTH.,#1847);
#1119=FACE_OUTER_BOUND('',#1848,.T.);
#1120=PLANE('',#1849);
#1121=SURFACE_STYLE_USAGE(.BOTH.,#1850);
#1122=FACE_OUTER_BOUND('',#1851,.T.);
#1123=PLANE('',#1852);
#1124=SURFACE_STYLE_USAGE(.BOTH.,#1853);
#1125=FACE_OUTER_BOUND('',#1854,.T.);
#1126=PLANE('',#1855);
#1127=SURFACE_STYLE_USAGE(.BOTH.,#1856);
#1128=CLOSED_SHELL('',(#497,#499,#501,#503,#505,#507));
#1129=SURFACE_STYLE_USAGE(.BOTH.,#1857);
#1130=CLOSED_SHELL('',(#509,#511,#513,#515,#517,#519));
#1131=SURFACE_STYLE_USAGE(.BOTH.,#1858);
#1132=FACE_OUTER_BOUND('',#1859,.T.);
#1133=CYLINDRICAL_SURFACE('',#1860,0.75);
#1134=SURFACE_STYLE_USAGE(.BOTH.,#1861);
#1135=FACE_OUTER_BOUND('',#1862,.T.);
#1136=PLANE('',#1863);
#1137=SURFACE_STYLE_USAGE(.BOTH.,#1864);
#1138=FACE_OUTER_BOUND('',#1865,.T.);
#1139=CYLINDRICAL_SURFACE('',#1866,0.75);
#1140=SURFACE_STYLE_USAGE(.BOTH.,#1867);
#1141=FACE_OUTER_BOUND('',#1868,.T.);
#1142=PLANE('',#1869);
#1143=SURFACE_STYLE_USAGE(.BOTH.,#1870);
#1144=FACE_OUTER_BOUND('',#1871,.T.);
#1145=PLANE('',#1872);
#1146=SURFACE_STYLE_USAGE(.BOTH.,#1873);
#1147=FACE_OUTER_BOUND('',#1874,.T.);
#1148=PLANE('',#1875);
#1149=SURFACE_STYLE_USAGE(.BOTH.,#1876);
#1150=FACE_OUTER_BOUND('',#1877,.T.);
#1151=CYLINDRICAL_SURFACE('',#1878,0.75);
#1152=SURFACE_STYLE_USAGE(.BOTH.,#1879);
#1153=FACE_OUTER_BOUND('',#1880,.T.);
#1154=PLANE('',#1881);
#1155=SURFACE_STYLE_USAGE(.BOTH.,#1882);
#1156=FACE_OUTER_BOUND('',#1883,.T.);
#1157=CYLINDRICAL_SURFACE('',#1884,0.75);
#1158=SURFACE_STYLE_USAGE(.BOTH.,#1885);
#1159=FACE_OUTER_BOUND('',#1886,.T.);
#1160=PLANE('',#1887);
#1161=SURFACE_STYLE_USAGE(.BOTH.,#1888);
#1162=FACE_OUTER_BOUND('',#1889,.T.);
#1163=PLANE('',#1890);
#1164=SURFACE_STYLE_USAGE(.BOTH.,#1891);
#1165=FACE_OUTER_BOUND('',#1892,.T.);
#1166=PLANE('',#1893);
#1167=SURFACE_STYLE_USAGE(.BOTH.,#1894);
#1168=CLOSED_SHELL('',(#525,#527,#529,#531,#533,#535));
#1169=SURFACE_STYLE_USAGE(.BOTH.,#1895);
#1170=CLOSED_SHELL('',(#537,#539,#541,#543,#545,#547));
#1171=SURFACE_STYLE_USAGE(.BOTH.,#1896);
#1172=FACE_OUTER_BOUND('',#1897,.T.);
#1173=PLANE('',#1898);
#1174=SURFACE_STYLE_USAGE(.BOTH.,#1899);
#1175=FACE_OUTER_BOUND('',#1900,.T.);
#1176=PLANE('',#1901);
#1177=SURFACE_STYLE_USAGE(.BOTH.,#1902);
#1178=FACE_OUTER_BOUND('',#1903,.T.);
#1179=PLANE('',#1904);
#1180=SURFACE_STYLE_USAGE(.BOTH.,#1905);
#1181=FACE_OUTER_BOUND('',#1906,.T.);
#1182=PLANE('',#1907);
#1183=SURFACE_STYLE_USAGE(.BOTH.,#1908);
#1184=FACE_OUTER_BOUND('',#1909,.T.);
#1185=PLANE('',#1910);
#1186=SURFACE_STYLE_USAGE(.BOTH.,#1911);
#1187=FACE_OUTER_BOUND('',#1912,.T.);
#1188=PLANE('',#1913);
#1189=SURFACE_STYLE_USAGE(.BOTH.,#1914);
#1190=FACE_OUTER_BOUND('',#1915,.T.);
#1191=PLANE('',#1916);
#1192=SURFACE_STYLE_USAGE(.BOTH.,#1917);
#1193=FACE_OUTER_BOUND('',#1918,.T.);
#1194=PLANE('',#1919);
#1195=SURFACE_STYLE_USAGE(.BOTH.,#1920);
#1196=FACE_OUTER_BOUND('',#1921,.T.);
#1197=PLANE('',#1922);
#1198=SURFACE_STYLE_USAGE(.BOTH.,#1923);
#1199=FACE_OUTER_BOUND('',#1924,.T.);
#1200=PLANE('',#1925);
#1201=SURFACE_STYLE_USAGE(.BOTH.,#1926);
#1202=FACE_OUTER_BOUND('',#1927,.T.);
#1203=PLANE('',#1928);
#1204=SURFACE_STYLE_USAGE(.BOTH.,#1929);
#1205=FACE_OUTER_BOUND('',#1930,.T.);
#1206=PLANE('',#1931);
#1207=SURFACE_STYLE_USAGE(.BOTH.,#1932);
#1208=FACE_OUTER_BOUND('',#1933,.T.);
#1209=PLANE('',#1934);
#1210=SURFACE_STYLE_USAGE(.BOTH.,#1935);
#1211=FACE_OUTER_BOUND('',#1936,.T.);
#1212=PLANE('',#1937);
#1213=SURFACE_STYLE_USAGE(.BOTH.,#1938);
#1214=FACE_OUTER_BOUND('',#1939,.T.);
#1215=PLANE('',#1940);
#1216=SURFACE_STYLE_USAGE(.BOTH.,#1941);
#1217=FACE_OUTER_BOUND('',#1942,.T.);
#1218=PLANE('',#1943);
#1219=SURFACE_STYLE_USAGE(.BOTH.,#1944);
#1220=FACE_OUTER_BOUND('',#1945,.T.);
#1221=PLANE('',#1946);
#1222=SURFACE_STYLE_USAGE(.BOTH.,#1947);
#1223=FACE_OUTER_BOUND('',#1948,.T.);
#1224=PLANE('',#1949);
#1225=SURFACE_STYLE_USAGE(.BOTH.,#1950);
#1226=FACE_OUTER_BOUND('',#1951,.T.);
#1227=PLANE('',#1952);
#1228=SURFACE_STYLE_USAGE(.BOTH.,#1953);
#1229=FACE_OUTER_BOUND('',#1954,.T.);
#1230=PLANE('',#1955);
#1231=SURFACE_STYLE_USAGE(.BOTH.,#1956);
#1232=FACE_OUTER_BOUND('',#1957,.T.);
#1233=PLANE('',#1958);
#1234=SURFACE_STYLE_USAGE(.BOTH.,#1959);
#1235=FACE_OUTER_BOUND('',#1960,.T.);
#1236=PLANE('',#1961);
#1237=SURFACE_STYLE_USAGE(.BOTH.,#1962);
#1238=FACE_OUTER_BOUND('',#1963,.T.);
#1239=PLANE('',#1964);
#1240=SURFACE_STYLE_USAGE(.BOTH.,#1965);
#1241=FACE_OUTER_BOUND('',#1966,.T.);
#1242=PLANE('',#1967);
#1243=SURFACE_STYLE_USAGE(.BOTH.,#1968);
#1244=FACE_OUTER_BOUND('',#1969,.T.);
#1245=PLANE('',#1970);
#1246=SURFACE_STYLE_USAGE(.BOTH.,#1971);
#1247=FACE_OUTER_BOUND('',#1972,.T.);
#1248=PLANE('',#1973);
#1249=SURFACE_STYLE_USAGE(.BOTH.,#1974);
#1250=FACE_OUTER_BOUND('',#1975,.T.);
#1251=PLANE('',#1976);
#1252=SURFACE_STYLE_USAGE(.BOTH.,#1977);
#1253=FACE_OUTER_BOUND('',#1978,.T.);
#1254=PLANE('',#1979);
#1255=SURFACE_STYLE_USAGE(.BOTH.,#1980);
#1256=FACE_OUTER_BOUND('',#1981,.T.);
#1257=PLANE('',#1982);
#1258=SURFACE_STYLE_USAGE(.BOTH.,#1983);
#1259=FACE_OUTER_BOUND('',#1984,.T.);
#1260=PLANE('',#1985);
#1261=SURFACE_STYLE_USAGE(.BOTH.,#1986);
#1262=FACE_OUTER_BOUND('',#1987,.T.);
#1263=PLANE('',#1988);
#1264=SURFACE_STYLE_USAGE(.BOTH.,#1989);
#1265=FACE_OUTER_BOUND('',#1990,.T.);
#1266=PLANE('',#1991);
#1267=SURFACE_STYLE_USAGE(.BOTH.,#1992);
#1268=FACE_OUTER_BOUND('',#1993,.T.);
#1269=PLANE('',#1994);
#1270=SURFACE_STYLE_USAGE(.BOTH.,#1995);
#1271=FACE_OUTER_BOUND('',#1996,.T.);
#1272=PLANE('',#1997);
#1273=SURFACE_STYLE_USAGE(.BOTH.,#1998);
#1274=FACE_OUTER_BOUND('',#1999,.T.);
#1275=PLANE('',#2000);
#1276=SURFACE_STYLE_USAGE(.BOTH.,#2001);
#1277=FACE_OUTER_BOUND('',#2002,.T.);
#1278=PLANE('',#2003);
#1279=SURFACE_STYLE_USAGE(.BOTH.,#2004);
#1280=FACE_OUTER_BOUND('',#2005,.T.);
#1281=PLANE('',#2006);
#1282=SURFACE_STYLE_USAGE(.BOTH.,#2007);
#1283=FACE_OUTER_BOUND('',#2008,.T.);
#1284=PLANE('',#2009);
#1285=SURFACE_STYLE_USAGE(.BOTH.,#2010);
#1286=FACE_OUTER_BOUND('',#2011,.T.);
#1287=PLANE('',#2012);
#1288=SURFACE_STYLE_USAGE(.BOTH.,#2013);
#1289=FACE_OUTER_BOUND('',#2014,.T.);
#1290=PLANE('',#2015);
#1291=SURFACE_STYLE_USAGE(.BOTH.,#2016);
#1292=FACE_OUTER_BOUND('',#2017,.T.);
#1293=PLANE('',#2018);
#1294=SURFACE_STYLE_USAGE(.BOTH.,#2019);
#1295=FACE_OUTER_BOUND('',#2020,.T.);
#1296=PLANE('',#2021);
#1297=SURFACE_STYLE_USAGE(.BOTH.,#2022);
#1298=CLOSED_SHELL('',(#553,#555,#557,#559,#561,#563,#565));
#1299=SURFACE_STYLE_USAGE(.BOTH.,#2023);
#1300=CLOSED_SHELL('',(#567,#569,#571,#573,#575,#577,#579));
#1301=SURFACE_STYLE_USAGE(.BOTH.,#2024);
#1302=CLOSED_SHELL('',(#581,#583,#585,#587,#589,#591,#593));
#1303=SURFACE_STYLE_USAGE(.BOTH.,#2025);
#1304=CLOSED_SHELL('',(#595,#597,#599,#601,#603,#605,#607));
#1305=SURFACE_STYLE_USAGE(.BOTH.,#2026);
#1306=CLOSED_SHELL('',(#609,#611,#613,#615,#617,#619,#621));
#1307=SURFACE_STYLE_USAGE(.BOTH.,#2027);
#1308=CLOSED_SHELL('',(#623,#625,#627,#629,#631,#633,#635));
#1309=SURFACE_STYLE_USAGE(.BOTH.,#2028);
#1310=FACE_OUTER_BOUND('',#2029,.T.);
#1311=PLANE('',#2030);
#1312=SURFACE_STYLE_USAGE(.BOTH.,#2031);
#1313=FACE_OUTER_BOUND('',#2032,.T.);
#1314=PLANE('',#2033);
#1315=SURFACE_STYLE_USAGE(.BOTH.,#2034);
#1316=FACE_OUTER_BOUND('',#2035,.T.);
#1317=PLANE('',#2036);
#1318=SURFACE_STYLE_USAGE(.BOTH.,#2037);
#1319=FACE_OUTER_BOUND('',#2038,.T.);
#1320=PLANE('',#2039);
#1321=SURFACE_STYLE_USAGE(.BOTH.,#2040);
#1322=FACE_OUTER_BOUND('',#2041,.T.);
#1323=PLANE('',#2042);
#1324=SURFACE_STYLE_USAGE(.BOTH.,#2043);
#1325=FACE_OUTER_BOUND('',#2044,.T.);
#1326=PLANE('',#2045);
#1327=SURFACE_STYLE_USAGE(.BOTH.,#2046);
#1328=FACE_OUTER_BOUND('',#2047,.T.);
#1329=PLANE('',#2048);
#1330=SURFACE_STYLE_USAGE(.BOTH.,#2049);
#1331=FACE_OUTER_BOUND('',#2050,.T.);
#1332=PLANE('',#2051);
#1333=SURFACE_STYLE_USAGE(.BOTH.,#2052);
#1334=FACE_OUTER_BOUND('',#2053,.T.);
#1335=PLANE('',#2054);
#1336=SURFACE_STYLE_USAGE(.BOTH.,#2055);
#1337=FACE_OUTER_BOUND('',#2056,.T.);
#1338=PLANE('',#2057);
#1339=SURFACE_STYLE_USAGE(.BOTH.,#2058);
#1340=FACE_OUTER_BOUND('',#2059,.T.);
#1341=PLANE('',#2060);
#1342=SURFACE_STYLE_USAGE(.BOTH.,#2061);
#1343=FACE_OUTER_BOUND('',#2062,.T.);
#1344=PLANE('',#2063);
#1345=SURFACE_STYLE_USAGE(.BOTH.,#2064);
#1346=FACE_OUTER_BOUND('',#2065,.T.);
#1347=PLANE('',#2066);
#1348=SURFACE_STYLE_USAGE(.BOTH.,#2067);
#1349=FACE_OUTER_BOUND('',#2068,.T.);
#1350=PLANE('',#2069);
#1351=SURFACE_STYLE_USAGE(.BOTH.,#2070);
#1352=FACE_OUTER_BOUND('',#2071,.T.);
#1353=PLANE('',#2072);
#1354=SURFACE_STYLE_USAGE(.BOTH.,#2073);
#1355=FACE_OUTER_BOUND('',#2074,.T.);
#1356=PLANE('',#2075);
#1357=SURFACE_STYLE_USAGE(.BOTH.,#2076);
#1358=FACE_OUTER_BOUND('',#2077,.T.);
#1359=PLANE('',#2078);
#1360=SURFACE_STYLE_USAGE(.BOTH.,#2079);
#1361=FACE_OUTER_BOUND('',#2080,.T.);
#1362=PLANE('',#2081);
#1363=SURFACE_STYLE_USAGE(.BOTH.,#2082);
#1364=FACE_OUTER_BOUND('',#2083,.T.);
#1365=PLANE('',#2084);
#1366=SURFACE_STYLE_USAGE(.BOTH.,#2085);
#1367=FACE_OUTER_BOUND('',#2086,.T.);
#1368=PLANE('',#2087);
#1369=SURFACE_STYLE_USAGE(.BOTH.,#2088);
#1370=FACE_OUTER_BOUND('',#2089,.T.);
#1371=PLANE('',#2090);
#1372=SURFACE_STYLE_USAGE(.BOTH.,#2091);
#1373=FACE_OUTER_BOUND('',#2092,.T.);
#1374=PLANE('',#2093);
#1375=SURFACE_STYLE_USAGE(.BOTH.,#2094);
#1376=FACE_OUTER_BOUND('',#2095,.T.);
#1377=PLANE('',#2096);
#1378=SURFACE_STYLE_USAGE(.BOTH.,#2097);
#1379=FACE_OUTER_BOUND('',#2098,.T.);
#1380=PLANE('',#2099);
#1381=SURFACE_STYLE_USAGE(.BOTH.,#2100);
#1382=FACE_OUTER_BOUND('',#2101,.T.);
#1383=PLANE('',#2102);
#1384=SURFACE_STYLE_USAGE(.BOTH.,#2103);
#1385=FACE_OUTER_BOUND('',#2104,.T.);
#1386=PLANE('',#2105);
#1387=SURFACE_STYLE_USAGE(.BOTH.,#2106);
#1388=FACE_OUTER_BOUND('',#2107,.T.);
#1389=PLANE('',#2108);
#1390=SURFACE_STYLE_USAGE(.BOTH.,#2109);
#1391=FACE_OUTER_BOUND('',#2110,.T.);
#1392=PLANE('',#2111);
#1393=SURFACE_STYLE_USAGE(.BOTH.,#2112);
#1394=FACE_OUTER_BOUND('',#2113,.T.);
#1395=PLANE('',#2114);
#1396=SURFACE_STYLE_USAGE(.BOTH.,#2115);
#1397=FACE_OUTER_BOUND('',#2116,.T.);
#1398=PLANE('',#2117);
#1399=SURFACE_STYLE_USAGE(.BOTH.,#2118);
#1400=FACE_OUTER_BOUND('',#2119,.T.);
#1401=PLANE('',#2120);
#1402=SURFACE_STYLE_USAGE(.BOTH.,#2121);
#1403=FACE_OUTER_BOUND('',#2122,.T.);
#1404=PLANE('',#2123);
#1405=SURFACE_STYLE_USAGE(.BOTH.,#2124);
#1406=FACE_OUTER_BOUND('',#2125,.T.);
#1407=PLANE('',#2126);
#1408=SURFACE_STYLE_USAGE(.BOTH.,#2127);
#1409=FACE_OUTER_BOUND('',#2128,.T.);
#1410=PLANE('',#2129);
#1411=SURFACE_STYLE_USAGE(.BOTH.,#2130);
#1412=FACE_OUTER_BOUND('',#2131,.T.);
#1413=PLANE('',#2132);
#1414=SURFACE_STYLE_USAGE(.BOTH.,#2133);
#1415=FACE_OUTER_BOUND('',#2134,.T.);
#1416=PLANE('',#2135);
#1417=SURFACE_STYLE_USAGE(.BOTH.,#2136);
#1418=FACE_OUTER_BOUND('',#2137,.T.);
#1419=PLANE('',#2138);
#1420=SURFACE_STYLE_USAGE(.BOTH.,#2139);
#1421=FACE_OUTER_BOUND('',#2140,.T.);
#1422=PLANE('',#2141);
#1423=SURFACE_STYLE_USAGE(.BOTH.,#2142);
#1424=FACE_OUTER_BOUND('',#2143,.T.);
#1425=PLANE('',#2144);
#1426=SURFACE_STYLE_USAGE(.BOTH.,#2145);
#1427=FACE_OUTER_BOUND('',#2146,.T.);
#1428=PLANE('',#2147);
#1429=SURFACE_STYLE_USAGE(.BOTH.,#2148);
#1430=FACE_OUTER_BOUND('',#2149,.T.);
#1431=PLANE('',#2150);
#1432=SURFACE_STYLE_USAGE(.BOTH.,#2151);
#1433=FACE_OUTER_BOUND('',#2152,.T.);
#1434=PLANE('',#2153);
#1435=SURFACE_STYLE_USAGE(.BOTH.,#2154);
#1436=CLOSED_SHELL('',(#649,#651,#653,#655,#657,#659,#661));
#1437=SURFACE_STYLE_USAGE(.BOTH.,#2155);
#1438=CLOSED_SHELL('',(#663,#665,#667,#669,#671,#673,#675));
#1439=SURFACE_STYLE_USAGE(.BOTH.,#2156);
#1440=CLOSED_SHELL('',(#677,#679,#681,#683,#685,#687,#689));
#1441=SURFACE_STYLE_USAGE(.BOTH.,#2157);
#1442=CLOSED_SHELL('',(#691,#693,#695,#697,#699,#701,#703));
#1443=SURFACE_STYLE_USAGE(.BOTH.,#2158);
#1444=CLOSED_SHELL('',(#705,#707,#709,#711,#713,#715,#717));
#1445=SURFACE_STYLE_USAGE(.BOTH.,#2159);
#1446=CLOSED_SHELL('',(#719,#721,#723,#725,#727,#729,#731));
#1447=SURFACE_STYLE_USAGE(.BOTH.,#2160);
#1448=FACE_OUTER_BOUND('',#2161,.T.);
#1449=PLANE('',#2162);
#1450=SURFACE_STYLE_USAGE(.BOTH.,#2163);
#1451=FACE_OUTER_BOUND('',#2164,.T.);
#1452=PLANE('',#2165);
#1453=SURFACE_STYLE_USAGE(.BOTH.,#2166);
#1454=FACE_OUTER_BOUND('',#2167,.T.);
#1455=PLANE('',#2168);
#1456=SURFACE_STYLE_USAGE(.BOTH.,#2169);
#1457=FACE_OUTER_BOUND('',#2170,.T.);
#1458=PLANE('',#2171);
#1459=SURFACE_STYLE_USAGE(.BOTH.,#2172);
#1460=FACE_OUTER_BOUND('',#2173,.T.);
#1461=PLANE('',#2174);
#1462=SURFACE_STYLE_USAGE(.BOTH.,#2175);
#1463=FACE_OUTER_BOUND('',#2176,.T.);
#1464=PLANE('',#2177);
#1465=SURFACE_STYLE_USAGE(.BOTH.,#2178);
#1466=FACE_OUTER_BOUND('',#2179,.T.);
#1467=PLANE('',#2180);
#1468=SURFACE_STYLE_USAGE(.BOTH.,#2181);
#1469=FACE_OUTER_BOUND('',#2182,.T.);
#1470=PLANE('',#2183);
#1471=SURFACE_STYLE_USAGE(.BOTH.,#2184);
#1472=FACE_OUTER_BOUND('',#2185,.T.);
#1473=PLANE('',#2186);
#1474=SURFACE_STYLE_USAGE(.BOTH.,#2187);
#1475=FACE_OUTER_BOUND('',#2188,.T.);
#1476=PLANE('',#2189);
#1477=SURFACE_STYLE_USAGE(.BOTH.,#2190);
#1478=FACE_OUTER_BOUND('',#2191,.T.);
#1479=PLANE('',#2192);
#1480=SURFACE_STYLE_USAGE(.BOTH.,#2193);
#1481=FACE_OUTER_BOUND('',#2194,.T.);
#1482=PLANE('',#2195);
#1483=SURFACE_STYLE_USAGE(.BOTH.,#2196);
#1484=CLOSED_SHELL('',(#745,#747,#749,#751,#753,#755));
#1485=SURFACE_STYLE_USAGE(.BOTH.,#2197);
#1486=CLOSED_SHELL('',(#757,#759,#761,#763,#765,#767));
#1487=SURFACE_STYLE_USAGE(.BOTH.,#2198);
#1488=FACE_OUTER_BOUND('',#2199,.T.);
#1489=PLANE('',#2200);
#1490=SURFACE_STYLE_USAGE(.BOTH.,#2201);
#1491=FACE_OUTER_BOUND('',#2202,.T.);
#1492=PLANE('',#2203);
#1493=SURFACE_STYLE_USAGE(.BOTH.,#2204);
#1494=FACE_OUTER_BOUND('',#2205,.T.);
#1495=PLANE('',#2206);
#1496=SURFACE_STYLE_USAGE(.BOTH.,#2207);
#1497=FACE_OUTER_BOUND('',#2208,.T.);
#1498=PLANE('',#2209);
#1499=SURFACE_STYLE_USAGE(.BOTH.,#2210);
#1500=FACE_OUTER_BOUND('',#2211,.T.);
#1501=PLANE('',#2212);
#1502=SURFACE_STYLE_USAGE(.BOTH.,#2213);
#1503=FACE_OUTER_BOUND('',#2214,.T.);
#1504=PLANE('',#2215);
#1505=SURFACE_STYLE_USAGE(.BOTH.,#2216);
#1506=FACE_OUTER_BOUND('',#2217,.T.);
#1507=PLANE('',#2218);
#1508=SURFACE_STYLE_USAGE(.BOTH.,#2219);
#1509=FACE_OUTER_BOUND('',#2220,.T.);
#1510=PLANE('',#2221);
#1511=SURFACE_STYLE_USAGE(.BOTH.,#2222);
#1512=FACE_OUTER_BOUND('',#2223,.T.);
#1513=PLANE('',#2224);
#1514=SURFACE_STYLE_USAGE(.BOTH.,#2225);
#1515=FACE_OUTER_BOUND('',#2226,.T.);
#1516=PLANE('',#2227);
#1517=SURFACE_STYLE_USAGE(.BOTH.,#2228);
#1518=FACE_OUTER_BOUND('',#2229,.T.);
#1519=PLANE('',#2230);
#1520=SURFACE_STYLE_USAGE(.BOTH.,#2231);
#1521=FACE_OUTER_BOUND('',#2232,.T.);
#1522=PLANE('',#2233);
#1523=SURFACE_STYLE_USAGE(.BOTH.,#2234);
#1524=CLOSED_SHELL('',(#773,#775,#777,#779,#781,#783));
#1525=SURFACE_STYLE_USAGE(.BOTH.,#2235);
#1526=CLOSED_SHELL('',(#785,#787,#789,#791,#793,#795));
#1527=PRODUCT_CONTEXT('',#277,'mechanical');
#1528=PRODUCT_DEFINITION_FORMATION_WITH_SPECIFIED_SOURCE(' ','NONE',#800,.NOT_KNOWN.);
#1529=CARTESIAN_POINT('',(0.0,0.0,0.0));
#1530=DIRECTION('',(0.0,0.0,1.0));
#1531=DIRECTION('',(1.0,0.0,0.0));
#1532=PRODUCT_CONTEXT('',#282,'mechanical');
#1533=PRODUCT_DEFINITION_FORMATION_WITH_SPECIFIED_SOURCE(' ','NONE',#803,.NOT_KNOWN.);
#1534=CARTESIAN_POINT('',(0.0,0.0,0.0));
#1535=DIRECTION('',(0.0,0.0,1.0));
#1536=DIRECTION('',(1.0,0.0,0.0));
#1537=PRODUCT_CONTEXT('',#287,'mechanical');
#1538=PRODUCT_DEFINITION_FORMATION_WITH_SPECIFIED_SOURCE(' ','NONE',#806,.NOT_KNOWN.);
#1539=CARTESIAN_POINT('',(0.0,0.0,0.0));
#1540=DIRECTION('',(0.0,0.0,1.0));
#1541=DIRECTION('',(1.0,0.0,0.0));
#1542=PRODUCT_CONTEXT('',#292,'mechanical');
#1543=PRODUCT_DEFINITION_FORMATION_WITH_SPECIFIED_SOURCE(' ','NONE',#809,.NOT_KNOWN.);
#1544=CARTESIAN_POINT('',(0.0,0.0,0.0));
#1545=DIRECTION('',(0.0,0.0,1.0));
#1546=DIRECTION('',(1.0,0.0,0.0));
#1547=PRODUCT_CONTEXT('',#297,'mechanical');
#1548=PRODUCT_DEFINITION_FORMATION_WITH_SPECIFIED_SOURCE(' ','NONE',#812,.NOT_KNOWN.);
#1549=CARTESIAN_POINT('',(0.0,0.0,0.0));
#1550=DIRECTION('',(0.0,0.0,1.0));
#1551=DIRECTION('',(1.0,0.0,0.0));
#1552=PRODUCT_CONTEXT('',#302,'mechanical');
#1553=PRODUCT_DEFINITION_FORMATION_WITH_SPECIFIED_SOURCE(' ','NONE',#815,.NOT_KNOWN.);
#1554=CARTESIAN_POINT('',(0.0,0.0,0.0));
#1555=DIRECTION('',(0.0,0.0,1.0));
#1556=DIRECTION('',(1.0,0.0,0.0));
#1557=PRODUCT_CONTEXT('',#307,'mechanical');
#1558=PRODUCT_DEFINITION_FORMATION_WITH_SPECIFIED_SOURCE(' ','NONE',#818,.NOT_KNOWN.);
#1559=CARTESIAN_POINT('',(0.0,0.0,0.0));
#1560=DIRECTION('',(0.0,0.0,1.0));
#1561=DIRECTION('',(1.0,0.0,0.0));
#1562=PRODUCT_CONTEXT('',#312,'mechanical');
#1563=PRODUCT_DEFINITION_FORMATION_WITH_SPECIFIED_SOURCE(' ','NONE',#821,.NOT_KNOWN.);
#1564=CARTESIAN_POINT('',(0.0,0.0,0.0));
#1565=DIRECTION('',(0.0,0.0,1.0));
#1566=DIRECTION('',(1.0,0.0,0.0));
#1567=PRODUCT_CONTEXT('',#317,'mechanical');
#1568=PRODUCT_DEFINITION_FORMATION_WITH_SPECIFIED_SOURCE(' ','NONE',#824,.NOT_KNOWN.);
#1569=CARTESIAN_POINT('',(0.0,0.0,0.0));
#1570=DIRECTION('',(0.0,0.0,1.0));
#1571=DIRECTION('',(1.0,0.0,0.0));
#1572= (NAMED_UNIT(#832)LENGTH_UNIT()SI_UNIT(.MILLI.,.METRE.));
#1573=SURFACE_SIDE_STYLE('',(#2237));
#1574=EDGE_LOOP('',(#2238,#2239,#2240,#2241));
#1575=AXIS2_PLACEMENT_3D('',#2242,#2243,#2244);
#1576=SURFACE_SIDE_STYLE('',(#2245));
#1577=EDGE_LOOP('',(#2246,#2247,#2248,#2249));
#1578=AXIS2_PLACEMENT_3D('',#2250,#2251,#2252);
#1579=SURFACE_SIDE_STYLE('',(#2253));
#1580=EDGE_LOOP('',(#2254,#2255,#2256,#2257));
#1581=AXIS2_PLACEMENT_3D('',#2258,#2259,#2260);
#1582=SURFACE_SIDE_STYLE('',(#2261));
#1583=EDGE_LOOP('',(#2262,#2263,#2264,#2265));
#1584=AXIS2_PLACEMENT_3D('',#2266,#2267,#2268);
#1585=SURFACE_SIDE_STYLE('',(#2269));
#1586=EDGE_LOOP('',(#2270,#2271,#2272,#2273));
#1587=AXIS2_PLACEMENT_3D('',#2274,#2275,#2276);
#1588=SURFACE_SIDE_STYLE('',(#2277));
#1589=EDGE_LOOP('',(#2278,#2279,#2280,#2281));
#1590=AXIS2_PLACEMENT_3D('',#2282,#2283,#2284);
#1591=SURFACE_SIDE_STYLE('',(#2285));
#1592=EDGE_LOOP('',(#2286,#2287,#2288,#2289));
#1593=AXIS2_PLACEMENT_3D('',#2290,#2291,#2292);
#1594=SURFACE_SIDE_STYLE('',(#2293));
#1595=EDGE_LOOP('',(#2294,#2295,#2296,#2297));
#1596=AXIS2_PLACEMENT_3D('',#2298,#2299,#2300);
#1597=SURFACE_SIDE_STYLE('',(#2301));
#1598=EDGE_LOOP('',(#2302,#2303,#2304,#2305));
#1599=AXIS2_PLACEMENT_3D('',#2306,#2307,#2308);
#1600=SURFACE_SIDE_STYLE('',(#2309));
#1601=EDGE_LOOP('',(#2310,#2311,#2312,#2313));
#1602=AXIS2_PLACEMENT_3D('',#2314,#2315,#2316);
#1603=SURFACE_SIDE_STYLE('',(#2317));
#1604=EDGE_LOOP('',(#2318,#2319,#2320,#2321));
#1605=AXIS2_PLACEMENT_3D('',#2322,#2323,#2324);
#1606=SURFACE_SIDE_STYLE('',(#2325));
#1607=EDGE_LOOP('',(#2326,#2327,#2328,#2329));
#1608=AXIS2_PLACEMENT_3D('',#2330,#2331,#2332);
#1609=SURFACE_SIDE_STYLE('',(#2333));
#1610=EDGE_LOOP('',(#2334,#2335,#2336,#2337));
#1611=AXIS2_PLACEMENT_3D('',#2338,#2339,#2340);
#1612=SURFACE_SIDE_STYLE('',(#2341));
#1613=EDGE_LOOP('',(#2342,#2343,#2344,#2345));
#1614=AXIS2_PLACEMENT_3D('',#2346,#2347,#2348);
#1615=SURFACE_SIDE_STYLE('',(#2349));
#1616=EDGE_LOOP('',(#2350,#2351,#2352,#2353));
#1617=AXIS2_PLACEMENT_3D('',#2354,#2355,#2356);
#1618=SURFACE_SIDE_STYLE('',(#2357));
#1619=EDGE_LOOP('',(#2358,#2359,#2360,#2361));
#1620=AXIS2_PLACEMENT_3D('',#2362,#2363,#2364);
#1621=SURFACE_SIDE_STYLE('',(#2365));
#1622=EDGE_LOOP('',(#2366,#2367,#2368,#2369));
#1623=AXIS2_PLACEMENT_3D('',#2370,#2371,#2372);
#1624=SURFACE_SIDE_STYLE('',(#2373));
#1625=EDGE_LOOP('',(#2374,#2375,#2376));
#1626=EDGE_LOOP('',(#2377,#2378,#2379,#2380,#2381,#2382,#2383,#2384));
#1627=AXIS2_PLACEMENT_3D('',#2385,#2386,#2387);
#1628=SURFACE_SIDE_STYLE('',(#2388));
#1629=EDGE_LOOP('',(#2389,#2390,#2391,#2392));
#1630=AXIS2_PLACEMENT_3D('',#2393,#2394,#2395);
#1631=SURFACE_SIDE_STYLE('',(#2396));
#1632=EDGE_LOOP('',(#2397,#2398,#2399,#2400));
#1633=AXIS2_PLACEMENT_3D('',#2401,#2402,#2403);
#1634=SURFACE_SIDE_STYLE('',(#2404));
#1635=EDGE_LOOP('',(#2405,#2406,#2407,#2408));
#1636=AXIS2_PLACEMENT_3D('',#2409,#2410,#2411);
#1637=SURFACE_SIDE_STYLE('',(#2412));
#1638=EDGE_LOOP('',(#2413,#2414,#2415,#2416));
#1639=AXIS2_PLACEMENT_3D('',#2417,#2418,#2419);
#1640=SURFACE_SIDE_STYLE('',(#2420));
#1641=EDGE_LOOP('',(#2421,#2422,#2423,#2424));
#1642=AXIS2_PLACEMENT_3D('',#2425,#2426,#2427);
#1643=SURFACE_SIDE_STYLE('',(#2428));
#1644=EDGE_LOOP('',(#2429,#2430,#2431,#2432));
#1645=EDGE_LOOP('',(#2433,#2434,#2435,#2436,#2437,#2438,#2439,#2440));
#1646=EDGE_LOOP('',(#2441,#2442,#2443,#2444));
#1647=EDGE_LOOP('',(#2445,#2446));
#1648=AXIS2_PLACEMENT_3D('',#2447,#2448,#2449);
#1649=SURFACE_SIDE_STYLE('',(#2450));
#1650=EDGE_LOOP('',(#2451,#2452,#2453));
#1651=AXIS2_PLACEMENT_3D('',#2454,#2455,#2456);
#1652=SURFACE_SIDE_STYLE('',(#2457));
#1653=EDGE_LOOP('',(#2458,#2459,#2460,#2461));
#1654=AXIS2_PLACEMENT_3D('',#2462,#2463,#2464);
#1655=SURFACE_SIDE_STYLE('',(#2465));
#1656=EDGE_LOOP('',(#2466,#2467));
#1657=AXIS2_PLACEMENT_3D('',#2468,#2469,#2470);
#1658=SURFACE_SIDE_STYLE('',(#2471));
#1659=SURFACE_SIDE_STYLE('',(#2472));
#1660=EDGE_LOOP('',(#2473,#2474,#2475,#2476,#2477,#2478));
#1661=AXIS2_PLACEMENT_3D('',#2479,#2480,#2481);
#1662=SURFACE_SIDE_STYLE('',(#2482));
#1663=EDGE_LOOP('',(#2483,#2484,#2485,#2486));
#1664=AXIS2_PLACEMENT_3D('',#2487,#2488,#2489);
#1665=SURFACE_SIDE_STYLE('',(#2490));
#1666=EDGE_LOOP('',(#2491,#2492,#2493,#2494));
#1667=AXIS2_PLACEMENT_3D('',#2495,#2496,#2497);
#1668=SURFACE_SIDE_STYLE('',(#2498));
#1669=EDGE_LOOP('',(#2499,#2500,#2501,#2502));
#1670=AXIS2_PLACEMENT_3D('',#2503,#2504,#2505);
#1671=SURFACE_SIDE_STYLE('',(#2506));
#1672=EDGE_LOOP('',(#2507,#2508,#2509,#2510));
#1673=AXIS2_PLACEMENT_3D('',#2511,#2512,#2513);
#1674=SURFACE_SIDE_STYLE('',(#2514));
#1675=EDGE_LOOP('',(#2515,#2516,#2517,#2518));
#1676=AXIS2_PLACEMENT_3D('',#2519,#2520,#2521);
#1677=SURFACE_SIDE_STYLE('',(#2522));
#1678=EDGE_LOOP('',(#2523,#2524,#2525,#2526,#2527,#2528,#2529,#2530,#2531,#2532,#2533,#2534));
#1679=AXIS2_PLACEMENT_3D('',#2535,#2536,#2537);
#1680=SURFACE_SIDE_STYLE('',(#2538));
#1681=EDGE_LOOP('',(#2539,#2540,#2541,#2542));
#1682=AXIS2_PLACEMENT_3D('',#2543,#2544,#2545);
#1683=SURFACE_SIDE_STYLE('',(#2546));
#1684=EDGE_LOOP('',(#2547,#2548,#2549,#2550));
#1685=AXIS2_PLACEMENT_3D('',#2551,#2552,#2553);
#1686=SURFACE_SIDE_STYLE('',(#2554));
#1687=EDGE_LOOP('',(#2555,#2556,#2557,#2558));
#1688=AXIS2_PLACEMENT_3D('',#2559,#2560,#2561);
#1689=SURFACE_SIDE_STYLE('',(#2562));
#1690=EDGE_LOOP('',(#2563,#2564,#2565,#2566));
#1691=AXIS2_PLACEMENT_3D('',#2567,#2568,#2569);
#1692=SURFACE_SIDE_STYLE('',(#2570));
#1693=EDGE_LOOP('',(#2571,#2572,#2573,#2574));
#1694=AXIS2_PLACEMENT_3D('',#2575,#2576,#2577);
#1695=SURFACE_SIDE_STYLE('',(#2578));
#1696=EDGE_LOOP('',(#2579,#2580,#2581,#2582));
#1697=AXIS2_PLACEMENT_3D('',#2583,#2584,#2585);
#1698=SURFACE_SIDE_STYLE('',(#2586));
#1699=EDGE_LOOP('',(#2587,#2588,#2589,#2590));
#1700=AXIS2_PLACEMENT_3D('',#2591,#2592,#2593);
#1701=SURFACE_SIDE_STYLE('',(#2594));
#1702=EDGE_LOOP('',(#2595,#2596,#2597,#2598));
#1703=AXIS2_PLACEMENT_3D('',#2599,#2600,#2601);
#1704=SURFACE_SIDE_STYLE('',(#2602));
#1705=EDGE_LOOP('',(#2603,#2604,#2605,#2606));
#1706=AXIS2_PLACEMENT_3D('',#2607,#2608,#2609);
#1707=SURFACE_SIDE_STYLE('',(#2610));
#1708=EDGE_LOOP('',(#2611,#2612,#2613,#2614));
#1709=AXIS2_PLACEMENT_3D('',#2615,#2616,#2617);
#1710=SURFACE_SIDE_STYLE('',(#2618));
#1711=EDGE_LOOP('',(#2619,#2620,#2621,#2622,#2623,#2624));
#1712=AXIS2_PLACEMENT_3D('',#2625,#2626,#2627);
#1713=SURFACE_SIDE_STYLE('',(#2628));
#1714=EDGE_LOOP('',(#2629,#2630,#2631,#2632,#2633,#2634,#2635,#2636,#2637,#2638,#2639,#2640,#2641,#2642,#2643,#2644,#2645,#2646,#2647,#2648,#2649,#2650,#2651,#2652,#2653,#2654,#2655,#2656));
#1715=EDGE_LOOP('',(#2657,#2658,#2659,#2660));
#1716=EDGE_LOOP('',(#2661,#2662,#2663,#2664));
#1717=AXIS2_PLACEMENT_3D('',#2665,#2666,#2667);
#1718=SURFACE_SIDE_STYLE('',(#2668));
#1719=EDGE_LOOP('',(#2669,#2670,#2671,#2672,#2673,#2674));
#1720=AXIS2_PLACEMENT_3D('',#2675,#2676,#2677);
#1721=SURFACE_SIDE_STYLE('',(#2678));
#1722=EDGE_LOOP('',(#2679,#2680,#2681,#2682));
#1723=AXIS2_PLACEMENT_3D('',#2683,#2684,#2685);
#1724=SURFACE_SIDE_STYLE('',(#2686));
#1725=EDGE_LOOP('',(#2687,#2688,#2689,#2690));
#1726=AXIS2_PLACEMENT_3D('',#2691,#2692,#2693);
#1727=SURFACE_SIDE_STYLE('',(#2694));
#1728=EDGE_LOOP('',(#2695,#2696,#2697,#2698));
#1729=AXIS2_PLACEMENT_3D('',#2699,#2700,#2701);
#1730=SURFACE_SIDE_STYLE('',(#2702));
#1731=EDGE_LOOP('',(#2703,#2704,#2705,#2706));
#1732=AXIS2_PLACEMENT_3D('',#2707,#2708,#2709);
#1733=SURFACE_SIDE_STYLE('',(#2710));
#1734=EDGE_LOOP('',(#2711,#2712,#2713,#2714));
#1735=AXIS2_PLACEMENT_3D('',#2715,#2716,#2717);
#1736=SURFACE_SIDE_STYLE('',(#2718));
#1737=EDGE_LOOP('',(#2719,#2720,#2721,#2722));
#1738=AXIS2_PLACEMENT_3D('',#2723,#2724,#2725);
#1739=SURFACE_SIDE_STYLE('',(#2726));
#1740=EDGE_LOOP('',(#2727,#2728,#2729,#2730));
#1741=AXIS2_PLACEMENT_3D('',#2731,#2732,#2733);
#1742=SURFACE_SIDE_STYLE('',(#2734));
#1743=EDGE_LOOP('',(#2735,#2736,#2737,#2738));
#1744=AXIS2_PLACEMENT_3D('',#2739,#2740,#2741);
#1745=SURFACE_SIDE_STYLE('',(#2742));
#1746=EDGE_LOOP('',(#2743,#2744,#2745,#2746));
#1747=AXIS2_PLACEMENT_3D('',#2747,#2748,#2749);
#1748=SURFACE_SIDE_STYLE('',(#2750));
#1749=EDGE_LOOP('',(#2751,#2752,#2753,#2754));
#1750=AXIS2_PLACEMENT_3D('',#2755,#2756,#2757);
#1751=SURFACE_SIDE_STYLE('',(#2758));
#1752=EDGE_LOOP('',(#2759,#2760,#2761,#2762));
#1753=AXIS2_PLACEMENT_3D('',#2763,#2764,#2765);
#1754=SURFACE_SIDE_STYLE('',(#2766));
#1755=EDGE_LOOP('',(#2767,#2768,#2769,#2770));
#1756=AXIS2_PLACEMENT_3D('',#2771,#2772,#2773);
#1757=SURFACE_SIDE_STYLE('',(#2774));
#1758=EDGE_LOOP('',(#2775,#2776,#2777,#2778));
#1759=AXIS2_PLACEMENT_3D('',#2779,#2780,#2781);
#1760=SURFACE_SIDE_STYLE('',(#2782));
#1761=EDGE_LOOP('',(#2783,#2784,#2785,#2786));
#1762=AXIS2_PLACEMENT_3D('',#2787,#2788,#2789);
#1763=SURFACE_SIDE_STYLE('',(#2790));
#1764=EDGE_LOOP('',(#2791,#2792,#2793,#2794));
#1765=AXIS2_PLACEMENT_3D('',#2795,#2796,#2797);
#1766=SURFACE_SIDE_STYLE('',(#2798));
#1767=EDGE_LOOP('',(#2799,#2800,#2801,#2802,#2803,#2804));
#1768=AXIS2_PLACEMENT_3D('',#2805,#2806,#2807);
#1769=SURFACE_SIDE_STYLE('',(#2808));
#1770=EDGE_LOOP('',(#2809,#2810,#2811,#2812));
#1771=AXIS2_PLACEMENT_3D('',#2813,#2814,#2815);
#1772=SURFACE_SIDE_STYLE('',(#2816));
#1773=EDGE_LOOP('',(#2817,#2818,#2819,#2820));
#1774=AXIS2_PLACEMENT_3D('',#2821,#2822,#2823);
#1775=SURFACE_SIDE_STYLE('',(#2824));
#1776=EDGE_LOOP('',(#2825,#2826,#2827,#2828,#2829,#2830,#2831,#2832,#2833,#2834,#2835,#2836));
#1777=AXIS2_PLACEMENT_3D('',#2837,#2838,#2839);
#1778=SURFACE_SIDE_STYLE('',(#2840));
#1779=EDGE_LOOP('',(#2841,#2842,#2843,#2844));
#1780=AXIS2_PLACEMENT_3D('',#2845,#2846,#2847);
#1781=SURFACE_SIDE_STYLE('',(#2848));
#1782=SURFACE_SIDE_STYLE('',(#2849));
#1783=EDGE_LOOP('',(#2850,#2851,#2852,#2853));
#1784=AXIS2_PLACEMENT_3D('',#2854,#2855,#2856);
#1785=SURFACE_SIDE_STYLE('',(#2857));
#1786=EDGE_LOOP('',(#2858,#2859,#2860,#2861));
#1787=AXIS2_PLACEMENT_3D('',#2862,#2863,#2864);
#1788=SURFACE_SIDE_STYLE('',(#2865));
#1789=EDGE_LOOP('',(#2866,#2867,#2868,#2869));
#1790=AXIS2_PLACEMENT_3D('',#2870,#2871,#2872);
#1791=SURFACE_SIDE_STYLE('',(#2873));
#1792=EDGE_LOOP('',(#2874,#2875,#2876,#2877));
#1793=AXIS2_PLACEMENT_3D('',#2878,#2879,#2880);
#1794=SURFACE_SIDE_STYLE('',(#2881));
#1795=EDGE_LOOP('',(#2882,#2883,#2884,#2885));
#1796=AXIS2_PLACEMENT_3D('',#2886,#2887,#2888);
#1797=SURFACE_SIDE_STYLE('',(#2889));
#1798=EDGE_LOOP('',(#2890,#2891,#2892,#2893));
#1799=AXIS2_PLACEMENT_3D('',#2894,#2895,#2896);
#1800=SURFACE_SIDE_STYLE('',(#2897));
#1801=EDGE_LOOP('',(#2898,#2899,#2900,#2901));
#1802=AXIS2_PLACEMENT_3D('',#2902,#2903,#2904);
#1803=SURFACE_SIDE_STYLE('',(#2905));
#1804=EDGE_LOOP('',(#2906,#2907,#2908,#2909));
#1805=AXIS2_PLACEMENT_3D('',#2910,#2911,#2912);
#1806=SURFACE_SIDE_STYLE('',(#2913));
#1807=EDGE_LOOP('',(#2914,#2915,#2916,#2917));
#1808=AXIS2_PLACEMENT_3D('',#2918,#2919,#2920);
#1809=SURFACE_SIDE_STYLE('',(#2921));
#1810=EDGE_LOOP('',(#2922,#2923,#2924,#2925));
#1811=AXIS2_PLACEMENT_3D('',#2926,#2927,#2928);
#1812=SURFACE_SIDE_STYLE('',(#2929));
#1813=EDGE_LOOP('',(#2930,#2931,#2932,#2933));
#1814=AXIS2_PLACEMENT_3D('',#2934,#2935,#2936);
#1815=SURFACE_SIDE_STYLE('',(#2937));
#1816=EDGE_LOOP('',(#2938,#2939,#2940,#2941));
#1817=AXIS2_PLACEMENT_3D('',#2942,#2943,#2944);
#1818=SURFACE_SIDE_STYLE('',(#2945));
#1819=SURFACE_SIDE_STYLE('',(#2946));
#1820=SURFACE_SIDE_STYLE('',(#2947));
#1821=EDGE_LOOP('',(#2948,#2949,#2950,#2951));
#1822=AXIS2_PLACEMENT_3D('',#2952,#2953,#2954);
#1823=SURFACE_SIDE_STYLE('',(#2955));
#1824=EDGE_LOOP('',(#2956,#2957,#2958,#2959));
#1825=AXIS2_PLACEMENT_3D('',#2960,#2961,#2962);
#1826=SURFACE_SIDE_STYLE('',(#2963));
#1827=EDGE_LOOP('',(#2964,#2965,#2966,#2967));
#1828=AXIS2_PLACEMENT_3D('',#2968,#2969,#2970);
#1829=SURFACE_SIDE_STYLE('',(#2971));
#1830=EDGE_LOOP('',(#2972,#2973,#2974,#2975));
#1831=AXIS2_PLACEMENT_3D('',#2976,#2977,#2978);
#1832=SURFACE_SIDE_STYLE('',(#2979));
#1833=EDGE_LOOP('',(#2980,#2981,#2982,#2983));
#1834=AXIS2_PLACEMENT_3D('',#2984,#2985,#2986);
#1835=SURFACE_SIDE_STYLE('',(#2987));
#1836=EDGE_LOOP('',(#2988,#2989,#2990,#2991));
#1837=AXIS2_PLACEMENT_3D('',#2992,#2993,#2994);
#1838=SURFACE_SIDE_STYLE('',(#2995));
#1839=EDGE_LOOP('',(#2996,#2997,#2998,#2999));
#1840=AXIS2_PLACEMENT_3D('',#3000,#3001,#3002);
#1841=SURFACE_SIDE_STYLE('',(#3003));
#1842=EDGE_LOOP('',(#3004,#3005,#3006,#3007));
#1843=AXIS2_PLACEMENT_3D('',#3008,#3009,#3010);
#1844=SURFACE_SIDE_STYLE('',(#3011));
#1845=EDGE_LOOP('',(#3012,#3013,#3014,#3015));
#1846=AXIS2_PLACEMENT_3D('',#3016,#3017,#3018);
#1847=SURFACE_SIDE_STYLE('',(#3019));
#1848=EDGE_LOOP('',(#3020,#3021,#3022,#3023));
#1849=AXIS2_PLACEMENT_3D('',#3024,#3025,#3026);
#1850=SURFACE_SIDE_STYLE('',(#3027));
#1851=EDGE_LOOP('',(#3028,#3029,#3030,#3031));
#1852=AXIS2_PLACEMENT_3D('',#3032,#3033,#3034);
#1853=SURFACE_SIDE_STYLE('',(#3035));
#1854=EDGE_LOOP('',(#3036,#3037,#3038,#3039));
#1855=AXIS2_PLACEMENT_3D('',#3040,#3041,#3042);
#1856=SURFACE_SIDE_STYLE('',(#3043));
#1857=SURFACE_SIDE_STYLE('',(#3044));
#1858=SURFACE_SIDE_STYLE('',(#3045));
#1859=EDGE_LOOP('',(#3046,#3047,#3048,#3049));
#1860=AXIS2_PLACEMENT_3D('',#3050,#3051,#3052);
#1861=SURFACE_SIDE_STYLE('',(#3053));
#1862=EDGE_LOOP('',(#3054,#3055,#3056,#3057));
#1863=AXIS2_PLACEMENT_3D('',#3058,#3059,#3060);
#1864=SURFACE_SIDE_STYLE('',(#3061));
#1865=EDGE_LOOP('',(#3062,#3063,#3064,#3065));
#1866=AXIS2_PLACEMENT_3D('',#3066,#3067,#3068);
#1867=SURFACE_SIDE_STYLE('',(#3069));
#1868=EDGE_LOOP('',(#3070,#3071,#3072,#3073));
#1869=AXIS2_PLACEMENT_3D('',#3074,#3075,#3076);
#1870=SURFACE_SIDE_STYLE('',(#3077));
#1871=EDGE_LOOP('',(#3078,#3079,#3080,#3081));
#1872=AXIS2_PLACEMENT_3D('',#3082,#3083,#3084);
#1873=SURFACE_SIDE_STYLE('',(#3085));
#1874=EDGE_LOOP('',(#3086,#3087,#3088,#3089));
#1875=AXIS2_PLACEMENT_3D('',#3090,#3091,#3092);
#1876=SURFACE_SIDE_STYLE('',(#3093));
#1877=EDGE_LOOP('',(#3094,#3095,#3096,#3097));
#1878=AXIS2_PLACEMENT_3D('',#3098,#3099,#3100);
#1879=SURFACE_SIDE_STYLE('',(#3101));
#1880=EDGE_LOOP('',(#3102,#3103,#3104,#3105));
#1881=AXIS2_PLACEMENT_3D('',#3106,#3107,#3108);
#1882=SURFACE_SIDE_STYLE('',(#3109));
#1883=EDGE_LOOP('',(#3110,#3111,#3112,#3113));
#1884=AXIS2_PLACEMENT_3D('',#3114,#3115,#3116);
#1885=SURFACE_SIDE_STYLE('',(#3117));
#1886=EDGE_LOOP('',(#3118,#3119,#3120,#3121));
#1887=AXIS2_PLACEMENT_3D('',#3122,#3123,#3124);
#1888=SURFACE_SIDE_STYLE('',(#3125));
#1889=EDGE_LOOP('',(#3126,#3127,#3128,#3129));
#1890=AXIS2_PLACEMENT_3D('',#3130,#3131,#3132);
#1891=SURFACE_SIDE_STYLE('',(#3133));
#1892=EDGE_LOOP('',(#3134,#3135,#3136,#3137));
#1893=AXIS2_PLACEMENT_3D('',#3138,#3139,#3140);
#1894=SURFACE_SIDE_STYLE('',(#3141));
#1895=SURFACE_SIDE_STYLE('',(#3142));
#1896=SURFACE_SIDE_STYLE('',(#3143));
#1897=EDGE_LOOP('',(#3144,#3145,#3146,#3147));
#1898=AXIS2_PLACEMENT_3D('',#3148,#3149,#3150);
#1899=SURFACE_SIDE_STYLE('',(#3151));
#1900=EDGE_LOOP('',(#3152,#3153,#3154,#3155,#3156));
#1901=AXIS2_PLACEMENT_3D('',#3157,#3158,#3159);
#1902=SURFACE_SIDE_STYLE('',(#3160));
#1903=EDGE_LOOP('',(#3161,#3162,#3163,#3164));
#1904=AXIS2_PLACEMENT_3D('',#3165,#3166,#3167);
#1905=SURFACE_SIDE_STYLE('',(#3168));
#1906=EDGE_LOOP('',(#3169,#3170,#3171,#3172,#3173));
#1907=AXIS2_PLACEMENT_3D('',#3174,#3175,#3176);
#1908=SURFACE_SIDE_STYLE('',(#3177));
#1909=EDGE_LOOP('',(#3178,#3179,#3180,#3181));
#1910=AXIS2_PLACEMENT_3D('',#3182,#3183,#3184);
#1911=SURFACE_SIDE_STYLE('',(#3185));
#1912=EDGE_LOOP('',(#3186,#3187,#3188,#3189));
#1913=AXIS2_PLACEMENT_3D('',#3190,#3191,#3192);
#1914=SURFACE_SIDE_STYLE('',(#3193));
#1915=EDGE_LOOP('',(#3194,#3195,#3196,#3197));
#1916=AXIS2_PLACEMENT_3D('',#3198,#3199,#3200);
#1917=SURFACE_SIDE_STYLE('',(#3201));
#1918=EDGE_LOOP('',(#3202,#3203,#3204,#3205));
#1919=AXIS2_PLACEMENT_3D('',#3206,#3207,#3208);
#1920=SURFACE_SIDE_STYLE('',(#3209));
#1921=EDGE_LOOP('',(#3210,#3211,#3212,#3213,#3214));
#1922=AXIS2_PLACEMENT_3D('',#3215,#3216,#3217);
#1923=SURFACE_SIDE_STYLE('',(#3218));
#1924=EDGE_LOOP('',(#3219,#3220,#3221,#3222));
#1925=AXIS2_PLACEMENT_3D('',#3223,#3224,#3225);
#1926=SURFACE_SIDE_STYLE('',(#3226));
#1927=EDGE_LOOP('',(#3227,#3228,#3229,#3230,#3231));
#1928=AXIS2_PLACEMENT_3D('',#3232,#3233,#3234);
#1929=SURFACE_SIDE_STYLE('',(#3235));
#1930=EDGE_LOOP('',(#3236,#3237,#3238,#3239));
#1931=AXIS2_PLACEMENT_3D('',#3240,#3241,#3242);
#1932=SURFACE_SIDE_STYLE('',(#3243));
#1933=EDGE_LOOP('',(#3244,#3245,#3246,#3247));
#1934=AXIS2_PLACEMENT_3D('',#3248,#3249,#3250);
#1935=SURFACE_SIDE_STYLE('',(#3251));
#1936=EDGE_LOOP('',(#3252,#3253,#3254,#3255));
#1937=AXIS2_PLACEMENT_3D('',#3256,#3257,#3258);
#1938=SURFACE_SIDE_STYLE('',(#3259));
#1939=EDGE_LOOP('',(#3260,#3261,#3262,#3263));
#1940=AXIS2_PLACEMENT_3D('',#3264,#3265,#3266);
#1941=SURFACE_SIDE_STYLE('',(#3267));
#1942=EDGE_LOOP('',(#3268,#3269,#3270,#3271,#3272));
#1943=AXIS2_PLACEMENT_3D('',#3273,#3274,#3275);
#1944=SURFACE_SIDE_STYLE('',(#3276));
#1945=EDGE_LOOP('',(#3277,#3278,#3279,#3280));
#1946=AXIS2_PLACEMENT_3D('',#3281,#3282,#3283);
#1947=SURFACE_SIDE_STYLE('',(#3284));
#1948=EDGE_LOOP('',(#3285,#3286,#3287,#3288,#3289));
#1949=AXIS2_PLACEMENT_3D('',#3290,#3291,#3292);
#1950=SURFACE_SIDE_STYLE('',(#3293));
#1951=EDGE_LOOP('',(#3294,#3295,#3296,#3297));
#1952=AXIS2_PLACEMENT_3D('',#3298,#3299,#3300);
#1953=SURFACE_SIDE_STYLE('',(#3301));
#1954=EDGE_LOOP('',(#3302,#3303,#3304,#3305));
#1955=AXIS2_PLACEMENT_3D('',#3306,#3307,#3308);
#1956=SURFACE_SIDE_STYLE('',(#3309));
#1957=EDGE_LOOP('',(#3310,#3311,#3312,#3313));
#1958=AXIS2_PLACEMENT_3D('',#3314,#3315,#3316);
#1959=SURFACE_SIDE_STYLE('',(#3317));
#1960=EDGE_LOOP('',(#3318,#3319,#3320,#3321));
#1961=AXIS2_PLACEMENT_3D('',#3322,#3323,#3324);
#1962=SURFACE_SIDE_STYLE('',(#3325));
#1963=EDGE_LOOP('',(#3326,#3327,#3328,#3329,#3330));
#1964=AXIS2_PLACEMENT_3D('',#3331,#3332,#3333);
#1965=SURFACE_SIDE_STYLE('',(#3334));
#1966=EDGE_LOOP('',(#3335,#3336,#3337,#3338));
#1967=AXIS2_PLACEMENT_3D('',#3339,#3340,#3341);
#1968=SURFACE_SIDE_STYLE('',(#3342));
#1969=EDGE_LOOP('',(#3343,#3344,#3345,#3346,#3347));
#1970=AXIS2_PLACEMENT_3D('',#3348,#3349,#3350);
#1971=SURFACE_SIDE_STYLE('',(#3351));
#1972=EDGE_LOOP('',(#3352,#3353,#3354,#3355));
#1973=AXIS2_PLACEMENT_3D('',#3356,#3357,#3358);
#1974=SURFACE_SIDE_STYLE('',(#3359));
#1975=EDGE_LOOP('',(#3360,#3361,#3362,#3363));
#1976=AXIS2_PLACEMENT_3D('',#3364,#3365,#3366);
#1977=SURFACE_SIDE_STYLE('',(#3367));
#1978=EDGE_LOOP('',(#3368,#3369,#3370,#3371));
#1979=AXIS2_PLACEMENT_3D('',#3372,#3373,#3374);
#1980=SURFACE_SIDE_STYLE('',(#3375));
#1981=EDGE_LOOP('',(#3376,#3377,#3378,#3379));
#1982=AXIS2_PLACEMENT_3D('',#3380,#3381,#3382);
#1983=SURFACE_SIDE_STYLE('',(#3383));
#1984=EDGE_LOOP('',(#3384,#3385,#3386,#3387,#3388));
#1985=AXIS2_PLACEMENT_3D('',#3389,#3390,#3391);
#1986=SURFACE_SIDE_STYLE('',(#3392));
#1987=EDGE_LOOP('',(#3393,#3394,#3395,#3396));
#1988=AXIS2_PLACEMENT_3D('',#3397,#3398,#3399);
#1989=SURFACE_SIDE_STYLE('',(#3400));
#1990=EDGE_LOOP('',(#3401,#3402,#3403,#3404,#3405));
#1991=AXIS2_PLACEMENT_3D('',#3406,#3407,#3408);
#1992=SURFACE_SIDE_STYLE('',(#3409));
#1993=EDGE_LOOP('',(#3410,#3411,#3412,#3413));
#1994=AXIS2_PLACEMENT_3D('',#3414,#3415,#3416);
#1995=SURFACE_SIDE_STYLE('',(#3417));
#1996=EDGE_LOOP('',(#3418,#3419,#3420,#3421));
#1997=AXIS2_PLACEMENT_3D('',#3422,#3423,#3424);
#1998=SURFACE_SIDE_STYLE('',(#3425));
#1999=EDGE_LOOP('',(#3426,#3427,#3428,#3429));
#2000=AXIS2_PLACEMENT_3D('',#3430,#3431,#3432);
#2001=SURFACE_SIDE_STYLE('',(#3433));
#2002=EDGE_LOOP('',(#3434,#3435,#3436,#3437));
#2003=AXIS2_PLACEMENT_3D('',#3438,#3439,#3440);
#2004=SURFACE_SIDE_STYLE('',(#3441));
#2005=EDGE_LOOP('',(#3442,#3443,#3444,#3445,#3446));
#2006=AXIS2_PLACEMENT_3D('',#3447,#3448,#3449);
#2007=SURFACE_SIDE_STYLE('',(#3450));
#2008=EDGE_LOOP('',(#3451,#3452,#3453,#3454));
#2009=AXIS2_PLACEMENT_3D('',#3455,#3456,#3457);
#2010=SURFACE_SIDE_STYLE('',(#3458));
#2011=EDGE_LOOP('',(#3459,#3460,#3461,#3462,#3463));
#2012=AXIS2_PLACEMENT_3D('',#3464,#3465,#3466);
#2013=SURFACE_SIDE_STYLE('',(#3467));
#2014=EDGE_LOOP('',(#3468,#3469,#3470,#3471));
#2015=AXIS2_PLACEMENT_3D('',#3472,#3473,#3474);
#2016=SURFACE_SIDE_STYLE('',(#3475));
#2017=EDGE_LOOP('',(#3476,#3477,#3478,#3479));
#2018=AXIS2_PLACEMENT_3D('',#3480,#3481,#3482);
#2019=SURFACE_SIDE_STYLE('',(#3483));
#2020=EDGE_LOOP('',(#3484,#3485,#3486,#3487));
#2021=AXIS2_PLACEMENT_3D('',#3488,#3489,#3490);
#2022=SURFACE_SIDE_STYLE('',(#3491));
#2023=SURFACE_SIDE_STYLE('',(#3492));
#2024=SURFACE_SIDE_STYLE('',(#3493));
#2025=SURFACE_SIDE_STYLE('',(#3494));
#2026=SURFACE_SIDE_STYLE('',(#3495));
#2027=SURFACE_SIDE_STYLE('',(#3496));
#2028=SURFACE_SIDE_STYLE('',(#3497));
#2029=EDGE_LOOP('',(#3498,#3499,#3500,#3501));
#2030=AXIS2_PLACEMENT_3D('',#3502,#3503,#3504);
#2031=SURFACE_SIDE_STYLE('',(#3505));
#2032=EDGE_LOOP('',(#3506,#3507,#3508,#3509,#3510));
#2033=AXIS2_PLACEMENT_3D('',#3511,#3512,#3513);
#2034=SURFACE_SIDE_STYLE('',(#3514));
#2035=EDGE_LOOP('',(#3515,#3516,#3517,#3518));
#2036=AXIS2_PLACEMENT_3D('',#3519,#3520,#3521);
#2037=SURFACE_SIDE_STYLE('',(#3522));
#2038=EDGE_LOOP('',(#3523,#3524,#3525,#3526,#3527));
#2039=AXIS2_PLACEMENT_3D('',#3528,#3529,#3530);
#2040=SURFACE_SIDE_STYLE('',(#3531));
#2041=EDGE_LOOP('',(#3532,#3533,#3534,#3535));
#2042=AXIS2_PLACEMENT_3D('',#3536,#3537,#3538);
#2043=SURFACE_SIDE_STYLE('',(#3539));
#2044=EDGE_LOOP('',(#3540,#3541,#3542,#3543));
#2045=AXIS2_PLACEMENT_3D('',#3544,#3545,#3546);
#2046=SURFACE_SIDE_STYLE('',(#3547));
#2047=EDGE_LOOP('',(#3548,#3549,#3550,#3551));
#2048=AXIS2_PLACEMENT_3D('',#3552,#3553,#3554);
#2049=SURFACE_SIDE_STYLE('',(#3555));
#2050=EDGE_LOOP('',(#3556,#3557,#3558,#3559));
#2051=AXIS2_PLACEMENT_3D('',#3560,#3561,#3562);
#2052=SURFACE_SIDE_STYLE('',(#3563));
#2053=EDGE_LOOP('',(#3564,#3565,#3566,#3567,#3568));
#2054=AXIS2_PLACEMENT_3D('',#3569,#3570,#3571);
#2055=SURFACE_SIDE_STYLE('',(#3572));
#2056=EDGE_LOOP('',(#3573,#3574,#3575,#3576));
#2057=AXIS2_PLACEMENT_3D('',#3577,#3578,#3579);
#2058=SURFACE_SIDE_STYLE('',(#3580));
#2059=EDGE_LOOP('',(#3581,#3582,#3583,#3584,#3585));
#2060=AXIS2_PLACEMENT_3D('',#3586,#3587,#3588);
#2061=SURFACE_SIDE_STYLE('',(#3589));
#2062=EDGE_LOOP('',(#3590,#3591,#3592,#3593));
#2063=AXIS2_PLACEMENT_3D('',#3594,#3595,#3596);
#2064=SURFACE_SIDE_STYLE('',(#3597));
#2065=EDGE_LOOP('',(#3598,#3599,#3600,#3601));
#2066=AXIS2_PLACEMENT_3D('',#3602,#3603,#3604);
#2067=SURFACE_SIDE_STYLE('',(#3605));
#2068=EDGE_LOOP('',(#3606,#3607,#3608,#3609));
#2069=AXIS2_PLACEMENT_3D('',#3610,#3611,#3612);
#2070=SURFACE_SIDE_STYLE('',(#3613));
#2071=EDGE_LOOP('',(#3614,#3615,#3616,#3617));
#2072=AXIS2_PLACEMENT_3D('',#3618,#3619,#3620);
#2073=SURFACE_SIDE_STYLE('',(#3621));
#2074=EDGE_LOOP('',(#3622,#3623,#3624,#3625,#3626));
#2075=AXIS2_PLACEMENT_3D('',#3627,#3628,#3629);
#2076=SURFACE_SIDE_STYLE('',(#3630));
#2077=EDGE_LOOP('',(#3631,#3632,#3633,#3634));
#2078=AXIS2_PLACEMENT_3D('',#3635,#3636,#3637);
#2079=SURFACE_SIDE_STYLE('',(#3638));
#2080=EDGE_LOOP('',(#3639,#3640,#3641,#3642,#3643));
#2081=AXIS2_PLACEMENT_3D('',#3644,#3645,#3646);
#2082=SURFACE_SIDE_STYLE('',(#3647));
#2083=EDGE_LOOP('',(#3648,#3649,#3650,#3651));
#2084=AXIS2_PLACEMENT_3D('',#3652,#3653,#3654);
#2085=SURFACE_SIDE_STYLE('',(#3655));
#2086=EDGE_LOOP('',(#3656,#3657,#3658,#3659));
#2087=AXIS2_PLACEMENT_3D('',#3660,#3661,#3662);
#2088=SURFACE_SIDE_STYLE('',(#3663));
#2089=EDGE_LOOP('',(#3664,#3665,#3666,#3667));
#2090=AXIS2_PLACEMENT_3D('',#3668,#3669,#3670);
#2091=SURFACE_SIDE_STYLE('',(#3671));
#2092=EDGE_LOOP('',(#3672,#3673,#3674,#3675));
#2093=AXIS2_PLACEMENT_3D('',#3676,#3677,#3678);
#2094=SURFACE_SIDE_STYLE('',(#3679));
#2095=EDGE_LOOP('',(#3680,#3681,#3682,#3683,#3684));
#2096=AXIS2_PLACEMENT_3D('',#3685,#3686,#3687);
#2097=SURFACE_SIDE_STYLE('',(#3688));
#2098=EDGE_LOOP('',(#3689,#3690,#3691,#3692));
#2099=AXIS2_PLACEMENT_3D('',#3693,#3694,#3695);
#2100=SURFACE_SIDE_STYLE('',(#3696));
#2101=EDGE_LOOP('',(#3697,#3698,#3699,#3700,#3701));
#2102=AXIS2_PLACEMENT_3D('',#3702,#3703,#3704);
#2103=SURFACE_SIDE_STYLE('',(#3705));
#2104=EDGE_LOOP('',(#3706,#3707,#3708,#3709));
#2105=AXIS2_PLACEMENT_3D('',#3710,#3711,#3712);
#2106=SURFACE_SIDE_STYLE('',(#3713));
#2107=EDGE_LOOP('',(#3714,#3715,#3716,#3717));
#2108=AXIS2_PLACEMENT_3D('',#3718,#3719,#3720);
#2109=SURFACE_SIDE_STYLE('',(#3721));
#2110=EDGE_LOOP('',(#3722,#3723,#3724,#3725));
#2111=AXIS2_PLACEMENT_3D('',#3726,#3727,#3728);
#2112=SURFACE_SIDE_STYLE('',(#3729));
#2113=EDGE_LOOP('',(#3730,#3731,#3732,#3733));
#2114=AXIS2_PLACEMENT_3D('',#3734,#3735,#3736);
#2115=SURFACE_SIDE_STYLE('',(#3737));
#2116=EDGE_LOOP('',(#3738,#3739,#3740,#3741,#3742));
#2117=AXIS2_PLACEMENT_3D('',#3743,#3744,#3745);
#2118=SURFACE_SIDE_STYLE('',(#3746));
#2119=EDGE_LOOP('',(#3747,#3748,#3749,#3750));
#2120=AXIS2_PLACEMENT_3D('',#3751,#3752,#3753);
#2121=SURFACE_SIDE_STYLE('',(#3754));
#2122=EDGE_LOOP('',(#3755,#3756,#3757,#3758,#3759));
#2123=AXIS2_PLACEMENT_3D('',#3760,#3761,#3762);
#2124=SURFACE_SIDE_STYLE('',(#3763));
#2125=EDGE_LOOP('',(#3764,#3765,#3766,#3767));
#2126=AXIS2_PLACEMENT_3D('',#3768,#3769,#3770);
#2127=SURFACE_SIDE_STYLE('',(#3771));
#2128=EDGE_LOOP('',(#3772,#3773,#3774,#3775));
#2129=AXIS2_PLACEMENT_3D('',#3776,#3777,#3778);
#2130=SURFACE_SIDE_STYLE('',(#3779));
#2131=EDGE_LOOP('',(#3780,#3781,#3782,#3783));
#2132=AXIS2_PLACEMENT_3D('',#3784,#3785,#3786);
#2133=SURFACE_SIDE_STYLE('',(#3787));
#2134=EDGE_LOOP('',(#3788,#3789,#3790,#3791));
#2135=AXIS2_PLACEMENT_3D('',#3792,#3793,#3794);
#2136=SURFACE_SIDE_STYLE('',(#3795));
#2137=EDGE_LOOP('',(#3796,#3797,#3798,#3799,#3800));
#2138=AXIS2_PLACEMENT_3D('',#3801,#3802,#3803);
#2139=SURFACE_SIDE_STYLE('',(#3804));
#2140=EDGE_LOOP('',(#3805,#3806,#3807,#3808));
#2141=AXIS2_PLACEMENT_3D('',#3809,#3810,#3811);
#2142=SURFACE_SIDE_STYLE('',(#3812));
#2143=EDGE_LOOP('',(#3813,#3814,#3815,#3816,#3817));
#2144=AXIS2_PLACEMENT_3D('',#3818,#3819,#3820);
#2145=SURFACE_SIDE_STYLE('',(#3821));
#2146=EDGE_LOOP('',(#3822,#3823,#3824,#3825));
#2147=AXIS2_PLACEMENT_3D('',#3826,#3827,#3828);
#2148=SURFACE_SIDE_STYLE('',(#3829));
#2149=EDGE_LOOP('',(#3830,#3831,#3832,#3833));
#2150=AXIS2_PLACEMENT_3D('',#3834,#3835,#3836);
#2151=SURFACE_SIDE_STYLE('',(#3837));
#2152=EDGE_LOOP('',(#3838,#3839,#3840,#3841));
#2153=AXIS2_PLACEMENT_3D('',#3842,#3843,#3844);
#2154=SURFACE_SIDE_STYLE('',(#3845));
#2155=SURFACE_SIDE_STYLE('',(#3846));
#2156=SURFACE_SIDE_STYLE('',(#3847));
#2157=SURFACE_SIDE_STYLE('',(#3848));
#2158=SURFACE_SIDE_STYLE('',(#3849));
#2159=SURFACE_SIDE_STYLE('',(#3850));
#2160=SURFACE_SIDE_STYLE('',(#3851));
#2161=EDGE_LOOP('',(#3852,#3853,#3854,#3855));
#2162=AXIS2_PLACEMENT_3D('',#3856,#3857,#3858);
#2163=SURFACE_SIDE_STYLE('',(#3859));
#2164=EDGE_LOOP('',(#3860,#3861,#3862,#3863));
#2165=AXIS2_PLACEMENT_3D('',#3864,#3865,#3866);
#2166=SURFACE_SIDE_STYLE('',(#3867));
#2167=EDGE_LOOP('',(#3868,#3869,#3870,#3871));
#2168=AXIS2_PLACEMENT_3D('',#3872,#3873,#3874);
#2169=SURFACE_SIDE_STYLE('',(#3875));
#2170=EDGE_LOOP('',(#3876,#3877,#3878,#3879));
#2171=AXIS2_PLACEMENT_3D('',#3880,#3881,#3882);
#2172=SURFACE_SIDE_STYLE('',(#3883));
#2173=EDGE_LOOP('',(#3884,#3885,#3886,#3887));
#2174=AXIS2_PLACEMENT_3D('',#3888,#3889,#3890);
#2175=SURFACE_SIDE_STYLE('',(#3891));
#2176=EDGE_LOOP('',(#3892,#3893,#3894,#3895));
#2177=AXIS2_PLACEMENT_3D('',#3896,#3897,#3898);
#2178=SURFACE_SIDE_STYLE('',(#3899));
#2179=EDGE_LOOP('',(#3900,#3901,#3902,#3903));
#2180=AXIS2_PLACEMENT_3D('',#3904,#3905,#3906);
#2181=SURFACE_SIDE_STYLE('',(#3907));
#2182=EDGE_LOOP('',(#3908,#3909,#3910,#3911));
#2183=AXIS2_PLACEMENT_3D('',#3912,#3913,#3914);
#2184=SURFACE_SIDE_STYLE('',(#3915));
#2185=EDGE_LOOP('',(#3916,#3917,#3918,#3919));
#2186=AXIS2_PLACEMENT_3D('',#3920,#3921,#3922);
#2187=SURFACE_SIDE_STYLE('',(#3923));
#2188=EDGE_LOOP('',(#3924,#3925,#3926,#3927));
#2189=AXIS2_PLACEMENT_3D('',#3928,#3929,#3930);
#2190=SURFACE_SIDE_STYLE('',(#3931));
#2191=EDGE_LOOP('',(#3932,#3933,#3934,#3935));
#2192=AXIS2_PLACEMENT_3D('',#3936,#3937,#3938);
#2193=SURFACE_SIDE_STYLE('',(#3939));
#2194=EDGE_LOOP('',(#3940,#3941,#3942,#3943));
#2195=AXIS2_PLACEMENT_3D('',#3944,#3945,#3946);
#2196=SURFACE_SIDE_STYLE('',(#3947));
#2197=SURFACE_SIDE_STYLE('',(#3948));
#2198=SURFACE_SIDE_STYLE('',(#3949));
#2199=EDGE_LOOP('',(#3950,#3951,#3952,#3953));
#2200=AXIS2_PLACEMENT_3D('',#3954,#3955,#3956);
#2201=SURFACE_SIDE_STYLE('',(#3957));
#2202=EDGE_LOOP('',(#3958,#3959,#3960,#3961));
#2203=AXIS2_PLACEMENT_3D('',#3962,#3963,#3964);
#2204=SURFACE_SIDE_STYLE('',(#3965));
#2205=EDGE_LOOP('',(#3966,#3967,#3968,#3969));
#2206=AXIS2_PLACEMENT_3D('',#3970,#3971,#3972);
#2207=SURFACE_SIDE_STYLE('',(#3973));
#2208=EDGE_LOOP('',(#3974,#3975,#3976,#3977));
#2209=AXIS2_PLACEMENT_3D('',#3978,#3979,#3980);
#2210=SURFACE_SIDE_STYLE('',(#3981));
#2211=EDGE_LOOP('',(#3982,#3983,#3984,#3985));
#2212=AXIS2_PLACEMENT_3D('',#3986,#3987,#3988);
#2213=SURFACE_SIDE_STYLE('',(#3989));
#2214=EDGE_LOOP('',(#3990,#3991,#3992,#3993));
#2215=AXIS2_PLACEMENT_3D('',#3994,#3995,#3996);
#2216=SURFACE_SIDE_STYLE('',(#3997));
#2217=EDGE_LOOP('',(#3998,#3999,#4000,#4001));
#2218=AXIS2_PLACEMENT_3D('',#4002,#4003,#4004);
#2219=SURFACE_SIDE_STYLE('',(#4005));
#2220=EDGE_LOOP('',(#4006,#4007,#4008,#4009));
#2221=AXIS2_PLACEMENT_3D('',#4010,#4011,#4012);
#2222=SURFACE_SIDE_STYLE('',(#4013));
#2223=EDGE_LOOP('',(#4014,#4015,#4016,#4017));
#2224=AXIS2_PLACEMENT_3D('',#4018,#4019,#4020);
#2225=SURFACE_SIDE_STYLE('',(#4021));
#2226=EDGE_LOOP('',(#4022,#4023,#4024,#4025));
#2227=AXIS2_PLACEMENT_3D('',#4026,#4027,#4028);
#2228=SURFACE_SIDE_STYLE('',(#4029));
#2229=EDGE_LOOP('',(#4030,#4031,#4032,#4033));
#2230=AXIS2_PLACEMENT_3D('',#4034,#4035,#4036);
#2231=SURFACE_SIDE_STYLE('',(#4037));
#2232=EDGE_LOOP('',(#4038,#4039,#4040,#4041));
#2233=AXIS2_PLACEMENT_3D('',#4042,#4043,#4044);
#2234=SURFACE_SIDE_STYLE('',(#4045));
#2235=SURFACE_SIDE_STYLE('',(#4046));
#2237=SURFACE_STYLE_FILL_AREA(#4047);
#2238=ORIENTED_EDGE('',*,*,#4048,.F.);
#2239=ORIENTED_EDGE('',*,*,#4049,.F.);
#2240=ORIENTED_EDGE('',*,*,#4050,.F.);
#2241=ORIENTED_EDGE('',*,*,#4051,.F.);
#2242=CARTESIAN_POINT('',(0.0,5.0E-06,0.0));
#2243=DIRECTION('',(-0.0,1.0,0.0));
#2244=DIRECTION('',(1.0,0.0,0.0));
#2245=SURFACE_STYLE_FILL_AREA(#4052);
#2246=ORIENTED_EDGE('',*,*,#4053,.F.);
#2247=ORIENTED_EDGE('',*,*,#4054,.T.);
#2248=ORIENTED_EDGE('',*,*,#4055,.T.);
#2249=ORIENTED_EDGE('',*,*,#4056,.F.);
#2250=CARTESIAN_POINT('',(-9.734E-05,-2.5E-05,7.727E-05));
#2251=DIRECTION('',(0.0,-0.0,1.0));
#2252=DIRECTION('',(0.0,1.0,0.0));
#2253=SURFACE_STYLE_FILL_AREA(#4057);
#2254=ORIENTED_EDGE('',*,*,#4058,.F.);
#2255=ORIENTED_EDGE('',*,*,#4056,.T.);
#2256=ORIENTED_EDGE('',*,*,#4059,.T.);
#2257=ORIENTED_EDGE('',*,*,#4060,.F.);
#2258=CARTESIAN_POINT('',(-0.00012434,-2.5E-05,0.00010427));
#2259=DIRECTION('',(1.0,0.0,0.0));
#2260=DIRECTION('',(0.0,-1.0,0.0));
#2261=SURFACE_STYLE_FILL_AREA(#4061);
#2262=ORIENTED_EDGE('',*,*,#4059,.F.);
#2263=ORIENTED_EDGE('',*,*,#4055,.F.);
#2264=ORIENTED_EDGE('',*,*,#4062,.F.);
#2265=ORIENTED_EDGE('',*,*,#4063,.F.);
#2266=CARTESIAN_POINT('',(-9.734E-05,5.0E-06,0.00010427));
#2267=DIRECTION('',(0.0,-1.0,0.0));
#2268=DIRECTION('',(-1.0,0.0,0.0));
#2269=SURFACE_STYLE_FILL_AREA(#4064);
#2270=ORIENTED_EDGE('',*,*,#4065,.F.);
#2271=ORIENTED_EDGE('',*,*,#4060,.T.);
#2272=ORIENTED_EDGE('',*,*,#4063,.T.);
#2273=ORIENTED_EDGE('',*,*,#4066,.F.);
#2274=CARTESIAN_POINT('',(-9.734E-05,-2.5E-05,0.00013127));
#2275=DIRECTION('',(0.0,0.0,-1.0));
#2276=DIRECTION('',(0.0,-1.0,0.0));
#2277=SURFACE_STYLE_FILL_AREA(#4067);
#2278=ORIENTED_EDGE('',*,*,#4068,.F.);
#2279=ORIENTED_EDGE('',*,*,#4066,.T.);
#2280=ORIENTED_EDGE('',*,*,#4062,.T.);
#2281=ORIENTED_EDGE('',*,*,#4054,.F.);
#2282=CARTESIAN_POINT('',(-7.034E-05,-2.5E-05,0.00010427));
#2283=DIRECTION('',(-1.0,0.0,0.0));
#2284=DIRECTION('',(0.0,1.0,0.0));
#2285=SURFACE_STYLE_FILL_AREA(#4069);
#2286=ORIENTED_EDGE('',*,*,#4070,.F.);
#2287=ORIENTED_EDGE('',*,*,#4071,.F.);
#2288=ORIENTED_EDGE('',*,*,#4072,.T.);
#2289=ORIENTED_EDGE('',*,*,#4073,.T.);
#2290=CARTESIAN_POINT('',(4.32700599999969E-07,5.0E-06,-8.11901920000001E-06));
#2291=DIRECTION('',(0.0,0.0,-1.0));
#2292=DIRECTION('',(1.0,0.0,0.0));
#2293=SURFACE_STYLE_FILL_AREA(#4074);
#2294=ORIENTED_EDGE('',*,*,#4075,.F.);
#2295=ORIENTED_EDGE('',*,*,#4076,.F.);
#2296=ORIENTED_EDGE('',*,*,#4077,.F.);
#2297=ORIENTED_EDGE('',*,*,#4078,.T.);
#2298=CARTESIAN_POINT('',(7.62894031E-05,5.0E-06,-7.56489925E-05));
#2299=DIRECTION('',(-0.86705570548392,-0.0,-0.498211203795922));
#2300=DIRECTION('',(0.498211203795922,0.0,-0.86705570548392));
#2301=SURFACE_STYLE_FILL_AREA(#4079);
#2302=ORIENTED_EDGE('',*,*,#4080,.F.);
#2303=ORIENTED_EDGE('',*,*,#4078,.F.);
#2304=ORIENTED_EDGE('',*,*,#4081,.F.);
#2305=ORIENTED_EDGE('',*,*,#4082,.T.);
#2306=CARTESIAN_POINT('',(7.58219799999987E-07,5.0E-06,-5.12979832E-05));
#2307=DIRECTION('',(0.0,0.0,-1.0));
#2308=DIRECTION('',(1.0,0.0,0.0));
#2309=SURFACE_STYLE_FILL_AREA(#4083);
#2310=ORIENTED_EDGE('',*,*,#4084,.F.);
#2311=ORIENTED_EDGE('',*,*,#4082,.F.);
#2312=ORIENTED_EDGE('',*,*,#4085,.F.);
#2313=ORIENTED_EDGE('',*,*,#4086,.T.);
#2314=CARTESIAN_POINT('',(-7.45892012E-05,5.0E-06,-7.56489916E-05));
#2315=DIRECTION('',(0.869877337903045,0.0,-0.493268098504972));
#2316=DIRECTION('',(0.493268098504972,0.0,0.869877337903045));
#2317=SURFACE_STYLE_FILL_AREA(#4087);
#2318=ORIENTED_EDGE('',*,*,#4088,.F.);
#2319=ORIENTED_EDGE('',*,*,#4086,.F.);
#2320=ORIENTED_EDGE('',*,*,#4089,.F.);
#2321=ORIENTED_EDGE('',*,*,#4090,.T.);
#2322=CARTESIAN_POINT('',(-0.0001201987784,5.0E-06,-0.0001));
#2323=DIRECTION('',(0.0,0.0,-1.0));
#2324=DIRECTION('',(1.0,0.0,0.0));
#2325=SURFACE_STYLE_FILL_AREA(#4091);
#2326=ORIENTED_EDGE('',*,*,#4092,.F.);
#2327=ORIENTED_EDGE('',*,*,#4073,.F.);
#2328=ORIENTED_EDGE('',*,*,#4093,.T.);
#2329=ORIENTED_EDGE('',*,*,#4094,.T.);
#2330=CARTESIAN_POINT('',(2.27833363E-05,5.0E-06,3.03081134E-05));
#2331=DIRECTION('',(0.872640169608533,0.0,0.488363731644345));
#2332=DIRECTION('',(-0.488363731644345,0.0,0.872640169608533));
#2333=SURFACE_STYLE_FILL_AREA(#4095);
#2334=ORIENTED_EDGE('',*,*,#4096,.F.);
#2335=ORIENTED_EDGE('',*,*,#4094,.F.);
#2336=ORIENTED_EDGE('',*,*,#4097,.T.);
#2337=ORIENTED_EDGE('',*,*,#4071,.T.);
#2338=CARTESIAN_POINT('',(-2.10726329E-05,5.0E-06,3.03081134E-05));
#2339=DIRECTION('',(-0.864416469923153,0.0,0.502776457807637));
#2340=DIRECTION('',(-0.502776457807637,0.0,-0.864416469923153));
#2341=SURFACE_STYLE_FILL_AREA(#4098);
#2342=ORIENTED_EDGE('',*,*,#4099,.F.);
#2343=ORIENTED_EDGE('',*,*,#4090,.F.);
#2344=ORIENTED_EDGE('',*,*,#4100,.F.);
#2345=ORIENTED_EDGE('',*,*,#4101,.T.);
#2346=CARTESIAN_POINT('',(-8.58091466E-05,5.0E-06,1.56541691E-05));
#2347=DIRECTION('',(-0.867910771020241,0.0,0.496720136039451));
#2348=DIRECTION('',(-0.496720136039451,0.0,-0.867910771020241));
#2349=SURFACE_STYLE_FILL_AREA(#4102);
#2350=ORIENTED_EDGE('',*,*,#4103,.F.);
#2351=ORIENTED_EDGE('',*,*,#4101,.F.);
#2352=ORIENTED_EDGE('',*,*,#4104,.F.);
#2353=ORIENTED_EDGE('',*,*,#4105,.T.);
#2354=CARTESIAN_POINT('',(1.09424109999995E-06,5.0E-06,0.0001313083382));
#2355=DIRECTION('',(0.0,0.0,1.0));
#2356=DIRECTION('',(-1.0,0.0,0.0));
#2357=SURFACE_STYLE_FILL_AREA(#4106);
#2358=ORIENTED_EDGE('',*,*,#4107,.F.);
#2359=ORIENTED_EDGE('',*,*,#4105,.F.);
#2360=ORIENTED_EDGE('',*,*,#4108,.F.);
#2361=ORIENTED_EDGE('',*,*,#4109,.T.);
#2362=CARTESIAN_POINT('',(8.73413386E-05,5.0E-06,1.56541682E-05));
#2363=DIRECTION('',(0.87003121988529,0.0,0.49299662922267));
#2364=DIRECTION('',(-0.49299662922267,0.0,0.87003121988529));
#2365=SURFACE_STYLE_FILL_AREA(#4110);
#2366=ORIENTED_EDGE('',*,*,#4111,.F.);
#2367=ORIENTED_EDGE('',*,*,#4109,.F.);
#2368=ORIENTED_EDGE('',*,*,#4112,.F.);
#2369=ORIENTED_EDGE('',*,*,#4076,.T.);
#2370=CARTESIAN_POINT('',(0.0001215787114,5.0E-06,-0.0001000000018));
#2371=DIRECTION('',(0.0,0.0,-1.0));
#2372=DIRECTION('',(1.0,0.0,0.0));
#2373=SURFACE_STYLE_FILL_AREA(#4113);
#2374=ORIENTED_EDGE('',*,*,#4093,.F.);
#2375=ORIENTED_EDGE('',*,*,#4072,.F.);
#2376=ORIENTED_EDGE('',*,*,#4097,.F.);
#2377=ORIENTED_EDGE('',*,*,#4089,.T.);
#2378=ORIENTED_EDGE('',*,*,#4085,.T.);
#2379=ORIENTED_EDGE('',*,*,#4081,.T.);
#2380=ORIENTED_EDGE('',*,*,#4077,.T.);
#2381=ORIENTED_EDGE('',*,*,#4112,.T.);
#2382=ORIENTED_EDGE('',*,*,#4108,.T.);
#2383=ORIENTED_EDGE('',*,*,#4104,.T.);
#2384=ORIENTED_EDGE('',*,*,#4100,.T.);
#2385=CARTESIAN_POINT('',(6.03660888077832E-07,5.0E-06,-1.45895100211876E-05));
#2386=DIRECTION('',(0.0,-1.0,0.0));
#2387=DIRECTION('',(1.0,0.0,0.0));
#2388=SURFACE_STYLE_FILL_AREA(#4114);
#2389=ORIENTED_EDGE('',*,*,#4115,.F.);
#2390=ORIENTED_EDGE('',*,*,#4116,.T.);
#2391=ORIENTED_EDGE('',*,*,#4117,.T.);
#2392=ORIENTED_EDGE('',*,*,#4118,.F.);
#2393=CARTESIAN_POINT('',(9.9826E-05,-2.5E-05,7.727E-05));
#2394=DIRECTION('',(0.0,-0.0,1.0));
#2395=DIRECTION('',(0.0,1.0,0.0));
#2396=SURFACE_STYLE_FILL_AREA(#4119);
#2397=ORIENTED_EDGE('',*,*,#4120,.F.);
#2398=ORIENTED_EDGE('',*,*,#4118,.T.);
#2399=ORIENTED_EDGE('',*,*,#4121,.T.);
#2400=ORIENTED_EDGE('',*,*,#4122,.F.);
#2401=CARTESIAN_POINT('',(7.2826E-05,-2.5E-05,0.00010427));
#2402=DIRECTION('',(1.0,0.0,0.0));
#2403=DIRECTION('',(0.0,-1.0,0.0));
#2404=SURFACE_STYLE_FILL_AREA(#4123);
#2405=ORIENTED_EDGE('',*,*,#4121,.F.);
#2406=ORIENTED_EDGE('',*,*,#4117,.F.);
#2407=ORIENTED_EDGE('',*,*,#4124,.F.);
#2408=ORIENTED_EDGE('',*,*,#4125,.F.);
#2409=CARTESIAN_POINT('',(9.9826E-05,5.0E-06,0.00010427));
#2410=DIRECTION('',(0.0,-1.0,0.0));
#2411=DIRECTION('',(-1.0,0.0,0.0));
#2412=SURFACE_STYLE_FILL_AREA(#4126);
#2413=ORIENTED_EDGE('',*,*,#4127,.F.);
#2414=ORIENTED_EDGE('',*,*,#4122,.T.);
#2415=ORIENTED_EDGE('',*,*,#4125,.T.);
#2416=ORIENTED_EDGE('',*,*,#4128,.F.);
#2417=CARTESIAN_POINT('',(9.9826E-05,-2.5E-05,0.00013127));
#2418=DIRECTION('',(0.0,0.0,-1.0));
#2419=DIRECTION('',(0.0,-1.0,0.0));
#2420=SURFACE_STYLE_FILL_AREA(#4129);
#2421=ORIENTED_EDGE('',*,*,#4130,.F.);
#2422=ORIENTED_EDGE('',*,*,#4128,.T.);
#2423=ORIENTED_EDGE('',*,*,#4124,.T.);
#2424=ORIENTED_EDGE('',*,*,#4116,.F.);
#2425=CARTESIAN_POINT('',(0.000126826,-2.5E-05,0.00010427));
#2426=DIRECTION('',(-1.0,0.0,0.0));
#2427=DIRECTION('',(0.0,1.0,0.0));
#2428=SURFACE_STYLE_FILL_AREA(#4131);
#2429=ORIENTED_EDGE('',*,*,#4065,.T.);
#2430=ORIENTED_EDGE('',*,*,#4068,.T.);
#2431=ORIENTED_EDGE('',*,*,#4053,.T.);
#2432=ORIENTED_EDGE('',*,*,#4058,.T.);
#2433=ORIENTED_EDGE('',*,*,#4099,.T.);
#2434=ORIENTED_EDGE('',*,*,#4103,.T.);
#2435=ORIENTED_EDGE('',*,*,#4107,.T.);
#2436=ORIENTED_EDGE('',*,*,#4111,.T.);
#2437=ORIENTED_EDGE('',*,*,#4075,.T.);
#2438=ORIENTED_EDGE('',*,*,#4080,.T.);
#2439=ORIENTED_EDGE('',*,*,#4084,.T.);
#2440=ORIENTED_EDGE('',*,*,#4088,.T.);
#2441=ORIENTED_EDGE('',*,*,#4127,.T.);
#2442=ORIENTED_EDGE('',*,*,#4130,.T.);
#2443=ORIENTED_EDGE('',*,*,#4115,.T.);
#2444=ORIENTED_EDGE('',*,*,#4120,.T.);
#2445=ORIENTED_EDGE('',*,*,#4132,.T.);
#2446=ORIENTED_EDGE('',*,*,#4049,.T.);
#2447=CARTESIAN_POINT('',(0.0,0.0,0.0));
#2448=DIRECTION('',(0.0,-1.0,0.0));
#2449=DIRECTION('',(-1.0,0.0,0.0));
#2450=SURFACE_STYLE_FILL_AREA(#4133);
#2451=ORIENTED_EDGE('',*,*,#4092,.T.);
#2452=ORIENTED_EDGE('',*,*,#4096,.T.);
#2453=ORIENTED_EDGE('',*,*,#4070,.T.);
#2454=CARTESIAN_POINT('',(0.0,0.0,0.0));
#2455=DIRECTION('',(0.0,-1.0,0.0));
#2456=DIRECTION('',(-1.0,0.0,0.0));
#2457=SURFACE_STYLE_FILL_AREA(#4134);
#2458=ORIENTED_EDGE('',*,*,#4048,.T.);
#2459=ORIENTED_EDGE('',*,*,#4135,.F.);
#2460=ORIENTED_EDGE('',*,*,#4050,.T.);
#2461=ORIENTED_EDGE('',*,*,#4132,.F.);
#2462=CARTESIAN_POINT('',(0.0,5.0E-06,0.0));
#2463=DIRECTION('',(-0.0,1.0,0.0));
#2464=DIRECTION('',(1.0,0.0,0.0));
#2465=SURFACE_STYLE_FILL_AREA(#4136);
#2466=ORIENTED_EDGE('',*,*,#4051,.T.);
#2467=ORIENTED_EDGE('',*,*,#4135,.T.);
#2468=CARTESIAN_POINT('',(0.0,1.0E-05,0.0));
#2469=DIRECTION('',(-0.0,1.0,0.0));
#2470=DIRECTION('',(1.0,0.0,0.0));
#2471=SURFACE_STYLE_FILL_AREA(#4137);
#2472=SURFACE_STYLE_FILL_AREA(#4138);
#2473=ORIENTED_EDGE('',*,*,#4139,.F.);
#2474=ORIENTED_EDGE('',*,*,#4140,.T.);
#2475=ORIENTED_EDGE('',*,*,#4141,.T.);
#2476=ORIENTED_EDGE('',*,*,#4142,.T.);
#2477=ORIENTED_EDGE('',*,*,#4143,.T.);
#2478=ORIENTED_EDGE('',*,*,#4144,.T.);
#2479=CARTESIAN_POINT('',(102.005,-1.25,0.3));
#2480=DIRECTION('',(0.0,0.0,1.0));
#2481=DIRECTION('',(1.0,0.0,0.0));
#2482=SURFACE_STYLE_FILL_AREA(#4145);
#2483=ORIENTED_EDGE('',*,*,#4146,.F.);
#2484=ORIENTED_EDGE('',*,*,#4144,.F.);
#2485=ORIENTED_EDGE('',*,*,#4147,.T.);
#2486=ORIENTED_EDGE('',*,*,#4148,.F.);
#2487=CARTESIAN_POINT('',(103.26,-1.25,0.3));
#2488=DIRECTION('',(0.0,0.0,1.0));
#2489=DIRECTION('',(5.8819762894048E-16,-1.0,0.0));
#2490=SURFACE_STYLE_FILL_AREA(#4149);
#2491=ORIENTED_EDGE('',*,*,#4150,.F.);
#2492=ORIENTED_EDGE('',*,*,#4151,.F.);
#2493=ORIENTED_EDGE('',*,*,#4140,.F.);
#2494=ORIENTED_EDGE('',*,*,#4152,.F.);
#2495=CARTESIAN_POINT('',(103.26,-1.25,0.3));
#2496=DIRECTION('',(0.0,0.0,1.0));
#2497=DIRECTION('',(5.8819762894048E-16,-1.0,0.0));
#2498=SURFACE_STYLE_FILL_AREA(#4153);
#2499=ORIENTED_EDGE('',*,*,#4154,.F.);
#2500=ORIENTED_EDGE('',*,*,#4155,.F.);
#2501=ORIENTED_EDGE('',*,*,#4142,.F.);
#2502=ORIENTED_EDGE('',*,*,#4156,.T.);
#2503=CARTESIAN_POINT('',(100.75,-1.25,0.3));
#2504=DIRECTION('',(0.0,-0.0,1.0));
#2505=DIRECTION('',(7.3503816380809E-19,1.0,0.0));
#2506=SURFACE_STYLE_FILL_AREA(#4157);
#2507=ORIENTED_EDGE('',*,*,#4158,.F.);
#2508=ORIENTED_EDGE('',*,*,#4156,.F.);
#2509=ORIENTED_EDGE('',*,*,#4141,.F.);
#2510=ORIENTED_EDGE('',*,*,#4151,.T.);
#2511=CARTESIAN_POINT('',(102.005,-0.495,0.3));
#2512=DIRECTION('',(0.0,1.0,0.0));
#2513=DIRECTION('',(-1.0,0.0,0.0));
#2514=SURFACE_STYLE_FILL_AREA(#4159);
#2515=ORIENTED_EDGE('',*,*,#4160,.F.);
#2516=ORIENTED_EDGE('',*,*,#4147,.F.);
#2517=ORIENTED_EDGE('',*,*,#4143,.F.);
#2518=ORIENTED_EDGE('',*,*,#4155,.T.);
#2519=CARTESIAN_POINT('',(102.005,-2.005,0.3));
#2520=DIRECTION('',(0.0,-1.0,0.0));
#2521=DIRECTION('',(1.0,0.0,0.0));
#2522=SURFACE_STYLE_FILL_AREA(#4161);
#2523=ORIENTED_EDGE('',*,*,#4152,.T.);
#2524=ORIENTED_EDGE('',*,*,#4139,.T.);
#2525=ORIENTED_EDGE('',*,*,#4146,.T.);
#2526=ORIENTED_EDGE('',*,*,#4162,.F.);
#2527=ORIENTED_EDGE('',*,*,#4163,.T.);
#2528=ORIENTED_EDGE('',*,*,#4164,.F.);
#2529=ORIENTED_EDGE('',*,*,#4165,.F.);
#2530=ORIENTED_EDGE('',*,*,#4166,.F.);
#2531=ORIENTED_EDGE('',*,*,#4167,.T.);
#2532=ORIENTED_EDGE('',*,*,#4168,.T.);
#2533=ORIENTED_EDGE('',*,*,#4169,.T.);
#2534=ORIENTED_EDGE('',*,*,#4170,.F.);
#2535=CARTESIAN_POINT('',(104.0,0.0,0.3));
#2536=DIRECTION('',(-1.0,0.0,0.0));
#2537=DIRECTION('',(0.0,0.0,1.0));
#2538=SURFACE_STYLE_FILL_AREA(#4171);
#2539=ORIENTED_EDGE('',*,*,#4172,.F.);
#2540=ORIENTED_EDGE('',*,*,#4173,.F.);
#2541=ORIENTED_EDGE('',*,*,#4174,.F.);
#2542=ORIENTED_EDGE('',*,*,#4175,.T.);
#2543=CARTESIAN_POINT('',(53.26,-1.25,0.3));
#2544=DIRECTION('',(0.0,0.0,1.0));
#2545=DIRECTION('',(5.8819762894048E-16,-1.0,0.0));
#2546=SURFACE_STYLE_FILL_AREA(#4176);
#2547=ORIENTED_EDGE('',*,*,#4177,.F.);
#2548=ORIENTED_EDGE('',*,*,#4175,.F.);
#2549=ORIENTED_EDGE('',*,*,#4178,.F.);
#2550=ORIENTED_EDGE('',*,*,#4179,.T.);
#2551=CARTESIAN_POINT('',(52.005,-2.005,0.3));
#2552=DIRECTION('',(0.0,-1.0,0.0));
#2553=DIRECTION('',(1.0,0.0,0.0));
#2554=SURFACE_STYLE_FILL_AREA(#4180);
#2555=ORIENTED_EDGE('',*,*,#4181,.F.);
#2556=ORIENTED_EDGE('',*,*,#4179,.F.);
#2557=ORIENTED_EDGE('',*,*,#4182,.F.);
#2558=ORIENTED_EDGE('',*,*,#4183,.T.);
#2559=CARTESIAN_POINT('',(50.75,-1.25,0.3));
#2560=DIRECTION('',(0.0,-0.0,1.0));
#2561=DIRECTION('',(7.3503816380809E-19,1.0,0.0));
#2562=SURFACE_STYLE_FILL_AREA(#4184);
#2563=ORIENTED_EDGE('',*,*,#4185,.F.);
#2564=ORIENTED_EDGE('',*,*,#4183,.F.);
#2565=ORIENTED_EDGE('',*,*,#4186,.F.);
#2566=ORIENTED_EDGE('',*,*,#4173,.T.);
#2567=CARTESIAN_POINT('',(52.005,-0.495,0.3));
#2568=DIRECTION('',(0.0,1.0,0.0));
#2569=DIRECTION('',(-1.0,0.0,0.0));
#2570=SURFACE_STYLE_FILL_AREA(#4187);
#2571=ORIENTED_EDGE('',*,*,#4178,.T.);
#2572=ORIENTED_EDGE('',*,*,#4174,.T.);
#2573=ORIENTED_EDGE('',*,*,#4186,.T.);
#2574=ORIENTED_EDGE('',*,*,#4182,.T.);
#2575=CARTESIAN_POINT('',(52.005,-1.25,0.3));
#2576=DIRECTION('',(0.0,0.0,1.0));
#2577=DIRECTION('',(1.0,0.0,0.0));
#2578=SURFACE_STYLE_FILL_AREA(#4188);
#2579=ORIENTED_EDGE('',*,*,#4189,.F.);
#2580=ORIENTED_EDGE('',*,*,#4190,.F.);
#2581=ORIENTED_EDGE('',*,*,#4191,.F.);
#2582=ORIENTED_EDGE('',*,*,#4192,.T.);
#2583=CARTESIAN_POINT('',(2.005,-0.495,0.3));
#2584=DIRECTION('',(0.0,1.0,0.0));
#2585=DIRECTION('',(-1.0,0.0,0.0));
#2586=SURFACE_STYLE_FILL_AREA(#4193);
#2587=ORIENTED_EDGE('',*,*,#4194,.F.);
#2588=ORIENTED_EDGE('',*,*,#4192,.F.);
#2589=ORIENTED_EDGE('',*,*,#4195,.F.);
#2590=ORIENTED_EDGE('',*,*,#4196,.T.);
#2591=CARTESIAN_POINT('',(3.26,-1.25,0.3));
#2592=DIRECTION('',(0.0,0.0,1.0));
#2593=DIRECTION('',(5.8819762894048E-16,-1.0,0.0));
#2594=SURFACE_STYLE_FILL_AREA(#4197);
#2595=ORIENTED_EDGE('',*,*,#4198,.F.);
#2596=ORIENTED_EDGE('',*,*,#4199,.F.);
#2597=ORIENTED_EDGE('',*,*,#4200,.F.);
#2598=ORIENTED_EDGE('',*,*,#4201,.F.);
#2599=CARTESIAN_POINT('',(0.75,-1.25,0.3));
#2600=DIRECTION('',(0.0,-0.0,1.0));
#2601=DIRECTION('',(7.3503816380809E-19,1.0,0.0));
#2602=SURFACE_STYLE_FILL_AREA(#4202);
#2603=ORIENTED_EDGE('',*,*,#4203,.F.);
#2604=ORIENTED_EDGE('',*,*,#4196,.F.);
#2605=ORIENTED_EDGE('',*,*,#4204,.F.);
#2606=ORIENTED_EDGE('',*,*,#4200,.T.);
#2607=CARTESIAN_POINT('',(2.005,-2.005,0.3));
#2608=DIRECTION('',(0.0,-1.0,0.0));
#2609=DIRECTION('',(1.0,0.0,0.0));
#2610=SURFACE_STYLE_FILL_AREA(#4205);
#2611=ORIENTED_EDGE('',*,*,#4206,.F.);
#2612=ORIENTED_EDGE('',*,*,#4207,.F.);
#2613=ORIENTED_EDGE('',*,*,#4208,.F.);
#2614=ORIENTED_EDGE('',*,*,#4190,.T.);
#2615=CARTESIAN_POINT('',(0.75,-1.25,0.3));
#2616=DIRECTION('',(0.0,-0.0,1.0));
#2617=DIRECTION('',(7.3503816380809E-19,1.0,0.0));
#2618=SURFACE_STYLE_FILL_AREA(#4209);
#2619=ORIENTED_EDGE('',*,*,#4210,.F.);
#2620=ORIENTED_EDGE('',*,*,#4201,.T.);
#2621=ORIENTED_EDGE('',*,*,#4204,.T.);
#2622=ORIENTED_EDGE('',*,*,#4195,.T.);
#2623=ORIENTED_EDGE('',*,*,#4191,.T.);
#2624=ORIENTED_EDGE('',*,*,#4208,.T.);
#2625=CARTESIAN_POINT('',(2.005,-1.25,0.3));
#2626=DIRECTION('',(0.0,0.0,1.0));
#2627=DIRECTION('',(1.0,0.0,0.0));
#2628=SURFACE_STYLE_FILL_AREA(#4211);
#2629=ORIENTED_EDGE('',*,*,#4150,.T.);
#2630=ORIENTED_EDGE('',*,*,#4170,.T.);
#2631=ORIENTED_EDGE('',*,*,#4212,.T.);
#2632=ORIENTED_EDGE('',*,*,#4213,.T.);
#2633=ORIENTED_EDGE('',*,*,#4214,.T.);
#2634=ORIENTED_EDGE('',*,*,#4215,.T.);
#2635=ORIENTED_EDGE('',*,*,#4216,.T.);
#2636=ORIENTED_EDGE('',*,*,#4166,.T.);
#2637=ORIENTED_EDGE('',*,*,#4217,.T.);
#2638=ORIENTED_EDGE('',*,*,#4218,.T.);
#2639=ORIENTED_EDGE('',*,*,#4219,.T.);
#2640=ORIENTED_EDGE('',*,*,#4220,.T.);
#2641=ORIENTED_EDGE('',*,*,#4221,.T.);
#2642=ORIENTED_EDGE('',*,*,#4222,.T.);
#2643=ORIENTED_EDGE('',*,*,#4223,.T.);
#2644=ORIENTED_EDGE('',*,*,#4224,.T.);
#2645=ORIENTED_EDGE('',*,*,#4206,.T.);
#2646=ORIENTED_EDGE('',*,*,#4189,.T.);
#2647=ORIENTED_EDGE('',*,*,#4194,.T.);
#2648=ORIENTED_EDGE('',*,*,#4203,.T.);
#2649=ORIENTED_EDGE('',*,*,#4199,.T.);
#2650=ORIENTED_EDGE('',*,*,#4225,.T.);
#2651=ORIENTED_EDGE('',*,*,#4226,.T.);
#2652=ORIENTED_EDGE('',*,*,#4162,.T.);
#2653=ORIENTED_EDGE('',*,*,#4148,.T.);
#2654=ORIENTED_EDGE('',*,*,#4160,.T.);
#2655=ORIENTED_EDGE('',*,*,#4154,.T.);
#2656=ORIENTED_EDGE('',*,*,#4158,.T.);
#2657=ORIENTED_EDGE('',*,*,#4181,.T.);
#2658=ORIENTED_EDGE('',*,*,#4185,.T.);
#2659=ORIENTED_EDGE('',*,*,#4172,.T.);
#2660=ORIENTED_EDGE('',*,*,#4177,.T.);
#2661=ORIENTED_EDGE('',*,*,#4227,.T.);
#2662=ORIENTED_EDGE('',*,*,#4228,.T.);
#2663=ORIENTED_EDGE('',*,*,#4229,.T.);
#2664=ORIENTED_EDGE('',*,*,#4230,.T.);
#2665=CARTESIAN_POINT('',(52.0,0.0,0.6));
#2666=DIRECTION('',(0.0,0.0,1.0));
#2667=DIRECTION('',(1.0,0.0,0.0));
#2668=SURFACE_STYLE_FILL_AREA(#4231);
#2669=ORIENTED_EDGE('',*,*,#4168,.F.);
#2670=ORIENTED_EDGE('',*,*,#4232,.T.);
#2671=ORIENTED_EDGE('',*,*,#4233,.T.);
#2672=ORIENTED_EDGE('',*,*,#4234,.T.);
#2673=ORIENTED_EDGE('',*,*,#4235,.T.);
#2674=ORIENTED_EDGE('',*,*,#4236,.T.);
#2675=CARTESIAN_POINT('',(102.005,1.25,0.3));
#2676=DIRECTION('',(0.0,0.0,1.0));
#2677=DIRECTION('',(1.0,0.0,0.0));
#2678=SURFACE_STYLE_FILL_AREA(#4237);
#2679=ORIENTED_EDGE('',*,*,#4169,.F.);
#2680=ORIENTED_EDGE('',*,*,#4236,.F.);
#2681=ORIENTED_EDGE('',*,*,#4238,.T.);
#2682=ORIENTED_EDGE('',*,*,#4212,.F.);
#2683=CARTESIAN_POINT('',(103.26,1.25,0.3));
#2684=DIRECTION('',(0.0,0.0,1.0));
#2685=DIRECTION('',(5.8819762894048E-16,-1.0,0.0));
#2686=SURFACE_STYLE_FILL_AREA(#4239);
#2687=ORIENTED_EDGE('',*,*,#4216,.F.);
#2688=ORIENTED_EDGE('',*,*,#4240,.F.);
#2689=ORIENTED_EDGE('',*,*,#4232,.F.);
#2690=ORIENTED_EDGE('',*,*,#4167,.F.);
#2691=CARTESIAN_POINT('',(103.26,1.25,0.3));
#2692=DIRECTION('',(0.0,0.0,1.0));
#2693=DIRECTION('',(5.8819762894048E-16,-1.0,0.0));
#2694=SURFACE_STYLE_FILL_AREA(#4241);
#2695=ORIENTED_EDGE('',*,*,#4214,.F.);
#2696=ORIENTED_EDGE('',*,*,#4242,.F.);
#2697=ORIENTED_EDGE('',*,*,#4234,.F.);
#2698=ORIENTED_EDGE('',*,*,#4243,.T.);
#2699=CARTESIAN_POINT('',(100.75,1.25,0.3));
#2700=DIRECTION('',(0.0,-0.0,1.0));
#2701=DIRECTION('',(7.3503816380809E-19,1.0,0.0));
#2702=SURFACE_STYLE_FILL_AREA(#4244);
#2703=ORIENTED_EDGE('',*,*,#4215,.F.);
#2704=ORIENTED_EDGE('',*,*,#4243,.F.);
#2705=ORIENTED_EDGE('',*,*,#4233,.F.);
#2706=ORIENTED_EDGE('',*,*,#4240,.T.);
#2707=CARTESIAN_POINT('',(102.005,2.005,0.3));
#2708=DIRECTION('',(0.0,1.0,0.0));
#2709=DIRECTION('',(-1.0,0.0,0.0));
#2710=SURFACE_STYLE_FILL_AREA(#4245);
#2711=ORIENTED_EDGE('',*,*,#4213,.F.);
#2712=ORIENTED_EDGE('',*,*,#4238,.F.);
#2713=ORIENTED_EDGE('',*,*,#4235,.F.);
#2714=ORIENTED_EDGE('',*,*,#4242,.T.);
#2715=CARTESIAN_POINT('',(102.005,0.495,0.3));
#2716=DIRECTION('',(0.0,-1.0,0.0));
#2717=DIRECTION('',(1.0,0.0,0.0));
#2718=SURFACE_STYLE_FILL_AREA(#4246);
#2719=ORIENTED_EDGE('',*,*,#4229,.F.);
#2720=ORIENTED_EDGE('',*,*,#4247,.F.);
#2721=ORIENTED_EDGE('',*,*,#4248,.F.);
#2722=ORIENTED_EDGE('',*,*,#4249,.T.);
#2723=CARTESIAN_POINT('',(53.26,1.25,0.3));
#2724=DIRECTION('',(0.0,0.0,1.0));
#2725=DIRECTION('',(5.8819762894048E-16,-1.0,0.0));
#2726=SURFACE_STYLE_FILL_AREA(#4250);
#2727=ORIENTED_EDGE('',*,*,#4230,.F.);
#2728=ORIENTED_EDGE('',*,*,#4249,.F.);
#2729=ORIENTED_EDGE('',*,*,#4251,.F.);
#2730=ORIENTED_EDGE('',*,*,#4252,.T.);
#2731=CARTESIAN_POINT('',(52.005,0.495,0.3));
#2732=DIRECTION('',(0.0,-1.0,0.0));
#2733=DIRECTION('',(1.0,0.0,0.0));
#2734=SURFACE_STYLE_FILL_AREA(#4253);
#2735=ORIENTED_EDGE('',*,*,#4227,.F.);
#2736=ORIENTED_EDGE('',*,*,#4252,.F.);
#2737=ORIENTED_EDGE('',*,*,#4254,.F.);
#2738=ORIENTED_EDGE('',*,*,#4255,.T.);
#2739=CARTESIAN_POINT('',(50.75,1.25,0.3));
#2740=DIRECTION('',(0.0,-0.0,1.0));
#2741=DIRECTION('',(7.3503816380809E-19,1.0,0.0));
#2742=SURFACE_STYLE_FILL_AREA(#4256);
#2743=ORIENTED_EDGE('',*,*,#4228,.F.);
#2744=ORIENTED_EDGE('',*,*,#4255,.F.);
#2745=ORIENTED_EDGE('',*,*,#4257,.F.);
#2746=ORIENTED_EDGE('',*,*,#4247,.T.);
#2747=CARTESIAN_POINT('',(52.005,2.005,0.3));
#2748=DIRECTION('',(0.0,1.0,0.0));
#2749=DIRECTION('',(-1.0,0.0,0.0));
#2750=SURFACE_STYLE_FILL_AREA(#4258);
#2751=ORIENTED_EDGE('',*,*,#4251,.T.);
#2752=ORIENTED_EDGE('',*,*,#4248,.T.);
#2753=ORIENTED_EDGE('',*,*,#4257,.T.);
#2754=ORIENTED_EDGE('',*,*,#4254,.T.);
#2755=CARTESIAN_POINT('',(52.005,1.25,0.3));
#2756=DIRECTION('',(0.0,0.0,1.0));
#2757=DIRECTION('',(1.0,0.0,0.0));
#2758=SURFACE_STYLE_FILL_AREA(#4259);
#2759=ORIENTED_EDGE('',*,*,#4220,.F.);
#2760=ORIENTED_EDGE('',*,*,#4260,.F.);
#2761=ORIENTED_EDGE('',*,*,#4261,.F.);
#2762=ORIENTED_EDGE('',*,*,#4262,.T.);
#2763=CARTESIAN_POINT('',(2.005,2.005,0.3));
#2764=DIRECTION('',(0.0,1.0,0.0));
#2765=DIRECTION('',(-1.0,0.0,0.0));
#2766=SURFACE_STYLE_FILL_AREA(#4263);
#2767=ORIENTED_EDGE('',*,*,#4221,.F.);
#2768=ORIENTED_EDGE('',*,*,#4262,.F.);
#2769=ORIENTED_EDGE('',*,*,#4264,.F.);
#2770=ORIENTED_EDGE('',*,*,#4265,.T.);
#2771=CARTESIAN_POINT('',(3.26,1.25,0.3));
#2772=DIRECTION('',(0.0,0.0,1.0));
#2773=DIRECTION('',(5.8819762894048E-16,-1.0,0.0));
#2774=SURFACE_STYLE_FILL_AREA(#4266);
#2775=ORIENTED_EDGE('',*,*,#4267,.F.);
#2776=ORIENTED_EDGE('',*,*,#4223,.F.);
#2777=ORIENTED_EDGE('',*,*,#4268,.F.);
#2778=ORIENTED_EDGE('',*,*,#4269,.F.);
#2779=CARTESIAN_POINT('',(0.75,1.25,0.3));
#2780=DIRECTION('',(0.0,-0.0,1.0));
#2781=DIRECTION('',(7.3503816380809E-19,1.0,0.0));
#2782=SURFACE_STYLE_FILL_AREA(#4270);
#2783=ORIENTED_EDGE('',*,*,#4222,.F.);
#2784=ORIENTED_EDGE('',*,*,#4265,.F.);
#2785=ORIENTED_EDGE('',*,*,#4271,.F.);
#2786=ORIENTED_EDGE('',*,*,#4268,.T.);
#2787=CARTESIAN_POINT('',(2.005,0.495,0.3));
#2788=DIRECTION('',(0.0,-1.0,0.0));
#2789=DIRECTION('',(1.0,0.0,0.0));
#2790=SURFACE_STYLE_FILL_AREA(#4272);
#2791=ORIENTED_EDGE('',*,*,#4219,.F.);
#2792=ORIENTED_EDGE('',*,*,#4273,.F.);
#2793=ORIENTED_EDGE('',*,*,#4274,.F.);
#2794=ORIENTED_EDGE('',*,*,#4260,.T.);
#2795=CARTESIAN_POINT('',(0.75,1.25,0.3));
#2796=DIRECTION('',(0.0,-0.0,1.0));
#2797=DIRECTION('',(7.3503816380809E-19,1.0,0.0));
#2798=SURFACE_STYLE_FILL_AREA(#4275);
#2799=ORIENTED_EDGE('',*,*,#4276,.F.);
#2800=ORIENTED_EDGE('',*,*,#4269,.T.);
#2801=ORIENTED_EDGE('',*,*,#4271,.T.);
#2802=ORIENTED_EDGE('',*,*,#4264,.T.);
#2803=ORIENTED_EDGE('',*,*,#4261,.T.);
#2804=ORIENTED_EDGE('',*,*,#4274,.T.);
#2805=CARTESIAN_POINT('',(2.005,1.25,0.3));
#2806=DIRECTION('',(0.0,0.0,1.0));
#2807=DIRECTION('',(1.0,0.0,0.0));
#2808=SURFACE_STYLE_FILL_AREA(#4277);
#2809=ORIENTED_EDGE('',*,*,#4164,.T.);
#2810=ORIENTED_EDGE('',*,*,#4278,.T.);
#2811=ORIENTED_EDGE('',*,*,#4279,.T.);
#2812=ORIENTED_EDGE('',*,*,#4280,.T.);
#2813=CARTESIAN_POINT('',(52.0,0.0,0.0));
#2814=DIRECTION('',(0.0,0.0,1.0));
#2815=DIRECTION('',(1.0,0.0,0.0));
#2816=SURFACE_STYLE_FILL_AREA(#4281);
#2817=ORIENTED_EDGE('',*,*,#4282,.T.);
#2818=ORIENTED_EDGE('',*,*,#4278,.F.);
#2819=ORIENTED_EDGE('',*,*,#4163,.F.);
#2820=ORIENTED_EDGE('',*,*,#4226,.F.);
#2821=CARTESIAN_POINT('',(52.0,-2.5,0.3));
#2822=DIRECTION('',(0.0,1.0,0.0));
#2823=DIRECTION('',(0.0,0.0,1.0));
#2824=SURFACE_STYLE_FILL_AREA(#4283);
#2825=ORIENTED_EDGE('',*,*,#4207,.T.);
#2826=ORIENTED_EDGE('',*,*,#4224,.F.);
#2827=ORIENTED_EDGE('',*,*,#4267,.T.);
#2828=ORIENTED_EDGE('',*,*,#4276,.T.);
#2829=ORIENTED_EDGE('',*,*,#4273,.T.);
#2830=ORIENTED_EDGE('',*,*,#4218,.F.);
#2831=ORIENTED_EDGE('',*,*,#4284,.T.);
#2832=ORIENTED_EDGE('',*,*,#4279,.F.);
#2833=ORIENTED_EDGE('',*,*,#4282,.F.);
#2834=ORIENTED_EDGE('',*,*,#4225,.F.);
#2835=ORIENTED_EDGE('',*,*,#4198,.T.);
#2836=ORIENTED_EDGE('',*,*,#4210,.T.);
#2837=CARTESIAN_POINT('',(0.0,0.0,0.3));
#2838=DIRECTION('',(1.0,0.0,0.0));
#2839=DIRECTION('',(0.0,0.0,-1.0));
#2840=SURFACE_STYLE_FILL_AREA(#4285);
#2841=ORIENTED_EDGE('',*,*,#4165,.T.);
#2842=ORIENTED_EDGE('',*,*,#4280,.F.);
#2843=ORIENTED_EDGE('',*,*,#4284,.F.);
#2844=ORIENTED_EDGE('',*,*,#4217,.F.);
#2845=CARTESIAN_POINT('',(52.0,2.5,0.3));
#2846=DIRECTION('',(0.0,-1.0,0.0));
#2847=DIRECTION('',(0.0,0.0,-1.0));
#2848=SURFACE_STYLE_FILL_AREA(#4286);
#2849=SURFACE_STYLE_FILL_AREA(#4287);
#2850=ORIENTED_EDGE('',*,*,#4288,.T.);
#2851=ORIENTED_EDGE('',*,*,#4289,.F.);
#2852=ORIENTED_EDGE('',*,*,#4290,.T.);
#2853=ORIENTED_EDGE('',*,*,#4291,.T.);
#2854=CARTESIAN_POINT('',(100.75,1.25,0.3));
#2855=DIRECTION('',(0.0,-0.0,1.0));
#2856=DIRECTION('',(3.93852530378663E-16,1.0,0.0));
#2857=SURFACE_STYLE_FILL_AREA(#4292);
#2858=ORIENTED_EDGE('',*,*,#4293,.T.);
#2859=ORIENTED_EDGE('',*,*,#4294,.F.);
#2860=ORIENTED_EDGE('',*,*,#4295,.T.);
#2861=ORIENTED_EDGE('',*,*,#4289,.T.);
#2862=CARTESIAN_POINT('',(102.0,2.0,0.3));
#2863=DIRECTION('',(0.0,1.0,0.0));
#2864=DIRECTION('',(-1.0,0.0,0.0));
#2865=SURFACE_STYLE_FILL_AREA(#4296);
#2866=ORIENTED_EDGE('',*,*,#4297,.T.);
#2867=ORIENTED_EDGE('',*,*,#4298,.F.);
#2868=ORIENTED_EDGE('',*,*,#4299,.T.);
#2869=ORIENTED_EDGE('',*,*,#4294,.T.);
#2870=CARTESIAN_POINT('',(103.25,1.25,0.3));
#2871=DIRECTION('',(0.0,0.0,1.0));
#2872=DIRECTION('',(-5.9211894646675E-16,-1.0,0.0));
#2873=SURFACE_STYLE_FILL_AREA(#4300);
#2874=ORIENTED_EDGE('',*,*,#4301,.T.);
#2875=ORIENTED_EDGE('',*,*,#4291,.F.);
#2876=ORIENTED_EDGE('',*,*,#4302,.T.);
#2877=ORIENTED_EDGE('',*,*,#4298,.T.);
#2878=CARTESIAN_POINT('',(102.0,0.5,0.3));
#2879=DIRECTION('',(0.0,-1.0,0.0));
#2880=DIRECTION('',(1.0,0.0,0.0));
#2881=SURFACE_STYLE_FILL_AREA(#4303);
#2882=ORIENTED_EDGE('',*,*,#4302,.F.);
#2883=ORIENTED_EDGE('',*,*,#4290,.F.);
#2884=ORIENTED_EDGE('',*,*,#4295,.F.);
#2885=ORIENTED_EDGE('',*,*,#4299,.F.);
#2886=CARTESIAN_POINT('',(102.0,1.25,0.3));
#2887=DIRECTION('',(0.0,0.0,1.0));
#2888=DIRECTION('',(1.0,0.0,0.0));
#2889=SURFACE_STYLE_FILL_AREA(#4304);
#2890=ORIENTED_EDGE('',*,*,#4288,.F.);
#2891=ORIENTED_EDGE('',*,*,#4301,.F.);
#2892=ORIENTED_EDGE('',*,*,#4297,.F.);
#2893=ORIENTED_EDGE('',*,*,#4293,.F.);
#2894=CARTESIAN_POINT('',(102.0,1.25,0.6));
#2895=DIRECTION('',(0.0,0.0,1.0));
#2896=DIRECTION('',(1.0,0.0,0.0));
#2897=SURFACE_STYLE_FILL_AREA(#4305);
#2898=ORIENTED_EDGE('',*,*,#4306,.T.);
#2899=ORIENTED_EDGE('',*,*,#4307,.F.);
#2900=ORIENTED_EDGE('',*,*,#4308,.T.);
#2901=ORIENTED_EDGE('',*,*,#4309,.T.);
#2902=CARTESIAN_POINT('',(100.75,-1.25,0.3));
#2903=DIRECTION('',(0.0,-0.0,1.0));
#2904=DIRECTION('',(3.93852530378663E-16,1.0,0.0));
#2905=SURFACE_STYLE_FILL_AREA(#4310);
#2906=ORIENTED_EDGE('',*,*,#4311,.T.);
#2907=ORIENTED_EDGE('',*,*,#4312,.F.);
#2908=ORIENTED_EDGE('',*,*,#4313,.T.);
#2909=ORIENTED_EDGE('',*,*,#4307,.T.);
#2910=CARTESIAN_POINT('',(102.0,-0.5,0.3));
#2911=DIRECTION('',(0.0,1.0,0.0));
#2912=DIRECTION('',(-1.0,0.0,0.0));
#2913=SURFACE_STYLE_FILL_AREA(#4314);
#2914=ORIENTED_EDGE('',*,*,#4315,.T.);
#2915=ORIENTED_EDGE('',*,*,#4316,.F.);
#2916=ORIENTED_EDGE('',*,*,#4317,.T.);
#2917=ORIENTED_EDGE('',*,*,#4312,.T.);
#2918=CARTESIAN_POINT('',(103.25,-1.25,0.3));
#2919=DIRECTION('',(0.0,0.0,1.0));
#2920=DIRECTION('',(-5.9211894646675E-16,-1.0,0.0));
#2921=SURFACE_STYLE_FILL_AREA(#4318);
#2922=ORIENTED_EDGE('',*,*,#4319,.T.);
#2923=ORIENTED_EDGE('',*,*,#4309,.F.);
#2924=ORIENTED_EDGE('',*,*,#4320,.T.);
#2925=ORIENTED_EDGE('',*,*,#4316,.T.);
#2926=CARTESIAN_POINT('',(102.0,-2.0,0.3));
#2927=DIRECTION('',(0.0,-1.0,0.0));
#2928=DIRECTION('',(1.0,0.0,0.0));
#2929=SURFACE_STYLE_FILL_AREA(#4321);
#2930=ORIENTED_EDGE('',*,*,#4320,.F.);
#2931=ORIENTED_EDGE('',*,*,#4308,.F.);
#2932=ORIENTED_EDGE('',*,*,#4313,.F.);
#2933=ORIENTED_EDGE('',*,*,#4317,.F.);
#2934=CARTESIAN_POINT('',(102.0,-1.25,0.3));
#2935=DIRECTION('',(0.0,0.0,1.0));
#2936=DIRECTION('',(1.0,0.0,0.0));
#2937=SURFACE_STYLE_FILL_AREA(#4322);
#2938=ORIENTED_EDGE('',*,*,#4306,.F.);
#2939=ORIENTED_EDGE('',*,*,#4319,.F.);
#2940=ORIENTED_EDGE('',*,*,#4315,.F.);
#2941=ORIENTED_EDGE('',*,*,#4311,.F.);
#2942=CARTESIAN_POINT('',(102.0,-1.25,0.6));
#2943=DIRECTION('',(0.0,0.0,1.0));
#2944=DIRECTION('',(1.0,0.0,0.0));
#2945=SURFACE_STYLE_FILL_AREA(#4323);
#2946=SURFACE_STYLE_FILL_AREA(#4324);
#2947=SURFACE_STYLE_FILL_AREA(#4325);
#2948=ORIENTED_EDGE('',*,*,#4326,.T.);
#2949=ORIENTED_EDGE('',*,*,#4327,.F.);
#2950=ORIENTED_EDGE('',*,*,#4328,.T.);
#2951=ORIENTED_EDGE('',*,*,#4329,.T.);
#2952=CARTESIAN_POINT('',(50.75,1.25,0.3));
#2953=DIRECTION('',(0.0,-0.0,1.0));
#2954=DIRECTION('',(3.93852530378663E-16,1.0,0.0));
#2955=SURFACE_STYLE_FILL_AREA(#4330);
#2956=ORIENTED_EDGE('',*,*,#4331,.T.);
#2957=ORIENTED_EDGE('',*,*,#4332,.F.);
#2958=ORIENTED_EDGE('',*,*,#4333,.T.);
#2959=ORIENTED_EDGE('',*,*,#4327,.T.);
#2960=CARTESIAN_POINT('',(52.0,2.0,0.3));
#2961=DIRECTION('',(0.0,1.0,0.0));
#2962=DIRECTION('',(-1.0,0.0,0.0));
#2963=SURFACE_STYLE_FILL_AREA(#4334);
#2964=ORIENTED_EDGE('',*,*,#4335,.T.);
#2965=ORIENTED_EDGE('',*,*,#4336,.F.);
#2966=ORIENTED_EDGE('',*,*,#4337,.T.);
#2967=ORIENTED_EDGE('',*,*,#4332,.T.);
#2968=CARTESIAN_POINT('',(53.25,1.25,0.3));
#2969=DIRECTION('',(0.0,0.0,1.0));
#2970=DIRECTION('',(-5.9211894646675E-16,-1.0,0.0));
#2971=SURFACE_STYLE_FILL_AREA(#4338);
#2972=ORIENTED_EDGE('',*,*,#4339,.T.);
#2973=ORIENTED_EDGE('',*,*,#4329,.F.);
#2974=ORIENTED_EDGE('',*,*,#4340,.T.);
#2975=ORIENTED_EDGE('',*,*,#4336,.T.);
#2976=CARTESIAN_POINT('',(52.0,0.5,0.3));
#2977=DIRECTION('',(0.0,-1.0,0.0));
#2978=DIRECTION('',(1.0,0.0,0.0));
#2979=SURFACE_STYLE_FILL_AREA(#4341);
#2980=ORIENTED_EDGE('',*,*,#4340,.F.);
#2981=ORIENTED_EDGE('',*,*,#4328,.F.);
#2982=ORIENTED_EDGE('',*,*,#4333,.F.);
#2983=ORIENTED_EDGE('',*,*,#4337,.F.);
#2984=CARTESIAN_POINT('',(52.0,1.25,0.3));
#2985=DIRECTION('',(0.0,0.0,1.0));
#2986=DIRECTION('',(1.0,0.0,0.0));
#2987=SURFACE_STYLE_FILL_AREA(#4342);
#2988=ORIENTED_EDGE('',*,*,#4326,.F.);
#2989=ORIENTED_EDGE('',*,*,#4339,.F.);
#2990=ORIENTED_EDGE('',*,*,#4335,.F.);
#2991=ORIENTED_EDGE('',*,*,#4331,.F.);
#2992=CARTESIAN_POINT('',(52.0,1.25,0.6));
#2993=DIRECTION('',(0.0,0.0,1.0));
#2994=DIRECTION('',(1.0,0.0,0.0));
#2995=SURFACE_STYLE_FILL_AREA(#4343);
#2996=ORIENTED_EDGE('',*,*,#4344,.T.);
#2997=ORIENTED_EDGE('',*,*,#4345,.F.);
#2998=ORIENTED_EDGE('',*,*,#4346,.T.);
#2999=ORIENTED_EDGE('',*,*,#4347,.T.);
#3000=CARTESIAN_POINT('',(50.75,-1.25,0.3));
#3001=DIRECTION('',(0.0,-0.0,1.0));
#3002=DIRECTION('',(3.93852530378663E-16,1.0,0.0));
#3003=SURFACE_STYLE_FILL_AREA(#4348);
#3004=ORIENTED_EDGE('',*,*,#4349,.T.);
#3005=ORIENTED_EDGE('',*,*,#4350,.F.);
#3006=ORIENTED_EDGE('',*,*,#4351,.T.);
#3007=ORIENTED_EDGE('',*,*,#4345,.T.);
#3008=CARTESIAN_POINT('',(52.0,-0.5,0.3));
#3009=DIRECTION('',(0.0,1.0,0.0));
#3010=DIRECTION('',(-1.0,0.0,0.0));
#3011=SURFACE_STYLE_FILL_AREA(#4352);
#3012=ORIENTED_EDGE('',*,*,#4353,.T.);
#3013=ORIENTED_EDGE('',*,*,#4354,.F.);
#3014=ORIENTED_EDGE('',*,*,#4355,.T.);
#3015=ORIENTED_EDGE('',*,*,#4350,.T.);
#3016=CARTESIAN_POINT('',(53.25,-1.25,0.3));
#3017=DIRECTION('',(0.0,0.0,1.0));
#3018=DIRECTION('',(-5.9211894646675E-16,-1.0,0.0));
#3019=SURFACE_STYLE_FILL_AREA(#4356);
#3020=ORIENTED_EDGE('',*,*,#4357,.T.);
#3021=ORIENTED_EDGE('',*,*,#4347,.F.);
#3022=ORIENTED_EDGE('',*,*,#4358,.T.);
#3023=ORIENTED_EDGE('',*,*,#4354,.T.);
#3024=CARTESIAN_POINT('',(52.0,-2.0,0.3));
#3025=DIRECTION('',(0.0,-1.0,0.0));
#3026=DIRECTION('',(1.0,0.0,0.0));
#3027=SURFACE_STYLE_FILL_AREA(#4359);
#3028=ORIENTED_EDGE('',*,*,#4358,.F.);
#3029=ORIENTED_EDGE('',*,*,#4346,.F.);
#3030=ORIENTED_EDGE('',*,*,#4351,.F.);
#3031=ORIENTED_EDGE('',*,*,#4355,.F.);
#3032=CARTESIAN_POINT('',(52.0,-1.25,0.3));
#3033=DIRECTION('',(0.0,0.0,1.0));
#3034=DIRECTION('',(1.0,0.0,0.0));
#3035=SURFACE_STYLE_FILL_AREA(#4360);
#3036=ORIENTED_EDGE('',*,*,#4344,.F.);
#3037=ORIENTED_EDGE('',*,*,#4357,.F.);
#3038=ORIENTED_EDGE('',*,*,#4353,.F.);
#3039=ORIENTED_EDGE('',*,*,#4349,.F.);
#3040=CARTESIAN_POINT('',(52.0,-1.25,0.6));
#3041=DIRECTION('',(0.0,0.0,1.0));
#3042=DIRECTION('',(1.0,0.0,0.0));
#3043=SURFACE_STYLE_FILL_AREA(#4361);
#3044=SURFACE_STYLE_FILL_AREA(#4362);
#3045=SURFACE_STYLE_FILL_AREA(#4363);
#3046=ORIENTED_EDGE('',*,*,#4364,.T.);
#3047=ORIENTED_EDGE('',*,*,#4365,.F.);
#3048=ORIENTED_EDGE('',*,*,#4366,.T.);
#3049=ORIENTED_EDGE('',*,*,#4367,.T.);
#3050=CARTESIAN_POINT('',(0.75,1.25,0.3));
#3051=DIRECTION('',(0.0,-0.0,1.0));
#3052=DIRECTION('',(3.93852530378663E-16,1.0,0.0));
#3053=SURFACE_STYLE_FILL_AREA(#4368);
#3054=ORIENTED_EDGE('',*,*,#4369,.T.);
#3055=ORIENTED_EDGE('',*,*,#4370,.F.);
#3056=ORIENTED_EDGE('',*,*,#4371,.T.);
#3057=ORIENTED_EDGE('',*,*,#4365,.T.);
#3058=CARTESIAN_POINT('',(2.0,2.0,0.3));
#3059=DIRECTION('',(0.0,1.0,0.0));
#3060=DIRECTION('',(-1.0,0.0,0.0));
#3061=SURFACE_STYLE_FILL_AREA(#4372);
#3062=ORIENTED_EDGE('',*,*,#4373,.T.);
#3063=ORIENTED_EDGE('',*,*,#4374,.F.);
#3064=ORIENTED_EDGE('',*,*,#4375,.T.);
#3065=ORIENTED_EDGE('',*,*,#4370,.T.);
#3066=CARTESIAN_POINT('',(3.25,1.25,0.3));
#3067=DIRECTION('',(0.0,0.0,1.0));
#3068=DIRECTION('',(-5.9211894646675E-16,-1.0,0.0));
#3069=SURFACE_STYLE_FILL_AREA(#4376);
#3070=ORIENTED_EDGE('',*,*,#4377,.T.);
#3071=ORIENTED_EDGE('',*,*,#4367,.F.);
#3072=ORIENTED_EDGE('',*,*,#4378,.T.);
#3073=ORIENTED_EDGE('',*,*,#4374,.T.);
#3074=CARTESIAN_POINT('',(2.0,0.5,0.3));
#3075=DIRECTION('',(0.0,-1.0,0.0));
#3076=DIRECTION('',(1.0,0.0,0.0));
#3077=SURFACE_STYLE_FILL_AREA(#4379);
#3078=ORIENTED_EDGE('',*,*,#4378,.F.);
#3079=ORIENTED_EDGE('',*,*,#4366,.F.);
#3080=ORIENTED_EDGE('',*,*,#4371,.F.);
#3081=ORIENTED_EDGE('',*,*,#4375,.F.);
#3082=CARTESIAN_POINT('',(2.0,1.25,0.3));
#3083=DIRECTION('',(0.0,0.0,1.0));
#3084=DIRECTION('',(1.0,0.0,0.0));
#3085=SURFACE_STYLE_FILL_AREA(#4380);
#3086=ORIENTED_EDGE('',*,*,#4364,.F.);
#3087=ORIENTED_EDGE('',*,*,#4377,.F.);
#3088=ORIENTED_EDGE('',*,*,#4373,.F.);
#3089=ORIENTED_EDGE('',*,*,#4369,.F.);
#3090=CARTESIAN_POINT('',(2.0,1.25,0.6));
#3091=DIRECTION('',(0.0,0.0,1.0));
#3092=DIRECTION('',(1.0,0.0,0.0));
#3093=SURFACE_STYLE_FILL_AREA(#4381);
#3094=ORIENTED_EDGE('',*,*,#4382,.T.);
#3095=ORIENTED_EDGE('',*,*,#4383,.F.);
#3096=ORIENTED_EDGE('',*,*,#4384,.T.);
#3097=ORIENTED_EDGE('',*,*,#4385,.T.);
#3098=CARTESIAN_POINT('',(0.75,-1.25,0.3));
#3099=DIRECTION('',(0.0,-0.0,1.0));
#3100=DIRECTION('',(3.93852530378663E-16,1.0,0.0));
#3101=SURFACE_STYLE_FILL_AREA(#4386);
#3102=ORIENTED_EDGE('',*,*,#4387,.T.);
#3103=ORIENTED_EDGE('',*,*,#4388,.F.);
#3104=ORIENTED_EDGE('',*,*,#4389,.T.);
#3105=ORIENTED_EDGE('',*,*,#4383,.T.);
#3106=CARTESIAN_POINT('',(2.0,-0.5,0.3));
#3107=DIRECTION('',(0.0,1.0,0.0));
#3108=DIRECTION('',(-1.0,0.0,0.0));
#3109=SURFACE_STYLE_FILL_AREA(#4390);
#3110=ORIENTED_EDGE('',*,*,#4391,.T.);
#3111=ORIENTED_EDGE('',*,*,#4392,.F.);
#3112=ORIENTED_EDGE('',*,*,#4393,.T.);
#3113=ORIENTED_EDGE('',*,*,#4388,.T.);
#3114=CARTESIAN_POINT('',(3.25,-1.25,0.3));
#3115=DIRECTION('',(0.0,0.0,1.0));
#3116=DIRECTION('',(-5.9211894646675E-16,-1.0,0.0));
#3117=SURFACE_STYLE_FILL_AREA(#4394);
#3118=ORIENTED_EDGE('',*,*,#4395,.T.);
#3119=ORIENTED_EDGE('',*,*,#4385,.F.);
#3120=ORIENTED_EDGE('',*,*,#4396,.T.);
#3121=ORIENTED_EDGE('',*,*,#4392,.T.);
#3122=CARTESIAN_POINT('',(2.0,-2.0,0.3));
#3123=DIRECTION('',(0.0,-1.0,0.0));
#3124=DIRECTION('',(1.0,0.0,0.0));
#3125=SURFACE_STYLE_FILL_AREA(#4397);
#3126=ORIENTED_EDGE('',*,*,#4396,.F.);
#3127=ORIENTED_EDGE('',*,*,#4384,.F.);
#3128=ORIENTED_EDGE('',*,*,#4389,.F.);
#3129=ORIENTED_EDGE('',*,*,#4393,.F.);
#3130=CARTESIAN_POINT('',(2.0,-1.25,0.3));
#3131=DIRECTION('',(0.0,0.0,1.0));
#3132=DIRECTION('',(1.0,0.0,0.0));
#3133=SURFACE_STYLE_FILL_AREA(#4398);
#3134=ORIENTED_EDGE('',*,*,#4382,.F.);
#3135=ORIENTED_EDGE('',*,*,#4395,.F.);
#3136=ORIENTED_EDGE('',*,*,#4391,.F.);
#3137=ORIENTED_EDGE('',*,*,#4387,.F.);
#3138=CARTESIAN_POINT('',(2.0,-1.25,0.6));
#3139=DIRECTION('',(0.0,0.0,1.0));
#3140=DIRECTION('',(1.0,0.0,0.0));
#3141=SURFACE_STYLE_FILL_AREA(#4399);
#3142=SURFACE_STYLE_FILL_AREA(#4400);
#3143=SURFACE_STYLE_FILL_AREA(#4401);
#3144=ORIENTED_EDGE('',*,*,#4402,.F.);
#3145=ORIENTED_EDGE('',*,*,#4403,.F.);
#3146=ORIENTED_EDGE('',*,*,#4404,.F.);
#3147=ORIENTED_EDGE('',*,*,#4405,.F.);
#3148=CARTESIAN_POINT('',(90.7535533905933,2.10144660940673,1.0));
#3149=DIRECTION('',(0.707106781186546,0.707106781186549,0.0));
#3150=DIRECTION('',(0.0,0.0,-1.0));
#3151=SURFACE_STYLE_FILL_AREA(#4406);
#3152=ORIENTED_EDGE('',*,*,#4402,.T.);
#3153=ORIENTED_EDGE('',*,*,#4407,.T.);
#3154=ORIENTED_EDGE('',*,*,#4408,.T.);
#3155=ORIENTED_EDGE('',*,*,#4409,.T.);
#3156=ORIENTED_EDGE('',*,*,#4410,.T.);
#3157=CARTESIAN_POINT('',(89.35,0.0,1.4));
#3158=DIRECTION('',(0.0,0.0,1.0));
#3159=DIRECTION('',(1.0,0.0,0.0));
#3160=SURFACE_STYLE_FILL_AREA(#4411);
#3161=ORIENTED_EDGE('',*,*,#4405,.T.);
#3162=ORIENTED_EDGE('',*,*,#4412,.F.);
#3163=ORIENTED_EDGE('',*,*,#4413,.F.);
#3164=ORIENTED_EDGE('',*,*,#4407,.F.);
#3165=CARTESIAN_POINT('',(89.35,2.455,1.0));
#3166=DIRECTION('',(0.0,-1.0,0.0));
#3167=DIRECTION('',(0.0,0.0,-1.0));
#3168=SURFACE_STYLE_FILL_AREA(#4414);
#3169=ORIENTED_EDGE('',*,*,#4404,.T.);
#3170=ORIENTED_EDGE('',*,*,#4415,.T.);
#3171=ORIENTED_EDGE('',*,*,#4416,.T.);
#3172=ORIENTED_EDGE('',*,*,#4417,.T.);
#3173=ORIENTED_EDGE('',*,*,#4412,.T.);
#3174=CARTESIAN_POINT('',(89.35,0.0,0.6));
#3175=DIRECTION('',(0.0,0.0,1.0));
#3176=DIRECTION('',(1.0,0.0,0.0));
#3177=SURFACE_STYLE_FILL_AREA(#4418);
#3178=ORIENTED_EDGE('',*,*,#4419,.T.);
#3179=ORIENTED_EDGE('',*,*,#4416,.F.);
#3180=ORIENTED_EDGE('',*,*,#4420,.F.);
#3181=ORIENTED_EDGE('',*,*,#4409,.F.);
#3182=CARTESIAN_POINT('',(89.35,-2.455,1.0));
#3183=DIRECTION('',(0.0,1.0,0.0));
#3184=DIRECTION('',(0.0,0.0,1.0));
#3185=SURFACE_STYLE_FILL_AREA(#4421);
#3186=ORIENTED_EDGE('',*,*,#4413,.T.);
#3187=ORIENTED_EDGE('',*,*,#4417,.F.);
#3188=ORIENTED_EDGE('',*,*,#4419,.F.);
#3189=ORIENTED_EDGE('',*,*,#4408,.F.);
#3190=CARTESIAN_POINT('',(87.84,0.0,1.0));
#3191=DIRECTION('',(1.0,0.0,0.0));
#3192=DIRECTION('',(0.0,0.0,-1.0));
#3193=SURFACE_STYLE_FILL_AREA(#4422);
#3194=ORIENTED_EDGE('',*,*,#4403,.T.);
#3195=ORIENTED_EDGE('',*,*,#4410,.F.);
#3196=ORIENTED_EDGE('',*,*,#4420,.T.);
#3197=ORIENTED_EDGE('',*,*,#4415,.F.);
#3198=CARTESIAN_POINT('',(90.86,0.0,1.0));
#3199=DIRECTION('',(-1.0,0.0,0.0));
#3200=DIRECTION('',(0.0,0.0,1.0));
#3201=SURFACE_STYLE_FILL_AREA(#4423);
#3202=ORIENTED_EDGE('',*,*,#4424,.F.);
#3203=ORIENTED_EDGE('',*,*,#4425,.F.);
#3204=ORIENTED_EDGE('',*,*,#4426,.F.);
#3205=ORIENTED_EDGE('',*,*,#4427,.F.);
#3206=CARTESIAN_POINT('',(74.1535533905933,2.10144660940673,1.0));
#3207=DIRECTION('',(0.707106781186546,0.707106781186549,0.0));
#3208=DIRECTION('',(0.0,0.0,-1.0));
#3209=SURFACE_STYLE_FILL_AREA(#4428);
#3210=ORIENTED_EDGE('',*,*,#4424,.T.);
#3211=ORIENTED_EDGE('',*,*,#4429,.T.);
#3212=ORIENTED_EDGE('',*,*,#4430,.T.);
#3213=ORIENTED_EDGE('',*,*,#4431,.T.);
#3214=ORIENTED_EDGE('',*,*,#4432,.T.);
#3215=CARTESIAN_POINT('',(72.75,0.0,1.4));
#3216=DIRECTION('',(0.0,0.0,1.0));
#3217=DIRECTION('',(1.0,0.0,0.0));
#3218=SURFACE_STYLE_FILL_AREA(#4433);
#3219=ORIENTED_EDGE('',*,*,#4427,.T.);
#3220=ORIENTED_EDGE('',*,*,#4434,.F.);
#3221=ORIENTED_EDGE('',*,*,#4435,.F.);
#3222=ORIENTED_EDGE('',*,*,#4429,.F.);
#3223=CARTESIAN_POINT('',(72.75,2.455,1.0));
#3224=DIRECTION('',(0.0,-1.0,0.0));
#3225=DIRECTION('',(0.0,0.0,-1.0));
#3226=SURFACE_STYLE_FILL_AREA(#4436);
#3227=ORIENTED_EDGE('',*,*,#4426,.T.);
#3228=ORIENTED_EDGE('',*,*,#4437,.T.);
#3229=ORIENTED_EDGE('',*,*,#4438,.T.);
#3230=ORIENTED_EDGE('',*,*,#4439,.T.);
#3231=ORIENTED_EDGE('',*,*,#4434,.T.);
#3232=CARTESIAN_POINT('',(72.75,0.0,0.6));
#3233=DIRECTION('',(0.0,0.0,1.0));
#3234=DIRECTION('',(1.0,0.0,0.0));
#3235=SURFACE_STYLE_FILL_AREA(#4440);
#3236=ORIENTED_EDGE('',*,*,#4441,.T.);
#3237=ORIENTED_EDGE('',*,*,#4438,.F.);
#3238=ORIENTED_EDGE('',*,*,#4442,.F.);
#3239=ORIENTED_EDGE('',*,*,#4431,.F.);
#3240=CARTESIAN_POINT('',(72.75,-2.455,1.0));
#3241=DIRECTION('',(0.0,1.0,0.0));
#3242=DIRECTION('',(0.0,0.0,1.0));
#3243=SURFACE_STYLE_FILL_AREA(#4443);
#3244=ORIENTED_EDGE('',*,*,#4435,.T.);
#3245=ORIENTED_EDGE('',*,*,#4439,.F.);
#3246=ORIENTED_EDGE('',*,*,#4441,.F.);
#3247=ORIENTED_EDGE('',*,*,#4430,.F.);
#3248=CARTESIAN_POINT('',(71.24,0.0,1.0));
#3249=DIRECTION('',(1.0,0.0,0.0));
#3250=DIRECTION('',(0.0,0.0,-1.0));
#3251=SURFACE_STYLE_FILL_AREA(#4444);
#3252=ORIENTED_EDGE('',*,*,#4425,.T.);
#3253=ORIENTED_EDGE('',*,*,#4432,.F.);
#3254=ORIENTED_EDGE('',*,*,#4442,.T.);
#3255=ORIENTED_EDGE('',*,*,#4437,.F.);
#3256=CARTESIAN_POINT('',(74.26,0.0,1.0));
#3257=DIRECTION('',(-1.0,0.0,0.0));
#3258=DIRECTION('',(0.0,0.0,1.0));
#3259=SURFACE_STYLE_FILL_AREA(#4445);
#3260=ORIENTED_EDGE('',*,*,#4446,.F.);
#3261=ORIENTED_EDGE('',*,*,#4447,.F.);
#3262=ORIENTED_EDGE('',*,*,#4448,.F.);
#3263=ORIENTED_EDGE('',*,*,#4449,.F.);
#3264=CARTESIAN_POINT('',(57.5535533905933,2.10144660940673,1.0));
#3265=DIRECTION('',(0.707106781186546,0.707106781186549,0.0));
#3266=DIRECTION('',(0.0,0.0,-1.0));
#3267=SURFACE_STYLE_FILL_AREA(#4450);
#3268=ORIENTED_EDGE('',*,*,#4446,.T.);
#3269=ORIENTED_EDGE('',*,*,#4451,.T.);
#3270=ORIENTED_EDGE('',*,*,#4452,.T.);
#3271=ORIENTED_EDGE('',*,*,#4453,.T.);
#3272=ORIENTED_EDGE('',*,*,#4454,.T.);
#3273=CARTESIAN_POINT('',(56.15,0.0,1.4));
#3274=DIRECTION('',(0.0,0.0,1.0));
#3275=DIRECTION('',(1.0,0.0,0.0));
#3276=SURFACE_STYLE_FILL_AREA(#4455);
#3277=ORIENTED_EDGE('',*,*,#4449,.T.);
#3278=ORIENTED_EDGE('',*,*,#4456,.F.);
#3279=ORIENTED_EDGE('',*,*,#4457,.F.);
#3280=ORIENTED_EDGE('',*,*,#4451,.F.);
#3281=CARTESIAN_POINT('',(56.15,2.455,1.0));
#3282=DIRECTION('',(0.0,-1.0,0.0));
#3283=DIRECTION('',(0.0,0.0,-1.0));
#3284=SURFACE_STYLE_FILL_AREA(#4458);
#3285=ORIENTED_EDGE('',*,*,#4448,.T.);
#3286=ORIENTED_EDGE('',*,*,#4459,.T.);
#3287=ORIENTED_EDGE('',*,*,#4460,.T.);
#3288=ORIENTED_EDGE('',*,*,#4461,.T.);
#3289=ORIENTED_EDGE('',*,*,#4456,.T.);
#3290=CARTESIAN_POINT('',(56.15,0.0,0.6));
#3291=DIRECTION('',(0.0,0.0,1.0));
#3292=DIRECTION('',(1.0,0.0,0.0));
#3293=SURFACE_STYLE_FILL_AREA(#4462);
#3294=ORIENTED_EDGE('',*,*,#4463,.T.);
#3295=ORIENTED_EDGE('',*,*,#4460,.F.);
#3296=ORIENTED_EDGE('',*,*,#4464,.F.);
#3297=ORIENTED_EDGE('',*,*,#4453,.F.);
#3298=CARTESIAN_POINT('',(56.15,-2.455,1.0));
#3299=DIRECTION('',(0.0,1.0,0.0));
#3300=DIRECTION('',(0.0,0.0,1.0));
#3301=SURFACE_STYLE_FILL_AREA(#4465);
#3302=ORIENTED_EDGE('',*,*,#4457,.T.);
#3303=ORIENTED_EDGE('',*,*,#4461,.F.);
#3304=ORIENTED_EDGE('',*,*,#4463,.F.);
#3305=ORIENTED_EDGE('',*,*,#4452,.F.);
#3306=CARTESIAN_POINT('',(54.64,0.0,1.0));
#3307=DIRECTION('',(1.0,0.0,0.0));
#3308=DIRECTION('',(0.0,0.0,-1.0));
#3309=SURFACE_STYLE_FILL_AREA(#4466);
#3310=ORIENTED_EDGE('',*,*,#4447,.T.);
#3311=ORIENTED_EDGE('',*,*,#4454,.F.);
#3312=ORIENTED_EDGE('',*,*,#4464,.T.);
#3313=ORIENTED_EDGE('',*,*,#4459,.F.);
#3314=CARTESIAN_POINT('',(57.66,0.0,1.0));
#3315=DIRECTION('',(-1.0,0.0,0.0));
#3316=DIRECTION('',(0.0,0.0,1.0));
#3317=SURFACE_STYLE_FILL_AREA(#4467);
#3318=ORIENTED_EDGE('',*,*,#4468,.F.);
#3319=ORIENTED_EDGE('',*,*,#4469,.F.);
#3320=ORIENTED_EDGE('',*,*,#4470,.F.);
#3321=ORIENTED_EDGE('',*,*,#4471,.F.);
#3322=CARTESIAN_POINT('',(65.8535533905933,2.10144660940673,1.0));
#3323=DIRECTION('',(0.707106781186546,0.707106781186549,0.0));
#3324=DIRECTION('',(0.0,0.0,-1.0));
#3325=SURFACE_STYLE_FILL_AREA(#4472);
#3326=ORIENTED_EDGE('',*,*,#4468,.T.);
#3327=ORIENTED_EDGE('',*,*,#4473,.T.);
#3328=ORIENTED_EDGE('',*,*,#4474,.T.);
#3329=ORIENTED_EDGE('',*,*,#4475,.T.);
#3330=ORIENTED_EDGE('',*,*,#4476,.T.);
#3331=CARTESIAN_POINT('',(64.45,0.0,1.4));
#3332=DIRECTION('',(0.0,0.0,1.0));
#3333=DIRECTION('',(1.0,0.0,0.0));
#3334=SURFACE_STYLE_FILL_AREA(#4477);
#3335=ORIENTED_EDGE('',*,*,#4471,.T.);
#3336=ORIENTED_EDGE('',*,*,#4478,.F.);
#3337=ORIENTED_EDGE('',*,*,#4479,.F.);
#3338=ORIENTED_EDGE('',*,*,#4473,.F.);
#3339=CARTESIAN_POINT('',(64.45,2.455,1.0));
#3340=DIRECTION('',(0.0,-1.0,0.0));
#3341=DIRECTION('',(0.0,0.0,-1.0));
#3342=SURFACE_STYLE_FILL_AREA(#4480);
#3343=ORIENTED_EDGE('',*,*,#4470,.T.);
#3344=ORIENTED_EDGE('',*,*,#4481,.T.);
#3345=ORIENTED_EDGE('',*,*,#4482,.T.);
#3346=ORIENTED_EDGE('',*,*,#4483,.T.);
#3347=ORIENTED_EDGE('',*,*,#4478,.T.);
#3348=CARTESIAN_POINT('',(64.45,0.0,0.6));
#3349=DIRECTION('',(0.0,0.0,1.0));
#3350=DIRECTION('',(1.0,0.0,0.0));
#3351=SURFACE_STYLE_FILL_AREA(#4484);
#3352=ORIENTED_EDGE('',*,*,#4485,.T.);
#3353=ORIENTED_EDGE('',*,*,#4482,.F.);
#3354=ORIENTED_EDGE('',*,*,#4486,.F.);
#3355=ORIENTED_EDGE('',*,*,#4475,.F.);
#3356=CARTESIAN_POINT('',(64.45,-2.455,1.0));
#3357=DIRECTION('',(0.0,1.0,0.0));
#3358=DIRECTION('',(0.0,0.0,1.0));
#3359=SURFACE_STYLE_FILL_AREA(#4487);
#3360=ORIENTED_EDGE('',*,*,#4479,.T.);
#3361=ORIENTED_EDGE('',*,*,#4483,.F.);
#3362=ORIENTED_EDGE('',*,*,#4485,.F.);
#3363=ORIENTED_EDGE('',*,*,#4474,.F.);
#3364=CARTESIAN_POINT('',(62.94,0.0,1.0));
#3365=DIRECTION('',(1.0,0.0,0.0));
#3366=DIRECTION('',(0.0,0.0,-1.0));
#3367=SURFACE_STYLE_FILL_AREA(#4488);
#3368=ORIENTED_EDGE('',*,*,#4469,.T.);
#3369=ORIENTED_EDGE('',*,*,#4476,.F.);
#3370=ORIENTED_EDGE('',*,*,#4486,.T.);
#3371=ORIENTED_EDGE('',*,*,#4481,.F.);
#3372=CARTESIAN_POINT('',(65.96,0.0,1.0));
#3373=DIRECTION('',(-1.0,0.0,0.0));
#3374=DIRECTION('',(0.0,0.0,1.0));
#3375=SURFACE_STYLE_FILL_AREA(#4489);
#3376=ORIENTED_EDGE('',*,*,#4490,.F.);
#3377=ORIENTED_EDGE('',*,*,#4491,.F.);
#3378=ORIENTED_EDGE('',*,*,#4492,.F.);
#3379=ORIENTED_EDGE('',*,*,#4493,.F.);
#3380=CARTESIAN_POINT('',(82.4535533905933,2.10144660940673,1.0));
#3381=DIRECTION('',(0.707106781186546,0.707106781186549,0.0));
#3382=DIRECTION('',(0.0,0.0,-1.0));
#3383=SURFACE_STYLE_FILL_AREA(#4494);
#3384=ORIENTED_EDGE('',*,*,#4490,.T.);
#3385=ORIENTED_EDGE('',*,*,#4495,.T.);
#3386=ORIENTED_EDGE('',*,*,#4496,.T.);
#3387=ORIENTED_EDGE('',*,*,#4497,.T.);
#3388=ORIENTED_EDGE('',*,*,#4498,.T.);
#3389=CARTESIAN_POINT('',(81.05,0.0,1.4));
#3390=DIRECTION('',(0.0,0.0,1.0));
#3391=DIRECTION('',(1.0,0.0,0.0));
#3392=SURFACE_STYLE_FILL_AREA(#4499);
#3393=ORIENTED_EDGE('',*,*,#4493,.T.);
#3394=ORIENTED_EDGE('',*,*,#4500,.F.);
#3395=ORIENTED_EDGE('',*,*,#4501,.F.);
#3396=ORIENTED_EDGE('',*,*,#4495,.F.);
#3397=CARTESIAN_POINT('',(81.05,2.455,1.0));
#3398=DIRECTION('',(0.0,-1.0,0.0));
#3399=DIRECTION('',(0.0,0.0,-1.0));
#3400=SURFACE_STYLE_FILL_AREA(#4502);
#3401=ORIENTED_EDGE('',*,*,#4492,.T.);
#3402=ORIENTED_EDGE('',*,*,#4503,.T.);
#3403=ORIENTED_EDGE('',*,*,#4504,.T.);
#3404=ORIENTED_EDGE('',*,*,#4505,.T.);
#3405=ORIENTED_EDGE('',*,*,#4500,.T.);
#3406=CARTESIAN_POINT('',(81.05,0.0,0.6));
#3407=DIRECTION('',(0.0,0.0,1.0));
#3408=DIRECTION('',(1.0,0.0,0.0));
#3409=SURFACE_STYLE_FILL_AREA(#4506);
#3410=ORIENTED_EDGE('',*,*,#4507,.T.);
#3411=ORIENTED_EDGE('',*,*,#4504,.F.);
#3412=ORIENTED_EDGE('',*,*,#4508,.F.);
#3413=ORIENTED_EDGE('',*,*,#4497,.F.);
#3414=CARTESIAN_POINT('',(81.05,-2.455,1.0));
#3415=DIRECTION('',(0.0,1.0,0.0));
#3416=DIRECTION('',(0.0,0.0,1.0));
#3417=SURFACE_STYLE_FILL_AREA(#4509);
#3418=ORIENTED_EDGE('',*,*,#4501,.T.);
#3419=ORIENTED_EDGE('',*,*,#4505,.F.);
#3420=ORIENTED_EDGE('',*,*,#4507,.F.);
#3421=ORIENTED_EDGE('',*,*,#4496,.F.);
#3422=CARTESIAN_POINT('',(79.54,0.0,1.0));
#3423=DIRECTION('',(1.0,0.0,0.0));
#3424=DIRECTION('',(0.0,0.0,-1.0));
#3425=SURFACE_STYLE_FILL_AREA(#4510);
#3426=ORIENTED_EDGE('',*,*,#4491,.T.);
#3427=ORIENTED_EDGE('',*,*,#4498,.F.);
#3428=ORIENTED_EDGE('',*,*,#4508,.T.);
#3429=ORIENTED_EDGE('',*,*,#4503,.F.);
#3430=CARTESIAN_POINT('',(82.56,0.0,1.0));
#3431=DIRECTION('',(-1.0,0.0,0.0));
#3432=DIRECTION('',(0.0,0.0,1.0));
#3433=SURFACE_STYLE_FILL_AREA(#4511);
#3434=ORIENTED_EDGE('',*,*,#4512,.F.);
#3435=ORIENTED_EDGE('',*,*,#4513,.F.);
#3436=ORIENTED_EDGE('',*,*,#4514,.F.);
#3437=ORIENTED_EDGE('',*,*,#4515,.F.);
#3438=CARTESIAN_POINT('',(99.0535533905933,2.10144660940673,1.0));
#3439=DIRECTION('',(0.707106781186546,0.707106781186549,0.0));
#3440=DIRECTION('',(0.0,0.0,-1.0));
#3441=SURFACE_STYLE_FILL_AREA(#4516);
#3442=ORIENTED_EDGE('',*,*,#4512,.T.);
#3443=ORIENTED_EDGE('',*,*,#4517,.T.);
#3444=ORIENTED_EDGE('',*,*,#4518,.T.);
#3445=ORIENTED_EDGE('',*,*,#4519,.T.);
#3446=ORIENTED_EDGE('',*,*,#4520,.T.);
#3447=CARTESIAN_POINT('',(97.65,0.0,1.4));
#3448=DIRECTION('',(0.0,0.0,1.0));
#3449=DIRECTION('',(1.0,0.0,0.0));
#3450=SURFACE_STYLE_FILL_AREA(#4521);
#3451=ORIENTED_EDGE('',*,*,#4515,.T.);
#3452=ORIENTED_EDGE('',*,*,#4522,.F.);
#3453=ORIENTED_EDGE('',*,*,#4523,.F.);
#3454=ORIENTED_EDGE('',*,*,#4517,.F.);
#3455=CARTESIAN_POINT('',(97.65,2.455,1.0));
#3456=DIRECTION('',(0.0,-1.0,0.0));
#3457=DIRECTION('',(0.0,0.0,-1.0));
#3458=SURFACE_STYLE_FILL_AREA(#4524);
#3459=ORIENTED_EDGE('',*,*,#4514,.T.);
#3460=ORIENTED_EDGE('',*,*,#4525,.T.);
#3461=ORIENTED_EDGE('',*,*,#4526,.T.);
#3462=ORIENTED_EDGE('',*,*,#4527,.T.);
#3463=ORIENTED_EDGE('',*,*,#4522,.T.);
#3464=CARTESIAN_POINT('',(97.65,0.0,0.6));
#3465=DIRECTION('',(0.0,0.0,1.0));
#3466=DIRECTION('',(1.0,0.0,0.0));
#3467=SURFACE_STYLE_FILL_AREA(#4528);
#3468=ORIENTED_EDGE('',*,*,#4529,.T.);
#3469=ORIENTED_EDGE('',*,*,#4526,.F.);
#3470=ORIENTED_EDGE('',*,*,#4530,.F.);
#3471=ORIENTED_EDGE('',*,*,#4519,.F.);
#3472=CARTESIAN_POINT('',(97.65,-2.455,1.0));
#3473=DIRECTION('',(0.0,1.0,0.0));
#3474=DIRECTION('',(0.0,0.0,1.0));
#3475=SURFACE_STYLE_FILL_AREA(#4531);
#3476=ORIENTED_EDGE('',*,*,#4523,.T.);
#3477=ORIENTED_EDGE('',*,*,#4527,.F.);
#3478=ORIENTED_EDGE('',*,*,#4529,.F.);
#3479=ORIENTED_EDGE('',*,*,#4518,.F.);
#3480=CARTESIAN_POINT('',(96.14,0.0,1.0));
#3481=DIRECTION('',(1.0,0.0,0.0));
#3482=DIRECTION('',(0.0,0.0,-1.0));
#3483=SURFACE_STYLE_FILL_AREA(#4532);
#3484=ORIENTED_EDGE('',*,*,#4513,.T.);
#3485=ORIENTED_EDGE('',*,*,#4520,.F.);
#3486=ORIENTED_EDGE('',*,*,#4530,.T.);
#3487=ORIENTED_EDGE('',*,*,#4525,.F.);
#3488=CARTESIAN_POINT('',(99.16,0.0,1.0));
#3489=DIRECTION('',(-1.0,0.0,0.0));
#3490=DIRECTION('',(0.0,0.0,1.0));
#3491=SURFACE_STYLE_FILL_AREA(#4533);
#3492=SURFACE_STYLE_FILL_AREA(#4534);
#3493=SURFACE_STYLE_FILL_AREA(#4535);
#3494=SURFACE_STYLE_FILL_AREA(#4536);
#3495=SURFACE_STYLE_FILL_AREA(#4537);
#3496=SURFACE_STYLE_FILL_AREA(#4538);
#3497=SURFACE_STYLE_FILL_AREA(#4539);
#3498=ORIENTED_EDGE('',*,*,#4540,.F.);
#3499=ORIENTED_EDGE('',*,*,#4541,.F.);
#3500=ORIENTED_EDGE('',*,*,#4542,.F.);
#3501=ORIENTED_EDGE('',*,*,#4543,.F.);
#3502=CARTESIAN_POINT('',(40.7535533905933,2.10144660940673,1.0));
#3503=DIRECTION('',(0.707106781186546,0.707106781186549,0.0));
#3504=DIRECTION('',(0.0,0.0,-1.0));
#3505=SURFACE_STYLE_FILL_AREA(#4544);
#3506=ORIENTED_EDGE('',*,*,#4540,.T.);
#3507=ORIENTED_EDGE('',*,*,#4545,.T.);
#3508=ORIENTED_EDGE('',*,*,#4546,.T.);
#3509=ORIENTED_EDGE('',*,*,#4547,.T.);
#3510=ORIENTED_EDGE('',*,*,#4548,.T.);
#3511=CARTESIAN_POINT('',(39.35,0.0,1.4));
#3512=DIRECTION('',(0.0,0.0,1.0));
#3513=DIRECTION('',(1.0,0.0,0.0));
#3514=SURFACE_STYLE_FILL_AREA(#4549);
#3515=ORIENTED_EDGE('',*,*,#4543,.T.);
#3516=ORIENTED_EDGE('',*,*,#4550,.F.);
#3517=ORIENTED_EDGE('',*,*,#4551,.F.);
#3518=ORIENTED_EDGE('',*,*,#4545,.F.);
#3519=CARTESIAN_POINT('',(39.35,2.455,1.0));
#3520=DIRECTION('',(0.0,-1.0,0.0));
#3521=DIRECTION('',(0.0,0.0,-1.0));
#3522=SURFACE_STYLE_FILL_AREA(#4552);
#3523=ORIENTED_EDGE('',*,*,#4542,.T.);
#3524=ORIENTED_EDGE('',*,*,#4553,.T.);
#3525=ORIENTED_EDGE('',*,*,#4554,.T.);
#3526=ORIENTED_EDGE('',*,*,#4555,.T.);
#3527=ORIENTED_EDGE('',*,*,#4550,.T.);
#3528=CARTESIAN_POINT('',(39.35,0.0,0.6));
#3529=DIRECTION('',(0.0,0.0,1.0));
#3530=DIRECTION('',(1.0,0.0,0.0));
#3531=SURFACE_STYLE_FILL_AREA(#4556);
#3532=ORIENTED_EDGE('',*,*,#4557,.T.);
#3533=ORIENTED_EDGE('',*,*,#4554,.F.);
#3534=ORIENTED_EDGE('',*,*,#4558,.F.);
#3535=ORIENTED_EDGE('',*,*,#4547,.F.);
#3536=CARTESIAN_POINT('',(39.35,-2.455,1.0));
#3537=DIRECTION('',(0.0,1.0,0.0));
#3538=DIRECTION('',(0.0,0.0,1.0));
#3539=SURFACE_STYLE_FILL_AREA(#4559);
#3540=ORIENTED_EDGE('',*,*,#4551,.T.);
#3541=ORIENTED_EDGE('',*,*,#4555,.F.);
#3542=ORIENTED_EDGE('',*,*,#4557,.F.);
#3543=ORIENTED_EDGE('',*,*,#4546,.F.);
#3544=CARTESIAN_POINT('',(37.84,0.0,1.0));
#3545=DIRECTION('',(1.0,0.0,0.0));
#3546=DIRECTION('',(0.0,0.0,-1.0));
#3547=SURFACE_STYLE_FILL_AREA(#4560);
#3548=ORIENTED_EDGE('',*,*,#4541,.T.);
#3549=ORIENTED_EDGE('',*,*,#4548,.F.);
#3550=ORIENTED_EDGE('',*,*,#4558,.T.);
#3551=ORIENTED_EDGE('',*,*,#4553,.F.);
#3552=CARTESIAN_POINT('',(40.86,0.0,1.0));
#3553=DIRECTION('',(-1.0,0.0,0.0));
#3554=DIRECTION('',(0.0,0.0,1.0));
#3555=SURFACE_STYLE_FILL_AREA(#4561);
#3556=ORIENTED_EDGE('',*,*,#4562,.F.);
#3557=ORIENTED_EDGE('',*,*,#4563,.F.);
#3558=ORIENTED_EDGE('',*,*,#4564,.F.);
#3559=ORIENTED_EDGE('',*,*,#4565,.F.);
#3560=CARTESIAN_POINT('',(24.1535533905933,2.10144660940673,1.0));
#3561=DIRECTION('',(0.707106781186548,0.707106781186548,0.0));
#3562=DIRECTION('',(0.0,0.0,-1.0));
#3563=SURFACE_STYLE_FILL_AREA(#4566);
#3564=ORIENTED_EDGE('',*,*,#4562,.T.);
#3565=ORIENTED_EDGE('',*,*,#4567,.T.);
#3566=ORIENTED_EDGE('',*,*,#4568,.T.);
#3567=ORIENTED_EDGE('',*,*,#4569,.T.);
#3568=ORIENTED_EDGE('',*,*,#4570,.T.);
#3569=CARTESIAN_POINT('',(22.75,0.0,1.4));
#3570=DIRECTION('',(0.0,0.0,1.0));
#3571=DIRECTION('',(1.0,0.0,0.0));
#3572=SURFACE_STYLE_FILL_AREA(#4571);
#3573=ORIENTED_EDGE('',*,*,#4565,.T.);
#3574=ORIENTED_EDGE('',*,*,#4572,.F.);
#3575=ORIENTED_EDGE('',*,*,#4573,.F.);
#3576=ORIENTED_EDGE('',*,*,#4567,.F.);
#3577=CARTESIAN_POINT('',(22.75,2.455,1.0));
#3578=DIRECTION('',(0.0,-1.0,0.0));
#3579=DIRECTION('',(0.0,0.0,-1.0));
#3580=SURFACE_STYLE_FILL_AREA(#4574);
#3581=ORIENTED_EDGE('',*,*,#4564,.T.);
#3582=ORIENTED_EDGE('',*,*,#4575,.T.);
#3583=ORIENTED_EDGE('',*,*,#4576,.T.);
#3584=ORIENTED_EDGE('',*,*,#4577,.T.);
#3585=ORIENTED_EDGE('',*,*,#4572,.T.);
#3586=CARTESIAN_POINT('',(22.75,0.0,0.6));
#3587=DIRECTION('',(0.0,0.0,1.0));
#3588=DIRECTION('',(1.0,0.0,0.0));
#3589=SURFACE_STYLE_FILL_AREA(#4578);
#3590=ORIENTED_EDGE('',*,*,#4579,.T.);
#3591=ORIENTED_EDGE('',*,*,#4576,.F.);
#3592=ORIENTED_EDGE('',*,*,#4580,.F.);
#3593=ORIENTED_EDGE('',*,*,#4569,.F.);
#3594=CARTESIAN_POINT('',(22.75,-2.455,1.0));
#3595=DIRECTION('',(0.0,1.0,0.0));
#3596=DIRECTION('',(0.0,0.0,1.0));
#3597=SURFACE_STYLE_FILL_AREA(#4581);
#3598=ORIENTED_EDGE('',*,*,#4573,.T.);
#3599=ORIENTED_EDGE('',*,*,#4577,.F.);
#3600=ORIENTED_EDGE('',*,*,#4579,.F.);
#3601=ORIENTED_EDGE('',*,*,#4568,.F.);
#3602=CARTESIAN_POINT('',(21.24,0.0,1.0));
#3603=DIRECTION('',(1.0,0.0,0.0));
#3604=DIRECTION('',(0.0,0.0,-1.0));
#3605=SURFACE_STYLE_FILL_AREA(#4582);
#3606=ORIENTED_EDGE('',*,*,#4563,.T.);
#3607=ORIENTED_EDGE('',*,*,#4570,.F.);
#3608=ORIENTED_EDGE('',*,*,#4580,.T.);
#3609=ORIENTED_EDGE('',*,*,#4575,.F.);
#3610=CARTESIAN_POINT('',(24.26,0.0,1.0));
#3611=DIRECTION('',(-1.0,0.0,0.0));
#3612=DIRECTION('',(0.0,0.0,1.0));
#3613=SURFACE_STYLE_FILL_AREA(#4583);
#3614=ORIENTED_EDGE('',*,*,#4584,.F.);
#3615=ORIENTED_EDGE('',*,*,#4585,.F.);
#3616=ORIENTED_EDGE('',*,*,#4586,.F.);
#3617=ORIENTED_EDGE('',*,*,#4587,.F.);
#3618=CARTESIAN_POINT('',(7.55355339059327,2.10144660940673,1.0));
#3619=DIRECTION('',(0.707106781186548,0.707106781186548,0.0));
#3620=DIRECTION('',(0.0,0.0,-1.0));
#3621=SURFACE_STYLE_FILL_AREA(#4588);
#3622=ORIENTED_EDGE('',*,*,#4584,.T.);
#3623=ORIENTED_EDGE('',*,*,#4589,.T.);
#3624=ORIENTED_EDGE('',*,*,#4590,.T.);
#3625=ORIENTED_EDGE('',*,*,#4591,.T.);
#3626=ORIENTED_EDGE('',*,*,#4592,.T.);
#3627=CARTESIAN_POINT('',(6.15,0.0,1.4));
#3628=DIRECTION('',(0.0,0.0,1.0));
#3629=DIRECTION('',(1.0,0.0,0.0));
#3630=SURFACE_STYLE_FILL_AREA(#4593);
#3631=ORIENTED_EDGE('',*,*,#4587,.T.);
#3632=ORIENTED_EDGE('',*,*,#4594,.F.);
#3633=ORIENTED_EDGE('',*,*,#4595,.F.);
#3634=ORIENTED_EDGE('',*,*,#4589,.F.);
#3635=CARTESIAN_POINT('',(6.15,2.455,1.0));
#3636=DIRECTION('',(0.0,-1.0,0.0));
#3637=DIRECTION('',(0.0,0.0,-1.0));
#3638=SURFACE_STYLE_FILL_AREA(#4596);
#3639=ORIENTED_EDGE('',*,*,#4586,.T.);
#3640=ORIENTED_EDGE('',*,*,#4597,.T.);
#3641=ORIENTED_EDGE('',*,*,#4598,.T.);
#3642=ORIENTED_EDGE('',*,*,#4599,.T.);
#3643=ORIENTED_EDGE('',*,*,#4594,.T.);
#3644=CARTESIAN_POINT('',(6.15,0.0,0.6));
#3645=DIRECTION('',(0.0,0.0,1.0));
#3646=DIRECTION('',(1.0,0.0,0.0));
#3647=SURFACE_STYLE_FILL_AREA(#4600);
#3648=ORIENTED_EDGE('',*,*,#4601,.T.);
#3649=ORIENTED_EDGE('',*,*,#4598,.F.);
#3650=ORIENTED_EDGE('',*,*,#4602,.F.);
#3651=ORIENTED_EDGE('',*,*,#4591,.F.);
#3652=CARTESIAN_POINT('',(6.15,-2.455,1.0));
#3653=DIRECTION('',(0.0,1.0,0.0));
#3654=DIRECTION('',(0.0,0.0,1.0));
#3655=SURFACE_STYLE_FILL_AREA(#4603);
#3656=ORIENTED_EDGE('',*,*,#4595,.T.);
#3657=ORIENTED_EDGE('',*,*,#4599,.F.);
#3658=ORIENTED_EDGE('',*,*,#4601,.F.);
#3659=ORIENTED_EDGE('',*,*,#4590,.F.);
#3660=CARTESIAN_POINT('',(4.64,0.0,1.0));
#3661=DIRECTION('',(1.0,0.0,0.0));
#3662=DIRECTION('',(0.0,0.0,-1.0));
#3663=SURFACE_STYLE_FILL_AREA(#4604);
#3664=ORIENTED_EDGE('',*,*,#4585,.T.);
#3665=ORIENTED_EDGE('',*,*,#4592,.F.);
#3666=ORIENTED_EDGE('',*,*,#4602,.T.);
#3667=ORIENTED_EDGE('',*,*,#4597,.F.);
#3668=CARTESIAN_POINT('',(7.66,0.0,1.0));
#3669=DIRECTION('',(-1.0,0.0,0.0));
#3670=DIRECTION('',(0.0,0.0,1.0));
#3671=SURFACE_STYLE_FILL_AREA(#4605);
#3672=ORIENTED_EDGE('',*,*,#4606,.F.);
#3673=ORIENTED_EDGE('',*,*,#4607,.F.);
#3674=ORIENTED_EDGE('',*,*,#4608,.F.);
#3675=ORIENTED_EDGE('',*,*,#4609,.F.);
#3676=CARTESIAN_POINT('',(15.8535533905933,2.10144660940673,1.0));
#3677=DIRECTION('',(0.707106781186548,0.707106781186548,0.0));
#3678=DIRECTION('',(0.0,0.0,-1.0));
#3679=SURFACE_STYLE_FILL_AREA(#4610);
#3680=ORIENTED_EDGE('',*,*,#4606,.T.);
#3681=ORIENTED_EDGE('',*,*,#4611,.T.);
#3682=ORIENTED_EDGE('',*,*,#4612,.T.);
#3683=ORIENTED_EDGE('',*,*,#4613,.T.);
#3684=ORIENTED_EDGE('',*,*,#4614,.T.);
#3685=CARTESIAN_POINT('',(14.45,0.0,1.4));
#3686=DIRECTION('',(0.0,0.0,1.0));
#3687=DIRECTION('',(1.0,0.0,0.0));
#3688=SURFACE_STYLE_FILL_AREA(#4615);
#3689=ORIENTED_EDGE('',*,*,#4609,.T.);
#3690=ORIENTED_EDGE('',*,*,#4616,.F.);
#3691=ORIENTED_EDGE('',*,*,#4617,.F.);
#3692=ORIENTED_EDGE('',*,*,#4611,.F.);
#3693=CARTESIAN_POINT('',(14.45,2.455,1.0));
#3694=DIRECTION('',(0.0,-1.0,0.0));
#3695=DIRECTION('',(0.0,0.0,-1.0));
#3696=SURFACE_STYLE_FILL_AREA(#4618);
#3697=ORIENTED_EDGE('',*,*,#4608,.T.);
#3698=ORIENTED_EDGE('',*,*,#4619,.T.);
#3699=ORIENTED_EDGE('',*,*,#4620,.T.);
#3700=ORIENTED_EDGE('',*,*,#4621,.T.);
#3701=ORIENTED_EDGE('',*,*,#4616,.T.);
#3702=CARTESIAN_POINT('',(14.45,0.0,0.6));
#3703=DIRECTION('',(0.0,0.0,1.0));
#3704=DIRECTION('',(1.0,0.0,0.0));
#3705=SURFACE_STYLE_FILL_AREA(#4622);
#3706=ORIENTED_EDGE('',*,*,#4623,.T.);
#3707=ORIENTED_EDGE('',*,*,#4620,.F.);
#3708=ORIENTED_EDGE('',*,*,#4624,.F.);
#3709=ORIENTED_EDGE('',*,*,#4613,.F.);
#3710=CARTESIAN_POINT('',(14.45,-2.455,1.0));
#3711=DIRECTION('',(0.0,1.0,0.0));
#3712=DIRECTION('',(0.0,0.0,1.0));
#3713=SURFACE_STYLE_FILL_AREA(#4625);
#3714=ORIENTED_EDGE('',*,*,#4617,.T.);
#3715=ORIENTED_EDGE('',*,*,#4621,.F.);
#3716=ORIENTED_EDGE('',*,*,#4623,.F.);
#3717=ORIENTED_EDGE('',*,*,#4612,.F.);
#3718=CARTESIAN_POINT('',(12.94,0.0,1.0));
#3719=DIRECTION('',(1.0,0.0,0.0));
#3720=DIRECTION('',(0.0,0.0,-1.0));
#3721=SURFACE_STYLE_FILL_AREA(#4626);
#3722=ORIENTED_EDGE('',*,*,#4607,.T.);
#3723=ORIENTED_EDGE('',*,*,#4614,.F.);
#3724=ORIENTED_EDGE('',*,*,#4624,.T.);
#3725=ORIENTED_EDGE('',*,*,#4619,.F.);
#3726=CARTESIAN_POINT('',(15.96,0.0,1.0));
#3727=DIRECTION('',(-1.0,0.0,0.0));
#3728=DIRECTION('',(0.0,0.0,1.0));
#3729=SURFACE_STYLE_FILL_AREA(#4627);
#3730=ORIENTED_EDGE('',*,*,#4628,.F.);
#3731=ORIENTED_EDGE('',*,*,#4629,.F.);
#3732=ORIENTED_EDGE('',*,*,#4630,.F.);
#3733=ORIENTED_EDGE('',*,*,#4631,.F.);
#3734=CARTESIAN_POINT('',(32.4535533905933,2.10144660940673,1.0));
#3735=DIRECTION('',(0.707106781186546,0.707106781186549,0.0));
#3736=DIRECTION('',(0.0,0.0,-1.0));
#3737=SURFACE_STYLE_FILL_AREA(#4632);
#3738=ORIENTED_EDGE('',*,*,#4628,.T.);
#3739=ORIENTED_EDGE('',*,*,#4633,.T.);
#3740=ORIENTED_EDGE('',*,*,#4634,.T.);
#3741=ORIENTED_EDGE('',*,*,#4635,.T.);
#3742=ORIENTED_EDGE('',*,*,#4636,.T.);
#3743=CARTESIAN_POINT('',(31.05,0.0,1.4));
#3744=DIRECTION('',(0.0,0.0,1.0));
#3745=DIRECTION('',(1.0,0.0,0.0));
#3746=SURFACE_STYLE_FILL_AREA(#4637);
#3747=ORIENTED_EDGE('',*,*,#4631,.T.);
#3748=ORIENTED_EDGE('',*,*,#4638,.F.);
#3749=ORIENTED_EDGE('',*,*,#4639,.F.);
#3750=ORIENTED_EDGE('',*,*,#4633,.F.);
#3751=CARTESIAN_POINT('',(31.05,2.455,1.0));
#3752=DIRECTION('',(0.0,-1.0,0.0));
#3753=DIRECTION('',(0.0,0.0,-1.0));
#3754=SURFACE_STYLE_FILL_AREA(#4640);
#3755=ORIENTED_EDGE('',*,*,#4630,.T.);
#3756=ORIENTED_EDGE('',*,*,#4641,.T.);
#3757=ORIENTED_EDGE('',*,*,#4642,.T.);
#3758=ORIENTED_EDGE('',*,*,#4643,.T.);
#3759=ORIENTED_EDGE('',*,*,#4638,.T.);
#3760=CARTESIAN_POINT('',(31.05,0.0,0.6));
#3761=DIRECTION('',(0.0,0.0,1.0));
#3762=DIRECTION('',(1.0,0.0,0.0));
#3763=SURFACE_STYLE_FILL_AREA(#4644);
#3764=ORIENTED_EDGE('',*,*,#4645,.T.);
#3765=ORIENTED_EDGE('',*,*,#4642,.F.);
#3766=ORIENTED_EDGE('',*,*,#4646,.F.);
#3767=ORIENTED_EDGE('',*,*,#4635,.F.);
#3768=CARTESIAN_POINT('',(31.05,-2.455,1.0));
#3769=DIRECTION('',(0.0,1.0,0.0));
#3770=DIRECTION('',(0.0,0.0,1.0));
#3771=SURFACE_STYLE_FILL_AREA(#4647);
#3772=ORIENTED_EDGE('',*,*,#4639,.T.);
#3773=ORIENTED_EDGE('',*,*,#4643,.F.);
#3774=ORIENTED_EDGE('',*,*,#4645,.F.);
#3775=ORIENTED_EDGE('',*,*,#4634,.F.);
#3776=CARTESIAN_POINT('',(29.54,0.0,1.0));
#3777=DIRECTION('',(1.0,0.0,0.0));
#3778=DIRECTION('',(0.0,0.0,-1.0));
#3779=SURFACE_STYLE_FILL_AREA(#4648);
#3780=ORIENTED_EDGE('',*,*,#4629,.T.);
#3781=ORIENTED_EDGE('',*,*,#4636,.F.);
#3782=ORIENTED_EDGE('',*,*,#4646,.T.);
#3783=ORIENTED_EDGE('',*,*,#4641,.F.);
#3784=CARTESIAN_POINT('',(32.56,0.0,1.0));
#3785=DIRECTION('',(-1.0,0.0,0.0));
#3786=DIRECTION('',(0.0,0.0,1.0));
#3787=SURFACE_STYLE_FILL_AREA(#4649);
#3788=ORIENTED_EDGE('',*,*,#4650,.F.);
#3789=ORIENTED_EDGE('',*,*,#4651,.F.);
#3790=ORIENTED_EDGE('',*,*,#4652,.F.);
#3791=ORIENTED_EDGE('',*,*,#4653,.F.);
#3792=CARTESIAN_POINT('',(49.0535533905933,2.10144660940673,1.0));
#3793=DIRECTION('',(0.707106781186546,0.707106781186549,0.0));
#3794=DIRECTION('',(0.0,0.0,-1.0));
#3795=SURFACE_STYLE_FILL_AREA(#4654);
#3796=ORIENTED_EDGE('',*,*,#4650,.T.);
#3797=ORIENTED_EDGE('',*,*,#4655,.T.);
#3798=ORIENTED_EDGE('',*,*,#4656,.T.);
#3799=ORIENTED_EDGE('',*,*,#4657,.T.);
#3800=ORIENTED_EDGE('',*,*,#4658,.T.);
#3801=CARTESIAN_POINT('',(47.65,0.0,1.4));
#3802=DIRECTION('',(0.0,0.0,1.0));
#3803=DIRECTION('',(1.0,0.0,0.0));
#3804=SURFACE_STYLE_FILL_AREA(#4659);
#3805=ORIENTED_EDGE('',*,*,#4653,.T.);
#3806=ORIENTED_EDGE('',*,*,#4660,.F.);
#3807=ORIENTED_EDGE('',*,*,#4661,.F.);
#3808=ORIENTED_EDGE('',*,*,#4655,.F.);
#3809=CARTESIAN_POINT('',(47.65,2.455,1.0));
#3810=DIRECTION('',(0.0,-1.0,0.0));
#3811=DIRECTION('',(0.0,0.0,-1.0));
#3812=SURFACE_STYLE_FILL_AREA(#4662);
#3813=ORIENTED_EDGE('',*,*,#4652,.T.);
#3814=ORIENTED_EDGE('',*,*,#4663,.T.);
#3815=ORIENTED_EDGE('',*,*,#4664,.T.);
#3816=ORIENTED_EDGE('',*,*,#4665,.T.);
#3817=ORIENTED_EDGE('',*,*,#4660,.T.);
#3818=CARTESIAN_POINT('',(47.65,0.0,0.6));
#3819=DIRECTION('',(0.0,0.0,1.0));
#3820=DIRECTION('',(1.0,0.0,0.0));
#3821=SURFACE_STYLE_FILL_AREA(#4666);
#3822=ORIENTED_EDGE('',*,*,#4667,.T.);
#3823=ORIENTED_EDGE('',*,*,#4664,.F.);
#3824=ORIENTED_EDGE('',*,*,#4668,.F.);
#3825=ORIENTED_EDGE('',*,*,#4657,.F.);
#3826=CARTESIAN_POINT('',(47.65,-2.455,1.0));
#3827=DIRECTION('',(0.0,1.0,0.0));
#3828=DIRECTION('',(0.0,0.0,1.0));
#3829=SURFACE_STYLE_FILL_AREA(#4669);
#3830=ORIENTED_EDGE('',*,*,#4661,.T.);
#3831=ORIENTED_EDGE('',*,*,#4665,.F.);
#3832=ORIENTED_EDGE('',*,*,#4667,.F.);
#3833=ORIENTED_EDGE('',*,*,#4656,.F.);
#3834=CARTESIAN_POINT('',(46.14,0.0,1.0));
#3835=DIRECTION('',(1.0,0.0,0.0));
#3836=DIRECTION('',(0.0,0.0,-1.0));
#3837=SURFACE_STYLE_FILL_AREA(#4670);
#3838=ORIENTED_EDGE('',*,*,#4651,.T.);
#3839=ORIENTED_EDGE('',*,*,#4658,.F.);
#3840=ORIENTED_EDGE('',*,*,#4668,.T.);
#3841=ORIENTED_EDGE('',*,*,#4663,.F.);
#3842=CARTESIAN_POINT('',(49.16,0.0,1.0));
#3843=DIRECTION('',(-1.0,0.0,0.0));
#3844=DIRECTION('',(0.0,0.0,1.0));
#3845=SURFACE_STYLE_FILL_AREA(#4671);
#3846=SURFACE_STYLE_FILL_AREA(#4672);
#3847=SURFACE_STYLE_FILL_AREA(#4673);
#3848=SURFACE_STYLE_FILL_AREA(#4674);
#3849=SURFACE_STYLE_FILL_AREA(#4675);
#3850=SURFACE_STYLE_FILL_AREA(#4676);
#3851=SURFACE_STYLE_FILL_AREA(#4677);
#3852=ORIENTED_EDGE('',*,*,#4678,.T.);
#3853=ORIENTED_EDGE('',*,*,#4679,.T.);
#3854=ORIENTED_EDGE('',*,*,#4680,.T.);
#3855=ORIENTED_EDGE('',*,*,#4681,.T.);
#3856=CARTESIAN_POINT('',(68.565,0.0,1.2));
#3857=DIRECTION('',(0.0,0.0,1.0));
#3858=DIRECTION('',(1.0,0.0,0.0));
#3859=SURFACE_STYLE_FILL_AREA(#4682);
#3860=ORIENTED_EDGE('',*,*,#4683,.T.);
#3861=ORIENTED_EDGE('',*,*,#4684,.T.);
#3862=ORIENTED_EDGE('',*,*,#4685,.T.);
#3863=ORIENTED_EDGE('',*,*,#4686,.T.);
#3864=CARTESIAN_POINT('',(68.565,0.0,0.6));
#3865=DIRECTION('',(0.0,0.0,1.0));
#3866=DIRECTION('',(1.0,0.0,0.0));
#3867=SURFACE_STYLE_FILL_AREA(#4687);
#3868=ORIENTED_EDGE('',*,*,#4688,.T.);
#3869=ORIENTED_EDGE('',*,*,#4684,.F.);
#3870=ORIENTED_EDGE('',*,*,#4689,.F.);
#3871=ORIENTED_EDGE('',*,*,#4681,.F.);
#3872=CARTESIAN_POINT('',(68.565,-2.415,0.9));
#3873=DIRECTION('',(0.0,1.0,0.0));
#3874=DIRECTION('',(0.0,0.0,1.0));
#3875=SURFACE_STYLE_FILL_AREA(#4690);
#3876=ORIENTED_EDGE('',*,*,#4691,.T.);
#3877=ORIENTED_EDGE('',*,*,#4685,.F.);
#3878=ORIENTED_EDGE('',*,*,#4688,.F.);
#3879=ORIENTED_EDGE('',*,*,#4680,.F.);
#3880=CARTESIAN_POINT('',(67.42,0.0,0.9));
#3881=DIRECTION('',(1.0,0.0,0.0));
#3882=DIRECTION('',(0.0,0.0,-1.0));
#3883=SURFACE_STYLE_FILL_AREA(#4692);
#3884=ORIENTED_EDGE('',*,*,#4693,.T.);
#3885=ORIENTED_EDGE('',*,*,#4686,.F.);
#3886=ORIENTED_EDGE('',*,*,#4691,.F.);
#3887=ORIENTED_EDGE('',*,*,#4679,.F.);
#3888=CARTESIAN_POINT('',(68.565,2.415,0.9));
#3889=DIRECTION('',(0.0,-1.0,0.0));
#3890=DIRECTION('',(0.0,0.0,-1.0));
#3891=SURFACE_STYLE_FILL_AREA(#4694);
#3892=ORIENTED_EDGE('',*,*,#4689,.T.);
#3893=ORIENTED_EDGE('',*,*,#4683,.F.);
#3894=ORIENTED_EDGE('',*,*,#4693,.F.);
#3895=ORIENTED_EDGE('',*,*,#4678,.F.);
#3896=CARTESIAN_POINT('',(69.71,0.0,0.9));
#3897=DIRECTION('',(-1.0,0.0,0.0));
#3898=DIRECTION('',(0.0,0.0,1.0));
#3899=SURFACE_STYLE_FILL_AREA(#4695);
#3900=ORIENTED_EDGE('',*,*,#4696,.T.);
#3901=ORIENTED_EDGE('',*,*,#4697,.T.);
#3902=ORIENTED_EDGE('',*,*,#4698,.T.);
#3903=ORIENTED_EDGE('',*,*,#4699,.T.);
#3904=CARTESIAN_POINT('',(93.465,0.0,1.2));
#3905=DIRECTION('',(0.0,0.0,1.0));
#3906=DIRECTION('',(1.0,0.0,0.0));
#3907=SURFACE_STYLE_FILL_AREA(#4700);
#3908=ORIENTED_EDGE('',*,*,#4701,.T.);
#3909=ORIENTED_EDGE('',*,*,#4702,.T.);
#3910=ORIENTED_EDGE('',*,*,#4703,.T.);
#3911=ORIENTED_EDGE('',*,*,#4704,.T.);
#3912=CARTESIAN_POINT('',(93.465,0.0,0.6));
#3913=DIRECTION('',(0.0,0.0,1.0));
#3914=DIRECTION('',(1.0,0.0,0.0));
#3915=SURFACE_STYLE_FILL_AREA(#4705);
#3916=ORIENTED_EDGE('',*,*,#4706,.T.);
#3917=ORIENTED_EDGE('',*,*,#4702,.F.);
#3918=ORIENTED_EDGE('',*,*,#4707,.F.);
#3919=ORIENTED_EDGE('',*,*,#4699,.F.);
#3920=CARTESIAN_POINT('',(93.465,-2.415,0.9));
#3921=DIRECTION('',(0.0,1.0,0.0));
#3922=DIRECTION('',(0.0,0.0,1.0));
#3923=SURFACE_STYLE_FILL_AREA(#4708);
#3924=ORIENTED_EDGE('',*,*,#4709,.T.);
#3925=ORIENTED_EDGE('',*,*,#4703,.F.);
#3926=ORIENTED_EDGE('',*,*,#4706,.F.);
#3927=ORIENTED_EDGE('',*,*,#4698,.F.);
#3928=CARTESIAN_POINT('',(92.32,0.0,0.9));
#3929=DIRECTION('',(1.0,0.0,0.0));
#3930=DIRECTION('',(0.0,0.0,-1.0));
#3931=SURFACE_STYLE_FILL_AREA(#4710);
#3932=ORIENTED_EDGE('',*,*,#4711,.T.);
#3933=ORIENTED_EDGE('',*,*,#4704,.F.);
#3934=ORIENTED_EDGE('',*,*,#4709,.F.);
#3935=ORIENTED_EDGE('',*,*,#4697,.F.);
#3936=CARTESIAN_POINT('',(93.465,2.415,0.9));
#3937=DIRECTION('',(0.0,-1.0,0.0));
#3938=DIRECTION('',(0.0,0.0,-1.0));
#3939=SURFACE_STYLE_FILL_AREA(#4712);
#3940=ORIENTED_EDGE('',*,*,#4707,.T.);
#3941=ORIENTED_EDGE('',*,*,#4701,.F.);
#3942=ORIENTED_EDGE('',*,*,#4711,.F.);
#3943=ORIENTED_EDGE('',*,*,#4696,.F.);
#3944=CARTESIAN_POINT('',(94.61,0.0,0.9));
#3945=DIRECTION('',(-1.0,0.0,0.0));
#3946=DIRECTION('',(0.0,0.0,1.0));
#3947=SURFACE_STYLE_FILL_AREA(#4713);
#3948=SURFACE_STYLE_FILL_AREA(#4714);
#3949=SURFACE_STYLE_FILL_AREA(#4715);
#3950=ORIENTED_EDGE('',*,*,#4716,.T.);
#3951=ORIENTED_EDGE('',*,*,#4717,.T.);
#3952=ORIENTED_EDGE('',*,*,#4718,.T.);
#3953=ORIENTED_EDGE('',*,*,#4719,.T.);
#3954=CARTESIAN_POINT('',(18.565,0.0,1.2));
#3955=DIRECTION('',(0.0,0.0,1.0));
#3956=DIRECTION('',(1.0,0.0,0.0));
#3957=SURFACE_STYLE_FILL_AREA(#4720);
#3958=ORIENTED_EDGE('',*,*,#4721,.T.);
#3959=ORIENTED_EDGE('',*,*,#4722,.T.);
#3960=ORIENTED_EDGE('',*,*,#4723,.T.);
#3961=ORIENTED_EDGE('',*,*,#4724,.T.);
#3962=CARTESIAN_POINT('',(18.565,0.0,0.6));
#3963=DIRECTION('',(0.0,0.0,1.0));
#3964=DIRECTION('',(1.0,0.0,0.0));
#3965=SURFACE_STYLE_FILL_AREA(#4725);
#3966=ORIENTED_EDGE('',*,*,#4726,.T.);
#3967=ORIENTED_EDGE('',*,*,#4722,.F.);
#3968=ORIENTED_EDGE('',*,*,#4727,.F.);
#3969=ORIENTED_EDGE('',*,*,#4719,.F.);
#3970=CARTESIAN_POINT('',(18.565,-2.415,0.9));
#3971=DIRECTION('',(0.0,1.0,0.0));
#3972=DIRECTION('',(0.0,0.0,1.0));
#3973=SURFACE_STYLE_FILL_AREA(#4728);
#3974=ORIENTED_EDGE('',*,*,#4729,.T.);
#3975=ORIENTED_EDGE('',*,*,#4723,.F.);
#3976=ORIENTED_EDGE('',*,*,#4726,.F.);
#3977=ORIENTED_EDGE('',*,*,#4718,.F.);
#3978=CARTESIAN_POINT('',(17.42,0.0,0.9));
#3979=DIRECTION('',(1.0,0.0,0.0));
#3980=DIRECTION('',(0.0,0.0,-1.0));
#3981=SURFACE_STYLE_FILL_AREA(#4730);
#3982=ORIENTED_EDGE('',*,*,#4731,.T.);
#3983=ORIENTED_EDGE('',*,*,#4724,.F.);
#3984=ORIENTED_EDGE('',*,*,#4729,.F.);
#3985=ORIENTED_EDGE('',*,*,#4717,.F.);
#3986=CARTESIAN_POINT('',(18.565,2.415,0.9));
#3987=DIRECTION('',(0.0,-1.0,0.0));
#3988=DIRECTION('',(0.0,0.0,-1.0));
#3989=SURFACE_STYLE_FILL_AREA(#4732);
#3990=ORIENTED_EDGE('',*,*,#4727,.T.);
#3991=ORIENTED_EDGE('',*,*,#4721,.F.);
#3992=ORIENTED_EDGE('',*,*,#4731,.F.);
#3993=ORIENTED_EDGE('',*,*,#4716,.F.);
#3994=CARTESIAN_POINT('',(19.71,0.0,0.9));
#3995=DIRECTION('',(-1.0,0.0,0.0));
#3996=DIRECTION('',(0.0,0.0,1.0));
#3997=SURFACE_STYLE_FILL_AREA(#4733);
#3998=ORIENTED_EDGE('',*,*,#4734,.T.);
#3999=ORIENTED_EDGE('',*,*,#4735,.T.);
#4000=ORIENTED_EDGE('',*,*,#4736,.T.);
#4001=ORIENTED_EDGE('',*,*,#4737,.T.);
#4002=CARTESIAN_POINT('',(43.465,0.0,1.2));
#4003=DIRECTION('',(0.0,0.0,1.0));
#4004=DIRECTION('',(1.0,0.0,0.0));
#4005=SURFACE_STYLE_FILL_AREA(#4738);
#4006=ORIENTED_EDGE('',*,*,#4739,.T.);
#4007=ORIENTED_EDGE('',*,*,#4740,.T.);
#4008=ORIENTED_EDGE('',*,*,#4741,.T.);
#4009=ORIENTED_EDGE('',*,*,#4742,.T.);
#4010=CARTESIAN_POINT('',(43.465,0.0,0.6));
#4011=DIRECTION('',(0.0,0.0,1.0));
#4012=DIRECTION('',(1.0,0.0,0.0));
#4013=SURFACE_STYLE_FILL_AREA(#4743);
#4014=ORIENTED_EDGE('',*,*,#4744,.T.);
#4015=ORIENTED_EDGE('',*,*,#4740,.F.);
#4016=ORIENTED_EDGE('',*,*,#4745,.F.);
#4017=ORIENTED_EDGE('',*,*,#4737,.F.);
#4018=CARTESIAN_POINT('',(43.465,-2.415,0.9));
#4019=DIRECTION('',(0.0,1.0,0.0));
#4020=DIRECTION('',(0.0,0.0,1.0));
#4021=SURFACE_STYLE_FILL_AREA(#4746);
#4022=ORIENTED_EDGE('',*,*,#4747,.T.);
#4023=ORIENTED_EDGE('',*,*,#4741,.F.);
#4024=ORIENTED_EDGE('',*,*,#4744,.F.);
#4025=ORIENTED_EDGE('',*,*,#4736,.F.);
#4026=CARTESIAN_POINT('',(42.32,0.0,0.9));
#4027=DIRECTION('',(1.0,0.0,0.0));
#4028=DIRECTION('',(0.0,0.0,-1.0));
#4029=SURFACE_STYLE_FILL_AREA(#4748);
#4030=ORIENTED_EDGE('',*,*,#4749,.T.);
#4031=ORIENTED_EDGE('',*,*,#4742,.F.);
#4032=ORIENTED_EDGE('',*,*,#4747,.F.);
#4033=ORIENTED_EDGE('',*,*,#4735,.F.);
#4034=CARTESIAN_POINT('',(43.465,2.415,0.9));
#4035=DIRECTION('',(0.0,-1.0,0.0));
#4036=DIRECTION('',(0.0,0.0,-1.0));
#4037=SURFACE_STYLE_FILL_AREA(#4750);
#4038=ORIENTED_EDGE('',*,*,#4745,.T.);
#4039=ORIENTED_EDGE('',*,*,#4739,.F.);
#4040=ORIENTED_EDGE('',*,*,#4749,.F.);
#4041=ORIENTED_EDGE('',*,*,#4734,.F.);
#4042=CARTESIAN_POINT('',(44.61,0.0,0.9));
#4043=DIRECTION('',(-1.0,0.0,0.0));
#4044=DIRECTION('',(0.0,0.0,1.0));
#4045=SURFACE_STYLE_FILL_AREA(#4751);
#4046=SURFACE_STYLE_FILL_AREA(#4752);
#4047=FILL_AREA_STYLE('',(#4753));
#4048=EDGE_CURVE('',#4754,#4755,#4756,.T.);
#4049=EDGE_CURVE('',#4757,#4754,#4758,.T.);
#4050=EDGE_CURVE('',#4759,#4757,#4760,.T.);
#4051=EDGE_CURVE('',#4755,#4759,#4761,.T.);
#4052=FILL_AREA_STYLE('',(#4762));
#4053=EDGE_CURVE('',#4763,#4764,#4765,.T.);
#4054=EDGE_CURVE('',#4763,#4766,#4767,.T.);
#4055=EDGE_CURVE('',#4766,#4768,#4769,.T.);
#4056=EDGE_CURVE('',#4764,#4768,#4770,.T.);
#4057=FILL_AREA_STYLE('',(#4771));
#4058=EDGE_CURVE('',#4764,#4772,#4773,.T.);
#4059=EDGE_CURVE('',#4768,#4774,#4775,.T.);
#4060=EDGE_CURVE('',#4772,#4774,#4776,.T.);
#4061=FILL_AREA_STYLE('',(#4777));
#4062=EDGE_CURVE('',#4778,#4766,#4779,.T.);
#4063=EDGE_CURVE('',#4774,#4778,#4780,.T.);
#4064=FILL_AREA_STYLE('',(#4781));
#4065=EDGE_CURVE('',#4772,#4782,#4783,.T.);
#4066=EDGE_CURVE('',#4782,#4778,#4784,.T.);
#4067=FILL_AREA_STYLE('',(#4785));
#4068=EDGE_CURVE('',#4782,#4763,#4786,.T.);
#4069=FILL_AREA_STYLE('',(#4787));
#4070=EDGE_CURVE('',#4788,#4789,#4790,.T.);
#4071=EDGE_CURVE('',#4791,#4788,#4792,.T.);
#4072=EDGE_CURVE('',#4791,#4793,#4794,.T.);
#4073=EDGE_CURVE('',#4793,#4789,#4795,.T.);
#4074=FILL_AREA_STYLE('',(#4796));
#4075=EDGE_CURVE('',#4797,#4798,#4799,.T.);
#4076=EDGE_CURVE('',#4800,#4797,#4801,.T.);
#4077=EDGE_CURVE('',#4802,#4800,#4803,.T.);
#4078=EDGE_CURVE('',#4802,#4798,#4804,.T.);
#4079=FILL_AREA_STYLE('',(#4805));
#4080=EDGE_CURVE('',#4798,#4806,#4807,.T.);
#4081=EDGE_CURVE('',#4808,#4802,#4809,.T.);
#4082=EDGE_CURVE('',#4808,#4806,#4810,.T.);
#4083=FILL_AREA_STYLE('',(#4811));
#4084=EDGE_CURVE('',#4806,#4812,#4813,.T.);
#4085=EDGE_CURVE('',#4814,#4808,#4815,.T.);
#4086=EDGE_CURVE('',#4814,#4812,#4816,.T.);
#4087=FILL_AREA_STYLE('',(#4817));
#4088=EDGE_CURVE('',#4812,#4818,#4819,.T.);
#4089=EDGE_CURVE('',#4820,#4814,#4821,.T.);
#4090=EDGE_CURVE('',#4820,#4818,#4822,.T.);
#4091=FILL_AREA_STYLE('',(#4823));
#4092=EDGE_CURVE('',#4789,#4824,#4825,.T.);
#4093=EDGE_CURVE('',#4793,#4826,#4827,.T.);
#4094=EDGE_CURVE('',#4826,#4824,#4828,.T.);
#4095=FILL_AREA_STYLE('',(#4829));
#4096=EDGE_CURVE('',#4824,#4788,#4830,.T.);
#4097=EDGE_CURVE('',#4826,#4791,#4831,.T.);
#4098=FILL_AREA_STYLE('',(#4832));
#4099=EDGE_CURVE('',#4818,#4833,#4834,.T.);
#4100=EDGE_CURVE('',#4835,#4820,#4836,.T.);
#4101=EDGE_CURVE('',#4835,#4833,#4837,.T.);
#4102=FILL_AREA_STYLE('',(#4838));
#4103=EDGE_CURVE('',#4833,#4839,#4840,.T.);
#4104=EDGE_CURVE('',#4841,#4835,#4842,.T.);
#4105=EDGE_CURVE('',#4841,#4839,#4843,.T.);
#4106=FILL_AREA_STYLE('',(#4844));
#4107=EDGE_CURVE('',#4839,#4845,#4846,.T.);
#4108=EDGE_CURVE('',#4847,#4841,#4848,.T.);
#4109=EDGE_CURVE('',#4847,#4845,#4849,.T.);
#4110=FILL_AREA_STYLE('',(#4850));
#4111=EDGE_CURVE('',#4845,#4797,#4851,.T.);
#4112=EDGE_CURVE('',#4800,#4847,#4852,.T.);
#4113=FILL_AREA_STYLE('',(#4853));
#4114=FILL_AREA_STYLE('',(#4854));
#4115=EDGE_CURVE('',#4855,#4856,#4857,.T.);
#4116=EDGE_CURVE('',#4855,#4858,#4859,.T.);
#4117=EDGE_CURVE('',#4858,#4860,#4861,.T.);
#4118=EDGE_CURVE('',#4856,#4860,#4862,.T.);
#4119=FILL_AREA_STYLE('',(#4863));
#4120=EDGE_CURVE('',#4856,#4864,#4865,.T.);
#4121=EDGE_CURVE('',#4860,#4866,#4867,.T.);
#4122=EDGE_CURVE('',#4864,#4866,#4868,.T.);
#4123=FILL_AREA_STYLE('',(#4869));
#4124=EDGE_CURVE('',#4870,#4858,#4871,.T.);
#4125=EDGE_CURVE('',#4866,#4870,#4872,.T.);
#4126=FILL_AREA_STYLE('',(#4873));
#4127=EDGE_CURVE('',#4864,#4874,#4875,.T.);
#4128=EDGE_CURVE('',#4874,#4870,#4876,.T.);
#4129=FILL_AREA_STYLE('',(#4877));
#4130=EDGE_CURVE('',#4874,#4855,#4878,.T.);
#4131=FILL_AREA_STYLE('',(#4879));
#4132=EDGE_CURVE('',#4754,#4757,#4880,.T.);
#4133=FILL_AREA_STYLE('',(#4881));
#4134=FILL_AREA_STYLE('',(#4882));
#4135=EDGE_CURVE('',#4759,#4755,#4883,.T.);
#4136=FILL_AREA_STYLE('',(#4884));
#4137=FILL_AREA_STYLE('',(#4885));
#4138=FILL_AREA_STYLE('',(#4886));
#4139=EDGE_CURVE('',#4887,#4888,#4889,.T.);
#4140=EDGE_CURVE('',#4887,#4890,#4891,.T.);
#4141=EDGE_CURVE('',#4890,#4892,#4893,.T.);
#4142=EDGE_CURVE('',#4892,#4894,#4895,.T.);
#4143=EDGE_CURVE('',#4894,#4896,#4897,.T.);
#4144=EDGE_CURVE('',#4896,#4888,#4898,.T.);
#4145=FILL_AREA_STYLE('',(#4899));
#4146=EDGE_CURVE('',#4888,#4900,#4901,.T.);
#4147=EDGE_CURVE('',#4896,#4902,#4903,.T.);
#4148=EDGE_CURVE('',#4900,#4902,#4904,.T.);
#4149=FILL_AREA_STYLE('',(#4905));
#4150=EDGE_CURVE('',#4906,#4907,#4908,.T.);
#4151=EDGE_CURVE('',#4890,#4906,#4909,.T.);
#4152=EDGE_CURVE('',#4907,#4887,#4910,.T.);
#4153=FILL_AREA_STYLE('',(#4911));
#4154=EDGE_CURVE('',#4912,#4913,#4914,.T.);
#4155=EDGE_CURVE('',#4894,#4912,#4915,.T.);
#4156=EDGE_CURVE('',#4892,#4913,#4916,.T.);
#4157=FILL_AREA_STYLE('',(#4917));
#4158=EDGE_CURVE('',#4913,#4906,#4918,.T.);
#4159=FILL_AREA_STYLE('',(#4919));
#4160=EDGE_CURVE('',#4902,#4912,#4920,.T.);
#4161=FILL_AREA_STYLE('',(#4921));
#4162=EDGE_CURVE('',#4922,#4900,#4923,.T.);
#4163=EDGE_CURVE('',#4922,#4924,#4925,.T.);
#4164=EDGE_CURVE('',#4926,#4924,#4927,.T.);
#4165=EDGE_CURVE('',#4928,#4926,#4929,.T.);
#4166=EDGE_CURVE('',#4930,#4928,#4931,.T.);
#4167=EDGE_CURVE('',#4930,#4932,#4933,.T.);
#4168=EDGE_CURVE('',#4932,#4934,#4935,.T.);
#4169=EDGE_CURVE('',#4934,#4936,#4937,.T.);
#4170=EDGE_CURVE('',#4907,#4936,#4938,.T.);
#4171=FILL_AREA_STYLE('',(#4939));
#4172=EDGE_CURVE('',#4940,#4941,#4942,.T.);
#4173=EDGE_CURVE('',#4943,#4940,#4944,.T.);
#4174=EDGE_CURVE('',#4945,#4943,#4946,.T.);
#4175=EDGE_CURVE('',#4945,#4941,#4947,.T.);
#4176=FILL_AREA_STYLE('',(#4948));
#4177=EDGE_CURVE('',#4941,#4949,#4950,.T.);
#4178=EDGE_CURVE('',#4951,#4945,#4952,.T.);
#4179=EDGE_CURVE('',#4951,#4949,#4953,.T.);
#4180=FILL_AREA_STYLE('',(#4954));
#4181=EDGE_CURVE('',#4949,#4955,#4956,.T.);
#4182=EDGE_CURVE('',#4957,#4951,#4958,.T.);
#4183=EDGE_CURVE('',#4957,#4955,#4959,.T.);
#4184=FILL_AREA_STYLE('',(#4960));
#4185=EDGE_CURVE('',#4955,#4940,#4961,.T.);
#4186=EDGE_CURVE('',#4943,#4957,#4962,.T.);
#4187=FILL_AREA_STYLE('',(#4963));
#4188=FILL_AREA_STYLE('',(#4964));
#4189=EDGE_CURVE('',#4965,#4966,#4967,.T.);
#4190=EDGE_CURVE('',#4968,#4965,#4969,.T.);
#4191=EDGE_CURVE('',#4970,#4968,#4971,.T.);
#4192=EDGE_CURVE('',#4970,#4966,#4972,.T.);
#4193=FILL_AREA_STYLE('',(#4973));
#4194=EDGE_CURVE('',#4966,#4974,#4975,.T.);
#4195=EDGE_CURVE('',#4976,#4970,#4977,.T.);
#4196=EDGE_CURVE('',#4976,#4974,#4978,.T.);
#4197=FILL_AREA_STYLE('',(#4979));
#4198=EDGE_CURVE('',#4980,#4981,#4982,.T.);
#4199=EDGE_CURVE('',#4983,#4980,#4984,.T.);
#4200=EDGE_CURVE('',#4985,#4983,#4986,.T.);
#4201=EDGE_CURVE('',#4981,#4985,#4987,.T.);
#4202=FILL_AREA_STYLE('',(#4988));
#4203=EDGE_CURVE('',#4974,#4983,#4989,.T.);
#4204=EDGE_CURVE('',#4985,#4976,#4990,.T.);
#4205=FILL_AREA_STYLE('',(#4991));
#4206=EDGE_CURVE('',#4992,#4965,#4993,.T.);
#4207=EDGE_CURVE('',#4994,#4992,#4995,.T.);
#4208=EDGE_CURVE('',#4968,#4994,#4996,.T.);
#4209=FILL_AREA_STYLE('',(#4997));
#4210=EDGE_CURVE('',#4981,#4994,#4998,.T.);
#4211=FILL_AREA_STYLE('',(#4999));
#4212=EDGE_CURVE('',#4936,#5000,#5001,.T.);
#4213=EDGE_CURVE('',#5000,#5002,#5003,.T.);
#4214=EDGE_CURVE('',#5002,#5004,#5005,.T.);
#4215=EDGE_CURVE('',#5004,#5006,#5007,.T.);
#4216=EDGE_CURVE('',#5006,#4930,#5008,.T.);
#4217=EDGE_CURVE('',#4928,#5009,#5010,.T.);
#4218=EDGE_CURVE('',#5009,#5011,#5012,.T.);
#4219=EDGE_CURVE('',#5011,#5013,#5014,.T.);
#4220=EDGE_CURVE('',#5013,#5015,#5016,.T.);
#4221=EDGE_CURVE('',#5015,#5017,#5018,.T.);
#4222=EDGE_CURVE('',#5017,#5019,#5020,.T.);
#4223=EDGE_CURVE('',#5019,#5021,#5022,.T.);
#4224=EDGE_CURVE('',#5021,#4992,#5023,.T.);
#4225=EDGE_CURVE('',#4980,#5024,#5025,.T.);
#4226=EDGE_CURVE('',#5024,#4922,#5026,.T.);
#4227=EDGE_CURVE('',#5027,#5028,#5029,.T.);
#4228=EDGE_CURVE('',#5028,#5030,#5031,.T.);
#4229=EDGE_CURVE('',#5030,#5032,#5033,.T.);
#4230=EDGE_CURVE('',#5032,#5027,#5034,.T.);
#4231=FILL_AREA_STYLE('',(#5035));
#4232=EDGE_CURVE('',#4932,#5036,#5037,.T.);
#4233=EDGE_CURVE('',#5036,#5038,#5039,.T.);
#4234=EDGE_CURVE('',#5038,#5040,#5041,.T.);
#4235=EDGE_CURVE('',#5040,#5042,#5043,.T.);
#4236=EDGE_CURVE('',#5042,#4934,#5044,.T.);
#4237=FILL_AREA_STYLE('',(#5045));
#4238=EDGE_CURVE('',#5042,#5000,#5046,.T.);
#4239=FILL_AREA_STYLE('',(#5047));
#4240=EDGE_CURVE('',#5036,#5006,#5048,.T.);
#4241=FILL_AREA_STYLE('',(#5049));
#4242=EDGE_CURVE('',#5040,#5002,#5050,.T.);
#4243=EDGE_CURVE('',#5038,#5004,#5051,.T.);
#4244=FILL_AREA_STYLE('',(#5052));
#4245=FILL_AREA_STYLE('',(#5053));
#4246=FILL_AREA_STYLE('',(#5054));
#4247=EDGE_CURVE('',#5055,#5030,#5056,.T.);
#4248=EDGE_CURVE('',#5057,#5055,#5058,.T.);
#4249=EDGE_CURVE('',#5057,#5032,#5059,.T.);
#4250=FILL_AREA_STYLE('',(#5060));
#4251=EDGE_CURVE('',#5061,#5057,#5062,.T.);
#4252=EDGE_CURVE('',#5061,#5027,#5063,.T.);
#4253=FILL_AREA_STYLE('',(#5064));
#4254=EDGE_CURVE('',#5065,#5061,#5066,.T.);
#4255=EDGE_CURVE('',#5065,#5028,#5067,.T.);
#4256=FILL_AREA_STYLE('',(#5068));
#4257=EDGE_CURVE('',#5055,#5065,#5069,.T.);
#4258=FILL_AREA_STYLE('',(#5070));
#4259=FILL_AREA_STYLE('',(#5071));
#4260=EDGE_CURVE('',#5072,#5013,#5073,.T.);
#4261=EDGE_CURVE('',#5074,#5072,#5075,.T.);
#4262=EDGE_CURVE('',#5074,#5015,#5076,.T.);
#4263=FILL_AREA_STYLE('',(#5077));
#4264=EDGE_CURVE('',#5078,#5074,#5079,.T.);
#4265=EDGE_CURVE('',#5078,#5017,#5080,.T.);
#4266=FILL_AREA_STYLE('',(#5081));
#4267=EDGE_CURVE('',#5021,#5082,#5083,.T.);
#4268=EDGE_CURVE('',#5084,#5019,#5085,.T.);
#4269=EDGE_CURVE('',#5082,#5084,#5086,.T.);
#4270=FILL_AREA_STYLE('',(#5087));
#4271=EDGE_CURVE('',#5084,#5078,#5088,.T.);
#4272=FILL_AREA_STYLE('',(#5089));
#4273=EDGE_CURVE('',#5090,#5011,#5091,.T.);
#4274=EDGE_CURVE('',#5072,#5090,#5092,.T.);
#4275=FILL_AREA_STYLE('',(#5093));
#4276=EDGE_CURVE('',#5082,#5090,#5094,.T.);
#4277=FILL_AREA_STYLE('',(#5095));
#4278=EDGE_CURVE('',#4924,#5096,#5097,.T.);
#4279=EDGE_CURVE('',#5096,#5098,#5099,.T.);
#4280=EDGE_CURVE('',#5098,#4926,#5100,.T.);
#4281=FILL_AREA_STYLE('',(#5101));
#4282=EDGE_CURVE('',#5024,#5096,#5102,.T.);
#4283=FILL_AREA_STYLE('',(#5103));
#4284=EDGE_CURVE('',#5009,#5098,#5104,.T.);
#4285=FILL_AREA_STYLE('',(#5105));
#4286=FILL_AREA_STYLE('',(#5106));
#4287=FILL_AREA_STYLE('',(#5107));
#4288=EDGE_CURVE('',#5108,#5109,#5110,.T.);
#4289=EDGE_CURVE('',#5111,#5109,#5112,.T.);
#4290=EDGE_CURVE('',#5111,#5113,#5114,.T.);
#4291=EDGE_CURVE('',#5113,#5108,#5115,.T.);
#4292=FILL_AREA_STYLE('',(#5116));
#4293=EDGE_CURVE('',#5109,#5117,#5118,.T.);
#4294=EDGE_CURVE('',#5119,#5117,#5120,.T.);
#4295=EDGE_CURVE('',#5119,#5111,#5121,.T.);
#4296=FILL_AREA_STYLE('',(#5122));
#4297=EDGE_CURVE('',#5117,#5123,#5124,.T.);
#4298=EDGE_CURVE('',#5125,#5123,#5126,.T.);
#4299=EDGE_CURVE('',#5125,#5119,#5127,.T.);
#4300=FILL_AREA_STYLE('',(#5128));
#4301=EDGE_CURVE('',#5123,#5108,#5129,.T.);
#4302=EDGE_CURVE('',#5113,#5125,#5130,.T.);
#4303=FILL_AREA_STYLE('',(#5131));
#4304=FILL_AREA_STYLE('',(#5132));
#4305=FILL_AREA_STYLE('',(#5133));
#4306=EDGE_CURVE('',#5134,#5135,#5136,.T.);
#4307=EDGE_CURVE('',#5137,#5135,#5138,.T.);
#4308=EDGE_CURVE('',#5137,#5139,#5140,.T.);
#4309=EDGE_CURVE('',#5139,#5134,#5141,.T.);
#4310=FILL_AREA_STYLE('',(#5142));
#4311=EDGE_CURVE('',#5135,#5143,#5144,.T.);
#4312=EDGE_CURVE('',#5145,#5143,#5146,.T.);
#4313=EDGE_CURVE('',#5145,#5137,#5147,.T.);
#4314=FILL_AREA_STYLE('',(#5148));
#4315=EDGE_CURVE('',#5143,#5149,#5150,.T.);
#4316=EDGE_CURVE('',#5151,#5149,#5152,.T.);
#4317=EDGE_CURVE('',#5151,#5145,#5153,.T.);
#4318=FILL_AREA_STYLE('',(#5154));
#4319=EDGE_CURVE('',#5149,#5134,#5155,.T.);
#4320=EDGE_CURVE('',#5139,#5151,#5156,.T.);
#4321=FILL_AREA_STYLE('',(#5157));
#4322=FILL_AREA_STYLE('',(#5158));
#4323=FILL_AREA_STYLE('',(#5159));
#4324=FILL_AREA_STYLE('',(#5160));
#4325=FILL_AREA_STYLE('',(#5161));
#4326=EDGE_CURVE('',#5162,#5163,#5164,.T.);
#4327=EDGE_CURVE('',#5165,#5163,#5166,.T.);
#4328=EDGE_CURVE('',#5165,#5167,#5168,.T.);
#4329=EDGE_CURVE('',#5167,#5162,#5169,.T.);
#4330=FILL_AREA_STYLE('',(#5170));
#4331=EDGE_CURVE('',#5163,#5171,#5172,.T.);
#4332=EDGE_CURVE('',#5173,#5171,#5174,.T.);
#4333=EDGE_CURVE('',#5173,#5165,#5175,.T.);
#4334=FILL_AREA_STYLE('',(#5176));
#4335=EDGE_CURVE('',#5171,#5177,#5178,.T.);
#4336=EDGE_CURVE('',#5179,#5177,#5180,.T.);
#4337=EDGE_CURVE('',#5179,#5173,#5181,.T.);
#4338=FILL_AREA_STYLE('',(#5182));
#4339=EDGE_CURVE('',#5177,#5162,#5183,.T.);
#4340=EDGE_CURVE('',#5167,#5179,#5184,.T.);
#4341=FILL_AREA_STYLE('',(#5185));
#4342=FILL_AREA_STYLE('',(#5186));
#4343=FILL_AREA_STYLE('',(#5187));
#4344=EDGE_CURVE('',#5188,#5189,#5190,.T.);
#4345=EDGE_CURVE('',#5191,#5189,#5192,.T.);
#4346=EDGE_CURVE('',#5191,#5193,#5194,.T.);
#4347=EDGE_CURVE('',#5193,#5188,#5195,.T.);
#4348=FILL_AREA_STYLE('',(#5196));
#4349=EDGE_CURVE('',#5189,#5197,#5198,.T.);
#4350=EDGE_CURVE('',#5199,#5197,#5200,.T.);
#4351=EDGE_CURVE('',#5199,#5191,#5201,.T.);
#4352=FILL_AREA_STYLE('',(#5202));
#4353=EDGE_CURVE('',#5197,#5203,#5204,.T.);
#4354=EDGE_CURVE('',#5205,#5203,#5206,.T.);
#4355=EDGE_CURVE('',#5205,#5199,#5207,.T.);
#4356=FILL_AREA_STYLE('',(#5208));
#4357=EDGE_CURVE('',#5203,#5188,#5209,.T.);
#4358=EDGE_CURVE('',#5193,#5205,#5210,.T.);
#4359=FILL_AREA_STYLE('',(#5211));
#4360=FILL_AREA_STYLE('',(#5212));
#4361=FILL_AREA_STYLE('',(#5213));
#4362=FILL_AREA_STYLE('',(#5214));
#4363=FILL_AREA_STYLE('',(#5215));
#4364=EDGE_CURVE('',#5216,#5217,#5218,.T.);
#4365=EDGE_CURVE('',#5219,#5217,#5220,.T.);
#4366=EDGE_CURVE('',#5219,#5221,#5222,.T.);
#4367=EDGE_CURVE('',#5221,#5216,#5223,.T.);
#4368=FILL_AREA_STYLE('',(#5224));
#4369=EDGE_CURVE('',#5217,#5225,#5226,.T.);
#4370=EDGE_CURVE('',#5227,#5225,#5228,.T.);
#4371=EDGE_CURVE('',#5227,#5219,#5229,.T.);
#4372=FILL_AREA_STYLE('',(#5230));
#4373=EDGE_CURVE('',#5225,#5231,#5232,.T.);
#4374=EDGE_CURVE('',#5233,#5231,#5234,.T.);
#4375=EDGE_CURVE('',#5233,#5227,#5235,.T.);
#4376=FILL_AREA_STYLE('',(#5236));
#4377=EDGE_CURVE('',#5231,#5216,#5237,.T.);
#4378=EDGE_CURVE('',#5221,#5233,#5238,.T.);
#4379=FILL_AREA_STYLE('',(#5239));
#4380=FILL_AREA_STYLE('',(#5240));
#4381=FILL_AREA_STYLE('',(#5241));
#4382=EDGE_CURVE('',#5242,#5243,#5244,.T.);
#4383=EDGE_CURVE('',#5245,#5243,#5246,.T.);
#4384=EDGE_CURVE('',#5245,#5247,#5248,.T.);
#4385=EDGE_CURVE('',#5247,#5242,#5249,.T.);
#4386=FILL_AREA_STYLE('',(#5250));
#4387=EDGE_CURVE('',#5243,#5251,#5252,.T.);
#4388=EDGE_CURVE('',#5253,#5251,#5254,.T.);
#4389=EDGE_CURVE('',#5253,#5245,#5255,.T.);
#4390=FILL_AREA_STYLE('',(#5256));
#4391=EDGE_CURVE('',#5251,#5257,#5258,.T.);
#4392=EDGE_CURVE('',#5259,#5257,#5260,.T.);
#4393=EDGE_CURVE('',#5259,#5253,#5261,.T.);
#4394=FILL_AREA_STYLE('',(#5262));
#4395=EDGE_CURVE('',#5257,#5242,#5263,.T.);
#4396=EDGE_CURVE('',#5247,#5259,#5264,.T.);
#4397=FILL_AREA_STYLE('',(#5265));
#4398=FILL_AREA_STYLE('',(#5266));
#4399=FILL_AREA_STYLE('',(#5267));
#4400=FILL_AREA_STYLE('',(#5268));
#4401=FILL_AREA_STYLE('',(#5269));
#4402=EDGE_CURVE('',#5270,#5271,#5272,.T.);
#4403=EDGE_CURVE('',#5273,#5270,#5274,.T.);
#4404=EDGE_CURVE('',#5275,#5273,#5276,.T.);
#4405=EDGE_CURVE('',#5271,#5275,#5277,.T.);
#4406=FILL_AREA_STYLE('',(#5278));
#4407=EDGE_CURVE('',#5271,#5279,#5280,.T.);
#4408=EDGE_CURVE('',#5279,#5281,#5282,.T.);
#4409=EDGE_CURVE('',#5281,#5283,#5284,.T.);
#4410=EDGE_CURVE('',#5283,#5270,#5285,.T.);
#4411=FILL_AREA_STYLE('',(#5286));
#4412=EDGE_CURVE('',#5287,#5275,#5288,.T.);
#4413=EDGE_CURVE('',#5279,#5287,#5289,.T.);
#4414=FILL_AREA_STYLE('',(#5290));
#4415=EDGE_CURVE('',#5273,#5291,#5292,.T.);
#4416=EDGE_CURVE('',#5291,#5293,#5294,.T.);
#4417=EDGE_CURVE('',#5293,#5287,#5295,.T.);
#4418=FILL_AREA_STYLE('',(#5296));
#4419=EDGE_CURVE('',#5281,#5293,#5297,.T.);
#4420=EDGE_CURVE('',#5283,#5291,#5298,.T.);
#4421=FILL_AREA_STYLE('',(#5299));
#4422=FILL_AREA_STYLE('',(#5300));
#4423=FILL_AREA_STYLE('',(#5301));
#4424=EDGE_CURVE('',#5302,#5303,#5304,.T.);
#4425=EDGE_CURVE('',#5305,#5302,#5306,.T.);
#4426=EDGE_CURVE('',#5307,#5305,#5308,.T.);
#4427=EDGE_CURVE('',#5303,#5307,#5309,.T.);
#4428=FILL_AREA_STYLE('',(#5310));
#4429=EDGE_CURVE('',#5303,#5311,#5312,.T.);
#4430=EDGE_CURVE('',#5311,#5313,#5314,.T.);
#4431=EDGE_CURVE('',#5313,#5315,#5316,.T.);
#4432=EDGE_CURVE('',#5315,#5302,#5317,.T.);
#4433=FILL_AREA_STYLE('',(#5318));
#4434=EDGE_CURVE('',#5319,#5307,#5320,.T.);
#4435=EDGE_CURVE('',#5311,#5319,#5321,.T.);
#4436=FILL_AREA_STYLE('',(#5322));
#4437=EDGE_CURVE('',#5305,#5323,#5324,.T.);
#4438=EDGE_CURVE('',#5323,#5325,#5326,.T.);
#4439=EDGE_CURVE('',#5325,#5319,#5327,.T.);
#4440=FILL_AREA_STYLE('',(#5328));
#4441=EDGE_CURVE('',#5313,#5325,#5329,.T.);
#4442=EDGE_CURVE('',#5315,#5323,#5330,.T.);
#4443=FILL_AREA_STYLE('',(#5331));
#4444=FILL_AREA_STYLE('',(#5332));
#4445=FILL_AREA_STYLE('',(#5333));
#4446=EDGE_CURVE('',#5334,#5335,#5336,.T.);
#4447=EDGE_CURVE('',#5337,#5334,#5338,.T.);
#4448=EDGE_CURVE('',#5339,#5337,#5340,.T.);
#4449=EDGE_CURVE('',#5335,#5339,#5341,.T.);
#4450=FILL_AREA_STYLE('',(#5342));
#4451=EDGE_CURVE('',#5335,#5343,#5344,.T.);
#4452=EDGE_CURVE('',#5343,#5345,#5346,.T.);
#4453=EDGE_CURVE('',#5345,#5347,#5348,.T.);
#4454=EDGE_CURVE('',#5347,#5334,#5349,.T.);
#4455=FILL_AREA_STYLE('',(#5350));
#4456=EDGE_CURVE('',#5351,#5339,#5352,.T.);
#4457=EDGE_CURVE('',#5343,#5351,#5353,.T.);
#4458=FILL_AREA_STYLE('',(#5354));
#4459=EDGE_CURVE('',#5337,#5355,#5356,.T.);
#4460=EDGE_CURVE('',#5355,#5357,#5358,.T.);
#4461=EDGE_CURVE('',#5357,#5351,#5359,.T.);
#4462=FILL_AREA_STYLE('',(#5360));
#4463=EDGE_CURVE('',#5345,#5357,#5361,.T.);
#4464=EDGE_CURVE('',#5347,#5355,#5362,.T.);
#4465=FILL_AREA_STYLE('',(#5363));
#4466=FILL_AREA_STYLE('',(#5364));
#4467=FILL_AREA_STYLE('',(#5365));
#4468=EDGE_CURVE('',#5366,#5367,#5368,.T.);
#4469=EDGE_CURVE('',#5369,#5366,#5370,.T.);
#4470=EDGE_CURVE('',#5371,#5369,#5372,.T.);
#4471=EDGE_CURVE('',#5367,#5371,#5373,.T.);
#4472=FILL_AREA_STYLE('',(#5374));
#4473=EDGE_CURVE('',#5367,#5375,#5376,.T.);
#4474=EDGE_CURVE('',#5375,#5377,#5378,.T.);
#4475=EDGE_CURVE('',#5377,#5379,#5380,.T.);
#4476=EDGE_CURVE('',#5379,#5366,#5381,.T.);
#4477=FILL_AREA_STYLE('',(#5382));
#4478=EDGE_CURVE('',#5383,#5371,#5384,.T.);
#4479=EDGE_CURVE('',#5375,#5383,#5385,.T.);
#4480=FILL_AREA_STYLE('',(#5386));
#4481=EDGE_CURVE('',#5369,#5387,#5388,.T.);
#4482=EDGE_CURVE('',#5387,#5389,#5390,.T.);
#4483=EDGE_CURVE('',#5389,#5383,#5391,.T.);
#4484=FILL_AREA_STYLE('',(#5392));
#4485=EDGE_CURVE('',#5377,#5389,#5393,.T.);
#4486=EDGE_CURVE('',#5379,#5387,#5394,.T.);
#4487=FILL_AREA_STYLE('',(#5395));
#4488=FILL_AREA_STYLE('',(#5396));
#4489=FILL_AREA_STYLE('',(#5397));
#4490=EDGE_CURVE('',#5398,#5399,#5400,.T.);
#4491=EDGE_CURVE('',#5401,#5398,#5402,.T.);
#4492=EDGE_CURVE('',#5403,#5401,#5404,.T.);
#4493=EDGE_CURVE('',#5399,#5403,#5405,.T.);
#4494=FILL_AREA_STYLE('',(#5406));
#4495=EDGE_CURVE('',#5399,#5407,#5408,.T.);
#4496=EDGE_CURVE('',#5407,#5409,#5410,.T.);
#4497=EDGE_CURVE('',#5409,#5411,#5412,.T.);
#4498=EDGE_CURVE('',#5411,#5398,#5413,.T.);
#4499=FILL_AREA_STYLE('',(#5414));
#4500=EDGE_CURVE('',#5415,#5403,#5416,.T.);
#4501=EDGE_CURVE('',#5407,#5415,#5417,.T.);
#4502=FILL_AREA_STYLE('',(#5418));
#4503=EDGE_CURVE('',#5401,#5419,#5420,.T.);
#4504=EDGE_CURVE('',#5419,#5421,#5422,.T.);
#4505=EDGE_CURVE('',#5421,#5415,#5423,.T.);
#4506=FILL_AREA_STYLE('',(#5424));
#4507=EDGE_CURVE('',#5409,#5421,#5425,.T.);
#4508=EDGE_CURVE('',#5411,#5419,#5426,.T.);
#4509=FILL_AREA_STYLE('',(#5427));
#4510=FILL_AREA_STYLE('',(#5428));
#4511=FILL_AREA_STYLE('',(#5429));
#4512=EDGE_CURVE('',#5430,#5431,#5432,.T.);
#4513=EDGE_CURVE('',#5433,#5430,#5434,.T.);
#4514=EDGE_CURVE('',#5435,#5433,#5436,.T.);
#4515=EDGE_CURVE('',#5431,#5435,#5437,.T.);
#4516=FILL_AREA_STYLE('',(#5438));
#4517=EDGE_CURVE('',#5431,#5439,#5440,.T.);
#4518=EDGE_CURVE('',#5439,#5441,#5442,.T.);
#4519=EDGE_CURVE('',#5441,#5443,#5444,.T.);
#4520=EDGE_CURVE('',#5443,#5430,#5445,.T.);
#4521=FILL_AREA_STYLE('',(#5446));
#4522=EDGE_CURVE('',#5447,#5435,#5448,.T.);
#4523=EDGE_CURVE('',#5439,#5447,#5449,.T.);
#4524=FILL_AREA_STYLE('',(#5450));
#4525=EDGE_CURVE('',#5433,#5451,#5452,.T.);
#4526=EDGE_CURVE('',#5451,#5453,#5454,.T.);
#4527=EDGE_CURVE('',#5453,#5447,#5455,.T.);
#4528=FILL_AREA_STYLE('',(#5456));
#4529=EDGE_CURVE('',#5441,#5453,#5457,.T.);
#4530=EDGE_CURVE('',#5443,#5451,#5458,.T.);
#4531=FILL_AREA_STYLE('',(#5459));
#4532=FILL_AREA_STYLE('',(#5460));
#4533=FILL_AREA_STYLE('',(#5461));
#4534=FILL_AREA_STYLE('',(#5462));
#4535=FILL_AREA_STYLE('',(#5463));
#4536=FILL_AREA_STYLE('',(#5464));
#4537=FILL_AREA_STYLE('',(#5465));
#4538=FILL_AREA_STYLE('',(#5466));
#4539=FILL_AREA_STYLE('',(#5467));
#4540=EDGE_CURVE('',#5468,#5469,#5470,.T.);
#4541=EDGE_CURVE('',#5471,#5468,#5472,.T.);
#4542=EDGE_CURVE('',#5473,#5471,#5474,.T.);
#4543=EDGE_CURVE('',#5469,#5473,#5475,.T.);
#4544=FILL_AREA_STYLE('',(#5476));
#4545=EDGE_CURVE('',#5469,#5477,#5478,.T.);
#4546=EDGE_CURVE('',#5477,#5479,#5480,.T.);
#4547=EDGE_CURVE('',#5479,#5481,#5482,.T.);
#4548=EDGE_CURVE('',#5481,#5468,#5483,.T.);
#4549=FILL_AREA_STYLE('',(#5484));
#4550=EDGE_CURVE('',#5485,#5473,#5486,.T.);
#4551=EDGE_CURVE('',#5477,#5485,#5487,.T.);
#4552=FILL_AREA_STYLE('',(#5488));
#4553=EDGE_CURVE('',#5471,#5489,#5490,.T.);
#4554=EDGE_CURVE('',#5489,#5491,#5492,.T.);
#4555=EDGE_CURVE('',#5491,#5485,#5493,.T.);
#4556=FILL_AREA_STYLE('',(#5494));
#4557=EDGE_CURVE('',#5479,#5491,#5495,.T.);
#4558=EDGE_CURVE('',#5481,#5489,#5496,.T.);
#4559=FILL_AREA_STYLE('',(#5497));
#4560=FILL_AREA_STYLE('',(#5498));
#4561=FILL_AREA_STYLE('',(#5499));
#4562=EDGE_CURVE('',#5500,#5501,#5502,.T.);
#4563=EDGE_CURVE('',#5503,#5500,#5504,.T.);
#4564=EDGE_CURVE('',#5505,#5503,#5506,.T.);
#4565=EDGE_CURVE('',#5501,#5505,#5507,.T.);
#4566=FILL_AREA_STYLE('',(#5508));
#4567=EDGE_CURVE('',#5501,#5509,#5510,.T.);
#4568=EDGE_CURVE('',#5509,#5511,#5512,.T.);
#4569=EDGE_CURVE('',#5511,#5513,#5514,.T.);
#4570=EDGE_CURVE('',#5513,#5500,#5515,.T.);
#4571=FILL_AREA_STYLE('',(#5516));
#4572=EDGE_CURVE('',#5517,#5505,#5518,.T.);
#4573=EDGE_CURVE('',#5509,#5517,#5519,.T.);
#4574=FILL_AREA_STYLE('',(#5520));
#4575=EDGE_CURVE('',#5503,#5521,#5522,.T.);
#4576=EDGE_CURVE('',#5521,#5523,#5524,.T.);
#4577=EDGE_CURVE('',#5523,#5517,#5525,.T.);
#4578=FILL_AREA_STYLE('',(#5526));
#4579=EDGE_CURVE('',#5511,#5523,#5527,.T.);
#4580=EDGE_CURVE('',#5513,#5521,#5528,.T.);
#4581=FILL_AREA_STYLE('',(#5529));
#4582=FILL_AREA_STYLE('',(#5530));
#4583=FILL_AREA_STYLE('',(#5531));
#4584=EDGE_CURVE('',#5532,#5533,#5534,.T.);
#4585=EDGE_CURVE('',#5535,#5532,#5536,.T.);
#4586=EDGE_CURVE('',#5537,#5535,#5538,.T.);
#4587=EDGE_CURVE('',#5533,#5537,#5539,.T.);
#4588=FILL_AREA_STYLE('',(#5540));
#4589=EDGE_CURVE('',#5533,#5541,#5542,.T.);
#4590=EDGE_CURVE('',#5541,#5543,#5544,.T.);
#4591=EDGE_CURVE('',#5543,#5545,#5546,.T.);
#4592=EDGE_CURVE('',#5545,#5532,#5547,.T.);
#4593=FILL_AREA_STYLE('',(#5548));
#4594=EDGE_CURVE('',#5549,#5537,#5550,.T.);
#4595=EDGE_CURVE('',#5541,#5549,#5551,.T.);
#4596=FILL_AREA_STYLE('',(#5552));
#4597=EDGE_CURVE('',#5535,#5553,#5554,.T.);
#4598=EDGE_CURVE('',#5553,#5555,#5556,.T.);
#4599=EDGE_CURVE('',#5555,#5549,#5557,.T.);
#4600=FILL_AREA_STYLE('',(#5558));
#4601=EDGE_CURVE('',#5543,#5555,#5559,.T.);
#4602=EDGE_CURVE('',#5545,#5553,#5560,.T.);
#4603=FILL_AREA_STYLE('',(#5561));
#4604=FILL_AREA_STYLE('',(#5562));
#4605=FILL_AREA_STYLE('',(#5563));
#4606=EDGE_CURVE('',#5564,#5565,#5566,.T.);
#4607=EDGE_CURVE('',#5567,#5564,#5568,.T.);
#4608=EDGE_CURVE('',#5569,#5567,#5570,.T.);
#4609=EDGE_CURVE('',#5565,#5569,#5571,.T.);
#4610=FILL_AREA_STYLE('',(#5572));
#4611=EDGE_CURVE('',#5565,#5573,#5574,.T.);
#4612=EDGE_CURVE('',#5573,#5575,#5576,.T.);
#4613=EDGE_CURVE('',#5575,#5577,#5578,.T.);
#4614=EDGE_CURVE('',#5577,#5564,#5579,.T.);
#4615=FILL_AREA_STYLE('',(#5580));
#4616=EDGE_CURVE('',#5581,#5569,#5582,.T.);
#4617=EDGE_CURVE('',#5573,#5581,#5583,.T.);
#4618=FILL_AREA_STYLE('',(#5584));
#4619=EDGE_CURVE('',#5567,#5585,#5586,.T.);
#4620=EDGE_CURVE('',#5585,#5587,#5588,.T.);
#4621=EDGE_CURVE('',#5587,#5581,#5589,.T.);
#4622=FILL_AREA_STYLE('',(#5590));
#4623=EDGE_CURVE('',#5575,#5587,#5591,.T.);
#4624=EDGE_CURVE('',#5577,#5585,#5592,.T.);
#4625=FILL_AREA_STYLE('',(#5593));
#4626=FILL_AREA_STYLE('',(#5594));
#4627=FILL_AREA_STYLE('',(#5595));
#4628=EDGE_CURVE('',#5596,#5597,#5598,.T.);
#4629=EDGE_CURVE('',#5599,#5596,#5600,.T.);
#4630=EDGE_CURVE('',#5601,#5599,#5602,.T.);
#4631=EDGE_CURVE('',#5597,#5601,#5603,.T.);
#4632=FILL_AREA_STYLE('',(#5604));
#4633=EDGE_CURVE('',#5597,#5605,#5606,.T.);
#4634=EDGE_CURVE('',#5605,#5607,#5608,.T.);
#4635=EDGE_CURVE('',#5607,#5609,#5610,.T.);
#4636=EDGE_CURVE('',#5609,#5596,#5611,.T.);
#4637=FILL_AREA_STYLE('',(#5612));
#4638=EDGE_CURVE('',#5613,#5601,#5614,.T.);
#4639=EDGE_CURVE('',#5605,#5613,#5615,.T.);
#4640=FILL_AREA_STYLE('',(#5616));
#4641=EDGE_CURVE('',#5599,#5617,#5618,.T.);
#4642=EDGE_CURVE('',#5617,#5619,#5620,.T.);
#4643=EDGE_CURVE('',#5619,#5613,#5621,.T.);
#4644=FILL_AREA_STYLE('',(#5622));
#4645=EDGE_CURVE('',#5607,#5619,#5623,.T.);
#4646=EDGE_CURVE('',#5609,#5617,#5624,.T.);
#4647=FILL_AREA_STYLE('',(#5625));
#4648=FILL_AREA_STYLE('',(#5626));
#4649=FILL_AREA_STYLE('',(#5627));
#4650=EDGE_CURVE('',#5628,#5629,#5630,.T.);
#4651=EDGE_CURVE('',#5631,#5628,#5632,.T.);
#4652=EDGE_CURVE('',#5633,#5631,#5634,.T.);
#4653=EDGE_CURVE('',#5629,#5633,#5635,.T.);
#4654=FILL_AREA_STYLE('',(#5636));
#4655=EDGE_CURVE('',#5629,#5637,#5638,.T.);
#4656=EDGE_CURVE('',#5637,#5639,#5640,.T.);
#4657=EDGE_CURVE('',#5639,#5641,#5642,.T.);
#4658=EDGE_CURVE('',#5641,#5628,#5643,.T.);
#4659=FILL_AREA_STYLE('',(#5644));
#4660=EDGE_CURVE('',#5645,#5633,#5646,.T.);
#4661=EDGE_CURVE('',#5637,#5645,#5647,.T.);
#4662=FILL_AREA_STYLE('',(#5648));
#4663=EDGE_CURVE('',#5631,#5649,#5650,.T.);
#4664=EDGE_CURVE('',#5649,#5651,#5652,.T.);
#4665=EDGE_CURVE('',#5651,#5645,#5653,.T.);
#4666=FILL_AREA_STYLE('',(#5654));
#4667=EDGE_CURVE('',#5639,#5651,#5655,.T.);
#4668=EDGE_CURVE('',#5641,#5649,#5656,.T.);
#4669=FILL_AREA_STYLE('',(#5657));
#4670=FILL_AREA_STYLE('',(#5658));
#4671=FILL_AREA_STYLE('',(#5659));
#4672=FILL_AREA_STYLE('',(#5660));
#4673=FILL_AREA_STYLE('',(#5661));
#4674=FILL_AREA_STYLE('',(#5662));
#4675=FILL_AREA_STYLE('',(#5663));
#4676=FILL_AREA_STYLE('',(#5664));
#4677=FILL_AREA_STYLE('',(#5665));
#4678=EDGE_CURVE('',#5666,#5667,#5668,.T.);
#4679=EDGE_CURVE('',#5667,#5669,#5670,.T.);
#4680=EDGE_CURVE('',#5669,#5671,#5672,.T.);
#4681=EDGE_CURVE('',#5671,#5666,#5673,.T.);
#4682=FILL_AREA_STYLE('',(#5674));
#4683=EDGE_CURVE('',#5675,#5676,#5677,.T.);
#4684=EDGE_CURVE('',#5676,#5678,#5679,.T.);
#4685=EDGE_CURVE('',#5678,#5680,#5681,.T.);
#4686=EDGE_CURVE('',#5680,#5675,#5682,.T.);
#4687=FILL_AREA_STYLE('',(#5683));
#4688=EDGE_CURVE('',#5671,#5678,#5684,.T.);
#4689=EDGE_CURVE('',#5666,#5676,#5685,.T.);
#4690=FILL_AREA_STYLE('',(#5686));
#4691=EDGE_CURVE('',#5669,#5680,#5687,.T.);
#4692=FILL_AREA_STYLE('',(#5688));
#4693=EDGE_CURVE('',#5667,#5675,#5689,.T.);
#4694=FILL_AREA_STYLE('',(#5690));
#4695=FILL_AREA_STYLE('',(#5691));
#4696=EDGE_CURVE('',#5692,#5693,#5694,.T.);
#4697=EDGE_CURVE('',#5693,#5695,#5696,.T.);
#4698=EDGE_CURVE('',#5695,#5697,#5698,.T.);
#4699=EDGE_CURVE('',#5697,#5692,#5699,.T.);
#4700=FILL_AREA_STYLE('',(#5700));
#4701=EDGE_CURVE('',#5701,#5702,#5703,.T.);
#4702=EDGE_CURVE('',#5702,#5704,#5705,.T.);
#4703=EDGE_CURVE('',#5704,#5706,#5707,.T.);
#4704=EDGE_CURVE('',#5706,#5701,#5708,.T.);
#4705=FILL_AREA_STYLE('',(#5709));
#4706=EDGE_CURVE('',#5697,#5704,#5710,.T.);
#4707=EDGE_CURVE('',#5692,#5702,#5711,.T.);
#4708=FILL_AREA_STYLE('',(#5712));
#4709=EDGE_CURVE('',#5695,#5706,#5713,.T.);
#4710=FILL_AREA_STYLE('',(#5714));
#4711=EDGE_CURVE('',#5693,#5701,#5715,.T.);
#4712=FILL_AREA_STYLE('',(#5716));
#4713=FILL_AREA_STYLE('',(#5717));
#4714=FILL_AREA_STYLE('',(#5718));
#4715=FILL_AREA_STYLE('',(#5719));
#4716=EDGE_CURVE('',#5720,#5721,#5722,.T.);
#4717=EDGE_CURVE('',#5721,#5723,#5724,.T.);
#4718=EDGE_CURVE('',#5723,#5725,#5726,.T.);
#4719=EDGE_CURVE('',#5725,#5720,#5727,.T.);
#4720=FILL_AREA_STYLE('',(#5728));
#4721=EDGE_CURVE('',#5729,#5730,#5731,.T.);
#4722=EDGE_CURVE('',#5730,#5732,#5733,.T.);
#4723=EDGE_CURVE('',#5732,#5734,#5735,.T.);
#4724=EDGE_CURVE('',#5734,#5729,#5736,.T.);
#4725=FILL_AREA_STYLE('',(#5737));
#4726=EDGE_CURVE('',#5725,#5732,#5738,.T.);
#4727=EDGE_CURVE('',#5720,#5730,#5739,.T.);
#4728=FILL_AREA_STYLE('',(#5740));
#4729=EDGE_CURVE('',#5723,#5734,#5741,.T.);
#4730=FILL_AREA_STYLE('',(#5742));
#4731=EDGE_CURVE('',#5721,#5729,#5743,.T.);
#4732=FILL_AREA_STYLE('',(#5744));
#4733=FILL_AREA_STYLE('',(#5745));
#4734=EDGE_CURVE('',#5746,#5747,#5748,.T.);
#4735=EDGE_CURVE('',#5747,#5749,#5750,.T.);
#4736=EDGE_CURVE('',#5749,#5751,#5752,.T.);
#4737=EDGE_CURVE('',#5751,#5746,#5753,.T.);
#4738=FILL_AREA_STYLE('',(#5754));
#4739=EDGE_CURVE('',#5755,#5756,#5757,.T.);
#4740=EDGE_CURVE('',#5756,#5758,#5759,.T.);
#4741=EDGE_CURVE('',#5758,#5760,#5761,.T.);
#4742=EDGE_CURVE('',#5760,#5755,#5762,.T.);
#4743=FILL_AREA_STYLE('',(#5763));
#4744=EDGE_CURVE('',#5751,#5758,#5764,.T.);
#4745=EDGE_CURVE('',#5746,#5756,#5765,.T.);
#4746=FILL_AREA_STYLE('',(#5766));
#4747=EDGE_CURVE('',#5749,#5760,#5767,.T.);
#4748=FILL_AREA_STYLE('',(#5768));
#4749=EDGE_CURVE('',#5747,#5755,#5769,.T.);
#4750=FILL_AREA_STYLE('',(#5770));
#4751=FILL_AREA_STYLE('',(#5771));
#4752=FILL_AREA_STYLE('',(#5772));
#4753=FILL_AREA_STYLE_COLOUR('',#5773);
#4754=VERTEX_POINT('',#5774);
#4755=VERTEX_POINT('',#5775);
#4756=LINE('',#5776,#5777);
#4757=VERTEX_POINT('',#5778);
#4758=CIRCLE('',#5779,0.0002);
#4759=VERTEX_POINT('',#5780);
#4760=LINE('',#5781,#5782);
#4761=CIRCLE('',#5783,0.0002);
#4762=FILL_AREA_STYLE_COLOUR('',#5784);
#4763=VERTEX_POINT('',#5785);
#4764=VERTEX_POINT('',#5786);
#4765=LINE('',#5787,#5788);
#4766=VERTEX_POINT('',#5789);
#4767=LINE('',#5790,#5791);
#4768=VERTEX_POINT('',#5792);
#4769=LINE('',#5793,#5794);
#4770=LINE('',#5795,#5796);
#4771=FILL_AREA_STYLE_COLOUR('',#5797);
#4772=VERTEX_POINT('',#5798);
#4773=LINE('',#5799,#5800);
#4774=VERTEX_POINT('',#5801);
#4775=LINE('',#5802,#5803);
#4776=LINE('',#5804,#5805);
#4777=FILL_AREA_STYLE_COLOUR('',#5806);
#4778=VERTEX_POINT('',#5807);
#4779=LINE('',#5808,#5809);
#4780=LINE('',#5810,#5811);
#4781=FILL_AREA_STYLE_COLOUR('',#5812);
#4782=VERTEX_POINT('',#5813);
#4783=LINE('',#5814,#5815);
#4784=LINE('',#5816,#5817);
#4785=FILL_AREA_STYLE_COLOUR('',#5818);
#4786=LINE('',#5819,#5820);
#4787=FILL_AREA_STYLE_COLOUR('',#5821);
#4788=VERTEX_POINT('',#5822);
#4789=VERTEX_POINT('',#5823);
#4790=LINE('',#5824,#5825);
#4791=VERTEX_POINT('',#5826);
#4792=LINE('',#5827,#5828);
#4793=VERTEX_POINT('',#5829);
#4794=LINE('',#5830,#5831);
#4795=LINE('',#5832,#5833);
#4796=FILL_AREA_STYLE_COLOUR('',#5834);
#4797=VERTEX_POINT('',#5835);
#4798=VERTEX_POINT('',#5836);
#4799=LINE('',#5837,#5838);
#4800=VERTEX_POINT('',#5839);
#4801=LINE('',#5840,#5841);
#4802=VERTEX_POINT('',#5842);
#4803=LINE('',#5843,#5844);
#4804=LINE('',#5845,#5846);
#4805=FILL_AREA_STYLE_COLOUR('',#5847);
#4806=VERTEX_POINT('',#5848);
#4807=LINE('',#5849,#5850);
#4808=VERTEX_POINT('',#5851);
#4809=LINE('',#5852,#5853);
#4810=LINE('',#5854,#5855);
#4811=FILL_AREA_STYLE_COLOUR('',#5856);
#4812=VERTEX_POINT('',#5857);
#4813=LINE('',#5858,#5859);
#4814=VERTEX_POINT('',#5860);
#4815=LINE('',#5861,#5862);
#4816=LINE('',#5863,#5864);
#4817=FILL_AREA_STYLE_COLOUR('',#5865);
#4818=VERTEX_POINT('',#5866);
#4819=LINE('',#5867,#5868);
#4820=VERTEX_POINT('',#5869);
#4821=LINE('',#5870,#5871);
#4822=LINE('',#5872,#5873);
#4823=FILL_AREA_STYLE_COLOUR('',#5874);
#4824=VERTEX_POINT('',#5875);
#4825=LINE('',#5876,#5877);
#4826=VERTEX_POINT('',#5878);
#4827=LINE('',#5879,#5880);
#4828=LINE('',#5881,#5882);
#4829=FILL_AREA_STYLE_COLOUR('',#5883);
#4830=LINE('',#5884,#5885);
#4831=LINE('',#5886,#5887);
#4832=FILL_AREA_STYLE_COLOUR('',#5888);
#4833=VERTEX_POINT('',#5889);
#4834=LINE('',#5890,#5891);
#4835=VERTEX_POINT('',#5892);
#4836=LINE('',#5893,#5894);
#4837=LINE('',#5895,#5896);
#4838=FILL_AREA_STYLE_COLOUR('',#5897);
#4839=VERTEX_POINT('',#5898);
#4840=LINE('',#5899,#5900);
#4841=VERTEX_POINT('',#5901);
#4842=LINE('',#5902,#5903);
#4843=LINE('',#5904,#5905);
#4844=FILL_AREA_STYLE_COLOUR('',#5906);
#4845=VERTEX_POINT('',#5907);
#4846=LINE('',#5908,#5909);
#4847=VERTEX_POINT('',#5910);
#4848=LINE('',#5911,#5912);
#4849=LINE('',#5913,#5914);
#4850=FILL_AREA_STYLE_COLOUR('',#5915);
#4851=LINE('',#5916,#5917);
#4852=LINE('',#5918,#5919);
#4853=FILL_AREA_STYLE_COLOUR('',#5920);
#4854=FILL_AREA_STYLE_COLOUR('',#5921);
#4855=VERTEX_POINT('',#5922);
#4856=VERTEX_POINT('',#5923);
#4857=LINE('',#5924,#5925);
#4858=VERTEX_POINT('',#5926);
#4859=LINE('',#5927,#5928);
#4860=VERTEX_POINT('',#5929);
#4861=LINE('',#5930,#5931);
#4862=LINE('',#5932,#5933);
#4863=FILL_AREA_STYLE_COLOUR('',#5934);
#4864=VERTEX_POINT('',#5935);
#4865=LINE('',#5936,#5937);
#4866=VERTEX_POINT('',#5938);
#4867=LINE('',#5939,#5940);
#4868=LINE('',#5941,#5942);
#4869=FILL_AREA_STYLE_COLOUR('',#5943);
#4870=VERTEX_POINT('',#5944);
#4871=LINE('',#5945,#5946);
#4872=LINE('',#5947,#5948);
#4873=FILL_AREA_STYLE_COLOUR('',#5949);
#4874=VERTEX_POINT('',#5950);
#4875=LINE('',#5951,#5952);
#4876=LINE('',#5953,#5954);
#4877=FILL_AREA_STYLE_COLOUR('',#5955);
#4878=LINE('',#5956,#5957);
#4879=FILL_AREA_STYLE_COLOUR('',#5958);
#4880=CIRCLE('',#5959,0.0002);
#4881=FILL_AREA_STYLE_COLOUR('',#5960);
#4882=FILL_AREA_STYLE_COLOUR('',#5961);
#4883=CIRCLE('',#5962,0.0002);
#4884=FILL_AREA_STYLE_COLOUR('',#5963);
#4885=FILL_AREA_STYLE_COLOUR('',#5964);
#4886=FILL_AREA_STYLE_COLOUR('',#5965);
#4887=VERTEX_POINT('',#5966);
#4888=VERTEX_POINT('',#5967);
#4889=LINE('',#5968,#5969);
#4890=VERTEX_POINT('',#5970);
#4891=CIRCLE('',#5971,0.755);
#4892=VERTEX_POINT('',#5972);
#4893=LINE('',#5973,#5974);
#4894=VERTEX_POINT('',#5975);
#4895=CIRCLE('',#5976,0.755);
#4896=VERTEX_POINT('',#5977);
#4897=LINE('',#5978,#5979);
#4898=CIRCLE('',#5980,0.755);
#4899=FILL_AREA_STYLE_COLOUR('',#5981);
#4900=VERTEX_POINT('',#5982);
#4901=LINE('',#5983,#5984);
#4902=VERTEX_POINT('',#5985);
#4903=LINE('',#5986,#5987);
#4904=CIRCLE('',#5988,0.755);
#4905=FILL_AREA_STYLE_COLOUR('',#5989);
#4906=VERTEX_POINT('',#5990);
#4907=VERTEX_POINT('',#5991);
#4908=CIRCLE('',#5992,0.755);
#4909=LINE('',#5993,#5994);
#4910=LINE('',#5995,#5996);
#4911=FILL_AREA_STYLE_COLOUR('',#5997);
#4912=VERTEX_POINT('',#5998);
#4913=VERTEX_POINT('',#5999);
#4914=CIRCLE('',#6000,0.755);
#4915=LINE('',#6001,#6002);
#4916=LINE('',#6003,#6004);
#4917=FILL_AREA_STYLE_COLOUR('',#6005);
#4918=LINE('',#6006,#6007);
#4919=FILL_AREA_STYLE_COLOUR('',#6008);
#4920=LINE('',#6009,#6010);
#4921=FILL_AREA_STYLE_COLOUR('',#6011);
#4922=VERTEX_POINT('',#6012);
#4923=LINE('',#6013,#6014);
#4924=VERTEX_POINT('',#6015);
#4925=LINE('',#6016,#6017);
#4926=VERTEX_POINT('',#6018);
#4927=LINE('',#6019,#6020);
#4928=VERTEX_POINT('',#6021);
#4929=LINE('',#6022,#6023);
#4930=VERTEX_POINT('',#6024);
#4931=LINE('',#6025,#6026);
#4932=VERTEX_POINT('',#6027);
#4933=LINE('',#6028,#6029);
#4934=VERTEX_POINT('',#6030);
#4935=LINE('',#6031,#6032);
#4936=VERTEX_POINT('',#6033);
#4937=LINE('',#6034,#6035);
#4938=LINE('',#6036,#6037);
#4939=FILL_AREA_STYLE_COLOUR('',#6038);
#4940=VERTEX_POINT('',#6039);
#4941=VERTEX_POINT('',#6040);
#4942=CIRCLE('',#6041,0.755);
#4943=VERTEX_POINT('',#6042);
#4944=LINE('',#6043,#6044);
#4945=VERTEX_POINT('',#6045);
#4946=CIRCLE('',#6046,0.755);
#4947=LINE('',#6047,#6048);
#4948=FILL_AREA_STYLE_COLOUR('',#6049);
#4949=VERTEX_POINT('',#6050);
#4950=LINE('',#6051,#6052);
#4951=VERTEX_POINT('',#6053);
#4952=LINE('',#6054,#6055);
#4953=LINE('',#6056,#6057);
#4954=FILL_AREA_STYLE_COLOUR('',#6058);
#4955=VERTEX_POINT('',#6059);
#4956=CIRCLE('',#6060,0.755);
#4957=VERTEX_POINT('',#6061);
#4958=CIRCLE('',#6062,0.755);
#4959=LINE('',#6063,#6064);
#4960=FILL_AREA_STYLE_COLOUR('',#6065);
#4961=LINE('',#6066,#6067);
#4962=LINE('',#6068,#6069);
#4963=FILL_AREA_STYLE_COLOUR('',#6070);
#4964=FILL_AREA_STYLE_COLOUR('',#6071);
#4965=VERTEX_POINT('',#6072);
#4966=VERTEX_POINT('',#6073);
#4967=LINE('',#6074,#6075);
#4968=VERTEX_POINT('',#6076);
#4969=LINE('',#6077,#6078);
#4970=VERTEX_POINT('',#6079);
#4971=LINE('',#6080,#6081);
#4972=LINE('',#6082,#6083);
#4973=FILL_AREA_STYLE_COLOUR('',#6084);
#4974=VERTEX_POINT('',#6085);
#4975=CIRCLE('',#6086,0.755);
#4976=VERTEX_POINT('',#6087);
#4977=CIRCLE('',#6088,0.755);
#4978=LINE('',#6089,#6090);
#4979=FILL_AREA_STYLE_COLOUR('',#6091);
#4980=VERTEX_POINT('',#6092);
#4981=VERTEX_POINT('',#6093);
#4982=LINE('',#6094,#6095);
#4983=VERTEX_POINT('',#6096);
#4984=CIRCLE('',#6097,0.755);
#4985=VERTEX_POINT('',#6098);
#4986=LINE('',#6099,#6100);
#4987=CIRCLE('',#6101,0.755);
#4988=FILL_AREA_STYLE_COLOUR('',#6102);
#4989=LINE('',#6103,#6104);
#4990=LINE('',#6105,#6106);
#4991=FILL_AREA_STYLE_COLOUR('',#6107);
#4992=VERTEX_POINT('',#6108);
#4993=CIRCLE('',#6109,0.755);
#4994=VERTEX_POINT('',#6110);
#4995=LINE('',#6111,#6112);
#4996=CIRCLE('',#6113,0.755);
#4997=FILL_AREA_STYLE_COLOUR('',#6114);
#4998=LINE('',#6115,#6116);
#4999=FILL_AREA_STYLE_COLOUR('',#6117);
#5000=VERTEX_POINT('',#6118);
#5001=CIRCLE('',#6119,0.755);
#5002=VERTEX_POINT('',#6120);
#5003=LINE('',#6121,#6122);
#5004=VERTEX_POINT('',#6123);
#5005=CIRCLE('',#6124,0.755);
#5006=VERTEX_POINT('',#6125);
#5007=LINE('',#6126,#6127);
#5008=CIRCLE('',#6128,0.755);
#5009=VERTEX_POINT('',#6129);
#5010=LINE('',#6130,#6131);
#5011=VERTEX_POINT('',#6132);
#5012=LINE('',#6133,#6134);
#5013=VERTEX_POINT('',#6135);
#5014=CIRCLE('',#6136,0.755);
#5015=VERTEX_POINT('',#6137);
#5016=LINE('',#6138,#6139);
#5017=VERTEX_POINT('',#6140);
#5018=CIRCLE('',#6141,0.755);
#5019=VERTEX_POINT('',#6142);
#5020=LINE('',#6143,#6144);
#5021=VERTEX_POINT('',#6145);
#5022=CIRCLE('',#6146,0.755);
#5023=LINE('',#6147,#6148);
#5024=VERTEX_POINT('',#6149);
#5025=LINE('',#6150,#6151);
#5026=LINE('',#6152,#6153);
#5027=VERTEX_POINT('',#6154);
#5028=VERTEX_POINT('',#6155);
#5029=CIRCLE('',#6156,0.755);
#5030=VERTEX_POINT('',#6157);
#5031=LINE('',#6158,#6159);
#5032=VERTEX_POINT('',#6160);
#5033=CIRCLE('',#6161,0.755);
#5034=LINE('',#6162,#6163);
#5035=FILL_AREA_STYLE_COLOUR('',#6164);
#5036=VERTEX_POINT('',#6165);
#5037=CIRCLE('',#6166,0.755);
#5038=VERTEX_POINT('',#6167);
#5039=LINE('',#6168,#6169);
#5040=VERTEX_POINT('',#6170);
#5041=CIRCLE('',#6171,0.755);
#5042=VERTEX_POINT('',#6172);
#5043=LINE('',#6173,#6174);
#5044=CIRCLE('',#6175,0.755);
#5045=FILL_AREA_STYLE_COLOUR('',#6176);
#5046=LINE('',#6177,#6178);
#5047=FILL_AREA_STYLE_COLOUR('',#6179);
#5048=LINE('',#6180,#6181);
#5049=FILL_AREA_STYLE_COLOUR('',#6182);
#5050=LINE('',#6183,#6184);
#5051=LINE('',#6185,#6186);
#5052=FILL_AREA_STYLE_COLOUR('',#6187);
#5053=FILL_AREA_STYLE_COLOUR('',#6188);
#5054=FILL_AREA_STYLE_COLOUR('',#6189);
#5055=VERTEX_POINT('',#6190);
#5056=LINE('',#6191,#6192);
#5057=VERTEX_POINT('',#6193);
#5058=CIRCLE('',#6194,0.755);
#5059=LINE('',#6195,#6196);
#5060=FILL_AREA_STYLE_COLOUR('',#6197);
#5061=VERTEX_POINT('',#6198);
#5062=LINE('',#6199,#6200);
#5063=LINE('',#6201,#6202);
#5064=FILL_AREA_STYLE_COLOUR('',#6203);
#5065=VERTEX_POINT('',#6204);
#5066=CIRCLE('',#6205,0.755);
#5067=LINE('',#6206,#6207);
#5068=FILL_AREA_STYLE_COLOUR('',#6208);
#5069=LINE('',#6209,#6210);
#5070=FILL_AREA_STYLE_COLOUR('',#6211);
#5071=FILL_AREA_STYLE_COLOUR('',#6212);
#5072=VERTEX_POINT('',#6213);
#5073=LINE('',#6214,#6215);
#5074=VERTEX_POINT('',#6216);
#5075=LINE('',#6217,#6218);
#5076=LINE('',#6219,#6220);
#5077=FILL_AREA_STYLE_COLOUR('',#6221);
#5078=VERTEX_POINT('',#6222);
#5079=CIRCLE('',#6223,0.755);
#5080=LINE('',#6224,#6225);
#5081=FILL_AREA_STYLE_COLOUR('',#6226);
#5082=VERTEX_POINT('',#6227);
#5083=LINE('',#6228,#6229);
#5084=VERTEX_POINT('',#6230);
#5085=LINE('',#6231,#6232);
#5086=CIRCLE('',#6233,0.755);
#5087=FILL_AREA_STYLE_COLOUR('',#6234);
#5088=LINE('',#6235,#6236);
#5089=FILL_AREA_STYLE_COLOUR('',#6237);
#5090=VERTEX_POINT('',#6238);
#5091=LINE('',#6239,#6240);
#5092=CIRCLE('',#6241,0.755);
#5093=FILL_AREA_STYLE_COLOUR('',#6242);
#5094=LINE('',#6243,#6244);
#5095=FILL_AREA_STYLE_COLOUR('',#6245);
#5096=VERTEX_POINT('',#6246);
#5097=LINE('',#6247,#6248);
#5098=VERTEX_POINT('',#6249);
#5099=LINE('',#6250,#6251);
#5100=LINE('',#6252,#6253);
#5101=FILL_AREA_STYLE_COLOUR('',#6254);
#5102=LINE('',#6255,#6256);
#5103=FILL_AREA_STYLE_COLOUR('',#6257);
#5104=LINE('',#6258,#6259);
#5105=FILL_AREA_STYLE_COLOUR('',#6260);
#5106=FILL_AREA_STYLE_COLOUR('',#6261);
#5107=FILL_AREA_STYLE_COLOUR('',#6262);
#5108=VERTEX_POINT('',#6263);
#5109=VERTEX_POINT('',#6264);
#5110=CIRCLE('',#6265,0.75);
#5111=VERTEX_POINT('',#6266);
#5112=LINE('',#6267,#6268);
#5113=VERTEX_POINT('',#6269);
#5114=CIRCLE('',#6270,0.75);
#5115=LINE('',#6271,#6272);
#5116=FILL_AREA_STYLE_COLOUR('',#6273);
#5117=VERTEX_POINT('',#6274);
#5118=LINE('',#6275,#6276);
#5119=VERTEX_POINT('',#6277);
#5120=LINE('',#6278,#6279);
#5121=LINE('',#6280,#6281);
#5122=FILL_AREA_STYLE_COLOUR('',#6282);
#5123=VERTEX_POINT('',#6283);
#5124=CIRCLE('',#6284,0.75);
#5125=VERTEX_POINT('',#6285);
#5126=LINE('',#6286,#6287);
#5127=CIRCLE('',#6288,0.75);
#5128=FILL_AREA_STYLE_COLOUR('',#6289);
#5129=LINE('',#6290,#6291);
#5130=LINE('',#6292,#6293);
#5131=FILL_AREA_STYLE_COLOUR('',#6294);
#5132=FILL_AREA_STYLE_COLOUR('',#6295);
#5133=FILL_AREA_STYLE_COLOUR('',#6296);
#5134=VERTEX_POINT('',#6297);
#5135=VERTEX_POINT('',#6298);
#5136=CIRCLE('',#6299,0.75);
#5137=VERTEX_POINT('',#6300);
#5138=LINE('',#6301,#6302);
#5139=VERTEX_POINT('',#6303);
#5140=CIRCLE('',#6304,0.75);
#5141=LINE('',#6305,#6306);
#5142=FILL_AREA_STYLE_COLOUR('',#6307);
#5143=VERTEX_POINT('',#6308);
#5144=LINE('',#6309,#6310);
#5145=VERTEX_POINT('',#6311);
#5146=LINE('',#6312,#6313);
#5147=LINE('',#6314,#6315);
#5148=FILL_AREA_STYLE_COLOUR('',#6316);
#5149=VERTEX_POINT('',#6317);
#5150=CIRCLE('',#6318,0.75);
#5151=VERTEX_POINT('',#6319);
#5152=LINE('',#6320,#6321);
#5153=CIRCLE('',#6322,0.75);
#5154=FILL_AREA_STYLE_COLOUR('',#6323);
#5155=LINE('',#6324,#6325);
#5156=LINE('',#6326,#6327);
#5157=FILL_AREA_STYLE_COLOUR('',#6328);
#5158=FILL_AREA_STYLE_COLOUR('',#6329);
#5159=FILL_AREA_STYLE_COLOUR('',#6330);
#5160=FILL_AREA_STYLE_COLOUR('',#6331);
#5161=FILL_AREA_STYLE_COLOUR('',#6332);
#5162=VERTEX_POINT('',#6333);
#5163=VERTEX_POINT('',#6334);
#5164=CIRCLE('',#6335,0.75);
#5165=VERTEX_POINT('',#6336);
#5166=LINE('',#6337,#6338);
#5167=VERTEX_POINT('',#6339);
#5168=CIRCLE('',#6340,0.75);
#5169=LINE('',#6341,#6342);
#5170=FILL_AREA_STYLE_COLOUR('',#6343);
#5171=VERTEX_POINT('',#6344);
#5172=LINE('',#6345,#6346);
#5173=VERTEX_POINT('',#6347);
#5174=LINE('',#6348,#6349);
#5175=LINE('',#6350,#6351);
#5176=FILL_AREA_STYLE_COLOUR('',#6352);
#5177=VERTEX_POINT('',#6353);
#5178=CIRCLE('',#6354,0.75);
#5179=VERTEX_POINT('',#6355);
#5180=LINE('',#6356,#6357);
#5181=CIRCLE('',#6358,0.75);
#5182=FILL_AREA_STYLE_COLOUR('',#6359);
#5183=LINE('',#6360,#6361);
#5184=LINE('',#6362,#6363);
#5185=FILL_AREA_STYLE_COLOUR('',#6364);
#5186=FILL_AREA_STYLE_COLOUR('',#6365);
#5187=FILL_AREA_STYLE_COLOUR('',#6366);
#5188=VERTEX_POINT('',#6367);
#5189=VERTEX_POINT('',#6368);
#5190=CIRCLE('',#6369,0.75);
#5191=VERTEX_POINT('',#6370);
#5192=LINE('',#6371,#6372);
#5193=VERTEX_POINT('',#6373);
#5194=CIRCLE('',#6374,0.75);
#5195=LINE('',#6375,#6376);
#5196=FILL_AREA_STYLE_COLOUR('',#6377);
#5197=VERTEX_POINT('',#6378);
#5198=LINE('',#6379,#6380);
#5199=VERTEX_POINT('',#6381);
#5200=LINE('',#6382,#6383);
#5201=LINE('',#6384,#6385);
#5202=FILL_AREA_STYLE_COLOUR('',#6386);
#5203=VERTEX_POINT('',#6387);
#5204=CIRCLE('',#6388,0.75);
#5205=VERTEX_POINT('',#6389);
#5206=LINE('',#6390,#6391);
#5207=CIRCLE('',#6392,0.75);
#5208=FILL_AREA_STYLE_COLOUR('',#6393);
#5209=LINE('',#6394,#6395);
#5210=LINE('',#6396,#6397);
#5211=FILL_AREA_STYLE_COLOUR('',#6398);
#5212=FILL_AREA_STYLE_COLOUR('',#6399);
#5213=FILL_AREA_STYLE_COLOUR('',#6400);
#5214=FILL_AREA_STYLE_COLOUR('',#6401);
#5215=FILL_AREA_STYLE_COLOUR('',#6402);
#5216=VERTEX_POINT('',#6403);
#5217=VERTEX_POINT('',#6404);
#5218=CIRCLE('',#6405,0.75);
#5219=VERTEX_POINT('',#6406);
#5220=LINE('',#6407,#6408);
#5221=VERTEX_POINT('',#6409);
#5222=CIRCLE('',#6410,0.75);
#5223=LINE('',#6411,#6412);
#5224=FILL_AREA_STYLE_COLOUR('',#6413);
#5225=VERTEX_POINT('',#6414);
#5226=LINE('',#6415,#6416);
#5227=VERTEX_POINT('',#6417);
#5228=LINE('',#6418,#6419);
#5229=LINE('',#6420,#6421);
#5230=FILL_AREA_STYLE_COLOUR('',#6422);
#5231=VERTEX_POINT('',#6423);
#5232=CIRCLE('',#6424,0.75);
#5233=VERTEX_POINT('',#6425);
#5234=LINE('',#6426,#6427);
#5235=CIRCLE('',#6428,0.75);
#5236=FILL_AREA_STYLE_COLOUR('',#6429);
#5237=LINE('',#6430,#6431);
#5238=LINE('',#6432,#6433);
#5239=FILL_AREA_STYLE_COLOUR('',#6434);
#5240=FILL_AREA_STYLE_COLOUR('',#6435);
#5241=FILL_AREA_STYLE_COLOUR('',#6436);
#5242=VERTEX_POINT('',#6437);
#5243=VERTEX_POINT('',#6438);
#5244=CIRCLE('',#6439,0.75);
#5245=VERTEX_POINT('',#6440);
#5246=LINE('',#6441,#6442);
#5247=VERTEX_POINT('',#6443);
#5248=CIRCLE('',#6444,0.75);
#5249=LINE('',#6445,#6446);
#5250=FILL_AREA_STYLE_COLOUR('',#6447);
#5251=VERTEX_POINT('',#6448);
#5252=LINE('',#6449,#6450);
#5253=VERTEX_POINT('',#6451);
#5254=LINE('',#6452,#6453);
#5255=LINE('',#6454,#6455);
#5256=FILL_AREA_STYLE_COLOUR('',#6456);
#5257=VERTEX_POINT('',#6457);
#5258=CIRCLE('',#6458,0.75);
#5259=VERTEX_POINT('',#6459);
#5260=LINE('',#6460,#6461);
#5261=CIRCLE('',#6462,0.75);
#5262=FILL_AREA_STYLE_COLOUR('',#6463);
#5263=LINE('',#6464,#6465);
#5264=LINE('',#6466,#6467);
#5265=FILL_AREA_STYLE_COLOUR('',#6468);
#5266=FILL_AREA_STYLE_COLOUR('',#6469);
#5267=FILL_AREA_STYLE_COLOUR('',#6470);
#5268=FILL_AREA_STYLE_COLOUR('',#6471);
#5269=FILL_AREA_STYLE_COLOUR('',#6472);
#5270=VERTEX_POINT('',#6473);
#5271=VERTEX_POINT('',#6474);
#5272=LINE('',#6475,#6476);
#5273=VERTEX_POINT('',#6477);
#5274=LINE('',#6478,#6479);
#5275=VERTEX_POINT('',#6480);
#5276=LINE('',#6481,#6482);
#5277=LINE('',#6483,#6484);
#5278=FILL_AREA_STYLE_COLOUR('',#6485);
#5279=VERTEX_POINT('',#6486);
#5280=LINE('',#6487,#6488);
#5281=VERTEX_POINT('',#6489);
#5282=LINE('',#6490,#6491);
#5283=VERTEX_POINT('',#6492);
#5284=LINE('',#6493,#6494);
#5285=LINE('',#6495,#6496);
#5286=FILL_AREA_STYLE_COLOUR('',#6497);
#5287=VERTEX_POINT('',#6498);
#5288=LINE('',#6499,#6500);
#5289=LINE('',#6501,#6502);
#5290=FILL_AREA_STYLE_COLOUR('',#6503);
#5291=VERTEX_POINT('',#6504);
#5292=LINE('',#6505,#6506);
#5293=VERTEX_POINT('',#6507);
#5294=LINE('',#6508,#6509);
#5295=LINE('',#6510,#6511);
#5296=FILL_AREA_STYLE_COLOUR('',#6512);
#5297=LINE('',#6513,#6514);
#5298=LINE('',#6515,#6516);
#5299=FILL_AREA_STYLE_COLOUR('',#6517);
#5300=FILL_AREA_STYLE_COLOUR('',#6518);
#5301=FILL_AREA_STYLE_COLOUR('',#6519);
#5302=VERTEX_POINT('',#6520);
#5303=VERTEX_POINT('',#6521);
#5304=LINE('',#6522,#6523);
#5305=VERTEX_POINT('',#6524);
#5306=LINE('',#6525,#6526);
#5307=VERTEX_POINT('',#6527);
#5308=LINE('',#6528,#6529);
#5309=LINE('',#6530,#6531);
#5310=FILL_AREA_STYLE_COLOUR('',#6532);
#5311=VERTEX_POINT('',#6533);
#5312=LINE('',#6534,#6535);
#5313=VERTEX_POINT('',#6536);
#5314=LINE('',#6537,#6538);
#5315=VERTEX_POINT('',#6539);
#5316=LINE('',#6540,#6541);
#5317=LINE('',#6542,#6543);
#5318=FILL_AREA_STYLE_COLOUR('',#6544);
#5319=VERTEX_POINT('',#6545);
#5320=LINE('',#6546,#6547);
#5321=LINE('',#6548,#6549);
#5322=FILL_AREA_STYLE_COLOUR('',#6550);
#5323=VERTEX_POINT('',#6551);
#5324=LINE('',#6552,#6553);
#5325=VERTEX_POINT('',#6554);
#5326=LINE('',#6555,#6556);
#5327=LINE('',#6557,#6558);
#5328=FILL_AREA_STYLE_COLOUR('',#6559);
#5329=LINE('',#6560,#6561);
#5330=LINE('',#6562,#6563);
#5331=FILL_AREA_STYLE_COLOUR('',#6564);
#5332=FILL_AREA_STYLE_COLOUR('',#6565);
#5333=FILL_AREA_STYLE_COLOUR('',#6566);
#5334=VERTEX_POINT('',#6567);
#5335=VERTEX_POINT('',#6568);
#5336=LINE('',#6569,#6570);
#5337=VERTEX_POINT('',#6571);
#5338=LINE('',#6572,#6573);
#5339=VERTEX_POINT('',#6574);
#5340=LINE('',#6575,#6576);
#5341=LINE('',#6577,#6578);
#5342=FILL_AREA_STYLE_COLOUR('',#6579);
#5343=VERTEX_POINT('',#6580);
#5344=LINE('',#6581,#6582);
#5345=VERTEX_POINT('',#6583);
#5346=LINE('',#6584,#6585);
#5347=VERTEX_POINT('',#6586);
#5348=LINE('',#6587,#6588);
#5349=LINE('',#6589,#6590);
#5350=FILL_AREA_STYLE_COLOUR('',#6591);
#5351=VERTEX_POINT('',#6592);
#5352=LINE('',#6593,#6594);
#5353=LINE('',#6595,#6596);
#5354=FILL_AREA_STYLE_COLOUR('',#6597);
#5355=VERTEX_POINT('',#6598);
#5356=LINE('',#6599,#6600);
#5357=VERTEX_POINT('',#6601);
#5358=LINE('',#6602,#6603);
#5359=LINE('',#6604,#6605);
#5360=FILL_AREA_STYLE_COLOUR('',#6606);
#5361=LINE('',#6607,#6608);
#5362=LINE('',#6609,#6610);
#5363=FILL_AREA_STYLE_COLOUR('',#6611);
#5364=FILL_AREA_STYLE_COLOUR('',#6612);
#5365=FILL_AREA_STYLE_COLOUR('',#6613);
#5366=VERTEX_POINT('',#6614);
#5367=VERTEX_POINT('',#6615);
#5368=LINE('',#6616,#6617);
#5369=VERTEX_POINT('',#6618);
#5370=LINE('',#6619,#6620);
#5371=VERTEX_POINT('',#6621);
#5372=LINE('',#6622,#6623);
#5373=LINE('',#6624,#6625);
#5374=FILL_AREA_STYLE_COLOUR('',#6626);
#5375=VERTEX_POINT('',#6627);
#5376=LINE('',#6628,#6629);
#5377=VERTEX_POINT('',#6630);
#5378=LINE('',#6631,#6632);
#5379=VERTEX_POINT('',#6633);
#5380=LINE('',#6634,#6635);
#5381=LINE('',#6636,#6637);
#5382=FILL_AREA_STYLE_COLOUR('',#6638);
#5383=VERTEX_POINT('',#6639);
#5384=LINE('',#6640,#6641);
#5385=LINE('',#6642,#6643);
#5386=FILL_AREA_STYLE_COLOUR('',#6644);
#5387=VERTEX_POINT('',#6645);
#5388=LINE('',#6646,#6647);
#5389=VERTEX_POINT('',#6648);
#5390=LINE('',#6649,#6650);
#5391=LINE('',#6651,#6652);
#5392=FILL_AREA_STYLE_COLOUR('',#6653);
#5393=LINE('',#6654,#6655);
#5394=LINE('',#6656,#6657);
#5395=FILL_AREA_STYLE_COLOUR('',#6658);
#5396=FILL_AREA_STYLE_COLOUR('',#6659);
#5397=FILL_AREA_STYLE_COLOUR('',#6660);
#5398=VERTEX_POINT('',#6661);
#5399=VERTEX_POINT('',#6662);
#5400=LINE('',#6663,#6664);
#5401=VERTEX_POINT('',#6665);
#5402=LINE('',#6666,#6667);
#5403=VERTEX_POINT('',#6668);
#5404=LINE('',#6669,#6670);
#5405=LINE('',#6671,#6672);
#5406=FILL_AREA_STYLE_COLOUR('',#6673);
#5407=VERTEX_POINT('',#6674);
#5408=LINE('',#6675,#6676);
#5409=VERTEX_POINT('',#6677);
#5410=LINE('',#6678,#6679);
#5411=VERTEX_POINT('',#6680);
#5412=LINE('',#6681,#6682);
#5413=LINE('',#6683,#6684);
#5414=FILL_AREA_STYLE_COLOUR('',#6685);
#5415=VERTEX_POINT('',#6686);
#5416=LINE('',#6687,#6688);
#5417=LINE('',#6689,#6690);
#5418=FILL_AREA_STYLE_COLOUR('',#6691);
#5419=VERTEX_POINT('',#6692);
#5420=LINE('',#6693,#6694);
#5421=VERTEX_POINT('',#6695);
#5422=LINE('',#6696,#6697);
#5423=LINE('',#6698,#6699);
#5424=FILL_AREA_STYLE_COLOUR('',#6700);
#5425=LINE('',#6701,#6702);
#5426=LINE('',#6703,#6704);
#5427=FILL_AREA_STYLE_COLOUR('',#6705);
#5428=FILL_AREA_STYLE_COLOUR('',#6706);
#5429=FILL_AREA_STYLE_COLOUR('',#6707);
#5430=VERTEX_POINT('',#6708);
#5431=VERTEX_POINT('',#6709);
#5432=LINE('',#6710,#6711);
#5433=VERTEX_POINT('',#6712);
#5434=LINE('',#6713,#6714);
#5435=VERTEX_POINT('',#6715);
#5436=LINE('',#6716,#6717);
#5437=LINE('',#6718,#6719);
#5438=FILL_AREA_STYLE_COLOUR('',#6720);
#5439=VERTEX_POINT('',#6721);
#5440=LINE('',#6722,#6723);
#5441=VERTEX_POINT('',#6724);
#5442=LINE('',#6725,#6726);
#5443=VERTEX_POINT('',#6727);
#5444=LINE('',#6728,#6729);
#5445=LINE('',#6730,#6731);
#5446=FILL_AREA_STYLE_COLOUR('',#6732);
#5447=VERTEX_POINT('',#6733);
#5448=LINE('',#6734,#6735);
#5449=LINE('',#6736,#6737);
#5450=FILL_AREA_STYLE_COLOUR('',#6738);
#5451=VERTEX_POINT('',#6739);
#5452=LINE('',#6740,#6741);
#5453=VERTEX_POINT('',#6742);
#5454=LINE('',#6743,#6744);
#5455=LINE('',#6745,#6746);
#5456=FILL_AREA_STYLE_COLOUR('',#6747);
#5457=LINE('',#6748,#6749);
#5458=LINE('',#6750,#6751);
#5459=FILL_AREA_STYLE_COLOUR('',#6752);
#5460=FILL_AREA_STYLE_COLOUR('',#6753);
#5461=FILL_AREA_STYLE_COLOUR('',#6754);
#5462=FILL_AREA_STYLE_COLOUR('',#6755);
#5463=FILL_AREA_STYLE_COLOUR('',#6756);
#5464=FILL_AREA_STYLE_COLOUR('',#6757);
#5465=FILL_AREA_STYLE_COLOUR('',#6758);
#5466=FILL_AREA_STYLE_COLOUR('',#6759);
#5467=FILL_AREA_STYLE_COLOUR('',#6760);
#5468=VERTEX_POINT('',#6761);
#5469=VERTEX_POINT('',#6762);
#5470=LINE('',#6763,#6764);
#5471=VERTEX_POINT('',#6765);
#5472=LINE('',#6766,#6767);
#5473=VERTEX_POINT('',#6768);
#5474=LINE('',#6769,#6770);
#5475=LINE('',#6771,#6772);
#5476=FILL_AREA_STYLE_COLOUR('',#6773);
#5477=VERTEX_POINT('',#6774);
#5478=LINE('',#6775,#6776);
#5479=VERTEX_POINT('',#6777);
#5480=LINE('',#6778,#6779);
#5481=VERTEX_POINT('',#6780);
#5482=LINE('',#6781,#6782);
#5483=LINE('',#6783,#6784);
#5484=FILL_AREA_STYLE_COLOUR('',#6785);
#5485=VERTEX_POINT('',#6786);
#5486=LINE('',#6787,#6788);
#5487=LINE('',#6789,#6790);
#5488=FILL_AREA_STYLE_COLOUR('',#6791);
#5489=VERTEX_POINT('',#6792);
#5490=LINE('',#6793,#6794);
#5491=VERTEX_POINT('',#6795);
#5492=LINE('',#6796,#6797);
#5493=LINE('',#6798,#6799);
#5494=FILL_AREA_STYLE_COLOUR('',#6800);
#5495=LINE('',#6801,#6802);
#5496=LINE('',#6803,#6804);
#5497=FILL_AREA_STYLE_COLOUR('',#6805);
#5498=FILL_AREA_STYLE_COLOUR('',#6806);
#5499=FILL_AREA_STYLE_COLOUR('',#6807);
#5500=VERTEX_POINT('',#6808);
#5501=VERTEX_POINT('',#6809);
#5502=LINE('',#6810,#6811);
#5503=VERTEX_POINT('',#6812);
#5504=LINE('',#6813,#6814);
#5505=VERTEX_POINT('',#6815);
#5506=LINE('',#6816,#6817);
#5507=LINE('',#6818,#6819);
#5508=FILL_AREA_STYLE_COLOUR('',#6820);
#5509=VERTEX_POINT('',#6821);
#5510=LINE('',#6822,#6823);
#5511=VERTEX_POINT('',#6824);
#5512=LINE('',#6825,#6826);
#5513=VERTEX_POINT('',#6827);
#5514=LINE('',#6828,#6829);
#5515=LINE('',#6830,#6831);
#5516=FILL_AREA_STYLE_COLOUR('',#6832);
#5517=VERTEX_POINT('',#6833);
#5518=LINE('',#6834,#6835);
#5519=LINE('',#6836,#6837);
#5520=FILL_AREA_STYLE_COLOUR('',#6838);
#5521=VERTEX_POINT('',#6839);
#5522=LINE('',#6840,#6841);
#5523=VERTEX_POINT('',#6842);
#5524=LINE('',#6843,#6844);
#5525=LINE('',#6845,#6846);
#5526=FILL_AREA_STYLE_COLOUR('',#6847);
#5527=LINE('',#6848,#6849);
#5528=LINE('',#6850,#6851);
#5529=FILL_AREA_STYLE_COLOUR('',#6852);
#5530=FILL_AREA_STYLE_COLOUR('',#6853);
#5531=FILL_AREA_STYLE_COLOUR('',#6854);
#5532=VERTEX_POINT('',#6855);
#5533=VERTEX_POINT('',#6856);
#5534=LINE('',#6857,#6858);
#5535=VERTEX_POINT('',#6859);
#5536=LINE('',#6860,#6861);
#5537=VERTEX_POINT('',#6862);
#5538=LINE('',#6863,#6864);
#5539=LINE('',#6865,#6866);
#5540=FILL_AREA_STYLE_COLOUR('',#6867);
#5541=VERTEX_POINT('',#6868);
#5542=LINE('',#6869,#6870);
#5543=VERTEX_POINT('',#6871);
#5544=LINE('',#6872,#6873);
#5545=VERTEX_POINT('',#6874);
#5546=LINE('',#6875,#6876);
#5547=LINE('',#6877,#6878);
#5548=FILL_AREA_STYLE_COLOUR('',#6879);
#5549=VERTEX_POINT('',#6880);
#5550=LINE('',#6881,#6882);
#5551=LINE('',#6883,#6884);
#5552=FILL_AREA_STYLE_COLOUR('',#6885);
#5553=VERTEX_POINT('',#6886);
#5554=LINE('',#6887,#6888);
#5555=VERTEX_POINT('',#6889);
#5556=LINE('',#6890,#6891);
#5557=LINE('',#6892,#6893);
#5558=FILL_AREA_STYLE_COLOUR('',#6894);
#5559=LINE('',#6895,#6896);
#5560=LINE('',#6897,#6898);
#5561=FILL_AREA_STYLE_COLOUR('',#6899);
#5562=FILL_AREA_STYLE_COLOUR('',#6900);
#5563=FILL_AREA_STYLE_COLOUR('',#6901);
#5564=VERTEX_POINT('',#6902);
#5565=VERTEX_POINT('',#6903);
#5566=LINE('',#6904,#6905);
#5567=VERTEX_POINT('',#6906);
#5568=LINE('',#6907,#6908);
#5569=VERTEX_POINT('',#6909);
#5570=LINE('',#6910,#6911);
#5571=LINE('',#6912,#6913);
#5572=FILL_AREA_STYLE_COLOUR('',#6914);
#5573=VERTEX_POINT('',#6915);
#5574=LINE('',#6916,#6917);
#5575=VERTEX_POINT('',#6918);
#5576=LINE('',#6919,#6920);
#5577=VERTEX_POINT('',#6921);
#5578=LINE('',#6922,#6923);
#5579=LINE('',#6924,#6925);
#5580=FILL_AREA_STYLE_COLOUR('',#6926);
#5581=VERTEX_POINT('',#6927);
#5582=LINE('',#6928,#6929);
#5583=LINE('',#6930,#6931);
#5584=FILL_AREA_STYLE_COLOUR('',#6932);
#5585=VERTEX_POINT('',#6933);
#5586=LINE('',#6934,#6935);
#5587=VERTEX_POINT('',#6936);
#5588=LINE('',#6937,#6938);
#5589=LINE('',#6939,#6940);
#5590=FILL_AREA_STYLE_COLOUR('',#6941);
#5591=LINE('',#6942,#6943);
#5592=LINE('',#6944,#6945);
#5593=FILL_AREA_STYLE_COLOUR('',#6946);
#5594=FILL_AREA_STYLE_COLOUR('',#6947);
#5595=FILL_AREA_STYLE_COLOUR('',#6948);
#5596=VERTEX_POINT('',#6949);
#5597=VERTEX_POINT('',#6950);
#5598=LINE('',#6951,#6952);
#5599=VERTEX_POINT('',#6953);
#5600=LINE('',#6954,#6955);
#5601=VERTEX_POINT('',#6956);
#5602=LINE('',#6957,#6958);
#5603=LINE('',#6959,#6960);
#5604=FILL_AREA_STYLE_COLOUR('',#6961);
#5605=VERTEX_POINT('',#6962);
#5606=LINE('',#6963,#6964);
#5607=VERTEX_POINT('',#6965);
#5608=LINE('',#6966,#6967);
#5609=VERTEX_POINT('',#6968);
#5610=LINE('',#6969,#6970);
#5611=LINE('',#6971,#6972);
#5612=FILL_AREA_STYLE_COLOUR('',#6973);
#5613=VERTEX_POINT('',#6974);
#5614=LINE('',#6975,#6976);
#5615=LINE('',#6977,#6978);
#5616=FILL_AREA_STYLE_COLOUR('',#6979);
#5617=VERTEX_POINT('',#6980);
#5618=LINE('',#6981,#6982);
#5619=VERTEX_POINT('',#6983);
#5620=LINE('',#6984,#6985);
#5621=LINE('',#6986,#6987);
#5622=FILL_AREA_STYLE_COLOUR('',#6988);
#5623=LINE('',#6989,#6990);
#5624=LINE('',#6991,#6992);
#5625=FILL_AREA_STYLE_COLOUR('',#6993);
#5626=FILL_AREA_STYLE_COLOUR('',#6994);
#5627=FILL_AREA_STYLE_COLOUR('',#6995);
#5628=VERTEX_POINT('',#6996);
#5629=VERTEX_POINT('',#6997);
#5630=LINE('',#6998,#6999);
#5631=VERTEX_POINT('',#7000);
#5632=LINE('',#7001,#7002);
#5633=VERTEX_POINT('',#7003);
#5634=LINE('',#7004,#7005);
#5635=LINE('',#7006,#7007);
#5636=FILL_AREA_STYLE_COLOUR('',#7008);
#5637=VERTEX_POINT('',#7009);
#5638=LINE('',#7010,#7011);
#5639=VERTEX_POINT('',#7012);
#5640=LINE('',#7013,#7014);
#5641=VERTEX_POINT('',#7015);
#5642=LINE('',#7016,#7017);
#5643=LINE('',#7018,#7019);
#5644=FILL_AREA_STYLE_COLOUR('',#7020);
#5645=VERTEX_POINT('',#7021);
#5646=LINE('',#7022,#7023);
#5647=LINE('',#7024,#7025);
#5648=FILL_AREA_STYLE_COLOUR('',#7026);
#5649=VERTEX_POINT('',#7027);
#5650=LINE('',#7028,#7029);
#5651=VERTEX_POINT('',#7030);
#5652=LINE('',#7031,#7032);
#5653=LINE('',#7033,#7034);
#5654=FILL_AREA_STYLE_COLOUR('',#7035);
#5655=LINE('',#7036,#7037);
#5656=LINE('',#7038,#7039);
#5657=FILL_AREA_STYLE_COLOUR('',#7040);
#5658=FILL_AREA_STYLE_COLOUR('',#7041);
#5659=FILL_AREA_STYLE_COLOUR('',#7042);
#5660=FILL_AREA_STYLE_COLOUR('',#7043);
#5661=FILL_AREA_STYLE_COLOUR('',#7044);
#5662=FILL_AREA_STYLE_COLOUR('',#7045);
#5663=FILL_AREA_STYLE_COLOUR('',#7046);
#5664=FILL_AREA_STYLE_COLOUR('',#7047);
#5665=FILL_AREA_STYLE_COLOUR('',#7048);
#5666=VERTEX_POINT('',#7049);
#5667=VERTEX_POINT('',#7050);
#5668=LINE('',#7051,#7052);
#5669=VERTEX_POINT('',#7053);
#5670=LINE('',#7054,#7055);
#5671=VERTEX_POINT('',#7056);
#5672=LINE('',#7057,#7058);
#5673=LINE('',#7059,#7060);
#5674=FILL_AREA_STYLE_COLOUR('',#7061);
#5675=VERTEX_POINT('',#7062);
#5676=VERTEX_POINT('',#7063);
#5677=LINE('',#7064,#7065);
#5678=VERTEX_POINT('',#7066);
#5679=LINE('',#7067,#7068);
#5680=VERTEX_POINT('',#7069);
#5681=LINE('',#7070,#7071);
#5682=LINE('',#7072,#7073);
#5683=FILL_AREA_STYLE_COLOUR('',#7074);
#5684=LINE('',#7075,#7076);
#5685=LINE('',#7077,#7078);
#5686=FILL_AREA_STYLE_COLOUR('',#7079);
#5687=LINE('',#7080,#7081);
#5688=FILL_AREA_STYLE_COLOUR('',#7082);
#5689=LINE('',#7083,#7084);
#5690=FILL_AREA_STYLE_COLOUR('',#7085);
#5691=FILL_AREA_STYLE_COLOUR('',#7086);
#5692=VERTEX_POINT('',#7087);
#5693=VERTEX_POINT('',#7088);
#5694=LINE('',#7089,#7090);
#5695=VERTEX_POINT('',#7091);
#5696=LINE('',#7092,#7093);
#5697=VERTEX_POINT('',#7094);
#5698=LINE('',#7095,#7096);
#5699=LINE('',#7097,#7098);
#5700=FILL_AREA_STYLE_COLOUR('',#7099);
#5701=VERTEX_POINT('',#7100);
#5702=VERTEX_POINT('',#7101);
#5703=LINE('',#7102,#7103);
#5704=VERTEX_POINT('',#7104);
#5705=LINE('',#7105,#7106);
#5706=VERTEX_POINT('',#7107);
#5707=LINE('',#7108,#7109);
#5708=LINE('',#7110,#7111);
#5709=FILL_AREA_STYLE_COLOUR('',#7112);
#5710=LINE('',#7113,#7114);
#5711=LINE('',#7115,#7116);
#5712=FILL_AREA_STYLE_COLOUR('',#7117);
#5713=LINE('',#7118,#7119);
#5714=FILL_AREA_STYLE_COLOUR('',#7120);
#5715=LINE('',#7121,#7122);
#5716=FILL_AREA_STYLE_COLOUR('',#7123);
#5717=FILL_AREA_STYLE_COLOUR('',#7124);
#5718=FILL_AREA_STYLE_COLOUR('',#7125);
#5719=FILL_AREA_STYLE_COLOUR('',#7126);
#5720=VERTEX_POINT('',#7127);
#5721=VERTEX_POINT('',#7128);
#5722=LINE('',#7129,#7130);
#5723=VERTEX_POINT('',#7131);
#5724=LINE('',#7132,#7133);
#5725=VERTEX_POINT('',#7134);
#5726=LINE('',#7135,#7136);
#5727=LINE('',#7137,#7138);
#5728=FILL_AREA_STYLE_COLOUR('',#7139);
#5729=VERTEX_POINT('',#7140);
#5730=VERTEX_POINT('',#7141);
#5731=LINE('',#7142,#7143);
#5732=VERTEX_POINT('',#7144);
#5733=LINE('',#7145,#7146);
#5734=VERTEX_POINT('',#7147);
#5735=LINE('',#7148,#7149);
#5736=LINE('',#7150,#7151);
#5737=FILL_AREA_STYLE_COLOUR('',#7152);
#5738=LINE('',#7153,#7154);
#5739=LINE('',#7155,#7156);
#5740=FILL_AREA_STYLE_COLOUR('',#7157);
#5741=LINE('',#7158,#7159);
#5742=FILL_AREA_STYLE_COLOUR('',#7160);
#5743=LINE('',#7161,#7162);
#5744=FILL_AREA_STYLE_COLOUR('',#7163);
#5745=FILL_AREA_STYLE_COLOUR('',#7164);
#5746=VERTEX_POINT('',#7165);
#5747=VERTEX_POINT('',#7166);
#5748=LINE('',#7167,#7168);
#5749=VERTEX_POINT('',#7169);
#5750=LINE('',#7170,#7171);
#5751=VERTEX_POINT('',#7172);
#5752=LINE('',#7173,#7174);
#5753=LINE('',#7175,#7176);
#5754=FILL_AREA_STYLE_COLOUR('',#7177);
#5755=VERTEX_POINT('',#7178);
#5756=VERTEX_POINT('',#7179);
#5757=LINE('',#7180,#7181);
#5758=VERTEX_POINT('',#7182);
#5759=LINE('',#7183,#7184);
#5760=VERTEX_POINT('',#7185);
#5761=LINE('',#7186,#7187);
#5762=LINE('',#7188,#7189);
#5763=FILL_AREA_STYLE_COLOUR('',#7190);
#5764=LINE('',#7191,#7192);
#5765=LINE('',#7193,#7194);
#5766=FILL_AREA_STYLE_COLOUR('',#7195);
#5767=LINE('',#7196,#7197);
#5768=FILL_AREA_STYLE_COLOUR('',#7198);
#5769=LINE('',#7199,#7200);
#5770=FILL_AREA_STYLE_COLOUR('',#7201);
#5771=FILL_AREA_STYLE_COLOUR('',#7202);
#5772=FILL_AREA_STYLE_COLOUR('',#7203);
#5773=COLOUR_RGB('',0.752941191196442,0.752941191196442,0.752941191196442);
#5774=CARTESIAN_POINT('',(0.0002,0.0,0.0));
#5775=CARTESIAN_POINT('',(0.0002,1.0E-05,0.0));
#5776=CARTESIAN_POINT('',(0.0002,5.0E-06,2.44929359829471E-20));
#5777=VECTOR('',#7204,1.0);
#5778=CARTESIAN_POINT('',(-0.0002,0.0,-2.44929359829471E-20));
#5779=AXIS2_PLACEMENT_3D('',#7205,#7206,#7207);
#5780=CARTESIAN_POINT('',(-0.0002,1.0E-05,-2.44929359829471E-20));
#5781=CARTESIAN_POINT('',(-0.0002,5.0E-06,-2.44929359829471E-20));
#5782=VECTOR('',#7208,1.0);
#5783=AXIS2_PLACEMENT_3D('',#7209,#7210,#7211);
#5784=COLOUR_RGB('',0.666666686534882,0.0,0.0);
#5785=CARTESIAN_POINT('',(-7.034E-05,0.0,7.727E-05));
#5786=CARTESIAN_POINT('',(-0.00012434,0.0,7.727E-05));
#5787=CARTESIAN_POINT('',(-4.867E-05,0.0,7.727E-05));
#5788=VECTOR('',#7212,1.0);
#5789=CARTESIAN_POINT('',(-7.034E-05,5.0E-06,7.727E-05));
#5790=CARTESIAN_POINT('',(-7.034E-05,-2.5E-05,7.727E-05));
#5791=VECTOR('',#7213,6.0E-05);
#5792=CARTESIAN_POINT('',(-0.00012434,5.0E-06,7.727E-05));
#5793=CARTESIAN_POINT('',(-9.734E-05,5.0E-06,7.727E-05));
#5794=VECTOR('',#7214,6.0E-05);
#5795=CARTESIAN_POINT('',(-0.00012434,-2.5E-05,7.727E-05));
#5796=VECTOR('',#7215,6.0E-05);
#5797=COLOUR_RGB('',0.666666686534882,0.0,0.0);
#5798=CARTESIAN_POINT('',(-0.00012434,0.0,0.00013127));
#5799=CARTESIAN_POINT('',(-0.00012434,0.0,5.2135E-05));
#5800=VECTOR('',#7216,1.0);
#5801=CARTESIAN_POINT('',(-0.00012434,5.0E-06,0.00013127));
#5802=CARTESIAN_POINT('',(-0.00012434,5.0E-06,0.00010427));
#5803=VECTOR('',#7217,6.0E-05);
#5804=CARTESIAN_POINT('',(-0.00012434,-2.5E-05,0.00013127));
#5805=VECTOR('',#7218,6.0E-05);
#5806=COLOUR_RGB('',0.666666686534882,0.0,0.0);
#5807=CARTESIAN_POINT('',(-7.034E-05,5.0E-06,0.00013127));
#5808=CARTESIAN_POINT('',(-7.034E-05,5.0E-06,0.00010427));
#5809=VECTOR('',#7219,6.0E-05);
#5810=CARTESIAN_POINT('',(-9.734E-05,5.0E-06,0.00013127));
#5811=VECTOR('',#7220,6.0E-05);
#5812=COLOUR_RGB('',0.666666686534882,0.0,0.0);
#5813=CARTESIAN_POINT('',(-7.034E-05,0.0,0.00013127));
#5814=CARTESIAN_POINT('',(-4.867E-05,0.0,0.00013127));
#5815=VECTOR('',#7221,1.0);
#5816=CARTESIAN_POINT('',(-7.034E-05,-2.5E-05,0.00013127));
#5817=VECTOR('',#7222,6.0E-05);
#5818=COLOUR_RGB('',0.666666686534882,0.0,0.0);
#5819=CARTESIAN_POINT('',(-7.034E-05,0.0,5.2135E-05));
#5820=VECTOR('',#7223,1.0);
#5821=COLOUR_RGB('',0.666666686534882,0.0,0.0);
#5822=CARTESIAN_POINT('',(-4.34232686E-05,0.0,-8.11901920000001E-06));
#5823=CARTESIAN_POINT('',(4.42886698E-05,0.0,-8.11901920000001E-06));
#5824=CARTESIAN_POINT('',(2.16350299999985E-07,0.0,-8.11901920000001E-06));
#5825=VECTOR('',#7224,1.0);
#5826=CARTESIAN_POINT('',(-4.34232686E-05,5.0E-06,-8.11901920000001E-06));
#5827=CARTESIAN_POINT('',(-4.34232686E-05,5.0E-06,-8.11901920000001E-06));
#5828=VECTOR('',#7225,6.0E-05);
#5829=CARTESIAN_POINT('',(4.42886698E-05,5.0E-06,-8.11901920000001E-06));
#5830=CARTESIAN_POINT('',(5.18180744038901E-07,5.0E-06,-8.11901920000001E-06));
#5831=VECTOR('',#7226,1.0);
#5832=CARTESIAN_POINT('',(4.42886698E-05,5.0E-06,-8.11901920000001E-06));
#5833=VECTOR('',#7227,6.0E-05);
#5834=COLOUR_RGB('',0.666666686534882,0.0,0.0);
#5835=CARTESIAN_POINT('',(9.02815209999999E-05,0.0,-0.0001000000018));
#5836=CARTESIAN_POINT('',(6.22972852E-05,0.0,-5.12979832E-05));
#5837=CARTESIAN_POINT('',(5.04820313768511E-05,-4.2351647362715E-22,-3.07354523675977E-05));
#5838=VECTOR('',#7228,1.0);
#5839=CARTESIAN_POINT('',(9.02815209999999E-05,5.0E-06,-0.0001000000018));
#5840=CARTESIAN_POINT('',(9.02815209999999E-05,5.0E-06,-0.0001000000018));
#5841=VECTOR('',#7229,6.0E-05);
#5842=CARTESIAN_POINT('',(6.22972852E-05,5.0E-06,-5.12979832E-05));
#5843=CARTESIAN_POINT('',(6.22972852E-05,5.0E-06,-5.12979832E-05));
#5844=VECTOR('',#7230,6.0E-05);
#5845=CARTESIAN_POINT('',(6.22972852E-05,5.0E-06,-5.12979832E-05));
#5846=VECTOR('',#7231,6.0E-05);
#5847=COLOUR_RGB('',0.666666686534882,0.0,0.0);
#5848=CARTESIAN_POINT('',(-6.07808456E-05,0.0,-5.12979832E-05));
#5849=CARTESIAN_POINT('',(3.79109899999993E-07,0.0,-5.12979832E-05));
#5850=VECTOR('',#7232,1.0);
#5851=CARTESIAN_POINT('',(-6.07808456E-05,5.0E-06,-5.12979832E-05));
#5852=CARTESIAN_POINT('',(-6.07808456E-05,5.0E-06,-5.12979832E-05));
#5853=VECTOR('',#7233,6.0E-05);
#5854=CARTESIAN_POINT('',(-6.07808456E-05,5.0E-06,-5.12979832E-05));
#5855=VECTOR('',#7234,6.0E-05);
#5856=COLOUR_RGB('',0.666666686534882,0.0,0.0);
#5857=CARTESIAN_POINT('',(-8.83975568E-05,0.0,-0.0001));
#5858=CARTESIAN_POINT('',(-4.92850861801503E-05,0.0,-3.10252336919311E-05));
#5859=VECTOR('',#7235,1.0);
#5860=CARTESIAN_POINT('',(-8.83975568E-05,5.0E-06,-0.0001));
#5861=CARTESIAN_POINT('',(-8.83975568E-05,5.0E-06,-0.0001));
#5862=VECTOR('',#7236,6.0E-05);
#5863=CARTESIAN_POINT('',(-8.83975568E-05,5.0E-06,-0.0001));
#5864=VECTOR('',#7237,6.0E-05);
#5865=COLOUR_RGB('',0.666666686534882,0.0,0.0);
#5866=CARTESIAN_POINT('',(-0.000152,0.0,-0.0001));
#5867=CARTESIAN_POINT('',(-6.00993892E-05,0.0,-0.0001));
#5868=VECTOR('',#7238,1.0);
#5869=CARTESIAN_POINT('',(-0.000152,5.0E-06,-0.0001));
#5870=CARTESIAN_POINT('',(-0.000152,5.0E-06,-0.0001));
#5871=VECTOR('',#7239,6.0E-05);
#5872=CARTESIAN_POINT('',(-0.000152,5.0E-06,-0.0001));
#5873=VECTOR('',#7240,6.0E-05);
#5874=COLOUR_RGB('',0.666666686534882,0.0,0.0);
#5875=CARTESIAN_POINT('',(1.27800279999996E-06,0.0,6.8735246E-05));
#5876=CARTESIAN_POINT('',(2.65245741494905E-05,0.0,2.3623025585365E-05));
#5877=VECTOR('',#7241,1.0);
#5878=CARTESIAN_POINT('',(1.27800279999996E-06,5.0E-06,6.8735246E-05));
#5879=CARTESIAN_POINT('',(2.97053356241416E-05,5.0E-06,1.79394335148031E-05));
#5880=VECTOR('',#7242,1.0);
#5881=CARTESIAN_POINT('',(1.27800279999996E-06,5.0E-06,6.8735246E-05));
#5882=VECTOR('',#7243,6.0E-05);
#5883=COLOUR_RGB('',0.666666686534882,0.0,0.0);
#5884=CARTESIAN_POINT('',(-2.49952970031289E-05,4.2351647362715E-22,2.35639323547963E-05));
#5885=VECTOR('',#7244,1.0);
#5886=CARTESIAN_POINT('',(-2.80893597612045E-05,5.0E-06,1.82443539108914E-05));
#5887=VECTOR('',#7245,1.0);
#5888=COLOUR_RGB('',0.666666686534882,0.0,0.0);
#5889=CARTESIAN_POINT('',(-1.96182932E-05,0.0,0.0001313083382));
#5890=CARTESIAN_POINT('',(-7.85975875778602E-05,0.0,2.82548053477446E-05));
#5891=VECTOR('',#7246,1.0);
#5892=CARTESIAN_POINT('',(-1.96182932E-05,5.0E-06,0.0001313083382));
#5893=CARTESIAN_POINT('',(-1.96182932E-05,5.0E-06,0.0001313083382));
#5894=VECTOR('',#7247,6.0E-05);
#5895=CARTESIAN_POINT('',(-1.96182932E-05,5.0E-06,0.0001313083382));
#5896=VECTOR('',#7248,6.0E-05);
#5897=COLOUR_RGB('',0.666666686534882,0.0,0.0);
#5898=CARTESIAN_POINT('',(2.18067754E-05,0.0,0.0001313083382));
#5899=CARTESIAN_POINT('',(5.47120549999975E-07,0.0,0.0001313083382));
#5900=VECTOR('',#7249,1.0);
#5901=CARTESIAN_POINT('',(2.18067754E-05,5.0E-06,0.0001313083382));
#5902=CARTESIAN_POINT('',(2.18067754E-05,5.0E-06,0.0001313083382));
#5903=VECTOR('',#7250,6.0E-05);
#5904=CARTESIAN_POINT('',(2.18067754E-05,5.0E-06,0.0001313083382));
#5905=VECTOR('',#7251,6.0E-05);
#5906=COLOUR_RGB('',0.666666686534882,0.0,0.0);
#5907=CARTESIAN_POINT('',(0.0001528759018,0.0,-0.0001000000018));
#5908=CARTESIAN_POINT('',(8.00845833968481E-05,0.0,2.84607538997077E-05));
#5909=VECTOR('',#7252,1.0);
#5910=CARTESIAN_POINT('',(0.0001528759018,5.0E-06,-0.0001000000018));
#5911=CARTESIAN_POINT('',(0.0001528759018,5.0E-06,-0.0001000000018));
#5912=VECTOR('',#7253,6.0E-05);
#5913=CARTESIAN_POINT('',(0.0001528759018,5.0E-06,-0.0001000000018));
#5914=VECTOR('',#7254,6.0E-05);
#5915=COLOUR_RGB('',0.666666686534882,0.0,0.0);
#5916=CARTESIAN_POINT('',(6.07893557E-05,0.0,-0.0001000000018));
#5917=VECTOR('',#7255,1.0);
#5918=CARTESIAN_POINT('',(9.02815209999999E-05,5.0E-06,-0.0001000000018));
#5919=VECTOR('',#7256,6.0E-05);
#5920=COLOUR_RGB('',0.666666686534882,0.0,0.0);
#5921=COLOUR_RGB('',0.666666686534882,0.0,0.0);
#5922=CARTESIAN_POINT('',(0.000126826,0.0,7.727E-05));
#5923=CARTESIAN_POINT('',(7.2826E-05,0.0,7.727E-05));
#5924=CARTESIAN_POINT('',(4.9913E-05,0.0,7.727E-05));
#5925=VECTOR('',#7257,1.0);
#5926=CARTESIAN_POINT('',(0.000126826,5.0E-06,7.727E-05));
#5927=CARTESIAN_POINT('',(0.000126826,-2.5E-05,7.727E-05));
#5928=VECTOR('',#7258,6.0E-05);
#5929=CARTESIAN_POINT('',(7.2826E-05,5.0E-06,7.727E-05));
#5930=CARTESIAN_POINT('',(9.9826E-05,5.0E-06,7.727E-05));
#5931=VECTOR('',#7259,6.0E-05);
#5932=CARTESIAN_POINT('',(7.2826E-05,-2.5E-05,7.727E-05));
#5933=VECTOR('',#7260,6.0E-05);
#5934=COLOUR_RGB('',0.666666686534882,0.0,0.0);
#5935=CARTESIAN_POINT('',(7.2826E-05,0.0,0.00013127));
#5936=CARTESIAN_POINT('',(7.2826E-05,0.0,5.2135E-05));
#5937=VECTOR('',#7261,1.0);
#5938=CARTESIAN_POINT('',(7.2826E-05,5.0E-06,0.00013127));
#5939=CARTESIAN_POINT('',(7.2826E-05,5.0E-06,0.00010427));
#5940=VECTOR('',#7262,6.0E-05);
#5941=CARTESIAN_POINT('',(7.2826E-05,-2.5E-05,0.00013127));
#5942=VECTOR('',#7263,6.0E-05);
#5943=COLOUR_RGB('',0.666666686534882,0.0,0.0);
#5944=CARTESIAN_POINT('',(0.000126826,5.0E-06,0.00013127));
#5945=CARTESIAN_POINT('',(0.000126826,5.0E-06,0.00010427));
#5946=VECTOR('',#7264,6.0E-05);
#5947=CARTESIAN_POINT('',(9.9826E-05,5.0E-06,0.00013127));
#5948=VECTOR('',#7265,6.0E-05);
#5949=COLOUR_RGB('',0.666666686534882,0.0,0.0);
#5950=CARTESIAN_POINT('',(0.000126826,0.0,0.00013127));
#5951=CARTESIAN_POINT('',(4.9913E-05,0.0,0.00013127));
#5952=VECTOR('',#7266,1.0);
#5953=CARTESIAN_POINT('',(0.000126826,-2.5E-05,0.00013127));
#5954=VECTOR('',#7267,6.0E-05);
#5955=COLOUR_RGB('',0.666666686534882,0.0,0.0);
#5956=CARTESIAN_POINT('',(0.000126826,0.0,5.2135E-05));
#5957=VECTOR('',#7268,1.0);
#5958=COLOUR_RGB('',0.752941191196442,0.752941191196442,0.752941191196442);
#5959=AXIS2_PLACEMENT_3D('',#7269,#7270,#7271);
#5960=COLOUR_RGB('',0.752941191196442,0.752941191196442,0.752941191196442);
#5961=COLOUR_RGB('',0.752941191196442,0.752941191196442,0.752941191196442);
#5962=AXIS2_PLACEMENT_3D('',#7272,#7273,#7274);
#5963=COLOUR_RGB('',0.752941191196442,0.752941191196442,0.752941191196442);
#5964=COLOUR_RGB('',0.752941191196442,0.752941191196442,0.752941191196442);
#5965=COLOUR_RGB('',0.894117653369904,0.921568632125854,0.949019610881805);
#5966=CARTESIAN_POINT('',(104.0,-1.10025020868126,0.3));
#5967=CARTESIAN_POINT('',(104.0,-1.39974979131874,0.3));
#5968=CARTESIAN_POINT('',(104.0,-0.625,0.3));
#5969=VECTOR('',#7275,1.0);
#5970=CARTESIAN_POINT('',(103.26,-0.495,0.3));
#5971=AXIS2_PLACEMENT_3D('',#7276,#7277,#7278);
#5972=CARTESIAN_POINT('',(100.75,-0.495,0.3));
#5973=CARTESIAN_POINT('',(103.26,-0.495,0.3));
#5974=VECTOR('',#7279,1.0);
#5975=CARTESIAN_POINT('',(100.75,-2.005,0.3));
#5976=AXIS2_PLACEMENT_3D('',#7280,#7281,#7282);
#5977=CARTESIAN_POINT('',(103.26,-2.005,0.3));
#5978=CARTESIAN_POINT('',(100.75,-2.005,0.3));
#5979=VECTOR('',#7283,1.0);
#5980=AXIS2_PLACEMENT_3D('',#7284,#7285,#7286);
#5981=COLOUR_RGB('',0.894117653369904,0.921568632125854,0.949019610881805);
#5982=CARTESIAN_POINT('',(104.0,-1.39974979131874,0.6));
#5983=CARTESIAN_POINT('',(104.0,-1.39974979131874,0.45));
#5984=VECTOR('',#7287,1.0);
#5985=CARTESIAN_POINT('',(103.26,-2.005,0.6));
#5986=CARTESIAN_POINT('',(103.26,-2.005,0.3));
#5987=VECTOR('',#7288,1.0);
#5988=AXIS2_PLACEMENT_3D('',#7289,#7290,#7291);
#5989=COLOUR_RGB('',0.894117653369904,0.921568632125854,0.949019610881805);
#5990=CARTESIAN_POINT('',(103.26,-0.495,0.6));
#5991=CARTESIAN_POINT('',(104.0,-1.10025020868126,0.6));
#5992=AXIS2_PLACEMENT_3D('',#7292,#7293,#7294);
#5993=CARTESIAN_POINT('',(103.26,-0.495,0.3));
#5994=VECTOR('',#7295,1.0);
#5995=CARTESIAN_POINT('',(104.0,-1.10025020868126,0.45));
#5996=VECTOR('',#7296,1.0);
#5997=COLOUR_RGB('',0.894117653369904,0.921568632125854,0.949019610881805);
#5998=CARTESIAN_POINT('',(100.75,-2.005,0.6));
#5999=CARTESIAN_POINT('',(100.75,-0.495,0.6));
#6000=AXIS2_PLACEMENT_3D('',#7297,#7298,#7299);
#6001=CARTESIAN_POINT('',(100.75,-2.005,0.3));
#6002=VECTOR('',#7300,1.0);
#6003=CARTESIAN_POINT('',(100.75,-0.495,0.3));
#6004=VECTOR('',#7301,1.0);
#6005=COLOUR_RGB('',0.894117653369904,0.921568632125854,0.949019610881805);
#6006=CARTESIAN_POINT('',(77.0025,-0.495,0.6));
#6007=VECTOR('',#7302,1.0);
#6008=COLOUR_RGB('',0.894117653369904,0.921568632125854,0.949019610881805);
#6009=CARTESIAN_POINT('',(77.0025,-2.005,0.6));
#6010=VECTOR('',#7303,1.0);
#6011=COLOUR_RGB('',0.894117653369904,0.921568632125854,0.949019610881805);
#6012=CARTESIAN_POINT('',(104.0,-2.5,0.6));
#6013=CARTESIAN_POINT('',(104.0,0.0,0.6));
#6014=VECTOR('',#7304,1.0);
#6015=CARTESIAN_POINT('',(104.0,-2.5,0.0));
#6016=CARTESIAN_POINT('',(104.0,-2.5,0.3));
#6017=VECTOR('',#7305,1.0);
#6018=CARTESIAN_POINT('',(104.0,2.5,0.0));
#6019=CARTESIAN_POINT('',(104.0,0.0,0.0));
#6020=VECTOR('',#7306,1.0);
#6021=CARTESIAN_POINT('',(104.0,2.5,0.6));
#6022=CARTESIAN_POINT('',(104.0,2.5,0.3));
#6023=VECTOR('',#7307,1.0);
#6024=CARTESIAN_POINT('',(104.0,1.39974979131874,0.6));
#6025=CARTESIAN_POINT('',(104.0,0.0,0.6));
#6026=VECTOR('',#7308,1.0);
#6027=CARTESIAN_POINT('',(104.0,1.39974979131874,0.3));
#6028=CARTESIAN_POINT('',(104.0,1.39974979131874,0.45));
#6029=VECTOR('',#7309,1.0);
#6030=CARTESIAN_POINT('',(104.0,1.10025020868126,0.3));
#6031=CARTESIAN_POINT('',(104.0,0.625,0.3));
#6032=VECTOR('',#7310,1.0);
#6033=CARTESIAN_POINT('',(104.0,1.10025020868126,0.6));
#6034=CARTESIAN_POINT('',(104.0,1.10025020868126,0.45));
#6035=VECTOR('',#7311,1.0);
#6036=CARTESIAN_POINT('',(104.0,0.0,0.6));
#6037=VECTOR('',#7312,1.0);
#6038=COLOUR_RGB('',0.894117653369904,0.921568632125854,0.949019610881805);
#6039=CARTESIAN_POINT('',(53.26,-0.495,0.6));
#6040=CARTESIAN_POINT('',(53.26,-2.005,0.6));
#6041=AXIS2_PLACEMENT_3D('',#7313,#7314,#7315);
#6042=CARTESIAN_POINT('',(53.26,-0.495,0.3));
#6043=CARTESIAN_POINT('',(53.26,-0.495,0.3));
#6044=VECTOR('',#7316,1.0);
#6045=CARTESIAN_POINT('',(53.26,-2.005,0.3));
#6046=AXIS2_PLACEMENT_3D('',#7317,#7318,#7319);
#6047=CARTESIAN_POINT('',(53.26,-2.005,0.3));
#6048=VECTOR('',#7320,1.0);
#6049=COLOUR_RGB('',0.894117653369904,0.921568632125854,0.949019610881805);
#6050=CARTESIAN_POINT('',(50.75,-2.005,0.6));
#6051=CARTESIAN_POINT('',(52.0025,-2.005,0.6));
#6052=VECTOR('',#7321,1.0);
#6053=CARTESIAN_POINT('',(50.75,-2.005,0.3));
#6054=CARTESIAN_POINT('',(50.75,-2.005,0.3));
#6055=VECTOR('',#7322,1.0);
#6056=CARTESIAN_POINT('',(50.75,-2.005,0.3));
#6057=VECTOR('',#7323,1.0);
#6058=COLOUR_RGB('',0.894117653369904,0.921568632125854,0.949019610881805);
#6059=CARTESIAN_POINT('',(50.75,-0.495,0.6));
#6060=AXIS2_PLACEMENT_3D('',#7324,#7325,#7326);
#6061=CARTESIAN_POINT('',(50.75,-0.495,0.3));
#6062=AXIS2_PLACEMENT_3D('',#7327,#7328,#7329);
#6063=CARTESIAN_POINT('',(50.75,-0.495,0.3));
#6064=VECTOR('',#7330,1.0);
#6065=COLOUR_RGB('',0.894117653369904,0.921568632125854,0.949019610881805);
#6066=CARTESIAN_POINT('',(52.0025,-0.495,0.6));
#6067=VECTOR('',#7331,1.0);
#6068=CARTESIAN_POINT('',(53.26,-0.495,0.3));
#6069=VECTOR('',#7332,1.0);
#6070=COLOUR_RGB('',0.894117653369904,0.921568632125854,0.949019610881805);
#6071=COLOUR_RGB('',0.894117653369904,0.921568632125854,0.949019610881805);
#6072=CARTESIAN_POINT('',(0.75,-0.495,0.6));
#6073=CARTESIAN_POINT('',(3.26,-0.495,0.6));
#6074=CARTESIAN_POINT('',(27.0025,-0.495,0.6));
#6075=VECTOR('',#7333,1.0);
#6076=CARTESIAN_POINT('',(0.75,-0.495,0.3));
#6077=CARTESIAN_POINT('',(0.75,-0.495,0.3));
#6078=VECTOR('',#7334,1.0);
#6079=CARTESIAN_POINT('',(3.26,-0.495,0.3));
#6080=CARTESIAN_POINT('',(3.26,-0.495,0.3));
#6081=VECTOR('',#7335,1.0);
#6082=CARTESIAN_POINT('',(3.26,-0.495,0.3));
#6083=VECTOR('',#7336,1.0);
#6084=COLOUR_RGB('',0.894117653369904,0.921568632125854,0.949019610881805);
#6085=CARTESIAN_POINT('',(3.26,-2.005,0.6));
#6086=AXIS2_PLACEMENT_3D('',#7337,#7338,#7339);
#6087=CARTESIAN_POINT('',(3.26,-2.005,0.3));
#6088=AXIS2_PLACEMENT_3D('',#7340,#7341,#7342);
#6089=CARTESIAN_POINT('',(3.26,-2.005,0.3));
#6090=VECTOR('',#7343,1.0);
#6091=COLOUR_RGB('',0.894117653369904,0.921568632125854,0.949019610881805);
#6092=CARTESIAN_POINT('',(0.0,-1.33674675786449,0.6));
#6093=CARTESIAN_POINT('',(0.0,-1.33674675786449,0.3));
#6094=CARTESIAN_POINT('',(0.0,-1.33674675786449,0.45));
#6095=VECTOR('',#7344,1.0);
#6096=CARTESIAN_POINT('',(0.75,-2.005,0.6));
#6097=AXIS2_PLACEMENT_3D('',#7345,#7346,#7347);
#6098=CARTESIAN_POINT('',(0.75,-2.005,0.3));
#6099=CARTESIAN_POINT('',(0.75,-2.005,0.3));
#6100=VECTOR('',#7348,1.0);
#6101=AXIS2_PLACEMENT_3D('',#7349,#7350,#7351);
#6102=COLOUR_RGB('',0.894117653369904,0.921568632125854,0.949019610881805);
#6103=CARTESIAN_POINT('',(27.0025,-2.005,0.6));
#6104=VECTOR('',#7352,1.0);
#6105=CARTESIAN_POINT('',(0.75,-2.005,0.3));
#6106=VECTOR('',#7353,1.0);
#6107=COLOUR_RGB('',0.894117653369904,0.921568632125854,0.949019610881805);
#6108=CARTESIAN_POINT('',(0.0,-1.16325324213551,0.6));
#6109=AXIS2_PLACEMENT_3D('',#7354,#7355,#7356);
#6110=CARTESIAN_POINT('',(0.0,-1.16325324213551,0.3));
#6111=CARTESIAN_POINT('',(0.0,-1.16325324213551,0.45));
#6112=VECTOR('',#7357,1.0);
#6113=AXIS2_PLACEMENT_3D('',#7358,#7359,#7360);
#6114=COLOUR_RGB('',0.894117653369904,0.921568632125854,0.949019610881805);
#6115=CARTESIAN_POINT('',(0.0,-0.625,0.3));
#6116=VECTOR('',#7361,1.0);
#6117=COLOUR_RGB('',0.894117653369904,0.921568632125854,0.949019610881805);
#6118=CARTESIAN_POINT('',(103.26,0.495,0.6));
#6119=AXIS2_PLACEMENT_3D('',#7362,#7363,#7364);
#6120=CARTESIAN_POINT('',(100.75,0.495,0.6));
#6121=CARTESIAN_POINT('',(77.0025,0.495,0.6));
#6122=VECTOR('',#7365,1.0);
#6123=CARTESIAN_POINT('',(100.75,2.005,0.6));
#6124=AXIS2_PLACEMENT_3D('',#7366,#7367,#7368);
#6125=CARTESIAN_POINT('',(103.26,2.005,0.6));
#6126=CARTESIAN_POINT('',(77.0025,2.005,0.6));
#6127=VECTOR('',#7369,1.0);
#6128=AXIS2_PLACEMENT_3D('',#7370,#7371,#7372);
#6129=CARTESIAN_POINT('',(0.0,2.5,0.6));
#6130=CARTESIAN_POINT('',(52.0,2.5,0.6));
#6131=VECTOR('',#7373,1.0);
#6132=CARTESIAN_POINT('',(0.0,1.33674675786449,0.6));
#6133=CARTESIAN_POINT('',(0.0,0.0,0.6));
#6134=VECTOR('',#7374,1.0);
#6135=CARTESIAN_POINT('',(0.75,2.005,0.6));
#6136=AXIS2_PLACEMENT_3D('',#7375,#7376,#7377);
#6137=CARTESIAN_POINT('',(3.26,2.005,0.6));
#6138=CARTESIAN_POINT('',(27.0025,2.005,0.6));
#6139=VECTOR('',#7378,1.0);
#6140=CARTESIAN_POINT('',(3.26,0.495,0.6));
#6141=AXIS2_PLACEMENT_3D('',#7379,#7380,#7381);
#6142=CARTESIAN_POINT('',(0.75,0.495,0.6));
#6143=CARTESIAN_POINT('',(27.0025,0.495,0.6));
#6144=VECTOR('',#7382,1.0);
#6145=CARTESIAN_POINT('',(0.0,1.16325324213551,0.6));
#6146=AXIS2_PLACEMENT_3D('',#7383,#7384,#7385);
#6147=CARTESIAN_POINT('',(0.0,0.0,0.6));
#6148=VECTOR('',#7386,1.0);
#6149=CARTESIAN_POINT('',(0.0,-2.5,0.6));
#6150=CARTESIAN_POINT('',(0.0,0.0,0.6));
#6151=VECTOR('',#7387,1.0);
#6152=CARTESIAN_POINT('',(52.0,-2.5,0.6));
#6153=VECTOR('',#7388,1.0);
#6154=CARTESIAN_POINT('',(50.75,0.495,0.6));
#6155=CARTESIAN_POINT('',(50.75,2.005,0.6));
#6156=AXIS2_PLACEMENT_3D('',#7389,#7390,#7391);
#6157=CARTESIAN_POINT('',(53.26,2.005,0.6));
#6158=CARTESIAN_POINT('',(52.0025,2.005,0.6));
#6159=VECTOR('',#7392,1.0);
#6160=CARTESIAN_POINT('',(53.26,0.495,0.6));
#6161=AXIS2_PLACEMENT_3D('',#7393,#7394,#7395);
#6162=CARTESIAN_POINT('',(52.0025,0.495,0.6));
#6163=VECTOR('',#7396,1.0);
#6164=COLOUR_RGB('',0.894117653369904,0.921568632125854,0.949019610881805);
#6165=CARTESIAN_POINT('',(103.26,2.005,0.3));
#6166=AXIS2_PLACEMENT_3D('',#7397,#7398,#7399);
#6167=CARTESIAN_POINT('',(100.75,2.005,0.3));
#6168=CARTESIAN_POINT('',(103.26,2.005,0.3));
#6169=VECTOR('',#7400,1.0);
#6170=CARTESIAN_POINT('',(100.75,0.495,0.3));
#6171=AXIS2_PLACEMENT_3D('',#7401,#7402,#7403);
#6172=CARTESIAN_POINT('',(103.26,0.495,0.3));
#6173=CARTESIAN_POINT('',(100.75,0.495,0.3));
#6174=VECTOR('',#7404,1.0);
#6175=AXIS2_PLACEMENT_3D('',#7405,#7406,#7407);
#6176=COLOUR_RGB('',0.894117653369904,0.921568632125854,0.949019610881805);
#6177=CARTESIAN_POINT('',(103.26,0.495,0.3));
#6178=VECTOR('',#7408,1.0);
#6179=COLOUR_RGB('',0.894117653369904,0.921568632125854,0.949019610881805);
#6180=CARTESIAN_POINT('',(103.26,2.005,0.3));
#6181=VECTOR('',#7409,1.0);
#6182=COLOUR_RGB('',0.894117653369904,0.921568632125854,0.949019610881805);
#6183=CARTESIAN_POINT('',(100.75,0.495,0.3));
#6184=VECTOR('',#7410,1.0);
#6185=CARTESIAN_POINT('',(100.75,2.005,0.3));
#6186=VECTOR('',#7411,1.0);
#6187=COLOUR_RGB('',0.894117653369904,0.921568632125854,0.949019610881805);
#6188=COLOUR_RGB('',0.894117653369904,0.921568632125854,0.949019610881805);
#6189=COLOUR_RGB('',0.894117653369904,0.921568632125854,0.949019610881805);
#6190=CARTESIAN_POINT('',(53.26,2.005,0.3));
#6191=CARTESIAN_POINT('',(53.26,2.005,0.3));
#6192=VECTOR('',#7412,1.0);
#6193=CARTESIAN_POINT('',(53.26,0.495,0.3));
#6194=AXIS2_PLACEMENT_3D('',#7413,#7414,#7415);
#6195=CARTESIAN_POINT('',(53.26,0.495,0.3));
#6196=VECTOR('',#7416,1.0);
#6197=COLOUR_RGB('',0.894117653369904,0.921568632125854,0.949019610881805);
#6198=CARTESIAN_POINT('',(50.75,0.495,0.3));
#6199=CARTESIAN_POINT('',(50.75,0.495,0.3));
#6200=VECTOR('',#7417,1.0);
#6201=CARTESIAN_POINT('',(50.75,0.495,0.3));
#6202=VECTOR('',#7418,1.0);
#6203=COLOUR_RGB('',0.894117653369904,0.921568632125854,0.949019610881805);
#6204=CARTESIAN_POINT('',(50.75,2.005,0.3));
#6205=AXIS2_PLACEMENT_3D('',#7419,#7420,#7421);
#6206=CARTESIAN_POINT('',(50.75,2.005,0.3));
#6207=VECTOR('',#7422,1.0);
#6208=COLOUR_RGB('',0.894117653369904,0.921568632125854,0.949019610881805);
#6209=CARTESIAN_POINT('',(53.26,2.005,0.3));
#6210=VECTOR('',#7423,1.0);
#6211=COLOUR_RGB('',0.894117653369904,0.921568632125854,0.949019610881805);
#6212=COLOUR_RGB('',0.894117653369904,0.921568632125854,0.949019610881805);
#6213=CARTESIAN_POINT('',(0.75,2.005,0.3));
#6214=CARTESIAN_POINT('',(0.75,2.005,0.3));
#6215=VECTOR('',#7424,1.0);
#6216=CARTESIAN_POINT('',(3.26,2.005,0.3));
#6217=CARTESIAN_POINT('',(3.26,2.005,0.3));
#6218=VECTOR('',#7425,1.0);
#6219=CARTESIAN_POINT('',(3.26,2.005,0.3));
#6220=VECTOR('',#7426,1.0);
#6221=COLOUR_RGB('',0.894117653369904,0.921568632125854,0.949019610881805);
#6222=CARTESIAN_POINT('',(3.26,0.495,0.3));
#6223=AXIS2_PLACEMENT_3D('',#7427,#7428,#7429);
#6224=CARTESIAN_POINT('',(3.26,0.495,0.3));
#6225=VECTOR('',#7430,1.0);
#6226=COLOUR_RGB('',0.894117653369904,0.921568632125854,0.949019610881805);
#6227=CARTESIAN_POINT('',(0.0,1.16325324213551,0.3));
#6228=CARTESIAN_POINT('',(0.0,1.16325324213551,0.45));
#6229=VECTOR('',#7431,1.0);
#6230=CARTESIAN_POINT('',(0.75,0.495,0.3));
#6231=CARTESIAN_POINT('',(0.75,0.495,0.3));
#6232=VECTOR('',#7432,1.0);
#6233=AXIS2_PLACEMENT_3D('',#7433,#7434,#7435);
#6234=COLOUR_RGB('',0.894117653369904,0.921568632125854,0.949019610881805);
#6235=CARTESIAN_POINT('',(0.75,0.495,0.3));
#6236=VECTOR('',#7436,1.0);
#6237=COLOUR_RGB('',0.894117653369904,0.921568632125854,0.949019610881805);
#6238=CARTESIAN_POINT('',(0.0,1.33674675786449,0.3));
#6239=CARTESIAN_POINT('',(0.0,1.33674675786449,0.45));
#6240=VECTOR('',#7437,1.0);
#6241=AXIS2_PLACEMENT_3D('',#7438,#7439,#7440);
#6242=COLOUR_RGB('',0.894117653369904,0.921568632125854,0.949019610881805);
#6243=CARTESIAN_POINT('',(0.0,0.625,0.3));
#6244=VECTOR('',#7441,1.0);
#6245=COLOUR_RGB('',0.894117653369904,0.921568632125854,0.949019610881805);
#6246=CARTESIAN_POINT('',(0.0,-2.5,0.0));
#6247=CARTESIAN_POINT('',(52.0,-2.5,0.0));
#6248=VECTOR('',#7442,1.0);
#6249=CARTESIAN_POINT('',(0.0,2.5,0.0));
#6250=CARTESIAN_POINT('',(0.0,0.0,0.0));
#6251=VECTOR('',#7443,1.0);
#6252=CARTESIAN_POINT('',(52.0,2.5,0.0));
#6253=VECTOR('',#7444,1.0);
#6254=COLOUR_RGB('',0.894117653369904,0.921568632125854,0.949019610881805);
#6255=CARTESIAN_POINT('',(0.0,-2.5,0.3));
#6256=VECTOR('',#7445,1.0);
#6257=COLOUR_RGB('',0.894117653369904,0.921568632125854,0.949019610881805);
#6258=CARTESIAN_POINT('',(0.0,2.5,0.3));
#6259=VECTOR('',#7446,1.0);
#6260=COLOUR_RGB('',0.894117653369904,0.921568632125854,0.949019610881805);
#6261=COLOUR_RGB('',0.894117653369904,0.921568632125854,0.949019610881805);
#6262=COLOUR_RGB('',0.627451002597809,0.490196079015732,0.403921574354172);
#6263=CARTESIAN_POINT('',(100.75,0.5,0.6));
#6264=CARTESIAN_POINT('',(100.75,2.0,0.6));
#6265=AXIS2_PLACEMENT_3D('',#7447,#7448,#7449);
#6266=CARTESIAN_POINT('',(100.75,2.0,0.3));
#6267=CARTESIAN_POINT('',(100.75,2.0,0.3));
#6268=VECTOR('',#7450,1.0);
#6269=CARTESIAN_POINT('',(100.75,0.5,0.3));
#6270=AXIS2_PLACEMENT_3D('',#7451,#7452,#7453);
#6271=CARTESIAN_POINT('',(100.75,0.5,0.3));
#6272=VECTOR('',#7454,1.0);
#6273=COLOUR_RGB('',0.627451002597809,0.490196079015732,0.403921574354172);
#6274=CARTESIAN_POINT('',(103.25,2.0,0.6));
#6275=CARTESIAN_POINT('',(103.25,2.0,0.6));
#6276=VECTOR('',#7455,1.0);
#6277=CARTESIAN_POINT('',(103.25,2.0,0.3));
#6278=CARTESIAN_POINT('',(103.25,2.0,0.3));
#6279=VECTOR('',#7456,1.0);
#6280=CARTESIAN_POINT('',(103.25,2.0,0.3));
#6281=VECTOR('',#7457,1.0);
#6282=COLOUR_RGB('',0.627451002597809,0.490196079015732,0.403921574354172);
#6283=CARTESIAN_POINT('',(103.25,0.5,0.6));
#6284=AXIS2_PLACEMENT_3D('',#7458,#7459,#7460);
#6285=CARTESIAN_POINT('',(103.25,0.5,0.3));
#6286=CARTESIAN_POINT('',(103.25,0.5,0.3));
#6287=VECTOR('',#7461,1.0);
#6288=AXIS2_PLACEMENT_3D('',#7462,#7463,#7464);
#6289=COLOUR_RGB('',0.627451002597809,0.490196079015732,0.403921574354172);
#6290=CARTESIAN_POINT('',(100.75,0.5,0.6));
#6291=VECTOR('',#7465,1.0);
#6292=CARTESIAN_POINT('',(100.75,0.5,0.3));
#6293=VECTOR('',#7466,1.0);
#6294=COLOUR_RGB('',0.627451002597809,0.490196079015732,0.403921574354172);
#6295=COLOUR_RGB('',0.627451002597809,0.490196079015732,0.403921574354172);
#6296=COLOUR_RGB('',0.627451002597809,0.490196079015732,0.403921574354172);
#6297=CARTESIAN_POINT('',(100.75,-2.0,0.6));
#6298=CARTESIAN_POINT('',(100.75,-0.5,0.6));
#6299=AXIS2_PLACEMENT_3D('',#7467,#7468,#7469);
#6300=CARTESIAN_POINT('',(100.75,-0.5,0.3));
#6301=CARTESIAN_POINT('',(100.75,-0.5,0.3));
#6302=VECTOR('',#7470,1.0);
#6303=CARTESIAN_POINT('',(100.75,-2.0,0.3));
#6304=AXIS2_PLACEMENT_3D('',#7471,#7472,#7473);
#6305=CARTESIAN_POINT('',(100.75,-2.0,0.3));
#6306=VECTOR('',#7474,1.0);
#6307=COLOUR_RGB('',0.627451002597809,0.490196079015732,0.403921574354172);
#6308=CARTESIAN_POINT('',(103.25,-0.5,0.6));
#6309=CARTESIAN_POINT('',(103.25,-0.5,0.6));
#6310=VECTOR('',#7475,1.0);
#6311=CARTESIAN_POINT('',(103.25,-0.5,0.3));
#6312=CARTESIAN_POINT('',(103.25,-0.5,0.3));
#6313=VECTOR('',#7476,1.0);
#6314=CARTESIAN_POINT('',(103.25,-0.5,0.3));
#6315=VECTOR('',#7477,1.0);
#6316=COLOUR_RGB('',0.627451002597809,0.490196079015732,0.403921574354172);
#6317=CARTESIAN_POINT('',(103.25,-2.0,0.6));
#6318=AXIS2_PLACEMENT_3D('',#7478,#7479,#7480);
#6319=CARTESIAN_POINT('',(103.25,-2.0,0.3));
#6320=CARTESIAN_POINT('',(103.25,-2.0,0.3));
#6321=VECTOR('',#7481,1.0);
#6322=AXIS2_PLACEMENT_3D('',#7482,#7483,#7484);
#6323=COLOUR_RGB('',0.627451002597809,0.490196079015732,0.403921574354172);
#6324=CARTESIAN_POINT('',(100.75,-2.0,0.6));
#6325=VECTOR('',#7485,1.0);
#6326=CARTESIAN_POINT('',(100.75,-2.0,0.3));
#6327=VECTOR('',#7486,1.0);
#6328=COLOUR_RGB('',0.627451002597809,0.490196079015732,0.403921574354172);
#6329=COLOUR_RGB('',0.627451002597809,0.490196079015732,0.403921574354172);
#6330=COLOUR_RGB('',0.627451002597809,0.490196079015732,0.403921574354172);
#6331=COLOUR_RGB('',0.627451002597809,0.490196079015732,0.403921574354172);
#6332=COLOUR_RGB('',0.627451002597809,0.490196079015732,0.403921574354172);
#6333=CARTESIAN_POINT('',(50.75,0.5,0.6));
#6334=CARTESIAN_POINT('',(50.75,2.0,0.6));
#6335=AXIS2_PLACEMENT_3D('',#7487,#7488,#7489);
#6336=CARTESIAN_POINT('',(50.75,2.0,0.3));
#6337=CARTESIAN_POINT('',(50.75,2.0,0.3));
#6338=VECTOR('',#7490,1.0);
#6339=CARTESIAN_POINT('',(50.75,0.5,0.3));
#6340=AXIS2_PLACEMENT_3D('',#7491,#7492,#7493);
#6341=CARTESIAN_POINT('',(50.75,0.5,0.3));
#6342=VECTOR('',#7494,1.0);
#6343=COLOUR_RGB('',0.627451002597809,0.490196079015732,0.403921574354172);
#6344=CARTESIAN_POINT('',(53.25,2.0,0.6));
#6345=CARTESIAN_POINT('',(53.25,2.0,0.6));
#6346=VECTOR('',#7495,1.0);
#6347=CARTESIAN_POINT('',(53.25,2.0,0.3));
#6348=CARTESIAN_POINT('',(53.25,2.0,0.3));
#6349=VECTOR('',#7496,1.0);
#6350=CARTESIAN_POINT('',(53.25,2.0,0.3));
#6351=VECTOR('',#7497,1.0);
#6352=COLOUR_RGB('',0.627451002597809,0.490196079015732,0.403921574354172);
#6353=CARTESIAN_POINT('',(53.25,0.5,0.6));
#6354=AXIS2_PLACEMENT_3D('',#7498,#7499,#7500);
#6355=CARTESIAN_POINT('',(53.25,0.5,0.3));
#6356=CARTESIAN_POINT('',(53.25,0.5,0.3));
#6357=VECTOR('',#7501,1.0);
#6358=AXIS2_PLACEMENT_3D('',#7502,#7503,#7504);
#6359=COLOUR_RGB('',0.627451002597809,0.490196079015732,0.403921574354172);
#6360=CARTESIAN_POINT('',(50.75,0.5,0.6));
#6361=VECTOR('',#7505,1.0);
#6362=CARTESIAN_POINT('',(50.75,0.5,0.3));
#6363=VECTOR('',#7506,1.0);
#6364=COLOUR_RGB('',0.627451002597809,0.490196079015732,0.403921574354172);
#6365=COLOUR_RGB('',0.627451002597809,0.490196079015732,0.403921574354172);
#6366=COLOUR_RGB('',0.627451002597809,0.490196079015732,0.403921574354172);
#6367=CARTESIAN_POINT('',(50.75,-2.0,0.6));
#6368=CARTESIAN_POINT('',(50.75,-0.5,0.6));
#6369=AXIS2_PLACEMENT_3D('',#7507,#7508,#7509);
#6370=CARTESIAN_POINT('',(50.75,-0.5,0.3));
#6371=CARTESIAN_POINT('',(50.75,-0.5,0.3));
#6372=VECTOR('',#7510,1.0);
#6373=CARTESIAN_POINT('',(50.75,-2.0,0.3));
#6374=AXIS2_PLACEMENT_3D('',#7511,#7512,#7513);
#6375=CARTESIAN_POINT('',(50.75,-2.0,0.3));
#6376=VECTOR('',#7514,1.0);
#6377=COLOUR_RGB('',0.627451002597809,0.490196079015732,0.403921574354172);
#6378=CARTESIAN_POINT('',(53.25,-0.5,0.6));
#6379=CARTESIAN_POINT('',(53.25,-0.5,0.6));
#6380=VECTOR('',#7515,1.0);
#6381=CARTESIAN_POINT('',(53.25,-0.5,0.3));
#6382=CARTESIAN_POINT('',(53.25,-0.5,0.3));
#6383=VECTOR('',#7516,1.0);
#6384=CARTESIAN_POINT('',(53.25,-0.5,0.3));
#6385=VECTOR('',#7517,1.0);
#6386=COLOUR_RGB('',0.627451002597809,0.490196079015732,0.403921574354172);
#6387=CARTESIAN_POINT('',(53.25,-2.0,0.6));
#6388=AXIS2_PLACEMENT_3D('',#7518,#7519,#7520);
#6389=CARTESIAN_POINT('',(53.25,-2.0,0.3));
#6390=CARTESIAN_POINT('',(53.25,-2.0,0.3));
#6391=VECTOR('',#7521,1.0);
#6392=AXIS2_PLACEMENT_3D('',#7522,#7523,#7524);
#6393=COLOUR_RGB('',0.627451002597809,0.490196079015732,0.403921574354172);
#6394=CARTESIAN_POINT('',(50.75,-2.0,0.6));
#6395=VECTOR('',#7525,1.0);
#6396=CARTESIAN_POINT('',(50.75,-2.0,0.3));
#6397=VECTOR('',#7526,1.0);
#6398=COLOUR_RGB('',0.627451002597809,0.490196079015732,0.403921574354172);
#6399=COLOUR_RGB('',0.627451002597809,0.490196079015732,0.403921574354172);
#6400=COLOUR_RGB('',0.627451002597809,0.490196079015732,0.403921574354172);
#6401=COLOUR_RGB('',0.627451002597809,0.490196079015732,0.403921574354172);
#6402=COLOUR_RGB('',0.627451002597809,0.490196079015732,0.403921574354172);
#6403=CARTESIAN_POINT('',(0.75,0.5,0.6));
#6404=CARTESIAN_POINT('',(0.75,2.0,0.6));
#6405=AXIS2_PLACEMENT_3D('',#7527,#7528,#7529);
#6406=CARTESIAN_POINT('',(0.75,2.0,0.3));
#6407=CARTESIAN_POINT('',(0.75,2.0,0.3));
#6408=VECTOR('',#7530,1.0);
#6409=CARTESIAN_POINT('',(0.75,0.5,0.3));
#6410=AXIS2_PLACEMENT_3D('',#7531,#7532,#7533);
#6411=CARTESIAN_POINT('',(0.75,0.5,0.3));
#6412=VECTOR('',#7534,1.0);
#6413=COLOUR_RGB('',0.627451002597809,0.490196079015732,0.403921574354172);
#6414=CARTESIAN_POINT('',(3.25,2.0,0.6));
#6415=CARTESIAN_POINT('',(3.25,2.0,0.6));
#6416=VECTOR('',#7535,1.0);
#6417=CARTESIAN_POINT('',(3.25,2.0,0.3));
#6418=CARTESIAN_POINT('',(3.25,2.0,0.3));
#6419=VECTOR('',#7536,1.0);
#6420=CARTESIAN_POINT('',(3.25,2.0,0.3));
#6421=VECTOR('',#7537,1.0);
#6422=COLOUR_RGB('',0.627451002597809,0.490196079015732,0.403921574354172);
#6423=CARTESIAN_POINT('',(3.25,0.5,0.6));
#6424=AXIS2_PLACEMENT_3D('',#7538,#7539,#7540);
#6425=CARTESIAN_POINT('',(3.25,0.5,0.3));
#6426=CARTESIAN_POINT('',(3.25,0.5,0.3));
#6427=VECTOR('',#7541,1.0);
#6428=AXIS2_PLACEMENT_3D('',#7542,#7543,#7544);
#6429=COLOUR_RGB('',0.627451002597809,0.490196079015732,0.403921574354172);
#6430=CARTESIAN_POINT('',(0.75,0.5,0.6));
#6431=VECTOR('',#7545,1.0);
#6432=CARTESIAN_POINT('',(0.75,0.5,0.3));
#6433=VECTOR('',#7546,1.0);
#6434=COLOUR_RGB('',0.627451002597809,0.490196079015732,0.403921574354172);
#6435=COLOUR_RGB('',0.627451002597809,0.490196079015732,0.403921574354172);
#6436=COLOUR_RGB('',0.627451002597809,0.490196079015732,0.403921574354172);
#6437=CARTESIAN_POINT('',(0.75,-2.0,0.6));
#6438=CARTESIAN_POINT('',(0.75,-0.5,0.6));
#6439=AXIS2_PLACEMENT_3D('',#7547,#7548,#7549);
#6440=CARTESIAN_POINT('',(0.75,-0.5,0.3));
#6441=CARTESIAN_POINT('',(0.75,-0.5,0.3));
#6442=VECTOR('',#7550,1.0);
#6443=CARTESIAN_POINT('',(0.75,-2.0,0.3));
#6444=AXIS2_PLACEMENT_3D('',#7551,#7552,#7553);
#6445=CARTESIAN_POINT('',(0.75,-2.0,0.3));
#6446=VECTOR('',#7554,1.0);
#6447=COLOUR_RGB('',0.627451002597809,0.490196079015732,0.403921574354172);
#6448=CARTESIAN_POINT('',(3.25,-0.5,0.6));
#6449=CARTESIAN_POINT('',(3.25,-0.5,0.6));
#6450=VECTOR('',#7555,1.0);
#6451=CARTESIAN_POINT('',(3.25,-0.5,0.3));
#6452=CARTESIAN_POINT('',(3.25,-0.5,0.3));
#6453=VECTOR('',#7556,1.0);
#6454=CARTESIAN_POINT('',(3.25,-0.5,0.3));
#6455=VECTOR('',#7557,1.0);
#6456=COLOUR_RGB('',0.627451002597809,0.490196079015732,0.403921574354172);
#6457=CARTESIAN_POINT('',(3.25,-2.0,0.6));
#6458=AXIS2_PLACEMENT_3D('',#7558,#7559,#7560);
#6459=CARTESIAN_POINT('',(3.25,-2.0,0.3));
#6460=CARTESIAN_POINT('',(3.25,-2.0,0.3));
#6461=VECTOR('',#7561,1.0);
#6462=AXIS2_PLACEMENT_3D('',#7562,#7563,#7564);
#6463=COLOUR_RGB('',0.627451002597809,0.490196079015732,0.403921574354172);
#6464=CARTESIAN_POINT('',(0.75,-2.0,0.6));
#6465=VECTOR('',#7565,1.0);
#6466=CARTESIAN_POINT('',(0.75,-2.0,0.3));
#6467=VECTOR('',#7566,1.0);
#6468=COLOUR_RGB('',0.627451002597809,0.490196079015732,0.403921574354172);
#6469=COLOUR_RGB('',0.627451002597809,0.490196079015732,0.403921574354172);
#6470=COLOUR_RGB('',0.627451002597809,0.490196079015732,0.403921574354172);
#6471=COLOUR_RGB('',0.627451002597809,0.490196079015732,0.403921574354172);
#6472=COLOUR_RGB('',0.980392158031464,0.839215695858002,0.576470613479614);
#6473=CARTESIAN_POINT('',(90.86,1.995,1.4));
#6474=CARTESIAN_POINT('',(90.4,2.455,1.4));
#6475=CARTESIAN_POINT('',(90.9280266952966,1.92697330470337,1.4));
#6476=VECTOR('',#7567,1.0);
#6477=CARTESIAN_POINT('',(90.86,1.995,0.6));
#6478=CARTESIAN_POINT('',(90.86,1.995,1.0));
#6479=VECTOR('',#7568,1.0);
#6480=CARTESIAN_POINT('',(90.4,2.455,0.6));
#6481=CARTESIAN_POINT('',(90.9280266952966,1.92697330470337,0.6));
#6482=VECTOR('',#7569,1.0);
#6483=CARTESIAN_POINT('',(90.4,2.455,1.0));
#6484=VECTOR('',#7570,1.0);
#6485=COLOUR_RGB('',0.980392158031464,0.839215695858002,0.576470613479614);
#6486=CARTESIAN_POINT('',(87.84,2.455,1.4));
#6487=CARTESIAN_POINT('',(89.35,2.455,1.4));
#6488=VECTOR('',#7571,1.0);
#6489=CARTESIAN_POINT('',(87.84,-2.455,1.4));
#6490=CARTESIAN_POINT('',(87.84,0.0,1.4));
#6491=VECTOR('',#7572,1.0);
#6492=CARTESIAN_POINT('',(90.86,-2.455,1.4));
#6493=CARTESIAN_POINT('',(89.35,-2.455,1.4));
#6494=VECTOR('',#7573,1.0);
#6495=CARTESIAN_POINT('',(90.86,0.0,1.4));
#6496=VECTOR('',#7574,1.0);
#6497=COLOUR_RGB('',0.980392158031464,0.839215695858002,0.576470613479614);
#6498=CARTESIAN_POINT('',(87.84,2.455,0.6));
#6499=CARTESIAN_POINT('',(89.35,2.455,0.6));
#6500=VECTOR('',#7575,1.0);
#6501=CARTESIAN_POINT('',(87.84,2.455,1.0));
#6502=VECTOR('',#7576,1.0);
#6503=COLOUR_RGB('',0.980392158031464,0.839215695858002,0.576470613479614);
#6504=CARTESIAN_POINT('',(90.86,-2.455,0.6));
#6505=CARTESIAN_POINT('',(90.86,0.0,0.6));
#6506=VECTOR('',#7577,1.0);
#6507=CARTESIAN_POINT('',(87.84,-2.455,0.6));
#6508=CARTESIAN_POINT('',(89.35,-2.455,0.6));
#6509=VECTOR('',#7578,1.0);
#6510=CARTESIAN_POINT('',(87.84,0.0,0.6));
#6511=VECTOR('',#7579,1.0);
#6512=COLOUR_RGB('',0.980392158031464,0.839215695858002,0.576470613479614);
#6513=CARTESIAN_POINT('',(87.84,-2.455,1.0));
#6514=VECTOR('',#7580,1.0);
#6515=CARTESIAN_POINT('',(90.86,-2.455,1.0));
#6516=VECTOR('',#7581,1.0);
#6517=COLOUR_RGB('',0.980392158031464,0.839215695858002,0.576470613479614);
#6518=COLOUR_RGB('',0.980392158031464,0.839215695858002,0.576470613479614);
#6519=COLOUR_RGB('',0.980392158031464,0.839215695858002,0.576470613479614);
#6520=CARTESIAN_POINT('',(74.26,1.995,1.4));
#6521=CARTESIAN_POINT('',(73.8,2.455,1.4));
#6522=CARTESIAN_POINT('',(74.3280266952966,1.92697330470337,1.4));
#6523=VECTOR('',#7582,1.0);
#6524=CARTESIAN_POINT('',(74.26,1.995,0.6));
#6525=CARTESIAN_POINT('',(74.26,1.995,1.0));
#6526=VECTOR('',#7583,1.0);
#6527=CARTESIAN_POINT('',(73.8,2.455,0.6));
#6528=CARTESIAN_POINT('',(74.3280266952966,1.92697330470337,0.6));
#6529=VECTOR('',#7584,1.0);
#6530=CARTESIAN_POINT('',(73.8,2.455,1.0));
#6531=VECTOR('',#7585,1.0);
#6532=COLOUR_RGB('',0.980392158031464,0.839215695858002,0.576470613479614);
#6533=CARTESIAN_POINT('',(71.24,2.455,1.4));
#6534=CARTESIAN_POINT('',(72.75,2.455,1.4));
#6535=VECTOR('',#7586,1.0);
#6536=CARTESIAN_POINT('',(71.24,-2.455,1.4));
#6537=CARTESIAN_POINT('',(71.24,0.0,1.4));
#6538=VECTOR('',#7587,1.0);
#6539=CARTESIAN_POINT('',(74.26,-2.455,1.4));
#6540=CARTESIAN_POINT('',(72.75,-2.455,1.4));
#6541=VECTOR('',#7588,1.0);
#6542=CARTESIAN_POINT('',(74.26,0.0,1.4));
#6543=VECTOR('',#7589,1.0);
#6544=COLOUR_RGB('',0.980392158031464,0.839215695858002,0.576470613479614);
#6545=CARTESIAN_POINT('',(71.24,2.455,0.6));
#6546=CARTESIAN_POINT('',(72.75,2.455,0.6));
#6547=VECTOR('',#7590,1.0);
#6548=CARTESIAN_POINT('',(71.24,2.455,1.0));
#6549=VECTOR('',#7591,1.0);
#6550=COLOUR_RGB('',0.980392158031464,0.839215695858002,0.576470613479614);
#6551=CARTESIAN_POINT('',(74.26,-2.455,0.6));
#6552=CARTESIAN_POINT('',(74.26,0.0,0.6));
#6553=VECTOR('',#7592,1.0);
#6554=CARTESIAN_POINT('',(71.24,-2.455,0.6));
#6555=CARTESIAN_POINT('',(72.75,-2.455,0.6));
#6556=VECTOR('',#7593,1.0);
#6557=CARTESIAN_POINT('',(71.24,0.0,0.6));
#6558=VECTOR('',#7594,1.0);
#6559=COLOUR_RGB('',0.980392158031464,0.839215695858002,0.576470613479614);
#6560=CARTESIAN_POINT('',(71.24,-2.455,1.0));
#6561=VECTOR('',#7595,1.0);
#6562=CARTESIAN_POINT('',(74.26,-2.455,1.0));
#6563=VECTOR('',#7596,1.0);
#6564=COLOUR_RGB('',0.980392158031464,0.839215695858002,0.576470613479614);
#6565=COLOUR_RGB('',0.980392158031464,0.839215695858002,0.576470613479614);
#6566=COLOUR_RGB('',0.980392158031464,0.839215695858002,0.576470613479614);
#6567=CARTESIAN_POINT('',(57.66,1.99500000000001,1.4));
#6568=CARTESIAN_POINT('',(57.2,2.455,1.4));
#6569=CARTESIAN_POINT('',(57.7280266952966,1.92697330470337,1.4));
#6570=VECTOR('',#7597,1.0);
#6571=CARTESIAN_POINT('',(57.66,1.99500000000001,0.6));
#6572=CARTESIAN_POINT('',(57.66,1.99500000000001,1.0));
#6573=VECTOR('',#7598,1.0);
#6574=CARTESIAN_POINT('',(57.2,2.455,0.6));
#6575=CARTESIAN_POINT('',(57.7280266952966,1.92697330470337,0.6));
#6576=VECTOR('',#7599,1.0);
#6577=CARTESIAN_POINT('',(57.2,2.455,1.0));
#6578=VECTOR('',#7600,1.0);
#6579=COLOUR_RGB('',0.980392158031464,0.839215695858002,0.576470613479614);
#6580=CARTESIAN_POINT('',(54.64,2.455,1.4));
#6581=CARTESIAN_POINT('',(56.15,2.455,1.4));
#6582=VECTOR('',#7601,1.0);
#6583=CARTESIAN_POINT('',(54.64,-2.455,1.4));
#6584=CARTESIAN_POINT('',(54.64,0.0,1.4));
#6585=VECTOR('',#7602,1.0);
#6586=CARTESIAN_POINT('',(57.66,-2.455,1.4));
#6587=CARTESIAN_POINT('',(56.15,-2.455,1.4));
#6588=VECTOR('',#7603,1.0);
#6589=CARTESIAN_POINT('',(57.66,0.0,1.4));
#6590=VECTOR('',#7604,1.0);
#6591=COLOUR_RGB('',0.980392158031464,0.839215695858002,0.576470613479614);
#6592=CARTESIAN_POINT('',(54.64,2.455,0.6));
#6593=CARTESIAN_POINT('',(56.15,2.455,0.6));
#6594=VECTOR('',#7605,1.0);
#6595=CARTESIAN_POINT('',(54.64,2.455,1.0));
#6596=VECTOR('',#7606,1.0);
#6597=COLOUR_RGB('',0.980392158031464,0.839215695858002,0.576470613479614);
#6598=CARTESIAN_POINT('',(57.66,-2.455,0.6));
#6599=CARTESIAN_POINT('',(57.66,0.0,0.6));
#6600=VECTOR('',#7607,1.0);
#6601=CARTESIAN_POINT('',(54.64,-2.455,0.6));
#6602=CARTESIAN_POINT('',(56.15,-2.455,0.6));
#6603=VECTOR('',#7608,1.0);
#6604=CARTESIAN_POINT('',(54.64,0.0,0.6));
#6605=VECTOR('',#7609,1.0);
#6606=COLOUR_RGB('',0.980392158031464,0.839215695858002,0.576470613479614);
#6607=CARTESIAN_POINT('',(54.64,-2.455,1.0));
#6608=VECTOR('',#7610,1.0);
#6609=CARTESIAN_POINT('',(57.66,-2.455,1.0));
#6610=VECTOR('',#7611,1.0);
#6611=COLOUR_RGB('',0.980392158031464,0.839215695858002,0.576470613479614);
#6612=COLOUR_RGB('',0.980392158031464,0.839215695858002,0.576470613479614);
#6613=COLOUR_RGB('',0.980392158031464,0.839215695858002,0.576470613479614);
#6614=CARTESIAN_POINT('',(65.96,1.995,1.4));
#6615=CARTESIAN_POINT('',(65.5,2.455,1.4));
#6616=CARTESIAN_POINT('',(66.0280266952966,1.92697330470337,1.4));
#6617=VECTOR('',#7612,1.0);
#6618=CARTESIAN_POINT('',(65.96,1.995,0.6));
#6619=CARTESIAN_POINT('',(65.96,1.995,1.0));
#6620=VECTOR('',#7613,1.0);
#6621=CARTESIAN_POINT('',(65.5,2.455,0.6));
#6622=CARTESIAN_POINT('',(66.0280266952966,1.92697330470337,0.6));
#6623=VECTOR('',#7614,1.0);
#6624=CARTESIAN_POINT('',(65.5,2.455,1.0));
#6625=VECTOR('',#7615,1.0);
#6626=COLOUR_RGB('',0.980392158031464,0.839215695858002,0.576470613479614);
#6627=CARTESIAN_POINT('',(62.94,2.455,1.4));
#6628=CARTESIAN_POINT('',(64.45,2.455,1.4));
#6629=VECTOR('',#7616,1.0);
#6630=CARTESIAN_POINT('',(62.94,-2.455,1.4));
#6631=CARTESIAN_POINT('',(62.94,0.0,1.4));
#6632=VECTOR('',#7617,1.0);
#6633=CARTESIAN_POINT('',(65.96,-2.455,1.4));
#6634=CARTESIAN_POINT('',(64.45,-2.455,1.4));
#6635=VECTOR('',#7618,1.0);
#6636=CARTESIAN_POINT('',(65.96,0.0,1.4));
#6637=VECTOR('',#7619,1.0);
#6638=COLOUR_RGB('',0.980392158031464,0.839215695858002,0.576470613479614);
#6639=CARTESIAN_POINT('',(62.94,2.455,0.6));
#6640=CARTESIAN_POINT('',(64.45,2.455,0.6));
#6641=VECTOR('',#7620,1.0);
#6642=CARTESIAN_POINT('',(62.94,2.455,1.0));
#6643=VECTOR('',#7621,1.0);
#6644=COLOUR_RGB('',0.980392158031464,0.839215695858002,0.576470613479614);
#6645=CARTESIAN_POINT('',(65.96,-2.455,0.6));
#6646=CARTESIAN_POINT('',(65.96,0.0,0.6));
#6647=VECTOR('',#7622,1.0);
#6648=CARTESIAN_POINT('',(62.94,-2.455,0.6));
#6649=CARTESIAN_POINT('',(64.45,-2.455,0.6));
#6650=VECTOR('',#7623,1.0);
#6651=CARTESIAN_POINT('',(62.94,0.0,0.6));
#6652=VECTOR('',#7624,1.0);
#6653=COLOUR_RGB('',0.980392158031464,0.839215695858002,0.576470613479614);
#6654=CARTESIAN_POINT('',(62.94,-2.455,1.0));
#6655=VECTOR('',#7625,1.0);
#6656=CARTESIAN_POINT('',(65.96,-2.455,1.0));
#6657=VECTOR('',#7626,1.0);
#6658=COLOUR_RGB('',0.980392158031464,0.839215695858002,0.576470613479614);
#6659=COLOUR_RGB('',0.980392158031464,0.839215695858002,0.576470613479614);
#6660=COLOUR_RGB('',0.980392158031464,0.839215695858002,0.576470613479614);
#6661=CARTESIAN_POINT('',(82.56,1.99499999999998,1.4));
#6662=CARTESIAN_POINT('',(82.1,2.455,1.4));
#6663=CARTESIAN_POINT('',(82.6280266952966,1.92697330470336,1.4));
#6664=VECTOR('',#7627,1.0);
#6665=CARTESIAN_POINT('',(82.56,1.99499999999998,0.6));
#6666=CARTESIAN_POINT('',(82.56,1.99499999999999,1.0));
#6667=VECTOR('',#7628,1.0);
#6668=CARTESIAN_POINT('',(82.1,2.455,0.6));
#6669=CARTESIAN_POINT('',(82.6280266952966,1.92697330470336,0.6));
#6670=VECTOR('',#7629,1.0);
#6671=CARTESIAN_POINT('',(82.1,2.455,1.0));
#6672=VECTOR('',#7630,1.0);
#6673=COLOUR_RGB('',0.980392158031464,0.839215695858002,0.576470613479614);
#6674=CARTESIAN_POINT('',(79.54,2.455,1.4));
#6675=CARTESIAN_POINT('',(81.05,2.455,1.4));
#6676=VECTOR('',#7631,1.0);
#6677=CARTESIAN_POINT('',(79.54,-2.455,1.4));
#6678=CARTESIAN_POINT('',(79.54,0.0,1.4));
#6679=VECTOR('',#7632,1.0);
#6680=CARTESIAN_POINT('',(82.56,-2.455,1.4));
#6681=CARTESIAN_POINT('',(81.05,-2.455,1.4));
#6682=VECTOR('',#7633,1.0);
#6683=CARTESIAN_POINT('',(82.56,0.0,1.4));
#6684=VECTOR('',#7634,1.0);
#6685=COLOUR_RGB('',0.980392158031464,0.839215695858002,0.576470613479614);
#6686=CARTESIAN_POINT('',(79.54,2.455,0.6));
#6687=CARTESIAN_POINT('',(81.05,2.455,0.6));
#6688=VECTOR('',#7635,1.0);
#6689=CARTESIAN_POINT('',(79.54,2.455,1.0));
#6690=VECTOR('',#7636,1.0);
#6691=COLOUR_RGB('',0.980392158031464,0.839215695858002,0.576470613479614);
#6692=CARTESIAN_POINT('',(82.56,-2.455,0.6));
#6693=CARTESIAN_POINT('',(82.56,0.0,0.6));
#6694=VECTOR('',#7637,1.0);
#6695=CARTESIAN_POINT('',(79.54,-2.455,0.6));
#6696=CARTESIAN_POINT('',(81.05,-2.455,0.6));
#6697=VECTOR('',#7638,1.0);
#6698=CARTESIAN_POINT('',(79.54,0.0,0.6));
#6699=VECTOR('',#7639,1.0);
#6700=COLOUR_RGB('',0.980392158031464,0.839215695858002,0.576470613479614);
#6701=CARTESIAN_POINT('',(79.54,-2.455,1.0));
#6702=VECTOR('',#7640,1.0);
#6703=CARTESIAN_POINT('',(82.56,-2.455,1.0));
#6704=VECTOR('',#7641,1.0);
#6705=COLOUR_RGB('',0.980392158031464,0.839215695858002,0.576470613479614);
#6706=COLOUR_RGB('',0.980392158031464,0.839215695858002,0.576470613479614);
#6707=COLOUR_RGB('',0.980392158031464,0.839215695858002,0.576470613479614);
#6708=CARTESIAN_POINT('',(99.16,1.995,1.4));
#6709=CARTESIAN_POINT('',(98.7,2.455,1.4));
#6710=CARTESIAN_POINT('',(99.2280266952966,1.92697330470337,1.4));
#6711=VECTOR('',#7642,1.0);
#6712=CARTESIAN_POINT('',(99.16,1.995,0.6));
#6713=CARTESIAN_POINT('',(99.16,1.995,1.0));
#6714=VECTOR('',#7643,1.0);
#6715=CARTESIAN_POINT('',(98.7,2.455,0.6));
#6716=CARTESIAN_POINT('',(99.2280266952966,1.92697330470337,0.6));
#6717=VECTOR('',#7644,1.0);
#6718=CARTESIAN_POINT('',(98.7,2.455,1.0));
#6719=VECTOR('',#7645,1.0);
#6720=COLOUR_RGB('',0.980392158031464,0.839215695858002,0.576470613479614);
#6721=CARTESIAN_POINT('',(96.14,2.455,1.4));
#6722=CARTESIAN_POINT('',(97.65,2.455,1.4));
#6723=VECTOR('',#7646,1.0);
#6724=CARTESIAN_POINT('',(96.14,-2.455,1.4));
#6725=CARTESIAN_POINT('',(96.14,0.0,1.4));
#6726=VECTOR('',#7647,1.0);
#6727=CARTESIAN_POINT('',(99.16,-2.455,1.4));
#6728=CARTESIAN_POINT('',(97.65,-2.455,1.4));
#6729=VECTOR('',#7648,1.0);
#6730=CARTESIAN_POINT('',(99.16,0.0,1.4));
#6731=VECTOR('',#7649,1.0);
#6732=COLOUR_RGB('',0.980392158031464,0.839215695858002,0.576470613479614);
#6733=CARTESIAN_POINT('',(96.14,2.455,0.6));
#6734=CARTESIAN_POINT('',(97.65,2.455,0.6));
#6735=VECTOR('',#7650,1.0);
#6736=CARTESIAN_POINT('',(96.14,2.455,1.0));
#6737=VECTOR('',#7651,1.0);
#6738=COLOUR_RGB('',0.980392158031464,0.839215695858002,0.576470613479614);
#6739=CARTESIAN_POINT('',(99.16,-2.455,0.6));
#6740=CARTESIAN_POINT('',(99.16,0.0,0.6));
#6741=VECTOR('',#7652,1.0);
#6742=CARTESIAN_POINT('',(96.14,-2.455,0.6));
#6743=CARTESIAN_POINT('',(97.65,-2.455,0.6));
#6744=VECTOR('',#7653,1.0);
#6745=CARTESIAN_POINT('',(96.14,0.0,0.6));
#6746=VECTOR('',#7654,1.0);
#6747=COLOUR_RGB('',0.980392158031464,0.839215695858002,0.576470613479614);
#6748=CARTESIAN_POINT('',(96.14,-2.455,1.0));
#6749=VECTOR('',#7655,1.0);
#6750=CARTESIAN_POINT('',(99.16,-2.455,1.0));
#6751=VECTOR('',#7656,1.0);
#6752=COLOUR_RGB('',0.980392158031464,0.839215695858002,0.576470613479614);
#6753=COLOUR_RGB('',0.980392158031464,0.839215695858002,0.576470613479614);
#6754=COLOUR_RGB('',0.980392158031464,0.839215695858002,0.576470613479614);
#6755=COLOUR_RGB('',0.980392158031464,0.839215695858002,0.576470613479614);
#6756=COLOUR_RGB('',0.980392158031464,0.839215695858002,0.576470613479614);
#6757=COLOUR_RGB('',0.980392158031464,0.839215695858002,0.576470613479614);
#6758=COLOUR_RGB('',0.980392158031464,0.839215695858002,0.576470613479614);
#6759=COLOUR_RGB('',0.980392158031464,0.839215695858002,0.576470613479614);
#6760=COLOUR_RGB('',0.980392158031464,0.839215695858002,0.576470613479614);
#6761=CARTESIAN_POINT('',(40.86,1.995,1.4));
#6762=CARTESIAN_POINT('',(40.4,2.455,1.4));
#6763=CARTESIAN_POINT('',(40.9280266952966,1.92697330470337,1.4));
#6764=VECTOR('',#7657,1.0);
#6765=CARTESIAN_POINT('',(40.86,1.995,0.6));
#6766=CARTESIAN_POINT('',(40.86,1.995,1.0));
#6767=VECTOR('',#7658,1.0);
#6768=CARTESIAN_POINT('',(40.4,2.455,0.6));
#6769=CARTESIAN_POINT('',(40.9280266952966,1.92697330470337,0.6));
#6770=VECTOR('',#7659,1.0);
#6771=CARTESIAN_POINT('',(40.4,2.455,1.0));
#6772=VECTOR('',#7660,1.0);
#6773=COLOUR_RGB('',0.980392158031464,0.839215695858002,0.576470613479614);
#6774=CARTESIAN_POINT('',(37.84,2.455,1.4));
#6775=CARTESIAN_POINT('',(39.35,2.455,1.4));
#6776=VECTOR('',#7661,1.0);
#6777=CARTESIAN_POINT('',(37.84,-2.455,1.4));
#6778=CARTESIAN_POINT('',(37.84,0.0,1.4));
#6779=VECTOR('',#7662,1.0);
#6780=CARTESIAN_POINT('',(40.86,-2.455,1.4));
#6781=CARTESIAN_POINT('',(39.35,-2.455,1.4));
#6782=VECTOR('',#7663,1.0);
#6783=CARTESIAN_POINT('',(40.86,0.0,1.4));
#6784=VECTOR('',#7664,1.0);
#6785=COLOUR_RGB('',0.980392158031464,0.839215695858002,0.576470613479614);
#6786=CARTESIAN_POINT('',(37.84,2.455,0.6));
#6787=CARTESIAN_POINT('',(39.35,2.455,0.6));
#6788=VECTOR('',#7665,1.0);
#6789=CARTESIAN_POINT('',(37.84,2.455,1.0));
#6790=VECTOR('',#7666,1.0);
#6791=COLOUR_RGB('',0.980392158031464,0.839215695858002,0.576470613479614);
#6792=CARTESIAN_POINT('',(40.86,-2.455,0.6));
#6793=CARTESIAN_POINT('',(40.86,0.0,0.6));
#6794=VECTOR('',#7667,1.0);
#6795=CARTESIAN_POINT('',(37.84,-2.455,0.6));
#6796=CARTESIAN_POINT('',(39.35,-2.455,0.6));
#6797=VECTOR('',#7668,1.0);
#6798=CARTESIAN_POINT('',(37.84,0.0,0.6));
#6799=VECTOR('',#7669,1.0);
#6800=COLOUR_RGB('',0.980392158031464,0.839215695858002,0.576470613479614);
#6801=CARTESIAN_POINT('',(37.84,-2.455,1.0));
#6802=VECTOR('',#7670,1.0);
#6803=CARTESIAN_POINT('',(40.86,-2.455,1.0));
#6804=VECTOR('',#7671,1.0);
#6805=COLOUR_RGB('',0.980392158031464,0.839215695858002,0.576470613479614);
#6806=COLOUR_RGB('',0.980392158031464,0.839215695858002,0.576470613479614);
#6807=COLOUR_RGB('',0.980392158031464,0.839215695858002,0.576470613479614);
#6808=CARTESIAN_POINT('',(24.26,1.995,1.4));
#6809=CARTESIAN_POINT('',(23.8,2.455,1.4));
#6810=CARTESIAN_POINT('',(24.3280266952966,1.92697330470336,1.4));
#6811=VECTOR('',#7672,1.0);
#6812=CARTESIAN_POINT('',(24.26,1.995,0.6));
#6813=CARTESIAN_POINT('',(24.26,1.995,1.0));
#6814=VECTOR('',#7673,1.0);
#6815=CARTESIAN_POINT('',(23.8,2.455,0.6));
#6816=CARTESIAN_POINT('',(24.3280266952966,1.92697330470336,0.6));
#6817=VECTOR('',#7674,1.0);
#6818=CARTESIAN_POINT('',(23.8,2.455,1.0));
#6819=VECTOR('',#7675,1.0);
#6820=COLOUR_RGB('',0.980392158031464,0.839215695858002,0.576470613479614);
#6821=CARTESIAN_POINT('',(21.24,2.455,1.4));
#6822=CARTESIAN_POINT('',(22.75,2.455,1.4));
#6823=VECTOR('',#7676,1.0);
#6824=CARTESIAN_POINT('',(21.24,-2.455,1.4));
#6825=CARTESIAN_POINT('',(21.24,0.0,1.4));
#6826=VECTOR('',#7677,1.0);
#6827=CARTESIAN_POINT('',(24.26,-2.455,1.4));
#6828=CARTESIAN_POINT('',(22.75,-2.455,1.4));
#6829=VECTOR('',#7678,1.0);
#6830=CARTESIAN_POINT('',(24.26,0.0,1.4));
#6831=VECTOR('',#7679,1.0);
#6832=COLOUR_RGB('',0.980392158031464,0.839215695858002,0.576470613479614);
#6833=CARTESIAN_POINT('',(21.24,2.455,0.6));
#6834=CARTESIAN_POINT('',(22.75,2.455,0.6));
#6835=VECTOR('',#7680,1.0);
#6836=CARTESIAN_POINT('',(21.24,2.455,1.0));
#6837=VECTOR('',#7681,1.0);
#6838=COLOUR_RGB('',0.980392158031464,0.839215695858002,0.576470613479614);
#6839=CARTESIAN_POINT('',(24.26,-2.455,0.6));
#6840=CARTESIAN_POINT('',(24.26,0.0,0.6));
#6841=VECTOR('',#7682,1.0);
#6842=CARTESIAN_POINT('',(21.24,-2.455,0.6));
#6843=CARTESIAN_POINT('',(22.75,-2.455,0.6));
#6844=VECTOR('',#7683,1.0);
#6845=CARTESIAN_POINT('',(21.24,0.0,0.6));
#6846=VECTOR('',#7684,1.0);
#6847=COLOUR_RGB('',0.980392158031464,0.839215695858002,0.576470613479614);
#6848=CARTESIAN_POINT('',(21.24,-2.455,1.0));
#6849=VECTOR('',#7685,1.0);
#6850=CARTESIAN_POINT('',(24.26,-2.455,1.0));
#6851=VECTOR('',#7686,1.0);
#6852=COLOUR_RGB('',0.980392158031464,0.839215695858002,0.576470613479614);
#6853=COLOUR_RGB('',0.980392158031464,0.839215695858002,0.576470613479614);
#6854=COLOUR_RGB('',0.980392158031464,0.839215695858002,0.576470613479614);
#6855=CARTESIAN_POINT('',(7.66,1.995,1.4));
#6856=CARTESIAN_POINT('',(7.2,2.455,1.4));
#6857=CARTESIAN_POINT('',(7.72802669529664,1.92697330470336,1.4));
#6858=VECTOR('',#7687,1.0);
#6859=CARTESIAN_POINT('',(7.66,1.995,0.6));
#6860=CARTESIAN_POINT('',(7.66,1.995,1.0));
#6861=VECTOR('',#7688,1.0);
#6862=CARTESIAN_POINT('',(7.2,2.455,0.6));
#6863=CARTESIAN_POINT('',(7.72802669529664,1.92697330470336,0.6));
#6864=VECTOR('',#7689,1.0);
#6865=CARTESIAN_POINT('',(7.2,2.455,1.0));
#6866=VECTOR('',#7690,1.0);
#6867=COLOUR_RGB('',0.980392158031464,0.839215695858002,0.576470613479614);
#6868=CARTESIAN_POINT('',(4.64,2.455,1.4));
#6869=CARTESIAN_POINT('',(6.15,2.455,1.4));
#6870=VECTOR('',#7691,1.0);
#6871=CARTESIAN_POINT('',(4.64,-2.455,1.4));
#6872=CARTESIAN_POINT('',(4.64,0.0,1.4));
#6873=VECTOR('',#7692,1.0);
#6874=CARTESIAN_POINT('',(7.66,-2.455,1.4));
#6875=CARTESIAN_POINT('',(6.15,-2.455,1.4));
#6876=VECTOR('',#7693,1.0);
#6877=CARTESIAN_POINT('',(7.66,0.0,1.4));
#6878=VECTOR('',#7694,1.0);
#6879=COLOUR_RGB('',0.980392158031464,0.839215695858002,0.576470613479614);
#6880=CARTESIAN_POINT('',(4.64,2.455,0.6));
#6881=CARTESIAN_POINT('',(6.15,2.455,0.6));
#6882=VECTOR('',#7695,1.0);
#6883=CARTESIAN_POINT('',(4.64,2.455,1.0));
#6884=VECTOR('',#7696,1.0);
#6885=COLOUR_RGB('',0.980392158031464,0.839215695858002,0.576470613479614);
#6886=CARTESIAN_POINT('',(7.66,-2.455,0.6));
#6887=CARTESIAN_POINT('',(7.66,0.0,0.6));
#6888=VECTOR('',#7697,1.0);
#6889=CARTESIAN_POINT('',(4.64,-2.455,0.6));
#6890=CARTESIAN_POINT('',(6.15,-2.455,0.6));
#6891=VECTOR('',#7698,1.0);
#6892=CARTESIAN_POINT('',(4.64,0.0,0.6));
#6893=VECTOR('',#7699,1.0);
#6894=COLOUR_RGB('',0.980392158031464,0.839215695858002,0.576470613479614);
#6895=CARTESIAN_POINT('',(4.64,-2.455,1.0));
#6896=VECTOR('',#7700,1.0);
#6897=CARTESIAN_POINT('',(7.66,-2.455,1.0));
#6898=VECTOR('',#7701,1.0);
#6899=COLOUR_RGB('',0.980392158031464,0.839215695858002,0.576470613479614);
#6900=COLOUR_RGB('',0.980392158031464,0.839215695858002,0.576470613479614);
#6901=COLOUR_RGB('',0.980392158031464,0.839215695858002,0.576470613479614);
#6902=CARTESIAN_POINT('',(15.96,1.995,1.4));
#6903=CARTESIAN_POINT('',(15.5,2.455,1.4));
#6904=CARTESIAN_POINT('',(16.0280266952966,1.92697330470336,1.4));
#6905=VECTOR('',#7702,1.0);
#6906=CARTESIAN_POINT('',(15.96,1.995,0.6));
#6907=CARTESIAN_POINT('',(15.96,1.995,1.0));
#6908=VECTOR('',#7703,1.0);
#6909=CARTESIAN_POINT('',(15.5,2.455,0.6));
#6910=CARTESIAN_POINT('',(16.0280266952966,1.92697330470336,0.6));
#6911=VECTOR('',#7704,1.0);
#6912=CARTESIAN_POINT('',(15.5,2.455,1.0));
#6913=VECTOR('',#7705,1.0);
#6914=COLOUR_RGB('',0.980392158031464,0.839215695858002,0.576470613479614);
#6915=CARTESIAN_POINT('',(12.94,2.455,1.4));
#6916=CARTESIAN_POINT('',(14.45,2.455,1.4));
#6917=VECTOR('',#7706,1.0);
#6918=CARTESIAN_POINT('',(12.94,-2.455,1.4));
#6919=CARTESIAN_POINT('',(12.94,0.0,1.4));
#6920=VECTOR('',#7707,1.0);
#6921=CARTESIAN_POINT('',(15.96,-2.455,1.4));
#6922=CARTESIAN_POINT('',(14.45,-2.455,1.4));
#6923=VECTOR('',#7708,1.0);
#6924=CARTESIAN_POINT('',(15.96,0.0,1.4));
#6925=VECTOR('',#7709,1.0);
#6926=COLOUR_RGB('',0.980392158031464,0.839215695858002,0.576470613479614);
#6927=CARTESIAN_POINT('',(12.94,2.455,0.6));
#6928=CARTESIAN_POINT('',(14.45,2.455,0.6));
#6929=VECTOR('',#7710,1.0);
#6930=CARTESIAN_POINT('',(12.94,2.455,1.0));
#6931=VECTOR('',#7711,1.0);
#6932=COLOUR_RGB('',0.980392158031464,0.839215695858002,0.576470613479614);
#6933=CARTESIAN_POINT('',(15.96,-2.455,0.6));
#6934=CARTESIAN_POINT('',(15.96,0.0,0.6));
#6935=VECTOR('',#7712,1.0);
#6936=CARTESIAN_POINT('',(12.94,-2.455,0.6));
#6937=CARTESIAN_POINT('',(14.45,-2.455,0.6));
#6938=VECTOR('',#7713,1.0);
#6939=CARTESIAN_POINT('',(12.94,0.0,0.6));
#6940=VECTOR('',#7714,1.0);
#6941=COLOUR_RGB('',0.980392158031464,0.839215695858002,0.576470613479614);
#6942=CARTESIAN_POINT('',(12.94,-2.455,1.0));
#6943=VECTOR('',#7715,1.0);
#6944=CARTESIAN_POINT('',(15.96,-2.455,1.0));
#6945=VECTOR('',#7716,1.0);
#6946=COLOUR_RGB('',0.980392158031464,0.839215695858002,0.576470613479614);
#6947=COLOUR_RGB('',0.980392158031464,0.839215695858002,0.576470613479614);
#6948=COLOUR_RGB('',0.980392158031464,0.839215695858002,0.576470613479614);
#6949=CARTESIAN_POINT('',(32.56,1.99500000000001,1.4));
#6950=CARTESIAN_POINT('',(32.1,2.455,1.4));
#6951=CARTESIAN_POINT('',(32.6280266952966,1.92697330470337,1.4));
#6952=VECTOR('',#7717,1.0);
#6953=CARTESIAN_POINT('',(32.56,1.99500000000001,0.6));
#6954=CARTESIAN_POINT('',(32.56,1.99500000000001,1.0));
#6955=VECTOR('',#7718,1.0);
#6956=CARTESIAN_POINT('',(32.1,2.455,0.6));
#6957=CARTESIAN_POINT('',(32.6280266952966,1.92697330470337,0.6));
#6958=VECTOR('',#7719,1.0);
#6959=CARTESIAN_POINT('',(32.1,2.455,1.0));
#6960=VECTOR('',#7720,1.0);
#6961=COLOUR_RGB('',0.980392158031464,0.839215695858002,0.576470613479614);
#6962=CARTESIAN_POINT('',(29.54,2.455,1.4));
#6963=CARTESIAN_POINT('',(31.05,2.455,1.4));
#6964=VECTOR('',#7721,1.0);
#6965=CARTESIAN_POINT('',(29.54,-2.455,1.4));
#6966=CARTESIAN_POINT('',(29.54,0.0,1.4));
#6967=VECTOR('',#7722,1.0);
#6968=CARTESIAN_POINT('',(32.56,-2.455,1.4));
#6969=CARTESIAN_POINT('',(31.05,-2.455,1.4));
#6970=VECTOR('',#7723,1.0);
#6971=CARTESIAN_POINT('',(32.56,0.0,1.4));
#6972=VECTOR('',#7724,1.0);
#6973=COLOUR_RGB('',0.980392158031464,0.839215695858002,0.576470613479614);
#6974=CARTESIAN_POINT('',(29.54,2.455,0.6));
#6975=CARTESIAN_POINT('',(31.05,2.455,0.6));
#6976=VECTOR('',#7725,1.0);
#6977=CARTESIAN_POINT('',(29.54,2.455,1.0));
#6978=VECTOR('',#7726,1.0);
#6979=COLOUR_RGB('',0.980392158031464,0.839215695858002,0.576470613479614);
#6980=CARTESIAN_POINT('',(32.56,-2.455,0.6));
#6981=CARTESIAN_POINT('',(32.56,0.0,0.6));
#6982=VECTOR('',#7727,1.0);
#6983=CARTESIAN_POINT('',(29.54,-2.455,0.6));
#6984=CARTESIAN_POINT('',(31.05,-2.455,0.6));
#6985=VECTOR('',#7728,1.0);
#6986=CARTESIAN_POINT('',(29.54,0.0,0.6));
#6987=VECTOR('',#7729,1.0);
#6988=COLOUR_RGB('',0.980392158031464,0.839215695858002,0.576470613479614);
#6989=CARTESIAN_POINT('',(29.54,-2.455,1.0));
#6990=VECTOR('',#7730,1.0);
#6991=CARTESIAN_POINT('',(32.56,-2.455,1.0));
#6992=VECTOR('',#7731,1.0);
#6993=COLOUR_RGB('',0.980392158031464,0.839215695858002,0.576470613479614);
#6994=COLOUR_RGB('',0.980392158031464,0.839215695858002,0.576470613479614);
#6995=COLOUR_RGB('',0.980392158031464,0.839215695858002,0.576470613479614);
#6996=CARTESIAN_POINT('',(49.16,1.99500000000001,1.4));
#6997=CARTESIAN_POINT('',(48.7,2.455,1.4));
#6998=CARTESIAN_POINT('',(49.2280266952966,1.92697330470337,1.4));
#6999=VECTOR('',#7732,1.0);
#7000=CARTESIAN_POINT('',(49.16,1.99500000000001,0.6));
#7001=CARTESIAN_POINT('',(49.16,1.99500000000001,1.0));
#7002=VECTOR('',#7733,1.0);
#7003=CARTESIAN_POINT('',(48.7,2.455,0.6));
#7004=CARTESIAN_POINT('',(49.2280266952966,1.92697330470337,0.6));
#7005=VECTOR('',#7734,1.0);
#7006=CARTESIAN_POINT('',(48.7,2.455,1.0));
#7007=VECTOR('',#7735,1.0);
#7008=COLOUR_RGB('',0.980392158031464,0.839215695858002,0.576470613479614);
#7009=CARTESIAN_POINT('',(46.14,2.455,1.4));
#7010=CARTESIAN_POINT('',(47.65,2.455,1.4));
#7011=VECTOR('',#7736,1.0);
#7012=CARTESIAN_POINT('',(46.14,-2.455,1.4));
#7013=CARTESIAN_POINT('',(46.14,0.0,1.4));
#7014=VECTOR('',#7737,1.0);
#7015=CARTESIAN_POINT('',(49.16,-2.455,1.4));
#7016=CARTESIAN_POINT('',(47.65,-2.455,1.4));
#7017=VECTOR('',#7738,1.0);
#7018=CARTESIAN_POINT('',(49.16,0.0,1.4));
#7019=VECTOR('',#7739,1.0);
#7020=COLOUR_RGB('',0.980392158031464,0.839215695858002,0.576470613479614);
#7021=CARTESIAN_POINT('',(46.14,2.455,0.6));
#7022=CARTESIAN_POINT('',(47.65,2.455,0.6));
#7023=VECTOR('',#7740,1.0);
#7024=CARTESIAN_POINT('',(46.14,2.455,1.0));
#7025=VECTOR('',#7741,1.0);
#7026=COLOUR_RGB('',0.980392158031464,0.839215695858002,0.576470613479614);
#7027=CARTESIAN_POINT('',(49.16,-2.455,0.6));
#7028=CARTESIAN_POINT('',(49.16,0.0,0.6));
#7029=VECTOR('',#7742,1.0);
#7030=CARTESIAN_POINT('',(46.14,-2.455,0.6));
#7031=CARTESIAN_POINT('',(47.65,-2.455,0.6));
#7032=VECTOR('',#7743,1.0);
#7033=CARTESIAN_POINT('',(46.14,0.0,0.6));
#7034=VECTOR('',#7744,1.0);
#7035=COLOUR_RGB('',0.980392158031464,0.839215695858002,0.576470613479614);
#7036=CARTESIAN_POINT('',(46.14,-2.455,1.0));
#7037=VECTOR('',#7745,1.0);
#7038=CARTESIAN_POINT('',(49.16,-2.455,1.0));
#7039=VECTOR('',#7746,1.0);
#7040=COLOUR_RGB('',0.980392158031464,0.839215695858002,0.576470613479614);
#7041=COLOUR_RGB('',0.980392158031464,0.839215695858002,0.576470613479614);
#7042=COLOUR_RGB('',0.980392158031464,0.839215695858002,0.576470613479614);
#7043=COLOUR_RGB('',0.980392158031464,0.839215695858002,0.576470613479614);
#7044=COLOUR_RGB('',0.980392158031464,0.839215695858002,0.576470613479614);
#7045=COLOUR_RGB('',0.980392158031464,0.839215695858002,0.576470613479614);
#7046=COLOUR_RGB('',0.980392158031464,0.839215695858002,0.576470613479614);
#7047=COLOUR_RGB('',0.980392158031464,0.839215695858002,0.576470613479614);
#7048=COLOUR_RGB('',0.254901975393295,0.274509817361832,0.301960796117783);
#7049=CARTESIAN_POINT('',(69.71,-2.415,1.2));
#7050=CARTESIAN_POINT('',(69.71,2.415,1.2));
#7051=CARTESIAN_POINT('',(69.71,0.0,1.2));
#7052=VECTOR('',#7747,1.0);
#7053=CARTESIAN_POINT('',(67.42,2.415,1.2));
#7054=CARTESIAN_POINT('',(68.565,2.415,1.2));
#7055=VECTOR('',#7748,1.0);
#7056=CARTESIAN_POINT('',(67.42,-2.415,1.2));
#7057=CARTESIAN_POINT('',(67.42,0.0,1.2));
#7058=VECTOR('',#7749,1.0);
#7059=CARTESIAN_POINT('',(68.565,-2.415,1.2));
#7060=VECTOR('',#7750,1.0);
#7061=COLOUR_RGB('',0.254901975393295,0.274509817361832,0.301960796117783);
#7062=CARTESIAN_POINT('',(69.71,2.415,0.6));
#7063=CARTESIAN_POINT('',(69.71,-2.415,0.6));
#7064=CARTESIAN_POINT('',(69.71,0.0,0.6));
#7065=VECTOR('',#7751,1.0);
#7066=CARTESIAN_POINT('',(67.42,-2.415,0.6));
#7067=CARTESIAN_POINT('',(68.565,-2.415,0.6));
#7068=VECTOR('',#7752,1.0);
#7069=CARTESIAN_POINT('',(67.42,2.415,0.6));
#7070=CARTESIAN_POINT('',(67.42,0.0,0.6));
#7071=VECTOR('',#7753,1.0);
#7072=CARTESIAN_POINT('',(68.565,2.415,0.6));
#7073=VECTOR('',#7754,1.0);
#7074=COLOUR_RGB('',0.254901975393295,0.274509817361832,0.301960796117783);
#7075=CARTESIAN_POINT('',(67.42,-2.415,0.9));
#7076=VECTOR('',#7755,1.0);
#7077=CARTESIAN_POINT('',(69.71,-2.415,0.9));
#7078=VECTOR('',#7756,1.0);
#7079=COLOUR_RGB('',0.254901975393295,0.274509817361832,0.301960796117783);
#7080=CARTESIAN_POINT('',(67.42,2.415,0.9));
#7081=VECTOR('',#7757,1.0);
#7082=COLOUR_RGB('',0.254901975393295,0.274509817361832,0.301960796117783);
#7083=CARTESIAN_POINT('',(69.71,2.415,0.9));
#7084=VECTOR('',#7758,1.0);
#7085=COLOUR_RGB('',0.254901975393295,0.274509817361832,0.301960796117783);
#7086=COLOUR_RGB('',0.254901975393295,0.274509817361832,0.301960796117783);
#7087=CARTESIAN_POINT('',(94.61,-2.415,1.2));
#7088=CARTESIAN_POINT('',(94.61,2.415,1.2));
#7089=CARTESIAN_POINT('',(94.61,0.0,1.2));
#7090=VECTOR('',#7759,1.0);
#7091=CARTESIAN_POINT('',(92.32,2.415,1.2));
#7092=CARTESIAN_POINT('',(93.465,2.415,1.2));
#7093=VECTOR('',#7760,1.0);
#7094=CARTESIAN_POINT('',(92.32,-2.415,1.2));
#7095=CARTESIAN_POINT('',(92.32,0.0,1.2));
#7096=VECTOR('',#7761,1.0);
#7097=CARTESIAN_POINT('',(93.465,-2.415,1.2));
#7098=VECTOR('',#7762,1.0);
#7099=COLOUR_RGB('',0.254901975393295,0.274509817361832,0.301960796117783);
#7100=CARTESIAN_POINT('',(94.61,2.415,0.6));
#7101=CARTESIAN_POINT('',(94.61,-2.415,0.6));
#7102=CARTESIAN_POINT('',(94.61,0.0,0.6));
#7103=VECTOR('',#7763,1.0);
#7104=CARTESIAN_POINT('',(92.32,-2.415,0.6));
#7105=CARTESIAN_POINT('',(93.465,-2.415,0.6));
#7106=VECTOR('',#7764,1.0);
#7107=CARTESIAN_POINT('',(92.32,2.415,0.6));
#7108=CARTESIAN_POINT('',(92.32,0.0,0.6));
#7109=VECTOR('',#7765,1.0);
#7110=CARTESIAN_POINT('',(93.465,2.415,0.6));
#7111=VECTOR('',#7766,1.0);
#7112=COLOUR_RGB('',0.254901975393295,0.274509817361832,0.301960796117783);
#7113=CARTESIAN_POINT('',(92.32,-2.415,0.9));
#7114=VECTOR('',#7767,1.0);
#7115=CARTESIAN_POINT('',(94.61,-2.415,0.9));
#7116=VECTOR('',#7768,1.0);
#7117=COLOUR_RGB('',0.254901975393295,0.274509817361832,0.301960796117783);
#7118=CARTESIAN_POINT('',(92.32,2.415,0.9));
#7119=VECTOR('',#7769,1.0);
#7120=COLOUR_RGB('',0.254901975393295,0.274509817361832,0.301960796117783);
#7121=CARTESIAN_POINT('',(94.61,2.415,0.9));
#7122=VECTOR('',#7770,1.0);
#7123=COLOUR_RGB('',0.254901975393295,0.274509817361832,0.301960796117783);
#7124=COLOUR_RGB('',0.254901975393295,0.274509817361832,0.301960796117783);
#7125=COLOUR_RGB('',0.254901975393295,0.274509817361832,0.301960796117783);
#7126=COLOUR_RGB('',0.254901975393295,0.274509817361832,0.301960796117783);
#7127=CARTESIAN_POINT('',(19.71,-2.415,1.2));
#7128=CARTESIAN_POINT('',(19.71,2.415,1.2));
#7129=CARTESIAN_POINT('',(19.71,0.0,1.2));
#7130=VECTOR('',#7771,1.0);
#7131=CARTESIAN_POINT('',(17.42,2.415,1.2));
#7132=CARTESIAN_POINT('',(18.565,2.415,1.2));
#7133=VECTOR('',#7772,1.0);
#7134=CARTESIAN_POINT('',(17.42,-2.415,1.2));
#7135=CARTESIAN_POINT('',(17.42,0.0,1.2));
#7136=VECTOR('',#7773,1.0);
#7137=CARTESIAN_POINT('',(18.565,-2.415,1.2));
#7138=VECTOR('',#7774,1.0);
#7139=COLOUR_RGB('',0.254901975393295,0.274509817361832,0.301960796117783);
#7140=CARTESIAN_POINT('',(19.71,2.415,0.6));
#7141=CARTESIAN_POINT('',(19.71,-2.415,0.6));
#7142=CARTESIAN_POINT('',(19.71,0.0,0.6));
#7143=VECTOR('',#7775,1.0);
#7144=CARTESIAN_POINT('',(17.42,-2.415,0.6));
#7145=CARTESIAN_POINT('',(18.565,-2.415,0.6));
#7146=VECTOR('',#7776,1.0);
#7147=CARTESIAN_POINT('',(17.42,2.415,0.6));
#7148=CARTESIAN_POINT('',(17.42,0.0,0.6));
#7149=VECTOR('',#7777,1.0);
#7150=CARTESIAN_POINT('',(18.565,2.415,0.6));
#7151=VECTOR('',#7778,1.0);
#7152=COLOUR_RGB('',0.254901975393295,0.274509817361832,0.301960796117783);
#7153=CARTESIAN_POINT('',(17.42,-2.415,0.9));
#7154=VECTOR('',#7779,1.0);
#7155=CARTESIAN_POINT('',(19.71,-2.415,0.9));
#7156=VECTOR('',#7780,1.0);
#7157=COLOUR_RGB('',0.254901975393295,0.274509817361832,0.301960796117783);
#7158=CARTESIAN_POINT('',(17.42,2.415,0.9));
#7159=VECTOR('',#7781,1.0);
#7160=COLOUR_RGB('',0.254901975393295,0.274509817361832,0.301960796117783);
#7161=CARTESIAN_POINT('',(19.71,2.415,0.9));
#7162=VECTOR('',#7782,1.0);
#7163=COLOUR_RGB('',0.254901975393295,0.274509817361832,0.301960796117783);
#7164=COLOUR_RGB('',0.254901975393295,0.274509817361832,0.301960796117783);
#7165=CARTESIAN_POINT('',(44.61,-2.415,1.2));
#7166=CARTESIAN_POINT('',(44.61,2.415,1.2));
#7167=CARTESIAN_POINT('',(44.61,0.0,1.2));
#7168=VECTOR('',#7783,1.0);
#7169=CARTESIAN_POINT('',(42.32,2.415,1.2));
#7170=CARTESIAN_POINT('',(43.465,2.415,1.2));
#7171=VECTOR('',#7784,1.0);
#7172=CARTESIAN_POINT('',(42.32,-2.415,1.2));
#7173=CARTESIAN_POINT('',(42.32,0.0,1.2));
#7174=VECTOR('',#7785,1.0);
#7175=CARTESIAN_POINT('',(43.465,-2.415,1.2));
#7176=VECTOR('',#7786,1.0);
#7177=COLOUR_RGB('',0.254901975393295,0.274509817361832,0.301960796117783);
#7178=CARTESIAN_POINT('',(44.61,2.415,0.6));
#7179=CARTESIAN_POINT('',(44.61,-2.415,0.6));
#7180=CARTESIAN_POINT('',(44.61,0.0,0.6));
#7181=VECTOR('',#7787,1.0);
#7182=CARTESIAN_POINT('',(42.32,-2.415,0.6));
#7183=CARTESIAN_POINT('',(43.465,-2.415,0.6));
#7184=VECTOR('',#7788,1.0);
#7185=CARTESIAN_POINT('',(42.32,2.415,0.6));
#7186=CARTESIAN_POINT('',(42.32,0.0,0.6));
#7187=VECTOR('',#7789,1.0);
#7188=CARTESIAN_POINT('',(43.465,2.415,0.6));
#7189=VECTOR('',#7790,1.0);
#7190=COLOUR_RGB('',0.254901975393295,0.274509817361832,0.301960796117783);
#7191=CARTESIAN_POINT('',(42.32,-2.415,0.9));
#7192=VECTOR('',#7791,1.0);
#7193=CARTESIAN_POINT('',(44.61,-2.415,0.9));
#7194=VECTOR('',#7792,1.0);
#7195=COLOUR_RGB('',0.254901975393295,0.274509817361832,0.301960796117783);
#7196=CARTESIAN_POINT('',(42.32,2.415,0.9));
#7197=VECTOR('',#7793,1.0);
#7198=COLOUR_RGB('',0.254901975393295,0.274509817361832,0.301960796117783);
#7199=CARTESIAN_POINT('',(44.61,2.415,0.9));
#7200=VECTOR('',#7794,1.0);
#7201=COLOUR_RGB('',0.254901975393295,0.274509817361832,0.301960796117783);
#7202=COLOUR_RGB('',0.254901975393295,0.274509817361832,0.301960796117783);
#7203=COLOUR_RGB('',0.254901975393295,0.274509817361832,0.301960796117783);
#7204=DIRECTION('',(0.0,1.0,0.0));
#7205=CARTESIAN_POINT('',(0.0,0.0,0.0));
#7206=DIRECTION('',(0.0,-1.0,0.0));
#7207=DIRECTION('',(1.0,0.0,0.0));
#7208=DIRECTION('',(-0.0,-1.0,-0.0));
#7209=CARTESIAN_POINT('',(0.0,1.0E-05,0.0));
#7210=DIRECTION('',(-0.0,1.0,0.0));
#7211=DIRECTION('',(1.0,0.0,0.0));
#7212=DIRECTION('',(-1.0,0.0,0.0));
#7213=DIRECTION('',(0.0,1.0,0.0));
#7214=DIRECTION('',(-1.0,0.0,0.0));
#7215=DIRECTION('',(0.0,1.0,0.0));
#7216=DIRECTION('',(-0.0,0.0,1.0));
#7217=DIRECTION('',(0.0,0.0,1.0));
#7218=DIRECTION('',(0.0,1.0,0.0));
#7219=DIRECTION('',(0.0,0.0,-1.0));
#7220=DIRECTION('',(1.0,0.0,0.0));
#7221=DIRECTION('',(1.0,0.0,0.0));
#7222=DIRECTION('',(0.0,1.0,0.0));
#7223=DIRECTION('',(-0.0,-0.0,-1.0));
#7224=DIRECTION('',(1.0,0.0,0.0));
#7225=DIRECTION('',(0.0,-1.0,0.0));
#7226=DIRECTION('',(1.0,0.0,0.0));
#7227=DIRECTION('',(0.0,-1.0,0.0));
#7228=DIRECTION('',(-0.498211203795922,0.0,0.86705570548392));
#7229=DIRECTION('',(0.0,-1.0,0.0));
#7230=DIRECTION('',(0.498211203795922,0.0,-0.86705570548392));
#7231=DIRECTION('',(0.0,-1.0,0.0));
#7232=DIRECTION('',(-1.0,-0.0,-0.0));
#7233=DIRECTION('',(1.0,0.0,0.0));
#7234=DIRECTION('',(0.0,-1.0,0.0));
#7235=DIRECTION('',(-0.493268098504972,-0.0,-0.869877337903045));
#7236=DIRECTION('',(0.493268098504972,0.0,0.869877337903045));
#7237=DIRECTION('',(0.0,-1.0,0.0));
#7238=DIRECTION('',(-1.0,-0.0,-0.0));
#7239=DIRECTION('',(1.0,0.0,0.0));
#7240=DIRECTION('',(0.0,-1.0,0.0));
#7241=DIRECTION('',(-0.488363731644345,0.0,0.872640169608533));
#7242=DIRECTION('',(-0.488363731644345,0.0,0.872640169608533));
#7243=DIRECTION('',(0.0,-1.0,0.0));
#7244=DIRECTION('',(-0.502776457807637,-0.0,-0.864416469923153));
#7245=DIRECTION('',(-0.502776457807637,-0.0,-0.864416469923153));
#7246=DIRECTION('',(0.496720136039451,0.0,0.867910771020241));
#7247=DIRECTION('',(-0.496720136039451,-0.0,-0.867910771020241));
#7248=DIRECTION('',(0.0,-1.0,0.0));
#7249=DIRECTION('',(1.0,0.0,-0.0));
#7250=DIRECTION('',(-1.0,0.0,0.0));
#7251=DIRECTION('',(0.0,-1.0,0.0));
#7252=DIRECTION('',(0.49299662922267,0.0,-0.87003121988529));
#7253=DIRECTION('',(-0.49299662922267,0.0,0.87003121988529));
#7254=DIRECTION('',(0.0,-1.0,0.0));
#7255=DIRECTION('',(-1.0,-0.0,-0.0));
#7256=DIRECTION('',(1.0,0.0,0.0));
#7257=DIRECTION('',(-1.0,0.0,0.0));
#7258=DIRECTION('',(0.0,1.0,0.0));
#7259=DIRECTION('',(-1.0,0.0,0.0));
#7260=DIRECTION('',(0.0,1.0,0.0));
#7261=DIRECTION('',(-0.0,0.0,1.0));
#7262=DIRECTION('',(0.0,0.0,1.0));
#7263=DIRECTION('',(0.0,1.0,0.0));
#7264=DIRECTION('',(0.0,0.0,-1.0));
#7265=DIRECTION('',(1.0,0.0,0.0));
#7266=DIRECTION('',(1.0,0.0,0.0));
#7267=DIRECTION('',(0.0,1.0,0.0));
#7268=DIRECTION('',(-0.0,-0.0,-1.0));
#7269=CARTESIAN_POINT('',(0.0,0.0,0.0));
#7270=DIRECTION('',(0.0,-1.0,0.0));
#7271=DIRECTION('',(1.0,0.0,0.0));
#7272=CARTESIAN_POINT('',(0.0,1.0E-05,0.0));
#7273=DIRECTION('',(-0.0,1.0,0.0));
#7274=DIRECTION('',(1.0,0.0,0.0));
#7275=DIRECTION('',(0.0,-1.0,0.0));
#7276=CARTESIAN_POINT('',(103.26,-1.25,0.3));
#7277=DIRECTION('',(0.0,0.0,1.0));
#7278=DIRECTION('',(5.8819762894048E-16,-1.0,0.0));
#7279=DIRECTION('',(-1.0,0.0,0.0));
#7280=CARTESIAN_POINT('',(100.75,-1.25,0.3));
#7281=DIRECTION('',(0.0,-0.0,1.0));
#7282=DIRECTION('',(7.3503816380809E-19,1.0,0.0));
#7283=DIRECTION('',(1.0,0.0,0.0));
#7284=CARTESIAN_POINT('',(103.26,-1.25,0.3));
#7285=DIRECTION('',(0.0,0.0,1.0));
#7286=DIRECTION('',(5.8819762894048E-16,-1.0,0.0));
#7287=DIRECTION('',(0.0,0.0,1.0));
#7288=DIRECTION('',(0.0,0.0,1.0));
#7289=CARTESIAN_POINT('',(103.26,-1.25,0.6));
#7290=DIRECTION('',(0.0,-0.0,-1.0));
#7291=DIRECTION('',(5.8819762894048E-16,-1.0,0.0));
#7292=CARTESIAN_POINT('',(103.26,-1.25,0.6));
#7293=DIRECTION('',(0.0,-0.0,-1.0));
#7294=DIRECTION('',(5.8819762894048E-16,-1.0,0.0));
#7295=DIRECTION('',(0.0,0.0,1.0));
#7296=DIRECTION('',(-0.0,-0.0,-1.0));
#7297=CARTESIAN_POINT('',(100.75,-1.25,0.6));
#7298=DIRECTION('',(0.0,0.0,-1.0));
#7299=DIRECTION('',(7.3503816380809E-19,1.0,0.0));
#7300=DIRECTION('',(0.0,0.0,1.0));
#7301=DIRECTION('',(0.0,0.0,1.0));
#7302=DIRECTION('',(1.0,0.0,0.0));
#7303=DIRECTION('',(-1.0,0.0,0.0));
#7304=DIRECTION('',(0.0,1.0,0.0));
#7305=DIRECTION('',(0.0,0.0,-1.0));
#7306=DIRECTION('',(0.0,-1.0,0.0));
#7307=DIRECTION('',(0.0,0.0,-1.0));
#7308=DIRECTION('',(0.0,1.0,0.0));
#7309=DIRECTION('',(-0.0,-0.0,-1.0));
#7310=DIRECTION('',(0.0,-1.0,0.0));
#7311=DIRECTION('',(0.0,0.0,1.0));
#7312=DIRECTION('',(0.0,1.0,0.0));
#7313=CARTESIAN_POINT('',(53.26,-1.25,0.6));
#7314=DIRECTION('',(0.0,-0.0,-1.0));
#7315=DIRECTION('',(5.8819762894048E-16,-1.0,0.0));
#7316=DIRECTION('',(0.0,0.0,1.0));
#7317=CARTESIAN_POINT('',(53.26,-1.25,0.3));
#7318=DIRECTION('',(0.0,0.0,1.0));
#7319=DIRECTION('',(5.8819762894048E-16,-1.0,0.0));
#7320=DIRECTION('',(0.0,0.0,1.0));
#7321=DIRECTION('',(-1.0,0.0,0.0));
#7322=DIRECTION('',(1.0,0.0,0.0));
#7323=DIRECTION('',(0.0,0.0,1.0));
#7324=CARTESIAN_POINT('',(50.75,-1.25,0.6));
#7325=DIRECTION('',(0.0,0.0,-1.0));
#7326=DIRECTION('',(7.3503816380809E-19,1.0,0.0));
#7327=CARTESIAN_POINT('',(50.75,-1.25,0.3));
#7328=DIRECTION('',(0.0,-0.0,1.0));
#7329=DIRECTION('',(7.3503816380809E-19,1.0,0.0));
#7330=DIRECTION('',(0.0,0.0,1.0));
#7331=DIRECTION('',(1.0,0.0,0.0));
#7332=DIRECTION('',(-1.0,0.0,0.0));
#7333=DIRECTION('',(1.0,0.0,0.0));
#7334=DIRECTION('',(0.0,0.0,1.0));
#7335=DIRECTION('',(-1.0,0.0,0.0));
#7336=DIRECTION('',(0.0,0.0,1.0));
#7337=CARTESIAN_POINT('',(3.26,-1.25,0.6));
#7338=DIRECTION('',(0.0,-0.0,-1.0));
#7339=DIRECTION('',(5.8819762894048E-16,-1.0,0.0));
#7340=CARTESIAN_POINT('',(3.26,-1.25,0.3));
#7341=DIRECTION('',(0.0,0.0,1.0));
#7342=DIRECTION('',(5.8819762894048E-16,-1.0,0.0));
#7343=DIRECTION('',(0.0,0.0,1.0));
#7344=DIRECTION('',(-0.0,-0.0,-1.0));
#7345=CARTESIAN_POINT('',(0.75,-1.25,0.6));
#7346=DIRECTION('',(0.0,0.0,-1.0));
#7347=DIRECTION('',(7.3503816380809E-19,1.0,0.0));
#7348=DIRECTION('',(0.0,0.0,1.0));
#7349=CARTESIAN_POINT('',(0.75,-1.25,0.3));
#7350=DIRECTION('',(0.0,-0.0,1.0));
#7351=DIRECTION('',(7.3503816380809E-19,1.0,0.0));
#7352=DIRECTION('',(-1.0,0.0,0.0));
#7353=DIRECTION('',(1.0,0.0,0.0));
#7354=CARTESIAN_POINT('',(0.75,-1.25,0.6));
#7355=DIRECTION('',(0.0,0.0,-1.0));
#7356=DIRECTION('',(7.3503816380809E-19,1.0,0.0));
#7357=DIRECTION('',(0.0,0.0,1.0));
#7358=CARTESIAN_POINT('',(0.75,-1.25,0.3));
#7359=DIRECTION('',(0.0,-0.0,1.0));
#7360=DIRECTION('',(7.3503816380809E-19,1.0,0.0));
#7361=DIRECTION('',(0.0,1.0,0.0));
#7362=CARTESIAN_POINT('',(103.26,1.25,0.6));
#7363=DIRECTION('',(0.0,-0.0,-1.0));
#7364=DIRECTION('',(5.8819762894048E-16,-1.0,0.0));
#7365=DIRECTION('',(-1.0,0.0,0.0));
#7366=CARTESIAN_POINT('',(100.75,1.25,0.6));
#7367=DIRECTION('',(0.0,0.0,-1.0));
#7368=DIRECTION('',(7.3503816380809E-19,1.0,0.0));
#7369=DIRECTION('',(1.0,0.0,0.0));
#7370=CARTESIAN_POINT('',(103.26,1.25,0.6));
#7371=DIRECTION('',(0.0,-0.0,-1.0));
#7372=DIRECTION('',(5.8819762894048E-16,-1.0,0.0));
#7373=DIRECTION('',(-1.0,0.0,0.0));
#7374=DIRECTION('',(0.0,-1.0,0.0));
#7375=CARTESIAN_POINT('',(0.75,1.25,0.6));
#7376=DIRECTION('',(0.0,0.0,-1.0));
#7377=DIRECTION('',(7.3503816380809E-19,1.0,0.0));
#7378=DIRECTION('',(1.0,0.0,0.0));
#7379=CARTESIAN_POINT('',(3.26,1.25,0.6));
#7380=DIRECTION('',(0.0,-0.0,-1.0));
#7381=DIRECTION('',(5.8819762894048E-16,-1.0,0.0));
#7382=DIRECTION('',(-1.0,0.0,0.0));
#7383=CARTESIAN_POINT('',(0.75,1.25,0.6));
#7384=DIRECTION('',(0.0,0.0,-1.0));
#7385=DIRECTION('',(7.3503816380809E-19,1.0,0.0));
#7386=DIRECTION('',(0.0,-1.0,0.0));
#7387=DIRECTION('',(0.0,-1.0,0.0));
#7388=DIRECTION('',(1.0,0.0,0.0));
#7389=CARTESIAN_POINT('',(50.75,1.25,0.6));
#7390=DIRECTION('',(0.0,0.0,-1.0));
#7391=DIRECTION('',(7.3503816380809E-19,1.0,0.0));
#7392=DIRECTION('',(1.0,0.0,0.0));
#7393=CARTESIAN_POINT('',(53.26,1.25,0.6));
#7394=DIRECTION('',(0.0,-0.0,-1.0));
#7395=DIRECTION('',(5.8819762894048E-16,-1.0,0.0));
#7396=DIRECTION('',(-1.0,0.0,0.0));
#7397=CARTESIAN_POINT('',(103.26,1.25,0.3));
#7398=DIRECTION('',(0.0,0.0,1.0));
#7399=DIRECTION('',(5.8819762894048E-16,-1.0,0.0));
#7400=DIRECTION('',(-1.0,0.0,0.0));
#7401=CARTESIAN_POINT('',(100.75,1.25,0.3));
#7402=DIRECTION('',(0.0,-0.0,1.0));
#7403=DIRECTION('',(7.3503816380809E-19,1.0,0.0));
#7404=DIRECTION('',(1.0,0.0,0.0));
#7405=CARTESIAN_POINT('',(103.26,1.25,0.3));
#7406=DIRECTION('',(0.0,0.0,1.0));
#7407=DIRECTION('',(5.8819762894048E-16,-1.0,0.0));
#7408=DIRECTION('',(0.0,0.0,1.0));
#7409=DIRECTION('',(0.0,0.0,1.0));
#7410=DIRECTION('',(0.0,0.0,1.0));
#7411=DIRECTION('',(0.0,0.0,1.0));
#7412=DIRECTION('',(0.0,0.0,1.0));
#7413=CARTESIAN_POINT('',(53.26,1.25,0.3));
#7414=DIRECTION('',(0.0,0.0,1.0));
#7415=DIRECTION('',(5.8819762894048E-16,-1.0,0.0));
#7416=DIRECTION('',(0.0,0.0,1.0));
#7417=DIRECTION('',(1.0,0.0,0.0));
#7418=DIRECTION('',(0.0,0.0,1.0));
#7419=CARTESIAN_POINT('',(50.75,1.25,0.3));
#7420=DIRECTION('',(0.0,-0.0,1.0));
#7421=DIRECTION('',(7.3503816380809E-19,1.0,0.0));
#7422=DIRECTION('',(0.0,0.0,1.0));
#7423=DIRECTION('',(-1.0,0.0,0.0));
#7424=DIRECTION('',(0.0,0.0,1.0));
#7425=DIRECTION('',(-1.0,0.0,0.0));
#7426=DIRECTION('',(0.0,0.0,1.0));
#7427=CARTESIAN_POINT('',(3.26,1.25,0.3));
#7428=DIRECTION('',(0.0,0.0,1.0));
#7429=DIRECTION('',(5.8819762894048E-16,-1.0,0.0));
#7430=DIRECTION('',(0.0,0.0,1.0));
#7431=DIRECTION('',(-0.0,-0.0,-1.0));
#7432=DIRECTION('',(0.0,0.0,1.0));
#7433=CARTESIAN_POINT('',(0.75,1.25,0.3));
#7434=DIRECTION('',(0.0,-0.0,1.0));
#7435=DIRECTION('',(7.3503816380809E-19,1.0,0.0));
#7436=DIRECTION('',(1.0,0.0,0.0));
#7437=DIRECTION('',(0.0,0.0,1.0));
#7438=CARTESIAN_POINT('',(0.75,1.25,0.3));
#7439=DIRECTION('',(0.0,-0.0,1.0));
#7440=DIRECTION('',(7.3503816380809E-19,1.0,0.0));
#7441=DIRECTION('',(0.0,1.0,0.0));
#7442=DIRECTION('',(-1.0,0.0,0.0));
#7443=DIRECTION('',(0.0,1.0,0.0));
#7444=DIRECTION('',(1.0,0.0,0.0));
#7445=DIRECTION('',(0.0,0.0,-1.0));
#7446=DIRECTION('',(0.0,0.0,-1.0));
#7447=CARTESIAN_POINT('',(100.75,1.25,0.6));
#7448=DIRECTION('',(0.0,0.0,-1.0));
#7449=DIRECTION('',(3.93852530378663E-16,1.0,0.0));
#7450=DIRECTION('',(0.0,0.0,1.0));
#7451=CARTESIAN_POINT('',(100.75,1.25,0.3));
#7452=DIRECTION('',(0.0,-0.0,1.0));
#7453=DIRECTION('',(3.93852530378663E-16,1.0,0.0));
#7454=DIRECTION('',(0.0,0.0,1.0));
#7455=DIRECTION('',(1.0,0.0,0.0));
#7456=DIRECTION('',(0.0,0.0,1.0));
#7457=DIRECTION('',(-1.0,0.0,0.0));
#7458=CARTESIAN_POINT('',(103.25,1.25,0.6));
#7459=DIRECTION('',(-0.0,0.0,-1.0));
#7460=DIRECTION('',(-5.9211894646675E-16,-1.0,0.0));
#7461=DIRECTION('',(0.0,0.0,1.0));
#7462=CARTESIAN_POINT('',(103.25,1.25,0.3));
#7463=DIRECTION('',(0.0,0.0,1.0));
#7464=DIRECTION('',(-5.9211894646675E-16,-1.0,0.0));
#7465=DIRECTION('',(-1.0,-0.0,-0.0));
#7466=DIRECTION('',(1.0,0.0,0.0));
#7467=CARTESIAN_POINT('',(100.75,-1.25,0.6));
#7468=DIRECTION('',(0.0,0.0,-1.0));
#7469=DIRECTION('',(3.93852530378663E-16,1.0,0.0));
#7470=DIRECTION('',(0.0,0.0,1.0));
#7471=CARTESIAN_POINT('',(100.75,-1.25,0.3));
#7472=DIRECTION('',(0.0,-0.0,1.0));
#7473=DIRECTION('',(3.93852530378663E-16,1.0,0.0));
#7474=DIRECTION('',(0.0,0.0,1.0));
#7475=DIRECTION('',(1.0,0.0,0.0));
#7476=DIRECTION('',(0.0,0.0,1.0));
#7477=DIRECTION('',(-1.0,0.0,0.0));
#7478=CARTESIAN_POINT('',(103.25,-1.25,0.6));
#7479=DIRECTION('',(-0.0,0.0,-1.0));
#7480=DIRECTION('',(-5.9211894646675E-16,-1.0,0.0));
#7481=DIRECTION('',(0.0,0.0,1.0));
#7482=CARTESIAN_POINT('',(103.25,-1.25,0.3));
#7483=DIRECTION('',(0.0,0.0,1.0));
#7484=DIRECTION('',(-5.9211894646675E-16,-1.0,0.0));
#7485=DIRECTION('',(-1.0,-0.0,-0.0));
#7486=DIRECTION('',(1.0,0.0,0.0));
#7487=CARTESIAN_POINT('',(50.75,1.25,0.6));
#7488=DIRECTION('',(0.0,0.0,-1.0));
#7489=DIRECTION('',(3.93852530378663E-16,1.0,0.0));
#7490=DIRECTION('',(0.0,0.0,1.0));
#7491=CARTESIAN_POINT('',(50.75,1.25,0.3));
#7492=DIRECTION('',(0.0,-0.0,1.0));
#7493=DIRECTION('',(3.93852530378663E-16,1.0,0.0));
#7494=DIRECTION('',(0.0,0.0,1.0));
#7495=DIRECTION('',(1.0,0.0,0.0));
#7496=DIRECTION('',(0.0,0.0,1.0));
#7497=DIRECTION('',(-1.0,0.0,0.0));
#7498=CARTESIAN_POINT('',(53.25,1.25,0.6));
#7499=DIRECTION('',(-0.0,0.0,-1.0));
#7500=DIRECTION('',(-5.9211894646675E-16,-1.0,0.0));
#7501=DIRECTION('',(0.0,0.0,1.0));
#7502=CARTESIAN_POINT('',(53.25,1.25,0.3));
#7503=DIRECTION('',(0.0,0.0,1.0));
#7504=DIRECTION('',(-5.9211894646675E-16,-1.0,0.0));
#7505=DIRECTION('',(-1.0,-0.0,-0.0));
#7506=DIRECTION('',(1.0,0.0,0.0));
#7507=CARTESIAN_POINT('',(50.75,-1.25,0.6));
#7508=DIRECTION('',(0.0,0.0,-1.0));
#7509=DIRECTION('',(3.93852530378663E-16,1.0,0.0));
#7510=DIRECTION('',(0.0,0.0,1.0));
#7511=CARTESIAN_POINT('',(50.75,-1.25,0.3));
#7512=DIRECTION('',(0.0,-0.0,1.0));
#7513=DIRECTION('',(3.93852530378663E-16,1.0,0.0));
#7514=DIRECTION('',(0.0,0.0,1.0));
#7515=DIRECTION('',(1.0,0.0,0.0));
#7516=DIRECTION('',(0.0,0.0,1.0));
#7517=DIRECTION('',(-1.0,0.0,0.0));
#7518=CARTESIAN_POINT('',(53.25,-1.25,0.6));
#7519=DIRECTION('',(-0.0,0.0,-1.0));
#7520=DIRECTION('',(-5.9211894646675E-16,-1.0,0.0));
#7521=DIRECTION('',(0.0,0.0,1.0));
#7522=CARTESIAN_POINT('',(53.25,-1.25,0.3));
#7523=DIRECTION('',(0.0,0.0,1.0));
#7524=DIRECTION('',(-5.9211894646675E-16,-1.0,0.0));
#7525=DIRECTION('',(-1.0,-0.0,-0.0));
#7526=DIRECTION('',(1.0,0.0,0.0));
#7527=CARTESIAN_POINT('',(0.75,1.25,0.6));
#7528=DIRECTION('',(0.0,0.0,-1.0));
#7529=DIRECTION('',(3.93852530378663E-16,1.0,0.0));
#7530=DIRECTION('',(0.0,0.0,1.0));
#7531=CARTESIAN_POINT('',(0.75,1.25,0.3));
#7532=DIRECTION('',(0.0,-0.0,1.0));
#7533=DIRECTION('',(3.93852530378663E-16,1.0,0.0));
#7534=DIRECTION('',(0.0,0.0,1.0));
#7535=DIRECTION('',(1.0,0.0,0.0));
#7536=DIRECTION('',(0.0,0.0,1.0));
#7537=DIRECTION('',(-1.0,0.0,0.0));
#7538=CARTESIAN_POINT('',(3.25,1.25,0.6));
#7539=DIRECTION('',(-0.0,0.0,-1.0));
#7540=DIRECTION('',(-5.9211894646675E-16,-1.0,0.0));
#7541=DIRECTION('',(0.0,0.0,1.0));
#7542=CARTESIAN_POINT('',(3.25,1.25,0.3));
#7543=DIRECTION('',(0.0,0.0,1.0));
#7544=DIRECTION('',(-5.9211894646675E-16,-1.0,0.0));
#7545=DIRECTION('',(-1.0,-0.0,-0.0));
#7546=DIRECTION('',(1.0,0.0,0.0));
#7547=CARTESIAN_POINT('',(0.75,-1.25,0.6));
#7548=DIRECTION('',(0.0,0.0,-1.0));
#7549=DIRECTION('',(3.93852530378663E-16,1.0,0.0));
#7550=DIRECTION('',(0.0,0.0,1.0));
#7551=CARTESIAN_POINT('',(0.75,-1.25,0.3));
#7552=DIRECTION('',(0.0,-0.0,1.0));
#7553=DIRECTION('',(3.93852530378663E-16,1.0,0.0));
#7554=DIRECTION('',(0.0,0.0,1.0));
#7555=DIRECTION('',(1.0,0.0,0.0));
#7556=DIRECTION('',(0.0,0.0,1.0));
#7557=DIRECTION('',(-1.0,0.0,0.0));
#7558=CARTESIAN_POINT('',(3.25,-1.25,0.6));
#7559=DIRECTION('',(-0.0,0.0,-1.0));
#7560=DIRECTION('',(-5.9211894646675E-16,-1.0,0.0));
#7561=DIRECTION('',(0.0,0.0,1.0));
#7562=CARTESIAN_POINT('',(3.25,-1.25,0.3));
#7563=DIRECTION('',(0.0,0.0,1.0));
#7564=DIRECTION('',(-5.9211894646675E-16,-1.0,0.0));
#7565=DIRECTION('',(-1.0,-0.0,-0.0));
#7566=DIRECTION('',(1.0,0.0,0.0));
#7567=DIRECTION('',(-0.707106781186549,0.707106781186546,0.0));
#7568=DIRECTION('',(0.0,-0.0,1.0));
#7569=DIRECTION('',(0.707106781186549,-0.707106781186546,0.0));
#7570=DIRECTION('',(0.0,0.0,-1.0));
#7571=DIRECTION('',(-1.0,0.0,0.0));
#7572=DIRECTION('',(0.0,-1.0,0.0));
#7573=DIRECTION('',(1.0,0.0,0.0));
#7574=DIRECTION('',(0.0,1.0,0.0));
#7575=DIRECTION('',(1.0,0.0,0.0));
#7576=DIRECTION('',(0.0,0.0,-1.0));
#7577=DIRECTION('',(0.0,-1.0,0.0));
#7578=DIRECTION('',(-1.0,0.0,0.0));
#7579=DIRECTION('',(0.0,1.0,0.0));
#7580=DIRECTION('',(0.0,0.0,-1.0));
#7581=DIRECTION('',(0.0,0.0,-1.0));
#7582=DIRECTION('',(-0.707106781186549,0.707106781186546,0.0));
#7583=DIRECTION('',(0.0,-0.0,1.0));
#7584=DIRECTION('',(0.707106781186549,-0.707106781186546,0.0));
#7585=DIRECTION('',(0.0,0.0,-1.0));
#7586=DIRECTION('',(-1.0,0.0,0.0));
#7587=DIRECTION('',(0.0,-1.0,0.0));
#7588=DIRECTION('',(1.0,0.0,0.0));
#7589=DIRECTION('',(0.0,1.0,0.0));
#7590=DIRECTION('',(1.0,0.0,0.0));
#7591=DIRECTION('',(0.0,0.0,-1.0));
#7592=DIRECTION('',(0.0,-1.0,0.0));
#7593=DIRECTION('',(-1.0,0.0,0.0));
#7594=DIRECTION('',(0.0,1.0,0.0));
#7595=DIRECTION('',(0.0,0.0,-1.0));
#7596=DIRECTION('',(0.0,0.0,-1.0));
#7597=DIRECTION('',(-0.707106781186549,0.707106781186546,0.0));
#7598=DIRECTION('',(0.0,-0.0,1.0));
#7599=DIRECTION('',(0.707106781186549,-0.707106781186546,0.0));
#7600=DIRECTION('',(0.0,0.0,-1.0));
#7601=DIRECTION('',(-1.0,0.0,0.0));
#7602=DIRECTION('',(0.0,-1.0,0.0));
#7603=DIRECTION('',(1.0,0.0,0.0));
#7604=DIRECTION('',(0.0,1.0,0.0));
#7605=DIRECTION('',(1.0,0.0,0.0));
#7606=DIRECTION('',(0.0,0.0,-1.0));
#7607=DIRECTION('',(0.0,-1.0,0.0));
#7608=DIRECTION('',(-1.0,0.0,0.0));
#7609=DIRECTION('',(0.0,1.0,0.0));
#7610=DIRECTION('',(0.0,0.0,-1.0));
#7611=DIRECTION('',(0.0,0.0,-1.0));
#7612=DIRECTION('',(-0.707106781186549,0.707106781186546,0.0));
#7613=DIRECTION('',(0.0,-0.0,1.0));
#7614=DIRECTION('',(0.707106781186549,-0.707106781186546,0.0));
#7615=DIRECTION('',(0.0,0.0,-1.0));
#7616=DIRECTION('',(-1.0,0.0,0.0));
#7617=DIRECTION('',(0.0,-1.0,0.0));
#7618=DIRECTION('',(1.0,0.0,0.0));
#7619=DIRECTION('',(0.0,1.0,0.0));
#7620=DIRECTION('',(1.0,0.0,0.0));
#7621=DIRECTION('',(0.0,0.0,-1.0));
#7622=DIRECTION('',(0.0,-1.0,0.0));
#7623=DIRECTION('',(-1.0,0.0,0.0));
#7624=DIRECTION('',(0.0,1.0,0.0));
#7625=DIRECTION('',(0.0,0.0,-1.0));
#7626=DIRECTION('',(0.0,0.0,-1.0));
#7627=DIRECTION('',(-0.707106781186549,0.707106781186546,0.0));
#7628=DIRECTION('',(0.0,-0.0,1.0));
#7629=DIRECTION('',(0.707106781186549,-0.707106781186546,0.0));
#7630=DIRECTION('',(0.0,0.0,-1.0));
#7631=DIRECTION('',(-1.0,0.0,0.0));
#7632=DIRECTION('',(0.0,-1.0,0.0));
#7633=DIRECTION('',(1.0,0.0,0.0));
#7634=DIRECTION('',(0.0,1.0,0.0));
#7635=DIRECTION('',(1.0,0.0,0.0));
#7636=DIRECTION('',(0.0,0.0,-1.0));
#7637=DIRECTION('',(0.0,-1.0,0.0));
#7638=DIRECTION('',(-1.0,0.0,0.0));
#7639=DIRECTION('',(0.0,1.0,0.0));
#7640=DIRECTION('',(0.0,0.0,-1.0));
#7641=DIRECTION('',(0.0,0.0,-1.0));
#7642=DIRECTION('',(-0.707106781186549,0.707106781186546,0.0));
#7643=DIRECTION('',(0.0,-0.0,1.0));
#7644=DIRECTION('',(0.707106781186549,-0.707106781186546,0.0));
#7645=DIRECTION('',(0.0,0.0,-1.0));
#7646=DIRECTION('',(-1.0,0.0,0.0));
#7647=DIRECTION('',(0.0,-1.0,0.0));
#7648=DIRECTION('',(1.0,0.0,0.0));
#7649=DIRECTION('',(0.0,1.0,0.0));
#7650=DIRECTION('',(1.0,0.0,0.0));
#7651=DIRECTION('',(0.0,0.0,-1.0));
#7652=DIRECTION('',(0.0,-1.0,0.0));
#7653=DIRECTION('',(-1.0,0.0,0.0));
#7654=DIRECTION('',(0.0,1.0,0.0));
#7655=DIRECTION('',(0.0,0.0,-1.0));
#7656=DIRECTION('',(0.0,0.0,-1.0));
#7657=DIRECTION('',(-0.707106781186549,0.707106781186546,0.0));
#7658=DIRECTION('',(0.0,-0.0,1.0));
#7659=DIRECTION('',(0.707106781186549,-0.707106781186546,0.0));
#7660=DIRECTION('',(0.0,0.0,-1.0));
#7661=DIRECTION('',(-1.0,0.0,0.0));
#7662=DIRECTION('',(0.0,-1.0,0.0));
#7663=DIRECTION('',(1.0,0.0,0.0));
#7664=DIRECTION('',(0.0,1.0,0.0));
#7665=DIRECTION('',(1.0,0.0,0.0));
#7666=DIRECTION('',(0.0,0.0,-1.0));
#7667=DIRECTION('',(0.0,-1.0,0.0));
#7668=DIRECTION('',(-1.0,0.0,0.0));
#7669=DIRECTION('',(0.0,1.0,0.0));
#7670=DIRECTION('',(0.0,0.0,-1.0));
#7671=DIRECTION('',(0.0,0.0,-1.0));
#7672=DIRECTION('',(-0.707106781186548,0.707106781186548,0.0));
#7673=DIRECTION('',(0.0,-0.0,1.0));
#7674=DIRECTION('',(0.707106781186548,-0.707106781186548,0.0));
#7675=DIRECTION('',(0.0,0.0,-1.0));
#7676=DIRECTION('',(-1.0,0.0,0.0));
#7677=DIRECTION('',(0.0,-1.0,0.0));
#7678=DIRECTION('',(1.0,0.0,0.0));
#7679=DIRECTION('',(0.0,1.0,0.0));
#7680=DIRECTION('',(1.0,0.0,0.0));
#7681=DIRECTION('',(0.0,0.0,-1.0));
#7682=DIRECTION('',(0.0,-1.0,0.0));
#7683=DIRECTION('',(-1.0,0.0,0.0));
#7684=DIRECTION('',(0.0,1.0,0.0));
#7685=DIRECTION('',(0.0,0.0,-1.0));
#7686=DIRECTION('',(0.0,0.0,-1.0));
#7687=DIRECTION('',(-0.707106781186548,0.707106781186548,0.0));
#7688=DIRECTION('',(0.0,-0.0,1.0));
#7689=DIRECTION('',(0.707106781186548,-0.707106781186548,0.0));
#7690=DIRECTION('',(0.0,0.0,-1.0));
#7691=DIRECTION('',(-1.0,0.0,0.0));
#7692=DIRECTION('',(0.0,-1.0,0.0));
#7693=DIRECTION('',(1.0,0.0,0.0));
#7694=DIRECTION('',(0.0,1.0,0.0));
#7695=DIRECTION('',(1.0,0.0,0.0));
#7696=DIRECTION('',(0.0,0.0,-1.0));
#7697=DIRECTION('',(0.0,-1.0,0.0));
#7698=DIRECTION('',(-1.0,0.0,0.0));
#7699=DIRECTION('',(0.0,1.0,0.0));
#7700=DIRECTION('',(0.0,0.0,-1.0));
#7701=DIRECTION('',(0.0,0.0,-1.0));
#7702=DIRECTION('',(-0.707106781186548,0.707106781186548,0.0));
#7703=DIRECTION('',(0.0,-0.0,1.0));
#7704=DIRECTION('',(0.707106781186548,-0.707106781186548,0.0));
#7705=DIRECTION('',(0.0,0.0,-1.0));
#7706=DIRECTION('',(-1.0,0.0,0.0));
#7707=DIRECTION('',(0.0,-1.0,0.0));
#7708=DIRECTION('',(1.0,0.0,0.0));
#7709=DIRECTION('',(0.0,1.0,0.0));
#7710=DIRECTION('',(1.0,0.0,0.0));
#7711=DIRECTION('',(0.0,0.0,-1.0));
#7712=DIRECTION('',(0.0,-1.0,0.0));
#7713=DIRECTION('',(-1.0,0.0,0.0));
#7714=DIRECTION('',(0.0,1.0,0.0));
#7715=DIRECTION('',(0.0,0.0,-1.0));
#7716=DIRECTION('',(0.0,0.0,-1.0));
#7717=DIRECTION('',(-0.707106781186549,0.707106781186546,0.0));
#7718=DIRECTION('',(0.0,-0.0,1.0));
#7719=DIRECTION('',(0.707106781186549,-0.707106781186546,0.0));
#7720=DIRECTION('',(0.0,0.0,-1.0));
#7721=DIRECTION('',(-1.0,0.0,0.0));
#7722=DIRECTION('',(0.0,-1.0,0.0));
#7723=DIRECTION('',(1.0,0.0,0.0));
#7724=DIRECTION('',(0.0,1.0,0.0));
#7725=DIRECTION('',(1.0,0.0,0.0));
#7726=DIRECTION('',(0.0,0.0,-1.0));
#7727=DIRECTION('',(0.0,-1.0,0.0));
#7728=DIRECTION('',(-1.0,0.0,0.0));
#7729=DIRECTION('',(0.0,1.0,0.0));
#7730=DIRECTION('',(0.0,0.0,-1.0));
#7731=DIRECTION('',(0.0,0.0,-1.0));
#7732=DIRECTION('',(-0.707106781186549,0.707106781186546,0.0));
#7733=DIRECTION('',(0.0,-0.0,1.0));
#7734=DIRECTION('',(0.707106781186549,-0.707106781186546,0.0));
#7735=DIRECTION('',(0.0,0.0,-1.0));
#7736=DIRECTION('',(-1.0,0.0,0.0));
#7737=DIRECTION('',(0.0,-1.0,0.0));
#7738=DIRECTION('',(1.0,0.0,0.0));
#7739=DIRECTION('',(0.0,1.0,0.0));
#7740=DIRECTION('',(1.0,0.0,0.0));
#7741=DIRECTION('',(0.0,0.0,-1.0));
#7742=DIRECTION('',(0.0,-1.0,0.0));
#7743=DIRECTION('',(-1.0,0.0,0.0));
#7744=DIRECTION('',(0.0,1.0,0.0));
#7745=DIRECTION('',(0.0,0.0,-1.0));
#7746=DIRECTION('',(0.0,0.0,-1.0));
#7747=DIRECTION('',(0.0,1.0,0.0));
#7748=DIRECTION('',(-1.0,0.0,0.0));
#7749=DIRECTION('',(0.0,-1.0,0.0));
#7750=DIRECTION('',(1.0,0.0,0.0));
#7751=DIRECTION('',(0.0,-1.0,0.0));
#7752=DIRECTION('',(-1.0,0.0,0.0));
#7753=DIRECTION('',(0.0,1.0,0.0));
#7754=DIRECTION('',(1.0,0.0,0.0));
#7755=DIRECTION('',(0.0,0.0,-1.0));
#7756=DIRECTION('',(0.0,0.0,-1.0));
#7757=DIRECTION('',(0.0,0.0,-1.0));
#7758=DIRECTION('',(0.0,0.0,-1.0));
#7759=DIRECTION('',(0.0,1.0,0.0));
#7760=DIRECTION('',(-1.0,0.0,0.0));
#7761=DIRECTION('',(0.0,-1.0,0.0));
#7762=DIRECTION('',(1.0,0.0,0.0));
#7763=DIRECTION('',(0.0,-1.0,0.0));
#7764=DIRECTION('',(-1.0,0.0,0.0));
#7765=DIRECTION('',(0.0,1.0,0.0));
#7766=DIRECTION('',(1.0,0.0,0.0));
#7767=DIRECTION('',(0.0,0.0,-1.0));
#7768=DIRECTION('',(0.0,0.0,-1.0));
#7769=DIRECTION('',(0.0,0.0,-1.0));
#7770=DIRECTION('',(0.0,0.0,-1.0));
#7771=DIRECTION('',(0.0,1.0,0.0));
#7772=DIRECTION('',(-1.0,0.0,0.0));
#7773=DIRECTION('',(0.0,-1.0,0.0));
#7774=DIRECTION('',(1.0,0.0,0.0));
#7775=DIRECTION('',(0.0,-1.0,0.0));
#7776=DIRECTION('',(-1.0,0.0,0.0));
#7777=DIRECTION('',(0.0,1.0,0.0));
#7778=DIRECTION('',(1.0,0.0,0.0));
#7779=DIRECTION('',(0.0,0.0,-1.0));
#7780=DIRECTION('',(0.0,0.0,-1.0));
#7781=DIRECTION('',(0.0,0.0,-1.0));
#7782=DIRECTION('',(0.0,0.0,-1.0));
#7783=DIRECTION('',(0.0,1.0,0.0));
#7784=DIRECTION('',(-1.0,0.0,0.0));
#7785=DIRECTION('',(0.0,-1.0,0.0));
#7786=DIRECTION('',(1.0,0.0,0.0));
#7787=DIRECTION('',(0.0,-1.0,0.0));
#7788=DIRECTION('',(-1.0,0.0,0.0));
#7789=DIRECTION('',(0.0,1.0,0.0));
#7790=DIRECTION('',(1.0,0.0,0.0));
#7791=DIRECTION('',(0.0,0.0,-1.0));
#7792=DIRECTION('',(0.0,0.0,-1.0));
#7793=DIRECTION('',(0.0,0.0,-1.0));
#7794=DIRECTION('',(0.0,0.0,-1.0));
#7795=PRESENTATION_LAYER_ASSIGNMENT('LOGO','LOGO',(#385));
ENDSEC;
END-ISO-10303-21;
